customer_id,plan_tier,region,industry,acquisition_channel,billing_cycle,company_size,signup_date,tenure_months,final_mrr,final_adoption,final_tickets,final_nps,discount_pct,risk_score,risk_band
CUST-10004,Business,North America,Financial Services,Paid Search,Monthly,1000+,2023-01-03,24,8992.866666666667,0.03,2.3333333333333335,7.0,7.5,0.5678737072566474,High risk
CUST-10006,Growth,Europe,Financial Services,Organic,Monthly,1-50,2023-01-05,24,211.17,0.03,0.6666666666666666,6.0,5.8,-0.8208825293214618,Medium risk
CUST-10007,Growth,Europe,Technology,Organic,Monthly,1-50,2023-01-05,24,273.6666666666667,0.8024999999999999,1.6666666666666667,10.0,0.0,-3.117511059355593,Low risk
CUST-10009,Enterprise,Asia Pacific,Technology,Paid Search,Monthly,1-50,2023-01-07,24,2241.1133333333332,0.39606666666666673,2.0,9.0,8.7,-1.2749641760761288,Medium risk
CUST-10011,Growth,North America,Technology,Referral,Monthly,1-50,2023-01-11,24,574.3333333333334,0.05256666666666667,1.6666666666666667,4.0,0.0,-0.25924895348810195,High risk
CUST-10013,Business,Latin America,Logistics,Organic,Annual,1000+,2023-01-12,24,2798.7433333333333,0.03,1.3333333333333333,5.0,12.8,0.30229052958880037,High risk
CUST-10014,Business,North America,Manufacturing,Referral,Monthly,1-50,2023-01-12,24,854.7233333333334,0.3036666666666667,3.3333333333333335,6.333333333333333,2.9,-0.67327045799645,Medium risk
CUST-10019,Business,Latin America,Logistics,Paid Search,Monthly,1-50,2023-01-16,24,914.1666666666666,0.42566666666666664,0.6666666666666666,4.0,5.3,-1.1969199544804643,Medium risk
CUST-10021,Business,North America,Manufacturing,Organic,Annual,1-50,2023-01-18,24,627.8966666666666,0.8462333333333333,1.0,5.0,6.7,-2.222227659645666,Low risk
CUST-10022,Starter,North America,Financial Services,Paid Search,Annual,1000+,2023-01-19,24,1129.41,0.3831333333333333,3.0,3.0,23.7,0.22364526416855163,High risk
CUST-10023,Growth,Europe,Technology,Paid Search,Annual,1-50,2023-01-19,24,208.14,0.9921333333333333,0.0,8.0,10.4,-3.2866823832823426,Low risk
CUST-10024,Enterprise,Europe,Financial Services,Organic,Monthly,51-200,2023-01-19,24,5159.0,0.03,0.6666666666666666,6.666666666666667,0.0,-0.15379277261072555,High risk
CUST-10027,Business,Europe,Technology,Paid Search,Monthly,201-1000,2023-01-21,24,1859.8,0.1341,0.6666666666666666,5.0,8.7,-0.4550249955457498,High risk
CUST-10028,Growth,North America,Technology,Referral,Monthly,1-50,2023-01-21,24,317.6666666666667,0.5719666666666666,1.0,7.333333333333333,0.0,-2.314740063950168,Low risk
CUST-10029,Business,Europe,Healthcare,Referral,Monthly,1-50,2023-01-21,24,668.1,0.6934333333333335,0.6666666666666666,3.3333333333333335,9.9,-1.6394904273077238,Low risk
CUST-10032,Starter,North America,Logistics,Referral,Monthly,51-200,2023-01-21,24,137.60666666666668,0.8403666666666667,0.3333333333333333,9.666666666666666,7.7,-3.381703162405348,Low risk
CUST-10038,Growth,Europe,Technology,Partner,Monthly,1-50,2023-01-26,24,224.86,0.23906666666666668,0.0,10.0,13.8,-2.025429748303572,Low risk
CUST-10039,Starter,Asia Pacific,Media,Paid Search,Monthly,1-50,2023-01-28,24,140.39,0.7855,1.3333333333333333,7.0,4.8,-2.5066250952352402,Low risk
CUST-10041,Business,Asia Pacific,Technology,Organic,Annual,1000+,2023-02-01,23,3437.61,0.48823333333333335,1.0,4.0,6.6,-0.6940359727841624,Medium risk
CUST-10042,Growth,Europe,Healthcare,Organic,Monthly,1-50,2023-02-01,23,464.24666666666667,0.4656666666666667,1.0,7.666666666666667,2.3,-2.0456406904446065,Low risk
CUST-10045,Business,North America,Logistics,Events,Annual,51-200,2023-02-02,23,1063.2033333333334,0.3853,1.0,7.333333333333333,14.7,-1.32098992453762,Medium risk
CUST-10046,Growth,Europe,Logistics,Partner,Annual,51-200,2023-02-02,23,831.9433333333333,0.37073333333333336,1.3333333333333333,7.0,16.1,-1.1181397087797087,Medium risk
CUST-10047,Enterprise,Europe,Technology,Paid Search,Monthly,1-50,2023-02-02,23,1888.1000000000001,0.05449999999999999,1.0,6.333333333333333,5.8,-0.5002481207280903,High risk
CUST-10049,Growth,Asia Pacific,Technology,Paid Search,Annual,51-200,2023-02-04,23,258.43,0.7887333333333334,0.3333333333333333,10.0,17.1,-3.0289838175848547,Low risk
CUST-10054,Enterprise,Europe,Healthcare,Paid Search,Monthly,1-50,2023-02-06,23,1390.9399999999998,0.03,0.6666666666666666,4.0,8.9,-0.12025266223339165,High risk
CUST-10055,Starter,North America,Manufacturing,Events,Annual,1000+,2023-02-07,23,670.66,0.03,2.6666666666666665,6.666666666666667,20.3,0.2376410013641761,High risk
CUST-10058,Business,Europe,Media,Outbound Sales,Monthly,1-50,2023-02-09,23,1449.03,0.9396333333333334,0.3333333333333333,7.0,14.4,-2.625895614295988,Low risk
CUST-10059,Business,Europe,Education,Partner,Annual,201-1000,2023-02-09,23,3706.2000000000003,0.38376666666666664,0.6666666666666666,7.0,20.5,-0.6846378842916617,Medium risk
CUST-10060,Enterprise,North America,Education,Organic,Monthly,201-1000,2023-02-10,23,7796.240000000001,0.3126,2.3333333333333335,7.333333333333333,4.8,-0.20168194628114977,High risk
CUST-10061,Growth,Europe,Healthcare,Partner,Monthly,1-50,2023-02-10,23,223.89,0.03,0.3333333333333333,6.666666666666667,14.9,-0.7868634939811241,Medium risk
CUST-10067,Business,Europe,Retail,Partner,Monthly,1-50,2023-02-14,23,862.1466666666666,0.6031,1.6666666666666667,9.0,16.5,-1.8834785647598868,Low risk
CUST-10070,Business,North America,Technology,Organic,Annual,201-1000,2023-02-15,23,2458.36,0.03,0.6666666666666666,7.333333333333333,8.5,-0.555505801822,Medium risk
CUST-10071,Business,Europe,Financial Services,Organic,Annual,51-200,2023-02-15,23,917.98,0.9368666666666666,0.6666666666666666,7.0,4.6,-2.907995205630701,Low risk
CUST-10072,Growth,Europe,Healthcare,Referral,Monthly,51-200,2023-02-16,23,1572.5600000000002,0.03,0.3333333333333333,8.0,3.9,-1.1016255946458586,Medium risk
CUST-10073,Starter,Europe,Technology,Organic,Monthly,1-50,2023-02-16,23,61.0,0.03,0.3333333333333333,8.0,0.0,-1.5099415204678364,Low risk
CUST-10074,Starter,Asia Pacific,Healthcare,Paid Search,Annual,201-1000,2023-02-16,23,378.0233333333333,0.455,0.0,9.0,15.2,-2.243487826299194,Low risk
CUST-10075,Starter,North America,Education,Referral,Monthly,1000+,2023-02-16,23,636.52,0.03,1.3333333333333333,3.0,13.6,0.15693070275457438,High risk
CUST-10076,Starter,Europe,Manufacturing,Referral,Annual,201-1000,2023-02-18,23,570.5566666666667,0.20343333333333335,1.3333333333333333,8.0,11.3,-1.1295102008535929,Medium risk
CUST-10077,Growth,Latin America,Healthcare,Paid Search,Monthly,201-1000,2023-02-18,23,1338.1866666666667,0.18489999999999998,0.6666666666666666,8.0,14.2,-1.0752361295693889,Medium risk
CUST-10078,Starter,Asia Pacific,Retail,Organic,Monthly,51-200,2023-02-18,23,669.16,0.9663666666666666,0.6666666666666666,6.666666666666667,8.8,-2.7692196453382754,Low risk
CUST-10079,Growth,Europe,Healthcare,Paid Search,Annual,201-1000,2023-02-20,23,4102.336666666666,0.7319,1.3333333333333333,10.0,9.7,-2.038788551048835,Low risk
CUST-10080,Starter,Asia Pacific,Education,Organic,Annual,1000+,2023-02-21,23,1102.0733333333335,0.33180000000000004,0.0,5.666666666666667,7.3,-1.4310504227872616,Medium risk
CUST-10082,Growth,North America,Manufacturing,Paid Search,Monthly,201-1000,2023-02-21,23,1619.3466666666666,0.22143333333333334,1.0,8.333333333333334,15.4,-1.0179918471930354,Medium risk
CUST-10084,Enterprise,Latin America,Retail,Partner,Annual,201-1000,2023-02-22,23,3113.6766666666667,0.6525666666666666,0.6666666666666666,7.333333333333333,23.5,-1.459335454779961,Low risk
CUST-10085,Enterprise,Latin America,Technology,Paid Search,Monthly,1-50,2023-02-23,23,1310.51,0.03,0.6666666666666666,7.0,5.4,-0.8078059588665294,Medium risk
CUST-10088,Enterprise,North America,Education,Organic,Monthly,1-50,2023-02-25,23,2486.2999999999997,0.6169333333333333,1.3333333333333333,7.333333333333333,3.8,-1.768129330718901,Low risk
CUST-10091,Business,Europe,Retail,Paid Search,Annual,51-200,2023-02-26,23,682.7333333333332,1.0,1.3333333333333333,7.0,5.0,-2.719823768851685,Low risk
CUST-10095,Starter,Asia Pacific,Financial Services,Partner,Annual,51-200,2023-03-01,22,148.32333333333335,0.03,2.6666666666666665,3.3333333333333335,19.9,0.7323829766637701,High risk
CUST-10096,Growth,Europe,Retail,Organic,Monthly,1-50,2023-03-02,22,243.45333333333335,0.03,1.3333333333333333,7.666666666666667,8.0,-0.8031298528222501,Medium risk
CUST-10099,Growth,Europe,Healthcare,Organic,Annual,201-1000,2023-03-02,22,1271.0,0.3708666666666667,3.0,3.3333333333333335,0.0,-0.2815462132247171,High risk
CUST-10100,Business,Asia Pacific,Financial Services,Partner,Monthly,1-50,2023-03-02,22,652.2666666666668,1.0,0.0,8.0,15.2,-3.0182051097452596,Low risk
CUST-10102,Growth,North America,Technology,Paid Search,Annual,1000+,2023-03-04,22,1299.4533333333331,0.6060666666666666,0.6666666666666666,9.0,15.2,-2.136537942250847,Low risk
CUST-10107,Business,North America,Logistics,Referral,Monthly,1-50,2023-03-06,22,655.5333333333333,0.03,0.3333333333333333,9.0,3.8,-1.4328764908543183,Low risk
CUST-10108,Business,Asia Pacific,Technology,Organic,Annual,51-200,2023-03-06,22,985.0766666666667,0.16790000000000002,2.3333333333333335,7.0,0.1,-0.7381193797604706,Medium risk
CUST-10113,Growth,Europe,Retail,Referral,Annual,1000+,2023-03-08,22,2614.2099999999996,0.9361666666666667,0.3333333333333333,10.0,7.9,-3.1192230820555826,Low risk
CUST-10114,Growth,Asia Pacific,Technology,Partner,Annual,51-200,2023-03-08,22,625.1899999999999,0.03953333333333333,2.6666666666666665,7.0,0.1,-0.4125657268889831,High risk
CUST-10115,Business,Asia Pacific,Healthcare,Organic,Annual,1-50,2023-03-09,22,591.0,0.436,0.6666666666666666,8.666666666666666,0.0,-2.2837102834043046,Low risk
CUST-10118,Starter,Asia Pacific,Logistics,Partner,Monthly,1000+,2023-03-11,22,1606.08,0.6403333333333333,0.3333333333333333,10.0,17.0,-2.4001058777251583,Low risk
CUST-10120,Growth,Europe,Healthcare,Outbound Sales,Monthly,1-50,2023-03-13,22,397.65333333333336,0.6294666666666666,0.0,10.0,17.3,-2.713900853893524,Low risk
CUST-10122,Enterprise,North America,Logistics,Organic,Annual,1-50,2023-03-13,22,1334.0,0.44366666666666665,1.6666666666666667,4.666666666666667,0.0,-1.0645950372696724,Medium risk
CUST-10124,Growth,North America,Retail,Referral,Monthly,1-50,2023-03-15,22,207.4333333333333,0.9181666666666667,0.3333333333333333,10.0,0.4,-3.779510338473706,Low risk
CUST-10126,Enterprise,North America,Technology,Referral,Annual,1-50,2023-03-15,22,2320.49,0.6171000000000001,1.0,10.0,3.3,-2.3919846600367105,Low risk
CUST-10127,Growth,North America,Financial Services,Referral,Monthly,1000+,2023-03-16,22,1260.2633333333333,0.4232,1.0,6.0,13.9,-1.0976104450509725,Medium risk
CUST-10128,Business,Asia Pacific,Healthcare,Referral,Monthly,51-200,2023-03-16,22,1021.27,0.9073333333333333,1.6666666666666667,9.666666666666666,7.4,-2.88229189562864,Low risk
CUST-10131,Starter,Europe,Retail,Referral,Monthly,201-1000,2023-03-17,22,507.64000000000004,0.03,0.6666666666666666,5.0,9.0,-0.4390154788532242,High risk
CUST-10134,Enterprise,North America,Technology,Paid Search,Annual,1000+,2023-03-19,22,25652.956666666665,0.9508666666666666,0.3333333333333333,9.666666666666666,10.7,-2.469474836516579,Low risk
CUST-10141,Enterprise,Asia Pacific,Retail,Events,Annual,1000+,2023-03-22,22,5758.04,0.45459999999999995,2.6666666666666665,3.6666666666666665,15.2,0.6367056930449176,High risk
CUST-10142,Business,Europe,Retail,Referral,Monthly,1-50,2023-03-23,22,843.96,0.03,2.0,7.666666666666667,7.3,-0.48449760371908657,High risk
CUST-10145,Starter,Europe,Financial Services,Partner,Annual,201-1000,2023-03-25,22,260.8866666666667,0.10966666666666668,2.0,7.666666666666667,22.1,-0.39060221041894383,High risk
CUST-10152,Starter,North America,Financial Services,Outbound Sales,Monthly,51-200,2023-03-27,22,124.07333333333334,0.28126666666666666,0.6666666666666666,8.0,18.4,-1.3615210575695404,Medium risk
CUST-10154,Starter,North America,Logistics,Referral,Annual,1000+,2023-03-28,22,1359.8999999999999,0.9928,1.3333333333333333,10.0,8.2,-3.0216150460398006,Low risk
CUST-10155,Enterprise,Europe,Technology,Partner,Annual,1-50,2023-04-01,21,1474.7766666666666,0.6027666666666667,1.0,7.0,14.7,-1.5797525558656542,Low risk
CUST-10156,Starter,Europe,Technology,Referral,Annual,51-200,2023-04-01,21,638.5733333333334,0.4725333333333333,0.3333333333333333,5.0,7.3,-1.5160476630090458,Low risk
CUST-10157,Enterprise,North America,Healthcare,Outbound Sales,Annual,51-200,2023-04-01,21,1381.4733333333334,0.20526666666666668,2.0,7.333333333333333,8.1,-0.6414884868613904,Medium risk
CUST-10159,Starter,North America,Retail,Organic,Monthly,1-50,2023-04-02,21,60.919999999999995,0.03,0.3333333333333333,6.0,0.7,-1.03030449687437,Medium risk
CUST-10162,Business,Latin America,Logistics,Paid Search,Monthly,51-200,2023-04-04,21,2737.0266666666666,0.4187666666666667,1.6666666666666667,3.6666666666666665,4.7,-0.36740331519701797,High risk
CUST-10163,Business,Europe,Healthcare,Partner,Annual,201-1000,2023-04-04,21,8036.333333333333,0.03,4.333333333333333,5.0,20.0,1.6185014259787398,High risk
CUST-10164,Growth,Europe,Education,Referral,Annual,51-200,2023-04-04,21,472.84,0.05206666666666667,1.6666666666666667,7.0,4.0,-0.648126129295712,Medium risk
CUST-10167,Growth,Latin America,Retail,Paid Search,Monthly,51-200,2023-04-05,21,704.0033333333334,0.6699333333333334,0.0,8.0,4.2,-2.712131613673322,Low risk
CUST-10168,Growth,Asia Pacific,Retail,Paid Search,Monthly,1-50,2023-04-05,21,250.86,1.0,1.3333333333333333,10.0,7.4,-3.2215247952486568,Low risk
CUST-10170,Growth,Europe,Retail,Organic,Monthly,51-200,2023-04-06,21,215.0,0.37989999999999996,0.3333333333333333,6.0,0.0,-1.7984910732109038,Low risk
CUST-10171,Growth,North America,Manufacturing,Referral,Monthly,1-50,2023-04-06,21,235.93999999999997,0.03,1.0,7.666666666666667,1.2,-1.076691296644187,Medium risk
CUST-10173,Starter,Latin America,Education,Outbound Sales,Monthly,201-1000,2023-04-07,21,804.1366666666667,0.9082666666666667,0.3333333333333333,10.0,8.8,-3.352925676579641,Low risk
CUST-10174,Business,North America,Financial Services,Referral,Monthly,1-50,2023-04-07,21,881.9466666666667,0.6069666666666667,0.3333333333333333,9.0,7.6,-2.5156895333386986,Low risk
CUST-10175,Business,North America,Media,Paid Search,Annual,1000+,2023-04-07,21,7795.78,0.3366,2.0,10.0,14.6,-0.5016150388932413,High risk
CUST-10176,Starter,North America,Healthcare,Outbound Sales,Annual,1-50,2023-04-07,21,171.26666666666665,0.7209333333333333,1.6666666666666667,7.666666666666667,10.1,-2.1359981009797875,Low risk
CUST-10177,Business,Europe,Healthcare,Organic,Monthly,201-1000,2023-04-08,21,3228.963333333333,0.5801333333333333,0.0,7.666666666666667,2.1,-2.0195627405615464,Low risk
CUST-10178,Business,North America,Manufacturing,Partner,Monthly,51-200,2023-04-09,21,2318.2333333333336,0.9480666666666666,0.3333333333333333,6.0,11.8,-2.2637732939977884,Low risk
CUST-10180,Business,Europe,Technology,Paid Search,Monthly,1-50,2023-04-10,21,1054.2,0.03,0.6666666666666666,6.0,5.5,-0.5853574361119481,Medium risk
CUST-10181,Starter,Europe,Financial Services,Referral,Annual,201-1000,2023-04-11,21,287.92,0.49843333333333334,1.0,8.666666666666666,9.5,-2.049342338111816,Low risk
CUST-10183,Starter,Asia Pacific,Manufacturing,Events,Monthly,1-50,2023-04-11,21,59.580000000000005,0.7808666666666667,0.0,10.0,11.8,-3.2360905192426843,Low risk
CUST-10184,Starter,North America,Healthcare,Organic,Annual,1000+,2023-04-13,21,728.68,0.37263333333333337,1.3333333333333333,6.333333333333333,5.6,-1.2465180232553497,Medium risk
CUST-10185,Starter,North America,Healthcare,Partner,Monthly,51-200,2023-04-14,21,243.54,1.0,0.6666666666666666,10.0,22.8,-3.0638936400455106,Low risk
CUST-10186,Growth,Asia Pacific,Retail,Partner,Annual,51-200,2023-04-14,21,392.54,0.9946,0.6666666666666666,8.0,26.2,-2.6558910527660213,Low risk
CUST-10187,Business,Europe,Education,Referral,Monthly,201-1000,2023-04-15,21,2197.25,0.3749,0.6666666666666666,4.0,13.1,-0.5236125646562317,Medium risk
CUST-10189,Enterprise,Europe,Financial Services,Paid Search,Monthly,1-50,2023-04-16,21,1819.8500000000001,0.3962666666666667,0.3333333333333333,8.0,12.3,-1.5372325252733345,Low risk
CUST-10195,Growth,Latin America,Technology,Organic,Monthly,51-200,2023-04-18,21,372.92333333333335,1.0,1.6666666666666667,10.0,1.5,-3.2609953912981955,Low risk
CUST-10198,Business,North America,Education,Referral,Annual,201-1000,2023-04-20,21,2845.08,0.7118333333333333,0.3333333333333333,10.0,9.0,-2.5134856229352565,Low risk
CUST-10199,Growth,Asia Pacific,Healthcare,Events,Monthly,51-200,2023-04-20,21,634.6133333333333,0.03,1.3333333333333333,7.0,14.0,-0.3831973873159292,High risk
CUST-10200,Growth,Europe,Retail,Partner,Annual,1-50,2023-04-20,21,206.35,0.031199999999999995,1.6666666666666667,9.0,13.1,-0.7638073087025297,Medium risk
CUST-10201,Enterprise,Asia Pacific,Technology,Referral,Monthly,1-50,2023-04-21,21,1876.3999999999999,0.4245333333333334,0.0,10.0,9.5,-2.1616965544109217,Low risk
CUST-10202,Growth,Europe,Technology,Paid Search,Monthly,1-50,2023-04-22,21,211.83,0.03,0.6666666666666666,7.333333333333333,4.8,-1.0229420575456953,Medium risk
CUST-10204,Business,Europe,Manufacturing,Organic,Monthly,1000+,2023-04-22,21,18918.893333333333,0.4341,3.0,9.0,12.0,-0.2718371708211745,High risk
CUST-10207,Business,Latin America,Healthcare,Paid Search,Monthly,1-50,2023-04-23,21,667.4566666666666,0.5019333333333333,0.3333333333333333,9.333333333333334,3.2,-2.5178374132971473,Low risk
CUST-10209,Business,North America,Logistics,Paid Search,Monthly,51-200,2023-04-24,21,3967.6366666666668,0.7702,1.0,4.666666666666667,1.6,-1.4099695798680894,Medium risk
CUST-10211,Starter,Europe,Healthcare,Partner,Monthly,1-50,2023-04-25,21,73.75333333333333,0.8299666666666666,0.3333333333333333,10.0,11.6,-3.2389822166971265,Low risk
CUST-10217,Growth,Europe,Retail,Partner,Annual,51-200,2023-04-27,21,679.9766666666666,0.03,2.6666666666666665,3.3333333333333335,11.7,0.6336916255623009,High risk
CUST-10220,Business,Europe,Technology,Organic,Monthly,1000+,2023-04-28,21,4122.593333333333,0.03,2.0,4.666666666666667,3.3,0.645035163743135,High risk
CUST-10221,Business,North America,Retail,Referral,Annual,201-1000,2023-04-28,21,1109.3999999999999,0.5787333333333334,0.3333333333333333,7.0,7.5,-2.032743742196426,Low risk
CUST-10222,Enterprise,Europe,Healthcare,Referral,Monthly,51-200,2023-05-01,20,4552.026666666667,0.03,2.6666666666666665,4.666666666666667,8.1,1.1328694379201583,High risk
CUST-10225,Starter,North America,Technology,Organic,Monthly,1-50,2023-05-02,20,61.0,0.03,1.0,6.666666666666667,0.0,-0.9150877192982456,Medium risk
CUST-10226,Business,Latin America,Financial Services,Paid Search,Monthly,51-200,2023-05-03,20,964.6766666666666,0.03,0.3333333333333333,3.0,5.3,-0.23773179561064528,High risk
CUST-10227,Business,Europe,Retail,Outbound Sales,Annual,1000+,2023-05-04,20,10438.36,0.3314333333333333,1.0,7.333333333333333,17.8,-0.1836481427337915,High risk
CUST-10228,Business,Europe,Technology,Outbound Sales,Monthly,1-50,2023-05-04,20,588.2266666666667,0.03623333333333333,1.3333333333333333,5.0,11.3,-0.06691929999453827,High risk
CUST-10229,Growth,Europe,Technology,Referral,Annual,1000+,2023-05-04,20,3280.873333333333,0.15333333333333332,0.6666666666666666,8.0,9.9,-0.6335117856840716,Medium risk
CUST-10231,Starter,Asia Pacific,Financial Services,Partner,Monthly,1-50,2023-05-05,20,59.1,1.0,0.6666666666666666,10.0,15.8,-3.1907827038861525,Low risk
CUST-10234,Growth,Europe,Education,Paid Search,Monthly,1-50,2023-05-06,20,282.83,0.03,1.0,6.666666666666667,13.1,-0.48634985562831706,High risk
CUST-10238,Business,Europe,Financial Services,Referral,Monthly,1-50,2023-05-09,20,615.61,0.23473333333333335,0.3333333333333333,9.666666666666666,3.3,-1.9557006634745204,Low risk
CUST-10239,Business,North America,Technology,Referral,Annual,51-200,2023-05-09,20,937.02,0.10723333333333333,1.3333333333333333,7.333333333333333,1.1,-0.8999119215661027,Medium risk
CUST-10240,Growth,North America,Manufacturing,Referral,Annual,201-1000,2023-05-09,20,1064.5133333333333,0.3822666666666667,0.3333333333333333,6.0,4.7,-1.459165960521027,Low risk
CUST-10241,Starter,Asia Pacific,Retail,Outbound Sales,Annual,1000+,2023-05-10,20,548.1999999999999,0.8188666666666666,1.0,6.0,16.8,-1.9480414063024387,Low risk
CUST-10246,Enterprise,Europe,Manufacturing,Organic,Annual,201-1000,2023-05-12,20,5193.44,0.6555666666666666,0.3333333333333333,9.0,5.2,-1.8136363029396132,Low risk
CUST-10253,Growth,Asia Pacific,Technology,Organic,Annual,51-200,2023-05-15,20,492.8999999999999,0.03,0.3333333333333333,9.0,2.3,-1.4289252051075148,Medium risk
CUST-10254,Growth,North America,Technology,Paid Search,Annual,1-50,2023-05-16,20,191.11,0.7901666666666666,2.3333333333333335,10.0,4.3,-2.636947831049424,Low risk
CUST-10255,Growth,Asia Pacific,Manufacturing,Referral,Annual,1000+,2023-05-16,20,1098.3433333333332,0.5166666666666667,2.0,7.666666666666667,10.1,-1.3511954453406898,Medium risk
CUST-10257,Enterprise,Europe,Financial Services,Paid Search,Monthly,51-200,2023-05-17,20,7975.16,0.12053333333333334,0.3333333333333333,5.0,13.6,0.37971495719346954,High risk
CUST-10259,Starter,North America,Retail,Events,Monthly,1-50,2023-05-17,20,120.51333333333332,0.1358,1.0,3.0,5.9,-0.39697370564373446,High risk
CUST-10260,Business,Asia Pacific,Logistics,Organic,Annual,1000+,2023-05-17,20,17040.506666666668,0.03,1.6666666666666667,5.666666666666667,7.3,0.7123717339325324,High risk
CUST-10263,Business,North America,Healthcare,Partner,Annual,51-200,2023-05-18,20,860.31,0.2081666666666667,1.6666666666666667,5.0,15.2,-0.1686997580949401,High risk
CUST-10264,Business,Europe,Technology,Paid Search,Monthly,51-200,2023-05-18,20,1258.2,0.0335,0.6666666666666666,8.0,10.5,-0.7445016280759553,Medium risk
CUST-10265,Growth,Europe,Retail,Outbound Sales,Annual,51-200,2023-05-19,20,208.53,0.03,1.6666666666666667,3.3333333333333335,9.8,0.19226786427722797,High risk
CUST-10267,Growth,North America,Retail,Organic,Monthly,51-200,2023-05-20,20,301.81333333333333,0.18106666666666668,1.3333333333333333,7.0,9.4,-0.8790070088967441,Medium risk
CUST-10272,Growth,Europe,Healthcare,Paid Search,Annual,1000+,2023-05-21,20,2331.1066666666666,0.03,2.0,4.666666666666667,14.0,0.6519487899559847,High risk
CUST-10273,Enterprise,Europe,Technology,Referral,Monthly,51-200,2023-05-21,20,2680.25,0.2989,1.3333333333333333,6.0,5.0,-0.6170498809994971,Medium risk
CUST-10274,Business,North America,Technology,Partner,Annual,1000+,2023-05-21,20,4746.2,1.0,0.6666666666666666,9.0,25.9,-1.9563946421093075,Low risk
CUST-10275,Starter,Latin America,Education,Organic,Annual,1000+,2023-05-22,20,825.8333333333334,0.48323333333333335,0.6666666666666666,5.666666666666667,4.8,-1.5523525651563999,Low risk
CUST-10277,Growth,North America,Education,Referral,Annual,201-1000,2023-05-23,20,705.2466666666666,0.0974,1.6666666666666667,3.0,9.7,0.13673004003122396,High risk
CUST-10279,Business,Europe,Healthcare,Organic,Monthly,51-200,2023-05-23,20,768.23,0.18476666666666666,2.3333333333333335,6.666666666666667,1.1,-0.6450878671618747,Medium risk
CUST-10281,Business,Asia Pacific,Technology,Organic,Monthly,201-1000,2023-05-23,20,3437.816666666667,0.5747333333333333,1.6666666666666667,4.333333333333333,2.1,-0.7397283817591427,Medium risk
CUST-10282,Starter,Asia Pacific,Technology,Organic,Monthly,1-50,2023-05-24,20,60.84,0.9959333333333333,0.3333333333333333,10.0,1.3,-3.7304652435686916,Low risk
CUST-10288,Growth,Europe,Technology,Referral,Monthly,1-50,2023-05-26,20,252.62,0.03,1.0,7.0,5.8,-0.7711622915371039,Medium risk
CUST-10290,Starter,North America,Media,Organic,Annual,51-200,2023-05-28,20,146.89666666666665,0.6562,1.3333333333333333,8.0,2.1,-2.3679425219955363,Low risk
CUST-10292,Growth,North America,Healthcare,Partner,Monthly,1-50,2023-06-01,19,188.73,0.5740999999999999,0.6666666666666666,10.0,9.7,-2.5142877979348497,Low risk
CUST-10293,Growth,Europe,Healthcare,Outbound Sales,Monthly,1-50,2023-06-01,19,210.31000000000003,0.1693,0.0,8.0,7.1,-1.532659077807378,Low risk
CUST-10294,Business,Asia Pacific,Technology,Organic,Monthly,51-200,2023-06-01,19,1734.6566666666668,0.8205666666666667,1.3333333333333333,8.666666666666666,8.6,-2.3169665170986837,Low risk
CUST-10295,Growth,Europe,Healthcare,Organic,Monthly,1-50,2023-06-01,19,236.74,0.03,1.0,7.0,0.3,-0.8968204912170988,Medium risk
CUST-10296,Starter,Europe,Education,Referral,Monthly,1-50,2023-06-01,19,84.21,0.23570000000000002,1.6666666666666667,6.333333333333333,2.2,-0.9779567089850804,Medium risk
CUST-10298,Business,North America,Retail,Organic,Monthly,51-200,2023-06-02,19,825.6666666666666,0.5845,0.3333333333333333,8.0,0.0,-2.4320068607259118,Low risk
CUST-10299,Business,Latin America,Financial Services,Paid Search,Annual,1-50,2023-06-02,19,1834.86,0.056299999999999996,2.6666666666666665,9.333333333333334,7.8,-0.3083732452145034,High risk
CUST-10301,Growth,Asia Pacific,Technology,Organic,Annual,1-50,2023-06-04,19,215.0,0.9453,0.6666666666666666,6.666666666666667,0.0,-2.9578800345980274,Low risk
CUST-10302,Starter,Europe,Technology,Referral,Monthly,1-50,2023-06-04,19,70.43,0.9580000000000001,0.6666666666666666,7.333333333333333,10.7,-2.7961310287876806,Low risk
CUST-10303,Enterprise,Europe,Healthcare,Events,Monthly,1-50,2023-06-04,19,1651.49,0.8630333333333334,1.6666666666666667,10.0,7.1,-2.6131987920879807,Low risk
CUST-10304,Business,Europe,Education,Organic,Annual,51-200,2023-06-04,19,1743.0,0.03,2.3333333333333335,6.0,0.0,0.0219535548318186,High risk
CUST-10306,Business,North America,Retail,Referral,Annual,1000+,2023-06-04,19,2657.8566666666666,0.38763333333333333,2.0,6.333333333333333,17.6,-0.24668246192160836,High risk
CUST-10312,Growth,Europe,Manufacturing,Organic,Annual,51-200,2023-06-06,19,743.6666666666666,0.41146666666666665,0.6666666666666666,6.666666666666667,2.3,-1.6326158659076093,Low risk
CUST-10313,Starter,Europe,Education,Events,Monthly,201-1000,2023-06-06,19,938.34,0.9904666666666667,0.3333333333333333,5.666666666666667,16.1,-2.2626030300561744,Low risk
CUST-10315,Starter,Latin America,Technology,Paid Search,Monthly,51-200,2023-06-07,19,138.76,0.6766,1.0,9.0,6.5,-2.545296614801992,Low risk
CUST-10317,Enterprise,North America,Education,Outbound Sales,Annual,1000+,2023-06-08,19,27516.5,0.5461333333333334,1.0,7.333333333333333,22.0,-0.5458000565139384,Medium risk
CUST-10318,Growth,Asia Pacific,Technology,Organic,Annual,51-200,2023-06-08,19,403.86999999999995,0.7433,0.0,7.666666666666667,0.7,-2.8936206651491037,Low risk
CUST-10319,Business,North America,Manufacturing,Paid Search,Monthly,1-50,2023-06-08,19,586.7333333333333,0.11023333333333334,3.0,6.666666666666667,12.0,0.06916874712729387,High risk
CUST-10320,Business,Asia Pacific,Retail,Organic,Annual,51-200,2023-06-08,19,1538.3266666666666,0.6592333333333333,0.0,7.0,1.1,-2.347864696506112,Low risk
CUST-10323,Starter,Asia Pacific,Technology,Events,Monthly,51-200,2023-06-09,19,183.0,0.4557,1.3333333333333333,8.333333333333334,14.1,-1.5848218189956618,Low risk
CUST-10324,Enterprise,Latin America,Financial Services,Referral,Annual,1000+,2023-06-10,19,30349.52,0.1255,2.3333333333333335,6.0,11.2,0.8149596382154414,High risk
CUST-10325,Starter,Asia Pacific,Education,Organic,Monthly,1-50,2023-06-11,19,97.0,0.5769333333333333,1.0,10.0,0.0,-2.7140458868138566,Low risk
CUST-10326,Business,Asia Pacific,Financial Services,Paid Search,Monthly,1-50,2023-06-11,19,829.5300000000001,0.7938666666666667,1.6666666666666667,10.0,3.9,-2.7147037000142906,Low risk
CUST-10329,Enterprise,North America,Retail,Outbound Sales,Monthly,1-50,2023-06-13,19,3443.1200000000003,0.9965999999999999,0.3333333333333333,8.0,11.2,-2.361100100278459,Low risk
CUST-10331,Growth,North America,Financial Services,Events,Monthly,201-1000,2023-06-15,19,608.32,0.25720000000000004,2.6666666666666665,9.666666666666666,19.7,-0.7044295953062186,Medium risk
CUST-10332,Growth,North America,Financial Services,Paid Search,Annual,51-200,2023-06-15,19,350.64333333333326,0.6251666666666666,2.0,3.3333333333333335,11.3,-0.9042069334683387,Medium risk
CUST-10334,Business,Latin America,Logistics,Events,Annual,51-200,2023-06-16,19,1010.0733333333334,0.7833666666666667,0.6666666666666666,10.0,7.6,-2.8801900889867116,Low risk
CUST-10336,Business,Europe,Education,Organic,Annual,201-1000,2023-06-17,19,4679.916666666667,0.30316666666666664,0.6666666666666666,8.0,11.6,-0.6026679087687614,Medium risk
CUST-10337,Starter,North America,Financial Services,Outbound Sales,Monthly,201-1000,2023-06-18,19,209.19999999999996,1.0,0.6666666666666666,6.0,11.0,-2.5075721009343055,Low risk
CUST-10338,Business,North America,Healthcare,Events,Annual,51-200,2023-06-19,19,1180.92,0.7353000000000001,0.3333333333333333,7.666666666666667,9.5,-2.3531471418283827,Low risk
CUST-10340,Enterprise,North America,Healthcare,Referral,Monthly,51-200,2023-06-20,19,1193.21,0.03,0.6666666666666666,6.0,6.6,-0.44573796665637333,High risk
CUST-10341,Starter,North America,Healthcare,Partner,Monthly,1000+,2023-06-20,19,402.65000000000003,0.4892,0.6666666666666666,8.333333333333334,28.7,-1.6552386065028375,Low risk
CUST-10342,Growth,North America,Financial Services,Organic,Monthly,51-200,2023-06-20,19,442.3333333333333,0.6757666666666666,1.0,8.333333333333334,0.0,-2.5500540978308983,Low risk
CUST-10344,Enterprise,Europe,Education,Organic,Monthly,201-1000,2023-06-21,19,21510.126666666667,1.0,0.0,7.0,1.5,-2.227243971998963,Low risk
CUST-10345,Business,Asia Pacific,Education,Partner,Monthly,51-200,2023-06-21,19,750.1,0.7911,0.6666666666666666,5.0,15.6,-1.764210379875995,Low risk
CUST-10346,Starter,North America,Media,Partner,Annual,201-1000,2023-06-22,19,461.8333333333333,0.8668666666666667,1.3333333333333333,7.333333333333333,22.4,-2.0693832171762545,Low risk
CUST-10348,Business,Europe,Technology,Organic,Annual,1-50,2023-06-22,19,750.2966666666666,0.5341666666666667,0.3333333333333333,10.0,0.2,-2.708138584818354,Low risk
CUST-10349,Starter,Europe,Logistics,Partner,Annual,51-200,2023-06-23,19,347.0333333333333,0.7468333333333333,0.0,7.0,11.3,-2.4729218992964324,Low risk
CUST-10350,Starter,North America,Media,Partner,Monthly,1-50,2023-06-23,19,81.47,0.9254333333333333,0.3333333333333333,5.333333333333333,9.8,-2.538142350325329,Low risk
CUST-10353,Business,North America,Retail,Paid Search,Monthly,201-1000,2023-06-24,19,1744.493333333333,0.6386999999999999,1.6666666666666667,8.666666666666666,9.9,-1.7622697597114132,Low risk
CUST-10355,Business,North America,Education,Referral,Monthly,1-50,2023-06-24,19,495.0,0.1595,2.0,8.333333333333334,0.0,-1.0617585060849761,Medium risk
CUST-10356,Enterprise,Europe,Logistics,Partner,Monthly,1-50,2023-06-26,19,1394.18,0.2437666666666667,0.6666666666666666,7.0,8.3,-1.019750006471038,Medium risk
CUST-10357,Starter,Asia Pacific,Technology,Organic,Monthly,1-50,2023-06-26,19,60.74,0.5508333333333334,2.0,6.333333333333333,2.2,-1.5683894826487974,Low risk
CUST-10358,Growth,Europe,Financial Services,Events,Monthly,1-50,2023-06-27,19,282.83,0.9906,1.0,7.666666666666667,13.1,-2.635823539838843,Low risk
CUST-10359,Business,Europe,Manufacturing,Events,Monthly,51-200,2023-06-27,19,1241.88,0.03,2.0,4.666666666666667,12.2,0.4263460196036094,High risk
CUST-10361,Growth,Europe,Manufacturing,Events,Monthly,1-50,2023-06-27,19,208.6,0.03,2.6666666666666665,7.0,9.7,-0.06891976467967109,High risk
CUST-10363,Business,North America,Logistics,Events,Annual,201-1000,2023-06-28,19,2119.16,0.03,1.0,6.0,17.3,0.16219091217053377,High risk
CUST-10364,Business,North America,Manufacturing,Organic,Annual,1000+,2023-06-28,19,10406.550000000001,0.10426666666666667,2.0,8.666666666666666,7.2,0.12743837303654312,High risk
CUST-10368,Business,Asia Pacific,Manufacturing,Events,Monthly,1-50,2023-07-02,18,1056.5366666666666,0.5623333333333332,0.6666666666666666,10.0,6.6,-2.370600199306441,Low risk
CUST-10369,Enterprise,North America,Healthcare,Organic,Monthly,1-50,2023-07-02,18,1433.5999999999997,0.45870000000000005,2.3333333333333335,5.333333333333333,1.0,-0.7930424638178408,Medium risk
CUST-10370,Growth,Latin America,Manufacturing,Partner,Annual,51-200,2023-07-02,18,496.29,0.8518,0.6666666666666666,10.0,12.3,-2.953196134483898,Low risk
CUST-10372,Growth,North America,Retail,Referral,Monthly,1-50,2023-07-03,18,228.64,0.5062666666666666,0.3333333333333333,8.333333333333334,9.5,-2.1173348097048565,Low risk
CUST-10373,Starter,Europe,Financial Services,Organic,Monthly,1-50,2023-07-03,18,61.0,0.033933333333333336,1.3333333333333333,4.0,0.0,-0.22743463297345934,High risk
CUST-10375,Growth,Europe,Retail,Referral,Monthly,51-200,2023-07-04,18,784.5799999999999,0.44229999999999997,0.6666666666666666,6.0,3.7,-1.4853078092137926,Low risk
CUST-10376,Starter,Europe,Technology,Paid Search,Annual,1-50,2023-07-05,18,70.24,0.418,0.6666666666666666,10.0,11.5,-2.098078852421712,Low risk
CUST-10379,Starter,Asia Pacific,Healthcare,Outbound Sales,Monthly,51-200,2023-07-05,18,146.13333333333333,0.3179666666666667,2.3333333333333335,9.333333333333334,6.6,-1.3244368903789305,Medium risk
CUST-10380,Enterprise,Asia Pacific,Education,Partner,Annual,51-200,2023-07-05,18,3477.5,0.3212,0.3333333333333333,10.0,23.6,-1.0700409526688954,Medium risk
CUST-10381,Business,Europe,Financial Services,Referral,Monthly,1-50,2023-07-05,18,644.25,0.03,1.6666666666666667,7.0,4.2,-0.43986228446380704,High risk
CUST-10384,Starter,Europe,Retail,Partner,Monthly,1-50,2023-07-06,18,90.33,0.3054,1.0,5.0,13.9,-0.7150834488303306,Medium risk
CUST-10387,Growth,Europe,Technology,Paid Search,Annual,1-50,2023-07-08,18,194.32666666666668,0.07826666666666666,1.3333333333333333,4.666666666666667,11.7,-0.08194822510149313,High risk
CUST-10391,Enterprise,North America,Education,Organic,Annual,51-200,2023-07-09,18,1897.97,0.1408,0.3333333333333333,7.0,0.6,-0.9919047098959645,Medium risk
CUST-10393,Starter,Asia Pacific,Technology,Events,Annual,51-200,2023-07-11,18,68.22,0.03,3.3333333333333335,5.0,19.9,0.7355457609541093,High risk
CUST-10394,Starter,Latin America,Technology,Outbound Sales,Monthly,1-50,2023-07-11,18,59.28,0.03,3.6666666666666665,5.333333333333333,14.3,0.5068706248379571,High risk
CUST-10397,Growth,North America,Education,Organic,Annual,51-200,2023-07-13,18,493.6666666666667,0.03,1.6666666666666667,4.0,6.0,0.15239676742700856,High risk
CUST-10398,Starter,Europe,Healthcare,Referral,Annual,1000+,2023-07-13,18,4710.166666666667,1.0,0.6666666666666666,6.666666666666667,8.1,-1.8019070648838487,Low risk
CUST-10399,Business,North America,Technology,Paid Search,Monthly,1-50,2023-07-13,18,824.6866666666666,0.0652,2.6666666666666665,5.666666666666667,9.3,0.25397976494447055,High risk
CUST-10401,Starter,Europe,Financial Services,Organic,Monthly,1-50,2023-07-14,18,61.0,0.5313,2.3333333333333335,8.0,0.0,-1.7547821956696834,Low risk
CUST-10402,Growth,Asia Pacific,Technology,Organic,Monthly,51-200,2023-07-15,18,699.0,0.03,2.6666666666666665,8.0,0.0,-0.40946423595602405,High risk
CUST-10406,Growth,North America,Technology,Organic,Monthly,1-50,2023-07-16,18,354.3333333333333,0.03963333333333333,1.0,5.0,0.0,-0.48516875187895936,High risk
CUST-10412,Starter,Europe,Financial Services,Organic,Monthly,1-50,2023-07-18,18,157.0,0.6389,0.0,8.0,0.0,-2.7541273449858457,Low risk
CUST-10413,Enterprise,Asia Pacific,Technology,Paid Search,Monthly,51-200,2023-07-19,18,2839.28,0.03,0.3333333333333333,9.0,14.9,-0.5189638655271722,Medium risk
CUST-10414,Starter,Asia Pacific,Retail,Outbound Sales,Monthly,1-50,2023-07-20,18,81.11,0.19599999999999998,1.6666666666666667,5.666666666666667,10.8,-0.47003341353012307,High risk
CUST-10415,Business,North America,Technology,Organic,Monthly,1-50,2023-07-20,18,548.3333333333334,0.03,3.0,7.0,0.0,-0.13825966194090356,High risk
CUST-10417,Starter,Latin America,Education,Referral,Monthly,51-200,2023-07-20,18,292.07666666666665,0.6792333333333334,1.3333333333333333,6.333333333333333,9.3,-1.782105507804166,Low risk
CUST-10418,Enterprise,Europe,Technology,Paid Search,Monthly,1-50,2023-07-21,18,1501.7,0.9859,0.0,3.0,2.0,-2.261659513728612,Low risk
CUST-10419,Starter,Europe,Education,Events,Annual,1000+,2023-07-21,18,2266.42,0.03,2.0,5.0,12.7,0.617753254884028,High risk
CUST-10422,Business,Asia Pacific,Education,Paid Search,Annual,1000+,2023-07-22,18,11421.11,0.9879333333333333,0.0,8.0,18.7,-1.868343271973036,Low risk
CUST-10423,Growth,Asia Pacific,Manufacturing,Paid Search,Annual,1000+,2023-07-23,18,1933.5666666666666,0.8313666666666667,0.0,9.333333333333334,22.5,-2.4870724991753876,Low risk
CUST-10424,Starter,Europe,Financial Services,Referral,Annual,51-200,2023-07-23,18,165.0,0.4155333333333333,0.6666666666666666,10.0,0.0,-2.4140327748085193,Low risk
CUST-10428,Business,Europe,Financial Services,Referral,Monthly,1-50,2023-07-24,18,635.8000000000001,0.6632333333333333,1.0,8.0,11.2,-2.0503459049072923,Low risk
CUST-10434,Enterprise,Asia Pacific,Healthcare,Partner,Monthly,51-200,2023-07-27,18,8048.436666666666,0.37223333333333336,2.6666666666666665,8.0,9.9,0.0016302931682046218,High risk
CUST-10435,Starter,North America,Education,Referral,Monthly,51-200,2023-07-27,18,210.21,0.6492666666666667,0.3333333333333333,10.0,1.7,-2.984326758667179,Low risk
CUST-10436,Starter,Asia Pacific,Healthcare,Outbound Sales,Monthly,51-200,2023-07-27,18,302.37666666666667,1.0,0.3333333333333333,9.0,14.4,-3.028442066977144,Low risk
CUST-10437,Starter,Latin America,Manufacturing,Partner,Monthly,51-200,2023-07-28,18,301.58,0.03,0.3333333333333333,6.0,13.5,-0.48677735073742245,High risk
CUST-10438,Growth,Latin America,Financial Services,Referral,Annual,51-200,2023-08-01,17,700.65,0.9912333333333333,0.3333333333333333,10.0,11.5,-3.1859661518987417,Low risk
CUST-10440,Business,Europe,Retail,Paid Search,Monthly,1000+,2023-08-02,17,7305.966666666667,0.4190333333333333,1.0,6.666666666666667,13.2,-0.2675240298662456,High risk
CUST-10441,Starter,Asia Pacific,Healthcare,Organic,Annual,201-1000,2023-08-02,17,120.14,0.1236,2.6666666666666665,3.6666666666666665,1.2,0.16664324118266735,High risk
CUST-10442,Business,North America,Healthcare,Organic,Annual,1000+,2023-08-02,17,5878.94,0.23126666666666665,1.6666666666666667,7.0,7.6,0.1423486667688048,High risk
CUST-10443,Starter,Latin America,Education,Events,Monthly,1000+,2023-08-02,17,821.2400000000001,0.5535333333333333,0.6666666666666666,10.0,21.2,-1.9520454880065476,Low risk
CUST-10444,Starter,Latin America,Financial Services,Paid Search,Monthly,1-50,2023-08-03,17,60.44,0.3561666666666667,4.0,6.666666666666667,4.7,-0.7126977840518015,Medium risk
CUST-10446,Enterprise,North America,Technology,Outbound Sales,Monthly,51-200,2023-08-03,17,2012.84,0.3880333333333333,1.3333333333333333,8.0,18.4,-0.8077149349964687,Medium risk
CUST-10447,Business,North America,Retail,Paid Search,Monthly,201-1000,2023-08-03,17,1462.84,0.44953333333333334,1.6666666666666667,4.0,8.5,-0.47493159714972993,High risk
CUST-10451,Business,North America,Manufacturing,Paid Search,Annual,51-200,2023-08-05,17,1062.87,0.3711666666666667,1.0,8.0,9.8,-1.3208611697182402,Medium risk
CUST-10452,Starter,Europe,Retail,Organic,Monthly,51-200,2023-08-05,17,137.0,0.3586666666666667,0.6666666666666666,7.0,0.0,-1.6849841560683356,Low risk
CUST-10456,Business,North America,Technology,Organic,Annual,51-200,2023-08-06,17,857.6666666666666,0.6092333333333334,0.6666666666666666,10.0,0.0,-2.6684430502644587,Low risk
CUST-10457,Enterprise,North America,Retail,Outbound Sales,Annual,51-200,2023-08-07,17,2373.2,0.6026333333333334,1.0,6.333333333333333,18.1,-1.0174546525954857,Medium risk
CUST-10460,Enterprise,Asia Pacific,Retail,Partner,Annual,1000+,2023-08-08,17,19438.01,0.26733333333333337,1.3333333333333333,3.6666666666666665,28.6,0.9582171504685272,High risk
CUST-10461,Starter,Asia Pacific,Manufacturing,Paid Search,Annual,201-1000,2023-08-08,17,246.34666666666666,0.6278666666666667,0.3333333333333333,7.0,11.9,-2.0199320239927947,Low risk
CUST-10462,Growth,North America,Technology,Organic,Annual,51-200,2023-08-08,17,471.6666666666667,0.6279666666666667,0.6666666666666666,7.333333333333333,0.0,-2.2799869395720185,Low risk
CUST-10463,Growth,North America,Technology,Partner,Monthly,51-200,2023-08-08,17,430.24666666666667,0.13066666666666668,2.3333333333333335,7.0,18.4,-0.02286974305546785,High risk
CUST-10464,Growth,North America,Financial Services,Events,Monthly,51-200,2023-08-09,17,452.59999999999997,0.2427,1.6666666666666667,3.6666666666666665,8.0,-0.1649491373918268,High risk
CUST-10465,Growth,Europe,Technology,Outbound Sales,Monthly,51-200,2023-08-09,17,409.55333333333334,0.6009333333333333,0.0,10.0,6.5,-2.7675266304727266,Low risk
CUST-10468,Business,Europe,Manufacturing,Partner,Annual,1-50,2023-08-10,17,520.0533333333333,0.03,0.0,8.0,12.7,-0.9178785295623885,Medium risk
CUST-10472,Enterprise,North America,Retail,Paid Search,Annual,1-50,2023-08-11,17,1351.8799999999999,0.5043000000000001,1.0,9.0,11.2,-1.7077880303276072,Low risk
CUST-10473,Growth,Europe,Healthcare,Organic,Monthly,51-200,2023-08-12,17,1234.3333333333333,0.6713999999999999,1.0,5.666666666666667,0.0,-1.8006677856655635,Low risk
CUST-10474,Business,North America,Education,Outbound Sales,Annual,201-1000,2023-08-12,17,1852.76,0.4960333333333333,1.0,6.666666666666667,11.5,-1.1408141710831614,Medium risk
CUST-10475,Business,Europe,Technology,Paid Search,Monthly,51-200,2023-08-13,17,1149.6766666666667,0.03,1.0,3.0,7.4,0.2026346638658029,High risk
CUST-10478,Enterprise,Europe,Financial Services,Referral,Annual,201-1000,2023-08-14,17,8533.16,0.6858666666666666,0.0,8.0,7.8,-1.6047310175608753,Low risk
CUST-10480,Growth,Asia Pacific,Financial Services,Paid Search,Monthly,51-200,2023-08-14,17,633.0,0.0409,0.6666666666666666,8.333333333333334,0.0,-1.1363269174959711,Medium risk
CUST-10482,Starter,North America,Manufacturing,Organic,Monthly,51-200,2023-08-16,17,211.71333333333334,0.03,2.0,7.333333333333333,5.4,-0.4007863731248332,High risk
CUST-10484,Growth,Asia Pacific,Financial Services,Referral,Annual,51-200,2023-08-17,17,776.9066666666666,0.11533333333333333,2.0,4.0,2.7,0.071997829579627,High risk
CUST-10486,Growth,Europe,Retail,Partner,Monthly,201-1000,2023-08-18,17,750.1266666666667,0.39999999999999997,2.0,6.333333333333333,17.2,-0.5779352638024817,Medium risk
CUST-10487,Starter,Latin America,Retail,Referral,Monthly,1-50,2023-08-18,17,71.97,0.046566666666666666,2.6666666666666665,5.666666666666667,4.3,0.04073041332948252,High risk
CUST-10488,Growth,Asia Pacific,Technology,Paid Search,Monthly,201-1000,2023-08-18,17,880.81,0.13066666666666668,1.6666666666666667,8.0,7.6,-0.6659169603390096,Medium risk
CUST-10491,Business,North America,Logistics,Outbound Sales,Monthly,51-200,2023-08-21,17,880.32,0.2801,0.0,7.0,22.2,-0.988055957828229,Medium risk
CUST-10493,Business,Asia Pacific,Healthcare,Organic,Monthly,1-50,2023-08-21,17,676.34,0.03733333333333333,3.3333333333333335,6.333333333333333,3.7,0.14611738934928614,High risk
CUST-10494,Growth,Asia Pacific,Logistics,Organic,Monthly,1000+,2023-08-21,17,2457.3933333333334,0.28073333333333333,3.0,6.333333333333333,4.9,-0.010785223894053397,High risk
CUST-10497,Starter,Latin America,Technology,Referral,Annual,201-1000,2023-08-22,17,547.9733333333334,0.7538333333333332,1.3333333333333333,9.0,3.3,-2.5402151789322307,Low risk
CUST-10500,Starter,North America,Manufacturing,Events,Monthly,201-1000,2023-08-23,17,252.37666666666667,0.03,0.6666666666666666,5.0,10.8,-0.23559023335305496,High risk
CUST-10501,Starter,Europe,Technology,Organic,Monthly,1-50,2023-08-23,17,60.35,0.03,1.0,8.0,5.4,-0.8881133869155649,Medium risk
CUST-10502,Growth,Asia Pacific,Logistics,Referral,Annual,1-50,2023-08-24,17,226.12,0.4487666666666666,0.0,8.0,4.4,-2.14902648057211,Low risk
CUST-10503,Growth,Asia Pacific,Technology,Referral,Monthly,51-200,2023-08-24,17,436.98,0.5279333333333334,1.6666666666666667,8.333333333333334,6.5,-1.7289741230530624,Low risk
CUST-10506,Business,North America,Manufacturing,Organic,Monthly,1-50,2023-08-26,17,580.3333333333334,0.34273333333333333,1.3333333333333333,5.0,0.0,-0.9620357335444509,Medium risk
CUST-10507,Growth,North America,Logistics,Events,Annual,1000+,2023-08-26,17,1819.8999999999999,0.2534,1.3333333333333333,10.0,22.5,-0.8696125153423392,Medium risk
CUST-10509,Growth,North America,Manufacturing,Outbound Sales,Monthly,1-50,2023-08-27,17,188.16,0.044500000000000005,0.3333333333333333,9.0,11.0,-1.1433572181770078,Medium risk
CUST-10512,Starter,Europe,Retail,Outbound Sales,Monthly,201-1000,2023-09-01,16,215.08,0.03,1.0,8.333333333333334,13.5,-0.6435280187284959,Medium risk
CUST-10514,Starter,Europe,Media,Paid Search,Monthly,201-1000,2023-09-02,16,316.96,0.3439666666666667,1.6666666666666667,6.666666666666667,13.0,-0.7965704378999301,Medium risk
CUST-10515,Growth,North America,Financial Services,Referral,Monthly,51-200,2023-09-03,16,704.0033333333334,0.3127333333333333,0.3333333333333333,7.0,4.2,-1.4195451775868067,Medium risk
CUST-10516,Starter,Asia Pacific,Financial Services,Organic,Monthly,1-50,2023-09-03,16,72.69,0.1264,0.6666666666666666,8.666666666666666,1.3,-1.4198973007445352,Medium risk
CUST-10517,Growth,Asia Pacific,Financial Services,Referral,Annual,51-200,2023-09-04,16,626.2233333333334,0.1677,0.6666666666666666,4.333333333333333,1.4,-0.5795216092354619,Medium risk
CUST-10518,Business,Asia Pacific,Technology,Organic,Annual,1000+,2023-09-04,16,2330.74,0.5725,1.0,10.0,9.9,-1.8560226607514951,Low risk
CUST-10519,Growth,Asia Pacific,Technology,Organic,Monthly,201-1000,2023-09-05,16,1397.3466666666666,0.4848333333333333,0.6666666666666666,9.333333333333334,4.9,-1.976235402505162,Low risk
CUST-10521,Business,Asia Pacific,Logistics,Paid Search,Annual,1-50,2023-09-05,16,732.48,0.031166666666666665,1.0,8.666666666666666,2.3,-0.9394134277149074,Medium risk
CUST-10522,Starter,Latin America,Retail,Partner,Annual,1-50,2023-09-06,16,103.78333333333335,0.6185999999999999,1.0,10.0,14.4,-2.259492773060377,Low risk
CUST-10523,Starter,Europe,Media,Events,Monthly,1-50,2023-09-06,16,81.87,0.08806666666666667,1.6666666666666667,7.0,8.7,-0.4652705914438545,High risk
CUST-10524,Enterprise,North America,Technology,Paid Search,Annual,201-1000,2023-09-07,16,7604.3,1.0,0.3333333333333333,9.666666666666666,13.2,-2.155583210900815,Low risk
CUST-10526,Enterprise,North America,Healthcare,Referral,Annual,51-200,2023-09-09,16,1554.6200000000001,0.3247,0.6666666666666666,5.666666666666667,10.8,-0.7213901861578543,Medium risk
CUST-10527,Growth,Asia Pacific,Education,Partner,Monthly,1-50,2023-09-09,16,329.6933333333333,0.9038333333333334,0.6666666666666666,9.0,23.0,-2.595126742712754,Low risk
CUST-10528,Growth,North America,Healthcare,Organic,Annual,51-200,2023-09-10,16,518.8933333333333,0.5873666666666667,0.6666666666666666,7.666666666666667,3.0,-2.1152452709338947,Low risk
CUST-10529,Growth,North America,Technology,Paid Search,Monthly,1-50,2023-09-10,16,251.63,0.03,0.6666666666666666,6.666666666666667,6.7,-0.6327075741438581,Medium risk
CUST-10531,Enterprise,North America,Technology,Organic,Monthly,51-200,2023-09-10,16,1711.25,0.3164,0.6666666666666666,6.0,5.0,-0.9070303986339212,Medium risk
CUST-10532,Growth,North America,Technology,Outbound Sales,Monthly,1-50,2023-09-11,16,206.88,0.03,2.6666666666666665,5.666666666666667,12.3,0.38022370238167186,High risk
CUST-10534,Starter,Asia Pacific,Retail,Organic,Monthly,1-50,2023-09-11,16,84.93,0.7240333333333333,0.3333333333333333,7.0,0.2,-2.5704468446903816,Low risk
CUST-10535,Growth,North America,Financial Services,Organic,Monthly,1-50,2023-09-12,16,212.42999999999998,0.24863333333333335,1.0,9.0,3.9,-1.5388691265361327,Low risk
CUST-10536,Enterprise,Latin America,Healthcare,Paid Search,Monthly,1-50,2023-09-13,16,1545.0633333333335,0.2943,1.0,7.0,12.1,-0.7589461777524977,Medium risk
CUST-10537,Business,North America,Education,Outbound Sales,Monthly,1-50,2023-09-13,16,486.55,0.3651,1.3333333333333333,6.333333333333333,8.8,-0.982449166035408,Medium risk
CUST-10538,Starter,Asia Pacific,Logistics,Organic,Monthly,1-50,2023-09-13,16,85.0,0.7835333333333333,0.6666666666666666,8.0,0.0,-2.7866334628692457,Low risk
CUST-10539,Starter,North America,Manufacturing,Events,Monthly,201-1000,2023-09-13,16,327.28,1.0,1.0,9.0,22.7,-2.5469794217224937,Low risk
CUST-10542,Growth,Asia Pacific,Retail,Events,Annual,201-1000,2023-09-13,16,2005.4333333333334,1.0,0.0,10.0,17.0,-2.8400810201260476,Low risk
CUST-10543,Starter,North America,Manufacturing,Partner,Monthly,51-200,2023-09-14,16,147.17,0.39126666666666665,1.6666666666666667,8.666666666666666,9.1,-1.4287739588335264,Medium risk
CUST-10545,Business,North America,Healthcare,Paid Search,Monthly,1-50,2023-09-14,16,611.58,0.03,1.3333333333333333,6.0,5.1,-0.26126942412999965,High risk
CUST-10546,Starter,North America,Financial Services,Referral,Annual,1000+,2023-09-15,16,713.2833333333333,0.03,3.3333333333333335,3.3333333333333335,15.7,1.0695241865810832,High risk
CUST-10548,Business,Asia Pacific,Retail,Organic,Monthly,1-50,2023-09-16,16,831.52,0.03,2.0,6.0,5.7,0.021575411298559083,High risk
CUST-10549,Starter,Europe,Logistics,Referral,Annual,1-50,2023-09-16,16,60.82,0.03,1.3333333333333333,2.6666666666666665,1.5,-0.031220580186097475,High risk
CUST-10550,Growth,North America,Technology,Organic,Monthly,1-50,2023-09-16,16,316.31666666666666,0.8607,0.6666666666666666,9.333333333333334,0.8,-3.1416104107203955,Low risk
CUST-10551,Starter,Asia Pacific,Technology,Partner,Monthly,201-1000,2023-09-16,16,326.3233333333333,0.5397333333333333,0.6666666666666666,8.666666666666666,22.1,-1.7253253383052933,Low risk
CUST-10552,Starter,Asia Pacific,Education,Organic,Monthly,1-50,2023-09-18,16,61.0,0.5666666666666667,1.3333333333333333,6.0,0.0,-1.7075848963837124,Low risk
CUST-10553,Enterprise,Asia Pacific,Healthcare,Organic,Annual,1-50,2023-09-18,16,1724.6266666666668,1.0,0.0,10.0,5.1,-3.246562870519551,Low risk
CUST-10556,Starter,Europe,Technology,Partner,Monthly,1-50,2023-09-19,16,67.98,0.8545666666666666,0.3333333333333333,7.0,20.9,-2.2687381411845937,Low risk
CUST-10557,Starter,Asia Pacific,Logistics,Paid Search,Monthly,1-50,2023-09-19,16,82.08,0.32703333333333334,1.0,8.333333333333334,8.1,-1.4876662344911622,Low risk
CUST-10558,Enterprise,Latin America,Financial Services,Organic,Monthly,1-50,2023-09-20,16,2289.98,0.4769333333333334,0.6666666666666666,5.666666666666667,4.4,-1.1046958006899332,Medium risk
CUST-10561,Business,Europe,Education,Referral,Monthly,201-1000,2023-09-21,16,2751.7999999999997,0.3671333333333333,1.3333333333333333,9.333333333333334,13.5,-0.9747352931962833,Medium risk
CUST-10563,Business,Europe,Manufacturing,Organic,Annual,1000+,2023-09-21,16,15160.213333333333,0.40829999999999994,2.0,8.666666666666666,12.8,-0.26116224349908174,High risk
CUST-10565,Growth,North America,Logistics,Partner,Annual,51-200,2023-09-22,16,362.18,0.6902333333333334,0.3333333333333333,6.666666666666667,14.5,-1.9556216497982228,Low risk
CUST-10566,Starter,Europe,Media,Organic,Annual,201-1000,2023-09-22,16,141.87,0.49310000000000004,0.3333333333333333,9.0,10.7,-2.1159091068517495,Low risk
CUST-10568,Starter,Europe,Retail,Organic,Monthly,51-200,2023-09-23,16,118.55,0.39399999999999996,1.3333333333333333,7.0,3.4,-1.4042099275828739,Medium risk
CUST-10569,Growth,Europe,Healthcare,Organic,Monthly,1-50,2023-09-24,16,354.3333333333333,0.21673333333333333,0.3333333333333333,9.0,0.0,-1.7779606565744732,Low risk
CUST-10570,Starter,Asia Pacific,Technology,Partner,Monthly,51-200,2023-09-24,16,107.68,0.04496666666666666,1.6666666666666667,6.666666666666667,18.5,-0.011861068529588792,High risk
CUST-10571,Starter,Europe,Retail,Partner,Monthly,51-200,2023-09-24,16,152.2,0.6008,1.6666666666666667,6.333333333333333,14.0,-1.3054480006664688,Medium risk
CUST-10572,Starter,Asia Pacific,Technology,Organic,Annual,51-200,2023-09-25,16,121.0,0.03573333333333333,0.6666666666666666,2.0,0.0,-0.3005013524207777,High risk
CUST-10574,Growth,Europe,Retail,Paid Search,Annual,201-1000,2023-09-26,16,566.2066666666666,0.036566666666666664,1.3333333333333333,6.666666666666667,13.8,-0.15385016368508658,High risk
CUST-10575,Starter,Europe,Education,Outbound Sales,Monthly,51-200,2023-09-26,16,155.88666666666666,0.5002333333333333,0.0,10.0,13.8,-2.337951397971879,Low risk
CUST-10576,Enterprise,North America,Logistics,Referral,Monthly,1-50,2023-09-26,16,1256.48,0.25266666666666665,0.3333333333333333,5.0,0.7,-0.9031295168175616,Medium risk
CUST-10577,Enterprise,North America,Retail,Organic,Annual,1-50,2023-09-27,16,4439.0,0.7952666666666667,0.3333333333333333,9.666666666666666,0.0,-2.3905133836854926,Low risk
CUST-10578,Business,Europe,Technology,Organic,Monthly,1-50,2023-09-27,16,623.0,0.6806333333333333,2.6666666666666665,5.0,0.0,-1.218479945394566,Medium risk
CUST-10579,Business,Europe,Financial Services,Paid Search,Monthly,1-50,2023-09-27,16,508.3566666666666,0.044833333333333336,1.3333333333333333,7.0,6.8,-0.45351471041474645,High risk
CUST-10580,Starter,Asia Pacific,Retail,Partner,Monthly,1-50,2023-09-28,16,102.09999999999998,0.03,3.6666666666666665,3.0,11.5,0.8262046078108387,High risk
CUST-10581,Business,Europe,Technology,Organic,Annual,1-50,2023-09-28,16,601.6666666666666,0.5063666666666666,0.0,7.333333333333333,0.0,-2.1672413910090755,Low risk
CUST-10583,Growth,Asia Pacific,Education,Organic,Annual,1-50,2023-09-28,16,193.0,0.2993333333333333,2.0,7.0,0.0,-1.0580628058743926,Medium risk
CUST-10584,Growth,North America,Manufacturing,Organic,Annual,51-200,2023-09-28,16,236.56000000000003,0.03,2.6666666666666665,5.0,0.5,0.1635586625443776,High risk
CUST-10585,Starter,Asia Pacific,Technology,Partner,Annual,1-50,2023-10-01,15,80.39,0.36260000000000003,0.3333333333333333,5.0,12.8,-0.9785829914382635,Medium risk
CUST-10586,Business,North America,Financial Services,Organic,Monthly,1-50,2023-10-02,15,923.2666666666668,0.8124666666666668,1.6666666666666667,8.666666666666666,1.7,-2.390058810839354,Low risk
CUST-10587,Starter,Europe,Education,Organic,Annual,1000+,2023-10-02,15,783.7233333333334,0.3513,1.6666666666666667,8.0,10.4,-1.011289604000274,Medium risk
CUST-10588,Starter,North America,Manufacturing,Paid Search,Monthly,51-200,2023-10-03,15,128.5533333333333,0.3524333333333334,1.6666666666666667,6.333333333333333,9.6,-0.849417446004012,Medium risk
CUST-10589,Business,Latin America,Healthcare,Referral,Annual,1-50,2023-10-03,15,575.26,0.06276666666666667,1.6666666666666667,5.0,8.2,0.09120664737369374,High risk
CUST-10590,Starter,Latin America,Education,Outbound Sales,Monthly,1-50,2023-10-03,15,78.05,0.03,1.6666666666666667,5.0,19.3,0.39498067101440026,High risk
CUST-10591,Growth,North America,Technology,Partner,Annual,51-200,2023-10-04,15,352.4533333333334,0.3353333333333333,1.0,6.333333333333333,18.4,-0.7299653450192771,Medium risk
CUST-10592,Growth,Asia Pacific,Manufacturing,Referral,Annual,201-1000,2023-10-04,15,436.76,0.03,0.6666666666666666,5.0,12.8,-0.06052191202924978,High risk
CUST-10593,Starter,Asia Pacific,Financial Services,Paid Search,Annual,1000+,2023-10-05,15,1066.4766666666667,0.4978,1.0,7.666666666666667,16.6,-1.2567924853423724,Medium risk
CUST-10594,Business,North America,Manufacturing,Referral,Monthly,1000+,2023-10-06,15,7623.483333333333,0.08766666666666667,2.6666666666666665,8.0,21.7,1.0599748502062425,High risk
CUST-10595,Growth,North America,Financial Services,Organic,Annual,201-1000,2023-10-07,15,574.4933333333333,0.03,2.0,4.666666666666667,13.4,0.4916726196092289,High risk
CUST-10596,Growth,North America,Financial Services,Outbound Sales,Monthly,1000+,2023-10-08,15,4593.293333333333,0.07503333333333333,0.3333333333333333,6.333333333333333,12.8,0.2864153523649156,High risk
CUST-10597,Growth,Asia Pacific,Manufacturing,Outbound Sales,Monthly,1-50,2023-10-08,15,520.2866666666667,0.7692,0.3333333333333333,6.0,17.0,-1.859672031045506,Low risk
CUST-10598,Business,Asia Pacific,Logistics,Partner,Monthly,1-50,2023-10-08,15,751.8333333333334,0.5314,2.6666666666666665,8.0,10.6,-1.0775902325929514,Medium risk
CUST-10599,Business,Asia Pacific,Education,Organic,Annual,1-50,2023-10-08,15,719.0,0.6784,1.3333333333333333,10.0,0.0,-2.546620811919204,Low risk
CUST-10600,Starter,Europe,Manufacturing,Referral,Monthly,51-200,2023-10-09,15,83.09,0.48656666666666665,1.6666666666666667,8.0,5.3,-1.5985730436158478,Low risk
CUST-10601,Growth,Asia Pacific,Retail,Referral,Annual,51-200,2023-10-11,15,453.60999999999996,0.2066,0.6666666666666666,7.666666666666667,1.1,-1.299878423769764,Medium risk
CUST-10602,Starter,North America,Retail,Referral,Annual,201-1000,2023-10-11,15,336.68,0.5103666666666666,0.6666666666666666,4.0,10.1,-1.0354598424927053,Medium risk
CUST-10603,Growth,Asia Pacific,Financial Services,Outbound Sales,Monthly,51-200,2023-10-12,15,390.0466666666666,0.9197333333333333,0.6666666666666666,7.0,13.5,-2.4006498796799454,Low risk
CUST-10605,Business,North America,Healthcare,Organic,Annual,201-1000,2023-10-12,15,2656.023333333333,0.3415333333333333,1.0,6.666666666666667,8.4,-0.6532371575955291,Medium risk
CUST-10607,Business,Europe,Media,Referral,Monthly,1-50,2023-10-13,15,1068.7566666666667,0.6588333333333333,0.6666666666666666,8.0,3.4,-2.1778158027214665,Low risk
CUST-10608,Business,North America,Retail,Events,Annual,201-1000,2023-10-13,15,1842.9366666666667,0.3861333333333333,0.6666666666666666,7.0,19.9,-0.745047122516054,Medium risk
CUST-10609,Growth,Europe,Technology,Referral,Monthly,51-200,2023-10-14,15,810.7600000000001,0.11416666666666668,0.0,8.0,4.0,-1.2249516874103314,Medium risk
CUST-10612,Growth,Europe,Financial Services,Events,Annual,51-200,2023-10-14,15,605.7800000000001,0.5992333333333333,0.3333333333333333,9.0,8.4,-2.2887503867377648,Low risk
CUST-10613,Growth,North America,Logistics,Organic,Monthly,1-50,2023-10-14,15,259.0,0.7655666666666666,1.6666666666666667,7.0,0.0,-2.150059601058514,Low risk
CUST-10616,Growth,Latin America,Education,Paid Search,Monthly,51-200,2023-10-16,15,617.0766666666667,0.5446666666666666,3.0,7.333333333333333,10.1,-0.9106349195350759,Medium risk
CUST-10619,Starter,North America,Technology,Partner,Annual,201-1000,2023-10-17,15,389.7033333333333,0.03,2.0,7.666666666666667,18.1,0.02613350170675932,High risk
CUST-10620,Starter,Europe,Healthcare,Referral,Annual,201-1000,2023-10-18,15,304.9166666666667,0.21216666666666664,1.0,7.333333333333333,8.6,-0.9452726502260456,Medium risk
CUST-10621,Starter,Asia Pacific,Technology,Outbound Sales,Monthly,51-200,2023-10-18,15,138.31666666666666,1.0,0.3333333333333333,9.0,17.3,-2.8547197222421534,Low risk
CUST-10624,Enterprise,Europe,Retail,Referral,Monthly,1-50,2023-10-18,15,1724.0,0.4502333333333333,3.3333333333333335,5.666666666666667,0.0,-0.4681336447625189,High risk
CUST-10625,Starter,Asia Pacific,Retail,Organic,Monthly,201-1000,2023-10-19,15,299.27,0.34826666666666667,1.0,5.0,13.1,-0.6730312716841655,Medium risk
CUST-10627,Business,North America,Retail,Partner,Monthly,51-200,2023-10-19,15,945.34,0.5282333333333333,0.0,9.0,18.7,-1.8717885633237703,Low risk
CUST-10628,Growth,North America,Media,Referral,Monthly,51-200,2023-10-19,15,442.3333333333333,0.6139,1.3333333333333333,7.666666666666667,0.0,-2.0154533408388975,Low risk
CUST-10630,Starter,Asia Pacific,Healthcare,Outbound Sales,Monthly,51-200,2023-10-19,15,95.14333333333333,0.25323333333333337,0.6666666666666666,7.666666666666667,17.6,-0.9854929718390165,Medium risk
CUST-10633,Growth,Latin America,Technology,Referral,Annual,1000+,2023-10-21,15,947.04,0.5299,1.6666666666666667,7.0,10.8,-1.1741470901862128,Medium risk
CUST-10634,Growth,North America,Logistics,Organic,Monthly,201-1000,2023-10-21,15,1647.11,0.0342,2.0,6.0,10.4,0.3502204661308888,High risk
CUST-10635,Enterprise,North America,Retail,Paid Search,Annual,51-200,2023-10-22,15,2508.2,0.03,0.6666666666666666,8.0,10.6,-0.2900337525710308,High risk
CUST-10636,Starter,Asia Pacific,Healthcare,Paid Search,Annual,201-1000,2023-10-22,15,208.66,0.1978,0.3333333333333333,6.666666666666667,11.3,-0.9482918294118095,Medium risk
CUST-10637,Business,North America,Healthcare,Events,Annual,1-50,2023-10-22,15,581.78,0.3183,1.0,9.0,4.8,-1.5547127539089578,Low risk
CUST-10638,Enterprise,North America,Financial Services,Partner,Monthly,1-50,2023-10-22,15,1885.1000000000001,0.2554666666666667,1.0,8.0,13.5,-0.7146297002622956,Medium risk
CUST-10639,Growth,Latin America,Manufacturing,Paid Search,Annual,201-1000,2023-10-22,15,1165.7533333333333,0.06143333333333333,2.6666666666666665,2.6666666666666665,12.8,0.9312355512449095,High risk
CUST-10640,Growth,Europe,Media,Organic,Monthly,1-50,2023-10-22,15,259.0,0.28856666666666664,2.0,7.0,0.0,-0.9813203190491764,Medium risk
CUST-10641,Starter,Asia Pacific,Healthcare,Events,Monthly,51-200,2023-10-22,15,180.33,0.12426666666666668,0.6666666666666666,6.666666666666667,8.8,-0.7535549643897741,Medium risk
CUST-10642,Starter,Asia Pacific,Technology,Partner,Monthly,201-1000,2023-10-23,15,218.99,0.8151333333333334,0.3333333333333333,7.0,21.3,-2.1122077377185264,Low risk
CUST-10643,Growth,North America,Media,Organic,Monthly,51-200,2023-10-23,15,799.0566666666667,0.06576666666666667,3.0,6.666666666666667,0.4,0.026308675433653332,High risk
CUST-10644,Growth,Europe,Logistics,Paid Search,Monthly,51-200,2023-10-23,15,278.76,0.03,2.3333333333333335,5.666666666666667,1.7,0.009828804240558313,High risk
CUST-10645,Growth,Asia Pacific,Financial Services,Paid Search,Monthly,51-200,2023-10-23,15,605.6633333333333,0.24409999999999998,2.0,6.0,2.7,-0.5458501106850072,Medium risk
CUST-10648,Enterprise,North America,Healthcare,Partner,Annual,1000+,2023-10-25,15,6078.349999999999,0.32749999999999996,0.3333333333333333,10.0,19.7,-0.6462547047017088,Medium risk
CUST-10649,Growth,Asia Pacific,Retail,Referral,Annual,1-50,2023-10-26,15,353.6000000000001,0.6621666666666667,0.6666666666666666,6.333333333333333,7.0,-1.9024698213879603,Low risk
CUST-10650,Growth,Asia Pacific,Logistics,Paid Search,Annual,201-1000,2023-10-26,15,827.4200000000001,0.1973,1.3333333333333333,6.0,17.4,-0.18657940632050707,High risk
CUST-10652,Business,Asia Pacific,Healthcare,Outbound Sales,Annual,201-1000,2023-10-26,15,1685.2066666666667,0.6882666666666667,0.3333333333333333,9.0,21.7,-1.9239456068611958,Low risk
CUST-10653,Business,Europe,Education,Organic,Monthly,1-50,2023-10-27,15,495.0,0.2024,3.3333333333333335,7.0,0.0,-0.4109136116900895,High risk
CUST-10655,Growth,North America,Media,Referral,Annual,201-1000,2023-10-28,15,1117.1466666666665,0.04363333333333333,0.6666666666666666,3.0,5.7,0.0847053434818357,High risk
CUST-10658,Starter,Latin America,Financial Services,Referral,Monthly,51-200,2023-11-01,14,229.51333333333332,0.1970333333333333,0.6666666666666666,7.0,7.9,-0.9550649017050612,Medium risk
CUST-10661,Starter,North America,Technology,Referral,Monthly,51-200,2023-11-02,14,162.53333333333333,0.03,2.6666666666666665,9.0,11.3,-0.2095595603715923,High risk
CUST-10662,Business,North America,Media,Organic,Monthly,1-50,2023-11-02,14,591.0,0.7268,1.3333333333333333,7.333333333333333,0.0,-2.1336327340108237,Low risk
CUST-10664,Starter,North America,Retail,Organic,Monthly,1-50,2023-11-03,14,60.9,0.6258333333333334,0.3333333333333333,6.0,0.8,-2.0684601913749527,Low risk
CUST-10665,Starter,Europe,Financial Services,Referral,Monthly,51-200,2023-11-03,14,339.71999999999997,0.41596666666666665,0.3333333333333333,10.0,8.0,-2.095580835573439,Low risk
CUST-10666,Starter,North America,Education,Organic,Monthly,1-50,2023-11-04,14,71.92,0.51,1.0,6.666666666666667,4.5,-1.6059447279421255,Low risk
CUST-10668,Growth,Asia Pacific,Technology,Referral,Monthly,1-50,2023-11-04,14,213.42,0.0327,1.6666666666666667,5.666666666666667,2.4,-0.17043173333606954,High risk
CUST-10671,Business,North America,Manufacturing,Organic,Monthly,51-200,2023-11-05,14,3279.0,0.5292666666666667,0.3333333333333333,9.0,0.0,-1.820610842187404,Low risk
CUST-10673,Business,North America,Retail,Paid Search,Monthly,51-200,2023-11-06,14,2000.0233333333333,0.7270333333333333,1.3333333333333333,5.333333333333333,15.2,-1.031180020498668,Medium risk
CUST-10675,Starter,North America,Healthcare,Paid Search,Monthly,1-50,2023-11-07,14,60.54,0.21430000000000002,1.3333333333333333,8.333333333333334,3.8,-1.176089955372582,Medium risk
CUST-10676,Enterprise,Europe,Education,Partner,Monthly,1-50,2023-11-07,14,1772.18,0.08836666666666666,3.3333333333333335,5.0,11.8,0.8586945950443554,High risk
CUST-10677,Starter,Latin America,Technology,Referral,Monthly,201-1000,2023-11-07,14,81.51,0.3474333333333333,0.6666666666666666,10.0,9.7,-1.8326192263466698,Low risk
CUST-10678,Starter,Asia Pacific,Financial Services,Referral,Monthly,51-200,2023-11-08,14,117.76,0.05986666666666666,0.3333333333333333,6.0,4.5,-0.6948542346717375,Medium risk
CUST-10679,Growth,Latin America,Retail,Outbound Sales,Monthly,1-50,2023-11-08,14,298.23,0.18696666666666664,2.3333333333333335,7.666666666666667,3.1,-0.6319768908737854,Medium risk
CUST-10680,Starter,North America,Financial Services,Referral,Monthly,1000+,2023-11-08,14,256.71,0.06503333333333333,0.3333333333333333,9.0,8.9,-1.1175863629329337,Medium risk
CUST-10681,Growth,Europe,Retail,Partner,Monthly,201-1000,2023-11-08,14,703.4666666666667,0.6308333333333334,3.3333333333333335,3.6666666666666665,18.7,-0.09591773579525154,High risk
CUST-10682,Enterprise,Europe,Financial Services,Referral,Monthly,1-50,2023-11-09,14,1220.0866666666668,0.5843666666666666,1.3333333333333333,8.0,2.7,-1.7416624590730805,Low risk
CUST-10683,Enterprise,Europe,Manufacturing,Partner,Monthly,1-50,2023-11-10,14,1450.4733333333334,0.03,2.6666666666666665,9.0,14.5,0.13617191220540498,High risk
CUST-10684,Business,Asia Pacific,Financial Services,Outbound Sales,Monthly,1-50,2023-11-10,14,1501.7733333333333,0.07056666666666667,3.0,7.0,10.1,0.4162382710663334,High risk
CUST-10688,Growth,Asia Pacific,Logistics,Organic,Annual,51-200,2023-11-11,14,347.0,0.6348333333333334,0.3333333333333333,6.0,0.0,-2.0580017703801707,Low risk
CUST-10689,Business,Asia Pacific,Education,Referral,Monthly,201-1000,2023-11-12,14,1713.9866666666667,0.03,4.333333333333333,5.666666666666667,8.0,0.7381292311451332,High risk
CUST-10690,Starter,North America,Manufacturing,Paid Search,Monthly,201-1000,2023-11-12,14,218.34666666666666,0.5216,1.0,6.666666666666667,13.6,-1.3341458936984982,Medium risk
CUST-10691,Enterprise,Europe,Financial Services,Referral,Monthly,1-50,2023-11-12,14,2174.0,0.31096666666666667,2.6666666666666665,10.0,0.0,-0.9637577328989002,Medium risk
CUST-10693,Business,Asia Pacific,Financial Services,Outbound Sales,Monthly,1-50,2023-11-14,14,803.5666666666666,0.19353333333333333,4.0,5.666666666666667,13.8,0.3694303090902901,High risk
CUST-10694,Starter,Latin America,Logistics,Partner,Monthly,51-200,2023-11-14,14,161.48,0.052333333333333336,0.3333333333333333,6.0,24.0,-0.2026304144779857,High risk
CUST-10695,Growth,Asia Pacific,Financial Services,Referral,Monthly,1-50,2023-11-14,14,370.91,0.6588666666666666,0.6666666666666666,6.0,8.3,-1.7501958814523975,Low risk
CUST-10696,Growth,Asia Pacific,Technology,Paid Search,Annual,1-50,2023-11-14,14,244.33333333333334,0.4079333333333333,1.3333333333333333,8.666666666666666,0.0,-1.7468577583705978,Low risk
CUST-10697,Enterprise,North America,Manufacturing,Events,Annual,1-50,2023-11-15,14,1579.58,0.15546666666666667,1.0,7.333333333333333,20.4,-0.18518055445952875,High risk
CUST-10698,Enterprise,Asia Pacific,Technology,Events,Annual,201-1000,2023-11-16,14,2192.433333333333,0.9903,0.6666666666666666,7.0,12.9,-2.0541547366074173,Low risk
CUST-10701,Starter,North America,Financial Services,Organic,Monthly,1-50,2023-11-16,14,83.7,0.7129,1.3333333333333333,7.0,3.6,-2.032175370839221,Low risk
CUST-10702,Starter,Asia Pacific,Retail,Outbound Sales,Monthly,51-200,2023-11-16,14,92.26666666666667,0.049666666666666665,1.3333333333333333,7.333333333333333,16.8,-0.23296097139354632,High risk
CUST-10703,Starter,Asia Pacific,Technology,Referral,Monthly,51-200,2023-11-16,14,141.79999999999998,0.48993333333333333,1.0,4.666666666666667,7.2,-1.0890748878739358,Medium risk
CUST-10705,Starter,Latin America,Technology,Referral,Monthly,1-50,2023-11-17,14,83.09,0.4629666666666667,1.6666666666666667,4.0,5.3,-0.7483512106873734,Medium risk
CUST-10708,Business,Asia Pacific,Retail,Outbound Sales,Monthly,1000+,2023-11-19,14,6452.246666666667,0.3915,1.0,8.0,27.8,-0.1292551132974149,High risk
CUST-10709,Business,Europe,Education,Organic,Monthly,201-1000,2023-11-20,14,1903.0,0.7485666666666667,2.3333333333333335,4.666666666666667,0.0,-1.0874564537104985,Medium risk
CUST-10710,Enterprise,North America,Financial Services,Referral,Annual,1000+,2023-11-20,14,24738.2,0.47459999999999997,0.6666666666666666,7.0,16.0,-0.36223959747648965,High risk
CUST-10711,Growth,North America,Manufacturing,Paid Search,Annual,201-1000,2023-11-21,14,2316.7933333333335,0.5200666666666666,1.0,6.0,9.6,-0.9134567398306042,Medium risk
CUST-10712,Business,Latin America,Technology,Outbound Sales,Monthly,1000+,2023-11-21,14,7132.056666666666,0.7743666666666668,1.6666666666666667,9.0,20.3,-0.9454176284609136,Medium risk
CUST-10714,Starter,North America,Education,Organic,Annual,1-50,2023-11-22,14,85.0,0.11373333333333334,1.0,5.333333333333333,0.0,-0.6051452549375442,Medium risk
CUST-10719,Starter,North America,Technology,Referral,Annual,51-200,2023-11-25,14,119.42,0.17653333333333332,0.0,8.0,2.2,-1.511248454651737,Low risk
CUST-10720,Starter,North America,Manufacturing,Outbound Sales,Monthly,1-50,2023-11-26,14,80.21,0.22646666666666668,2.0,5.333333333333333,13.3,-0.12960049500269416,High risk
CUST-10723,Growth,North America,Healthcare,Referral,Monthly,1-50,2023-11-26,14,307.4,1.0,1.0,10.0,10.0,-2.9647632326706757,Low risk
CUST-10729,Enterprise,North America,Manufacturing,Paid Search,Monthly,1-50,2023-12-03,13,2067.86,0.08860000000000001,1.0,9.0,15.3,-0.3652778565878433,High risk
CUST-10730,Business,Latin America,Retail,Partner,Monthly,51-200,2023-12-04,13,701.1033333333334,0.1462,3.0,8.333333333333334,16.7,0.07485076189067985,High risk
CUST-10731,Starter,Europe,Retail,Events,Monthly,51-200,2023-12-04,13,119.39999999999999,0.24073333333333333,1.0,3.0,12.0,-0.1695586567086383,High risk
CUST-10732,Starter,Europe,Logistics,Paid Search,Annual,1-50,2023-12-05,13,60.29,0.45016666666666666,0.6666666666666666,9.666666666666666,5.9,-2.0718501185774016,Low risk
CUST-10733,Growth,North America,Retail,Events,Annual,1-50,2023-12-06,13,217.49,0.03,4.333333333333333,7.0,6.6,0.19229929372595714,High risk
CUST-10734,Starter,North America,Retail,Paid Search,Monthly,1-50,2023-12-06,13,82.8,0.6630666666666666,1.0,4.666666666666667,6.1,-1.4769721444292563,Low risk
CUST-10735,Starter,Asia Pacific,Logistics,Referral,Annual,1000+,2023-12-07,13,1547.5766666666668,0.44789999999999996,1.0,7.0,8.4,-1.0883852545003556,Medium risk
CUST-10736,Enterprise,Europe,Financial Services,Referral,Annual,51-200,2023-12-07,13,7503.740000000001,0.03,3.0,7.666666666666667,9.4,1.1199377754731656,High risk
CUST-10737,Business,Latin America,Manufacturing,Referral,Monthly,51-200,2023-12-07,13,1653.53,0.40663333333333335,0.6666666666666666,7.666666666666667,2.8,-1.3791698310117193,Medium risk
CUST-10738,Starter,Europe,Technology,Partner,Annual,1-50,2023-12-07,13,69.78,0.49423333333333336,2.6666666666666665,6.333333333333333,13.4,-0.6496357545488941,Medium risk
CUST-10740,Starter,Europe,Retail,Partner,Monthly,51-200,2023-12-09,13,136.04999999999998,0.25203333333333333,3.0,5.0,16.3,0.34976187840000134,High risk
CUST-10741,Growth,Asia Pacific,Technology,Partner,Annual,201-1000,2023-12-10,13,940.6333333333333,0.12589999999999998,2.0,5.0,15.0,0.4145689439739593,High risk
CUST-10742,Business,North America,Technology,Partner,Monthly,1-50,2023-12-10,13,558.55,0.03,2.6666666666666665,9.0,16.9,0.0731815126962303,High risk
CUST-10745,Growth,North America,Retail,Organic,Annual,201-1000,2023-12-10,13,941.14,0.03,1.0,5.0,0.9,-0.12278009799133437,High risk
CUST-10746,Business,Europe,Education,Organic,Monthly,51-200,2023-12-10,13,853.0799999999999,0.8854333333333333,1.0,10.0,5.4,-2.8510248387576715,Low risk
CUST-10747,Enterprise,Latin America,Technology,Events,Annual,1-50,2023-12-11,13,1750.1766666666665,0.5614666666666667,1.0,7.333333333333333,12.7,-1.2367479284230662,Medium risk
CUST-10749,Business,North America,Manufacturing,Partner,Monthly,51-200,2023-12-11,13,786.1366666666667,0.3361,2.0,10.0,21.1,-0.872342222847614,Medium risk
CUST-10750,Starter,Asia Pacific,Financial Services,Organic,Monthly,1-50,2023-12-13,13,60.70000000000001,0.043833333333333335,1.3333333333333333,7.666666666666667,2.5,-0.6702306228212238,Medium risk
CUST-10751,Starter,North America,Financial Services,Outbound Sales,Annual,51-200,2023-12-14,13,100.71999999999998,0.03,0.3333333333333333,6.666666666666667,13.8,-0.4433941401701375,High risk
CUST-10752,Starter,Europe,Healthcare,Partner,Monthly,1-50,2023-12-14,13,59.91,0.03,0.3333333333333333,8.0,9.1,-0.8409760032264572,Medium risk
CUST-10753,Business,Asia Pacific,Technology,Events,Monthly,1-50,2023-12-14,13,486.84,0.5403666666666667,0.6666666666666666,6.666666666666667,8.5,-1.5452497152442763,Low risk
CUST-10754,Starter,Asia Pacific,Media,Partner,Annual,201-1000,2023-12-14,13,351.04,0.33016666666666666,0.6666666666666666,9.0,16.1,-1.3231397208577313,Medium risk
CUST-10755,Starter,North America,Healthcare,Organic,Annual,1-50,2023-12-15,13,124.12333333333333,0.2192333333333333,1.6666666666666667,8.666666666666666,6.1,-1.020497163619772,Medium risk
CUST-10756,Starter,Asia Pacific,Logistics,Referral,Annual,51-200,2023-12-15,13,104.2,0.03,1.3333333333333333,6.0,8.0,-0.15449498368009848,High risk
CUST-10757,Business,Europe,Manufacturing,Organic,Annual,201-1000,2023-12-15,13,5704.003333333334,0.4093333333333333,2.0,7.0,18.2,0.33194198335320413,High risk
CUST-10759,Growth,Europe,Technology,Paid Search,Annual,51-200,2023-12-16,13,427.43666666666667,0.3001,0.0,10.0,11.7,-1.7833221144784326,Low risk
CUST-10760,Starter,Europe,Retail,Partner,Monthly,1-50,2023-12-16,13,63.27,0.064,2.0,4.333333333333333,10.8,0.38417620549136244,High risk
CUST-10761,Growth,Latin America,Healthcare,Organic,Monthly,51-200,2023-12-17,13,318.84,0.3474333333333333,3.3333333333333335,7.0,3.5,-0.5833919288625768,Medium risk
CUST-10763,Growth,Europe,Healthcare,Paid Search,Annual,201-1000,2023-12-17,13,697.6266666666667,0.03,2.3333333333333335,7.666666666666667,5.3,-0.10103500804209287,High risk
CUST-10764,Growth,Europe,Education,Organic,Monthly,1-50,2023-12-17,13,177.72,0.6483333333333333,2.0,9.0,2.1,-2.031741023346908,Low risk
CUST-10765,Enterprise,Asia Pacific,Technology,Paid Search,Monthly,51-200,2023-12-17,13,2746.193333333333,0.9167,0.3333333333333333,7.0,8.1,-2.125189183468147,Low risk
CUST-10766,Starter,Europe,Education,Outbound Sales,Monthly,1-50,2023-12-18,13,71.03,0.40953333333333336,1.3333333333333333,5.666666666666667,8.2,-0.9334141780103361,Medium risk
CUST-10767,Starter,North America,Healthcare,Partner,Monthly,51-200,2023-12-18,13,110.27,0.058633333333333336,1.0,5.333333333333333,14.9,0.002346986712877086,High risk
CUST-10768,Business,Asia Pacific,Financial Services,Referral,Annual,51-200,2023-12-18,13,1327.0,0.33643333333333336,2.3333333333333335,8.333333333333334,0.0,-0.940711576884018,Medium risk
CUST-10770,Starter,Europe,Financial Services,Organic,Annual,51-200,2023-12-19,13,105.94,0.0381,2.3333333333333335,6.333333333333333,5.1,0.012345748101141335,High risk
CUST-10771,Starter,North America,Manufacturing,Paid Search,Monthly,51-200,2023-12-19,13,187.4,0.46403333333333335,1.0,4.333333333333333,13.5,-0.7333912589009192,Medium risk
CUST-10772,Starter,Asia Pacific,Financial Services,Paid Search,Monthly,1-50,2023-12-20,13,85.71999999999998,0.03,1.3333333333333333,5.0,8.2,0.03728640343536746,High risk
CUST-10773,Growth,Europe,Technology,Partner,Annual,51-200,2023-12-21,13,209.21,0.3133333333333333,0.6666666666666666,7.333333333333333,17.9,-0.9444816295151316,Medium risk
CUST-10774,Growth,North America,Retail,Referral,Annual,1-50,2023-12-22,13,266.81,0.03,2.6666666666666665,9.0,5.5,-0.32065402863353154,High risk
CUST-10775,Enterprise,North America,Retail,Outbound Sales,Monthly,1-50,2023-12-22,13,1779.3799999999999,0.8802666666666666,1.3333333333333333,9.0,19.6,-1.9386499585342027,Low risk
CUST-10776,Business,North America,Technology,Organic,Monthly,201-1000,2023-12-22,13,2387.0,0.1853,1.0,6.333333333333333,12.5,-0.0949486095784946,High risk
CUST-10777,Starter,Europe,Financial Services,Organic,Annual,1000+,2023-12-23,13,1154.9166666666667,0.09929999999999999,0.0,3.6666666666666665,11.1,-0.013972669367289636,High risk
CUST-10779,Growth,Asia Pacific,Retail,Partner,Monthly,1000+,2023-12-24,13,2135.6866666666665,0.7132999999999999,0.3333333333333333,10.0,18.4,-2.0572378190348113,Low risk
CUST-10780,Growth,Latin America,Healthcare,Partner,Annual,1-50,2023-12-24,13,189.17,0.591,1.6666666666666667,6.0,8.7,-1.2500020995568657,Medium risk
CUST-10781,Starter,North America,Technology,Organic,Annual,1000+,2023-12-25,13,924.7933333333334,0.1583,2.6666666666666665,8.666666666666666,13.8,-0.1683413740982585,High risk
CUST-10785,Business,North America,Education,Paid Search,Monthly,51-200,2023-12-26,13,2475.6733333333336,0.5212333333333333,0.0,7.0,6.4,-1.4624499962651776,Low risk
CUST-10786,Starter,Europe,Manufacturing,Paid Search,Monthly,51-200,2023-12-26,13,99.67999999999999,0.42816666666666664,1.3333333333333333,9.333333333333334,9.5,-1.6254553379562247,Low risk
CUST-10790,Starter,Europe,Retail,Organic,Monthly,1-50,2023-12-28,13,60.54,0.5685,0.3333333333333333,8.333333333333334,3.8,-2.2547731799682884,Low risk
CUST-10792,Growth,North America,Technology,Referral,Monthly,51-200,2023-12-28,13,380.10999999999996,0.06556666666666666,2.3333333333333335,3.6666666666666665,4.5,0.49243800645048597,High risk
CUST-10793,Business,Europe,Retail,Paid Search,Annual,51-200,2024-01-02,12,2198.7433333333333,0.9318,0.0,7.0,7.8,-2.3454013162702356,Low risk
CUST-10794,Starter,North America,Education,Outbound Sales,Monthly,51-200,2024-01-02,12,105.02,0.7441333333333334,1.3333333333333333,7.0,22.2,-1.5236739835639224,Low risk
CUST-10795,Enterprise,Latin America,Education,Referral,Annual,201-1000,2024-01-03,12,10719.92,0.0304,3.0,7.0,10.8,1.3267459753580102,High risk
CUST-10796,Growth,Latin America,Healthcare,Outbound Sales,Monthly,1-50,2024-01-03,12,333.17,0.44416666666666665,2.0,7.0,13.4,-0.7958020210007563,Medium risk
CUST-10801,Growth,Europe,Retail,Outbound Sales,Monthly,1-50,2024-01-06,12,326.15000000000003,0.4690666666666667,1.3333333333333333,8.333333333333334,16.7,-1.2296973075396442,Medium risk
CUST-10803,Business,Asia Pacific,Healthcare,Paid Search,Monthly,1-50,2024-01-07,12,542.68,0.03303333333333333,1.0,4.0,10.2,0.2971444904021232,High risk
CUST-10804,Growth,Europe,Retail,Referral,Annual,201-1000,2024-01-07,12,605.7800000000001,0.0675,4.0,6.666666666666667,8.4,0.34122941046405075,High risk
CUST-10805,Starter,North America,Retail,Referral,Annual,201-1000,2024-01-07,12,186.59,0.4833,1.0,6.666666666666667,11.8,-1.2286197921389408,Medium risk
CUST-10806,Enterprise,North America,Financial Services,Paid Search,Monthly,1-50,2024-01-08,12,1703.2833333333335,0.11306666666666666,2.0,4.666666666666667,12.1,0.6091851294190316,High risk
CUST-10807,Enterprise,North America,Technology,Paid Search,Monthly,51-200,2024-01-08,12,7205.66,0.9773666666666667,0.6666666666666666,9.0,8.4,-1.9000282314982857,Low risk
CUST-10808,Enterprise,Latin America,Media,Outbound Sales,Monthly,51-200,2024-01-09,12,7606.473333333334,0.03,4.333333333333333,6.0,14.5,1.6264661654135337,High risk
CUST-10811,Growth,Asia Pacific,Healthcare,Partner,Annual,51-200,2024-01-10,12,386.30333333333334,0.5460333333333333,0.0,4.0,19.1,-0.9410775003610153,Medium risk
CUST-10812,Starter,North America,Technology,Partner,Monthly,1-50,2024-01-10,12,69.35,0.27463333333333334,1.6666666666666667,9.0,15.2,-0.9081228942554208,Medium risk
CUST-10814,Growth,Europe,Financial Services,Events,Monthly,1-50,2024-01-10,12,361.7833333333333,0.05253333333333334,1.0,5.0,6.4,-0.0831559522204525,High risk
CUST-10815,Starter,North America,Logistics,Outbound Sales,Monthly,1-50,2024-01-11,12,59.56,0.12896666666666667,2.0,6.333333333333333,12.0,-0.06335051352725041,High risk
CUST-10817,Starter,North America,Healthcare,Referral,Monthly,1-50,2024-01-12,12,69.95,0.057600000000000005,0.0,7.0,12.7,-0.677371751908539,Medium risk
CUST-10818,Business,North America,Healthcare,Referral,Monthly,1-50,2024-01-12,12,1093.27,0.7065666666666667,0.6666666666666666,6.0,9.6,-1.5966737921845744,Low risk
CUST-10820,Starter,North America,Technology,Paid Search,Monthly,1-50,2024-01-13,12,70.0,0.03,2.0,4.333333333333333,12.5,0.5498525881000877,High risk
CUST-10821,Enterprise,Europe,Manufacturing,Paid Search,Monthly,1000+,2024-01-14,12,14481.800000000001,0.6273666666666666,0.6666666666666666,7.666666666666667,12.0,-0.8655038542684892,Medium risk
CUST-10822,Business,Europe,Financial Services,Paid Search,Annual,1-50,2024-01-14,12,542.52,0.3650333333333333,0.0,8.666666666666666,10.3,-1.653601849401224,Low risk
CUST-10823,Starter,Asia Pacific,Retail,Partner,Monthly,51-200,2024-01-15,12,182.22333333333333,0.41150000000000003,2.6666666666666665,5.666666666666667,14.6,-0.24248490000389977,High risk
CUST-10825,Business,North America,Manufacturing,Organic,Monthly,51-200,2024-01-15,12,1140.4266666666665,0.03,2.0,6.0,2.1,0.13540872414897337,High risk
CUST-10828,Business,North America,Media,Events,Annual,1-50,2024-01-16,12,483.48,0.2851666666666666,2.0,8.0,12.0,-0.6448016211407401,Medium risk
CUST-10829,Growth,Asia Pacific,Manufacturing,Paid Search,Monthly,1-50,2024-01-17,12,230.22,0.7519333333333332,1.3333333333333333,8.0,7.7,-2.0784418256845685,Low risk
CUST-10830,Growth,Europe,Logistics,Paid Search,Annual,51-200,2024-01-18,12,413.0,0.5122,1.0,5.333333333333333,10.0,-1.049118421280379,Medium risk
CUST-10832,Growth,Europe,Logistics,Paid Search,Monthly,51-200,2024-01-19,12,245.47,0.5905333333333332,1.6666666666666667,7.666666666666667,12.3,-1.4073743330689237,Medium risk
CUST-10833,Starter,Europe,Technology,Referral,Monthly,51-200,2024-01-20,12,154.72,0.44176666666666664,1.3333333333333333,8.333333333333334,11.9,-1.3444674100538276,Medium risk
CUST-10834,Starter,Europe,Healthcare,Paid Search,Monthly,1-50,2024-01-20,12,95.8,0.03,2.3333333333333335,5.333333333333333,2.5,0.18095455043391143,High risk
CUST-10837,Starter,North America,Retail,Partner,Annual,51-200,2024-01-22,12,389.16,0.6168666666666667,0.6666666666666666,8.0,14.1,-1.781031408603328,Low risk
CUST-10839,Business,Europe,Retail,Outbound Sales,Monthly,1-50,2024-01-22,12,650.14,0.24763333333333334,1.0,6.0,12.8,-0.4598225439485622,High risk
CUST-10840,Starter,Europe,Technology,Organic,Monthly,1-50,2024-01-22,12,61.0,0.4334,0.6666666666666666,7.333333333333333,0.0,-1.7269532029864887,Low risk
CUST-10841,Business,North America,Retail,Referral,Annual,51-200,2024-01-23,12,2106.2833333333333,0.5799,1.3333333333333333,4.0,16.2,-0.3220395762911993,High risk
CUST-10842,Starter,North America,Manufacturing,Organic,Monthly,1-50,2024-01-23,12,85.0,0.03,0.3333333333333333,6.0,0.0,-0.6880255471857675,Medium risk
CUST-10843,Business,North America,Retail,Events,Annual,201-1000,2024-01-23,12,6911.703333333334,0.03,0.0,8.0,15.9,0.28889810733730875,High risk
CUST-10845,Growth,Latin America,Manufacturing,Referral,Monthly,51-200,2024-01-24,12,341.5,0.8441333333333333,0.0,9.0,12.5,-2.7532187044141123,Low risk
CUST-10846,Starter,Europe,Logistics,Organic,Annual,201-1000,2024-01-24,12,455.26,0.03,2.0,5.333333333333333,8.5,0.3172785687929377,High risk
CUST-10847,Growth,Asia Pacific,Technology,Partner,Monthly,1-50,2024-01-24,12,244.92,0.03,1.6666666666666667,6.0,12.8,0.16592865530964865,High risk
CUST-10848,Enterprise,Asia Pacific,Education,Partner,Annual,1-50,2024-01-25,12,1291.54,0.3705,0.0,10.0,20.7,-1.4767278914487059,Low risk
CUST-10850,Business,North America,Technology,Organic,Annual,201-1000,2024-01-25,12,1529.6666666666667,0.20806666666666665,2.6666666666666665,7.666666666666667,0.0,-0.33914340823319006,High risk
CUST-10851,Starter,Asia Pacific,Manufacturing,Referral,Monthly,1-50,2024-01-25,12,108.13666666666666,0.03,1.0,7.0,7.6,-0.42613478331789084,High risk
CUST-10853,Starter,Latin America,Education,Organic,Monthly,51-200,2024-01-26,12,300.59,0.3356333333333333,1.6666666666666667,7.333333333333333,4.7,-0.9929215165115984,Medium risk
CUST-10854,Starter,Asia Pacific,Healthcare,Partner,Monthly,201-1000,2024-01-27,12,353.10999999999996,0.33263333333333334,0.6666666666666666,4.0,8.4,-0.5684230699187496,Medium risk
CUST-10855,Starter,Asia Pacific,Education,Outbound Sales,Monthly,1-50,2024-01-27,12,59.81,0.438,1.3333333333333333,4.0,9.9,-0.5907405451945958,Medium risk
CUST-10856,Growth,Asia Pacific,Retail,Referral,Monthly,1-50,2024-02-02,11,211.83,0.032933333333333335,2.0,5.0,4.8,0.25710371720975034,High risk
CUST-10858,Business,Asia Pacific,Healthcare,Outbound Sales,Annual,201-1000,2024-02-02,11,1315.16,0.4646666666666666,1.0,10.0,18.2,-1.3696486149892488,Medium risk
CUST-10859,Starter,Europe,Healthcare,Referral,Annual,1-50,2024-02-03,11,72.5,0.03,1.3333333333333333,6.666666666666667,2.1,-0.3813765561694841,High risk
CUST-10861,Growth,Asia Pacific,Technology,Paid Search,Monthly,51-200,2024-02-03,11,487.6233333333333,0.03,0.6666666666666666,10.0,11.2,-0.885262548765436,Medium risk
CUST-10862,Starter,Latin America,Healthcare,Events,Monthly,51-200,2024-02-04,11,122.16000000000001,0.8290666666666667,0.0,10.0,12.9,-2.9002347865352265,Low risk
CUST-10863,Starter,Europe,Technology,Organic,Annual,201-1000,2024-02-05,11,269.0,0.9545666666666667,0.0,8.0,0.0,-3.1022037564497955,Low risk
CUST-10864,Growth,Europe,Media,Paid Search,Annual,1-50,2024-02-05,11,273.48,0.3612666666666667,0.3333333333333333,5.0,5.7,-0.9878260414548389,Medium risk
CUST-10865,Growth,Europe,Retail,Partner,Monthly,51-200,2024-02-06,11,449.56333333333333,0.4250333333333333,1.6666666666666667,8.333333333333334,10.9,-1.1283160855504006,Medium risk
CUST-10866,Growth,Latin America,Technology,Referral,Annual,51-200,2024-02-06,11,326.8333333333333,0.03,0.0,6.0,3.0,-0.623308852341418,Medium risk
CUST-10867,Growth,Asia Pacific,Healthcare,Organic,Annual,201-1000,2024-02-07,11,1547.0433333333333,0.7323666666666666,0.6666666666666666,8.666666666666666,4.2,-2.1902614406065903,Low risk
CUST-10868,Business,North America,Manufacturing,Paid Search,Annual,51-200,2024-02-09,11,752.6199999999999,0.5405,1.0,8.0,10.4,-1.4990806905332044,Low risk
CUST-10871,Starter,North America,Technology,Paid Search,Monthly,1-50,2024-02-11,11,78.21666666666667,0.2869,2.6666666666666665,7.0,8.7,-0.3735128388371566,High risk
CUST-10874,Starter,Europe,Media,Outbound Sales,Annual,51-200,2024-02-11,11,130.0,0.7411666666666666,1.6666666666666667,7.666666666666667,19.0,-1.5258533293801562,Low risk
CUST-10875,Starter,North America,Financial Services,Referral,Annual,51-200,2024-02-12,11,87.71999999999998,0.2937,2.3333333333333335,8.0,12.0,-0.5897848232593723,Medium risk
CUST-10876,Business,Europe,Education,Partner,Monthly,1-50,2024-02-12,11,924.0566666666667,0.37000000000000005,2.3333333333333335,7.0,12.1,-0.40344475791933637,High risk
CUST-10879,Growth,Europe,Retail,Organic,Monthly,1-50,2024-02-13,11,281.0,0.1193,1.0,2.0,0.0,-0.14347818410255142,High risk
CUST-10880,Growth,Europe,Education,Events,Monthly,51-200,2024-02-13,11,281.59,0.14023333333333332,2.0,7.666666666666667,9.6,-0.3305951242420915,High risk
CUST-10882,Growth,Asia Pacific,Education,Organic,Monthly,201-1000,2024-02-14,11,1927.5233333333333,0.3153333333333333,1.6666666666666667,4.0,2.6,-0.021146973308113923,High risk
CUST-10883,Business,North America,Technology,Paid Search,Monthly,51-200,2024-02-14,11,1654.6166666666668,0.2093,2.0,8.0,14.7,-0.12840994116774423,High risk
CUST-10884,Starter,North America,Technology,Organic,Monthly,1-50,2024-02-15,11,105.40000000000002,0.03,1.3333333333333333,6.666666666666667,6.0,-0.25969007188377524,High risk
CUST-10885,Starter,North America,Healthcare,Paid Search,Annual,1000+,2024-02-16,11,675.7800000000001,0.07540000000000001,1.6666666666666667,6.666666666666667,15.3,0.1368596818485845,High risk
CUST-10886,Starter,North America,Technology,Outbound Sales,Monthly,51-200,2024-02-17,11,213.92999999999998,0.053,2.0,7.0,14.1,0.10894988582494508,High risk
CUST-10887,Enterprise,North America,Media,Partner,Monthly,1-50,2024-02-18,11,3224.543333333333,0.6396333333333333,2.3333333333333335,5.666666666666667,20.9,-0.057694831505275324,High risk
CUST-10888,Starter,Europe,Technology,Events,Monthly,1-50,2024-02-18,11,102.52,0.11813333333333333,0.6666666666666666,7.666666666666667,10.8,-0.7254892800825646,Medium risk
CUST-10893,Growth,Asia Pacific,Technology,Organic,Monthly,1-50,2024-02-20,11,478.34,0.06886666666666667,0.6666666666666666,7.0,0.2,-0.7299520227003644,Medium risk
CUST-10896,Starter,Europe,Healthcare,Events,Annual,1000+,2024-02-21,11,707.9866666666667,0.7132666666666667,1.3333333333333333,5.0,11.9,-1.1669839799971213,Medium risk
CUST-10897,Starter,North America,Retail,Referral,Monthly,51-200,2024-02-22,11,140.10666666666668,0.8392333333333334,0.0,10.0,12.4,-2.9340555252781537,Low risk
CUST-10899,Business,Europe,Media,Paid Search,Annual,201-1000,2024-02-22,11,1015.4499999999999,0.17103333333333334,0.0,5.0,9.7,-0.4142304849525637,High risk
CUST-10900,Growth,North America,Financial Services,Outbound Sales,Annual,1-50,2024-02-22,11,215.79,0.35300000000000004,1.0,6.666666666666667,17.2,-0.7344121845263984,Medium risk
CUST-10901,Starter,Asia Pacific,Financial Services,Paid Search,Annual,201-1000,2024-02-23,11,639.6999999999999,0.6453666666666668,1.6666666666666667,9.333333333333334,10.5,-1.7810695473725375,Low risk
CUST-10902,Business,North America,Education,Paid Search,Annual,51-200,2024-02-23,11,798.17,0.6787000000000001,0.3333333333333333,4.0,10.9,-1.2461714609661603,Medium risk
CUST-10904,Enterprise,North America,Technology,Outbound Sales,Monthly,1-50,2024-02-24,11,1689.3033333333333,0.34813333333333335,0.3333333333333333,5.333333333333333,10.7,-0.5979931741746747,Medium risk
CUST-10905,Growth,Europe,Education,Referral,Annual,1-50,2024-02-24,11,300.84,0.10880000000000001,2.0,5.0,1.4,0.0057528330289625396,High risk
CUST-10906,Business,Latin America,Media,Referral,Monthly,201-1000,2024-02-24,11,1945.7533333333333,0.08109999999999999,2.3333333333333335,7.333333333333333,4.6,0.15151829830540342,High risk
CUST-10907,Starter,North America,Manufacturing,Organic,Monthly,201-1000,2024-02-26,11,207.58666666666667,0.5578,1.6666666666666667,8.0,7.8,-1.498346481653915,Low risk
CUST-10908,Starter,Asia Pacific,Retail,Paid Search,Annual,1-50,2024-02-26,11,69.71,0.9805333333333334,0.0,8.0,13.7,-2.7361265232045633,Low risk
CUST-10909,Growth,Europe,Education,Paid Search,Monthly,1000+,2024-02-26,11,1793.82,0.09296666666666668,2.6666666666666665,4.333333333333333,13.4,1.0352103963497266,High risk
CUST-10910,Business,Europe,Retail,Organic,Monthly,1-50,2024-02-26,11,761.6666666666666,0.04326666666666667,1.6666666666666667,5.666666666666667,0.0,-0.03788772855025058,High risk
CUST-10911,Starter,Europe,Financial Services,Organic,Monthly,201-1000,2024-02-27,11,308.21666666666664,0.21486666666666665,1.6666666666666667,9.666666666666666,4.7,-1.1257696968273632,Medium risk
CUST-10914,Starter,Europe,Manufacturing,Organic,Annual,1000+,2024-02-28,11,665.44,0.4808666666666667,1.3333333333333333,6.666666666666667,6.6,-1.1324315010206736,Medium risk
CUST-10917,Starter,Europe,Manufacturing,Referral,Monthly,1-50,2024-03-01,10,106.12,0.5815333333333333,1.6666666666666667,9.333333333333334,4.8,-1.8720568897769585,Low risk
CUST-10918,Business,Europe,Technology,Paid Search,Monthly,1-50,2024-03-01,10,1199.0,0.2556333333333333,3.0,4.666666666666667,0.0,0.2504410860316411,High risk
CUST-10919,Starter,Europe,Media,Events,Monthly,51-200,2024-03-01,10,112.21999999999998,0.5067,1.0,9.0,12.2,-1.6452883005561167,Low risk
CUST-10921,Starter,Europe,Manufacturing,Referral,Monthly,1-50,2024-03-03,10,73.0,0.49546666666666667,0.0,7.666666666666667,0.0,-2.0693220390847586,Low risk
CUST-10922,Growth,Asia Pacific,Financial Services,Organic,Monthly,51-200,2024-03-03,10,405.6666666666667,0.3541666666666667,3.0,5.0,0.0,-0.18589099098510115,High risk
CUST-10923,Business,Europe,Education,Paid Search,Monthly,1-50,2024-03-03,10,765.34,0.5624,0.3333333333333333,10.0,4.6,-2.2777562052895797,Low risk
CUST-10925,Starter,North America,Technology,Partner,Annual,1000+,2024-03-04,10,600.0966666666667,0.08646666666666668,2.6666666666666665,10.0,24.3,-0.012898606953792857,High risk
CUST-10926,Growth,Asia Pacific,Technology,Paid Search,Annual,51-200,2024-03-06,10,440.04999999999995,0.31396666666666667,1.0,7.333333333333333,7.7,-0.9712384700756396,Medium risk
CUST-10927,Growth,Asia Pacific,Manufacturing,Referral,Annual,1-50,2024-03-06,10,188.47,0.0341,0.0,8.0,10.3,-0.782564451519314,Medium risk
CUST-10928,Business,North America,Manufacturing,Referral,Monthly,1-50,2024-03-06,10,547.48,0.5337666666666666,0.0,7.333333333333333,7.2,-1.7857526342838923,Low risk
CUST-10929,Starter,Asia Pacific,Retail,Organic,Monthly,51-200,2024-03-07,10,131.91,0.03,2.0,6.0,1.3,-0.004898827406328736,High risk
CUST-10931,Enterprise,North America,Education,Paid Search,Annual,201-1000,2024-03-08,10,3030.7999999999997,0.7197,2.3333333333333335,8.0,16.4,-0.7903790685924448,Medium risk
CUST-10932,Business,Europe,Retail,Paid Search,Monthly,1-50,2024-03-08,10,775.32,0.42926666666666663,1.0,6.333333333333333,11.8,-0.8508532832739952,Medium risk
CUST-10934,Business,Europe,Healthcare,Organic,Annual,1-50,2024-03-08,10,620.54,0.5903666666666667,0.0,5.333333333333333,1.1,-1.6983503656651464,Low risk
CUST-10935,Growth,North America,Financial Services,Referral,Monthly,51-200,2024-03-08,10,466.79,0.19973333333333335,1.6666666666666667,8.0,3.7,-0.7350604596454998,Medium risk
CUST-10936,Enterprise,Europe,Manufacturing,Paid Search,Monthly,1-50,2024-03-09,10,2192.9,0.14013333333333333,0.6666666666666666,8.0,9.2,-0.43709014111353395,High risk
CUST-10937,Business,North America,Logistics,Organic,Annual,1000+,2024-03-09,10,6815.553333333333,0.7268666666666667,0.3333333333333333,7.333333333333333,8.3,-1.1634330350538227,Medium risk
CUST-10938,Growth,North America,Logistics,Outbound Sales,Monthly,1-50,2024-03-10,10,204.37,0.22573333333333334,2.3333333333333335,9.333333333333334,16.1,-0.5077881344600719,Medium risk
CUST-10939,Starter,North America,Healthcare,Events,Monthly,51-200,2024-03-11,10,121.56,0.34366666666666673,0.3333333333333333,9.0,9.3,-1.5899178634763584,Low risk
CUST-10940,Growth,Europe,Technology,Referral,Monthly,201-1000,2024-03-13,10,614.2033333333334,0.29383333333333334,1.0,6.333333333333333,13.1,-0.5435580887356042,Medium risk
CUST-10941,Starter,North America,Media,Outbound Sales,Monthly,1-50,2024-03-13,10,60.15,0.45849999999999996,1.6666666666666667,7.666666666666667,7.1,-1.2225785184788507,Medium risk
CUST-10943,Starter,Europe,Logistics,Organic,Monthly,51-200,2024-03-13,10,181.0,0.12006666666666665,0.3333333333333333,10.0,0.0,-1.546900444749159,Low risk
CUST-10944,Starter,Asia Pacific,Healthcare,Partner,Annual,51-200,2024-03-14,10,222.66,0.6004333333333333,0.3333333333333333,5.0,19.6,-1.0771908296833026,Medium risk
CUST-10945,Starter,North America,Financial Services,Organic,Annual,1-50,2024-03-14,10,87.48,0.9314,0.3333333333333333,9.666666666666666,3.8,-3.188592515231532,Low risk
CUST-10946,Business,Asia Pacific,Financial Services,Events,Monthly,51-200,2024-03-14,10,1999.8533333333332,0.3700666666666667,1.3333333333333333,6.0,6.2,-0.47205452996856717,High risk
CUST-10947,Starter,North America,Retail,Organic,Monthly,1-50,2024-03-15,10,59.79,0.2550666666666666,2.0,9.333333333333334,10.1,-0.8875244057154185,Medium risk
CUST-10948,Starter,Latin America,Manufacturing,Partner,Monthly,51-200,2024-03-16,10,336.64000000000004,0.05926666666666667,0.3333333333333333,6.333333333333333,15.4,-0.23183237032177578,High risk
CUST-10950,Starter,Europe,Technology,Paid Search,Annual,201-1000,2024-03-18,10,145.16333333333333,0.45219999999999994,1.0,9.333333333333334,17.1,-1.4363544947351277,Low risk
CUST-10953,Growth,Asia Pacific,Education,Organic,Monthly,1-50,2024-03-19,10,236.91,0.0323,2.6666666666666665,5.0,0.1,0.3867045783413657,High risk
CUST-10954,Starter,North America,Education,Partner,Monthly,1-50,2024-03-19,10,109.99333333333334,0.056299999999999996,2.0,10.0,10.3,-0.559371164862573,Medium risk
CUST-10955,Starter,Europe,Technology,Organic,Annual,1000+,2024-03-19,10,1120.36,0.40103333333333335,1.0,3.6666666666666665,7.0,-0.3575783860986672,High risk
CUST-10957,Starter,Latin America,Education,Organic,Annual,51-200,2024-03-20,10,132.08,0.5332666666666667,2.6666666666666665,3.3333333333333335,1.1,-0.4623174550348131,High risk
CUST-10958,Starter,Latin America,Financial Services,Referral,Monthly,51-200,2024-03-20,10,72.02,0.31793333333333335,1.3333333333333333,6.666666666666667,4.1,-0.9207769919667482,Medium risk
CUST-10959,Growth,Asia Pacific,Education,Paid Search,Monthly,201-1000,2024-03-20,10,419.2966666666666,0.7545999999999999,1.3333333333333333,7.0,10.1,-1.7070746193823672,Low risk
CUST-10960,Business,Latin America,Education,Outbound Sales,Annual,201-1000,2024-03-21,10,1834.2,0.28350000000000003,0.6666666666666666,7.666666666666667,10.3,-0.7292466758736487,Medium risk
CUST-10961,Growth,Latin America,Manufacturing,Organic,Annual,201-1000,2024-03-21,10,1142.0866666666668,0.40653333333333336,1.3333333333333333,4.333333333333333,5.3,-0.43098751205470154,High risk
CUST-10966,Business,North America,Education,Outbound Sales,Monthly,51-200,2024-03-26,10,802.2000000000002,0.7148,2.0,8.333333333333334,10.0,-1.577526385305239,Low risk
CUST-10967,Growth,Latin America,Technology,Referral,Monthly,51-200,2024-03-27,10,477.42,0.5337666666666666,1.6666666666666667,6.0,6.7,-1.0060056278116516,Medium risk
CUST-10968,Growth,Asia Pacific,Healthcare,Organic,Annual,1000+,2024-03-27,10,2206.82,0.03,1.6666666666666667,5.0,3.9,0.554921534062055,High risk
CUST-10969,Starter,Asia Pacific,Media,Paid Search,Annual,51-200,2024-03-28,10,214.0666666666667,0.4956666666666667,0.0,10.0,12.2,-2.12377141199899,Low risk
CUST-10971,Starter,North America,Healthcare,Partner,Monthly,51-200,2024-03-28,10,105.57333333333334,0.7343999999999999,1.0,3.6666666666666665,16.8,-1.0049652906366817,Medium risk
CUST-10972,Growth,North America,Technology,Outbound Sales,Monthly,1-50,2024-04-02,9,186.05000000000004,0.27363333333333334,1.6666666666666667,3.0,15.8,0.265028164804168,High risk
CUST-10973,Business,Latin America,Healthcare,Organic,Monthly,201-1000,2024-04-03,9,2092.353333333333,0.24296666666666666,2.6666666666666665,6.0,3.2,0.22357005352823028,High risk
CUST-10974,Enterprise,North America,Retail,Partner,Monthly,1-50,2024-04-03,9,1771.506666666667,0.5767000000000001,0.0,6.666666666666667,15.7,-1.2247122460204216,Medium risk
CUST-10975,Business,Asia Pacific,Technology,Events,Monthly,201-1000,2024-04-04,9,2912.236666666666,0.30093333333333333,1.0,10.0,20.4,-0.5531096474271001,Medium risk
CUST-10976,Growth,Latin America,Financial Services,Paid Search,Monthly,51-200,2024-04-04,9,1739.6000000000001,0.2279,1.3333333333333333,6.0,10.0,-0.055270023214430364,High risk
CUST-10977,Growth,North America,Media,Paid Search,Annual,1-50,2024-04-05,9,229.52,0.5468666666666667,2.0,8.666666666666666,8.5,-1.3843425411070902,Medium risk
CUST-10978,Business,North America,Technology,Referral,Monthly,1-50,2024-04-06,9,489.05,0.03,2.3333333333333335,6.666666666666667,6.2,0.23436690502257096,High risk
CUST-10979,Enterprise,North America,Education,Outbound Sales,Monthly,51-200,2024-04-06,9,1840.7,0.3715,3.3333333333333335,8.666666666666666,14.0,-0.18543345225435226,High risk
CUST-10980,Enterprise,North America,Logistics,Partner,Monthly,51-200,2024-04-06,9,5283.5,0.24050000000000002,2.6666666666666665,7.0,21.0,1.1505788514280637,High risk
CUST-10981,Growth,North America,Education,Organic,Monthly,201-1000,2024-04-08,9,807.8133333333334,0.46913333333333335,0.0,4.666666666666667,3.4,-1.158731117319803,Medium risk
CUST-10984,Growth,Asia Pacific,Logistics,Referral,Monthly,1-50,2024-04-09,9,228.54,0.49069999999999997,1.6666666666666667,8.666666666666666,1.4,-1.5809614380539945,Low risk
CUST-10985,Starter,Europe,Healthcare,Paid Search,Monthly,51-200,2024-04-09,9,164.20000000000002,0.2784333333333333,0.6666666666666666,7.666666666666667,10.0,-1.0125320580981905,Medium risk
CUST-10988,Growth,North America,Education,Outbound Sales,Annual,51-200,2024-04-10,9,427.14000000000004,0.5356666666666666,0.6666666666666666,10.0,13.8,-1.8613989297769473,Low risk
CUST-10989,Growth,Latin America,Technology,Organic,Monthly,1-50,2024-04-10,9,339.48,0.5996,1.6666666666666667,6.0,3.8,-1.224587363554981,Medium risk
CUST-10990,Business,Asia Pacific,Retail,Paid Search,Monthly,1-50,2024-04-10,9,514.07,0.5413,3.0,7.333333333333333,10.1,-0.6832566297279042,Medium risk
CUST-10991,Business,North America,Technology,Paid Search,Monthly,1000+,2024-04-10,9,3828.653333333333,0.1533,1.3333333333333333,7.0,13.1,0.4196572144705264,High risk
CUST-10992,Growth,Asia Pacific,Technology,Partner,Monthly,1-50,2024-04-12,9,220.9,0.5363333333333333,0.6666666666666666,8.0,18.3,-1.3911419047389602,Medium risk
CUST-10993,Starter,Asia Pacific,Healthcare,Paid Search,Monthly,51-200,2024-04-12,9,333.7166666666667,0.18203333333333335,0.3333333333333333,8.333333333333334,9.9,-1.0061157406994905,Medium risk
CUST-10995,Growth,Latin America,Retail,Organic,Annual,51-200,2024-04-14,9,321.13,0.03933333333333333,0.0,5.0,2.2,-0.3992869784908387,High risk
CUST-10997,Starter,Asia Pacific,Education,Partner,Annual,201-1000,2024-04-15,9,210.12,1.0,0.0,9.0,24.0,-2.6231591271461254,Low risk
CUST-10999,Growth,Europe,Technology,Outbound Sales,Annual,51-200,2024-04-15,9,483.2966666666666,0.28796666666666665,1.3333333333333333,5.0,0.9,-0.5129256582703335,Medium risk
CUST-11000,Business,Europe,Technology,Paid Search,Annual,51-200,2024-04-15,9,951.4699999999999,0.08063333333333333,1.0,6.666666666666667,10.7,-0.09916678402526213,High risk
CUST-11001,Growth,Latin America,Financial Services,Referral,Annual,1000+,2024-04-16,9,598.33,0.4820333333333333,1.6666666666666667,3.6666666666666665,14.9,-0.14325248028127163,High risk
CUST-11002,Business,North America,Financial Services,Partner,Annual,1-50,2024-04-16,9,668.6933333333333,0.46363333333333334,2.3333333333333335,9.0,9.7,-1.0307328048275355,Medium risk
CUST-11004,Business,Europe,Technology,Organic,Annual,201-1000,2024-04-18,9,1561.6666666666667,0.0407,0.6666666666666666,5.0,0.0,-0.0032131560900164613,High risk
CUST-11006,Growth,Europe,Financial Services,Organic,Monthly,51-200,2024-04-20,9,317.96,0.03,1.3333333333333333,3.0,4.0,0.3710671924736437,High risk
CUST-11007,Starter,North America,Technology,Events,Monthly,1-50,2024-04-20,9,93.74,0.10866666666666668,1.3333333333333333,4.0,6.8,0.1725210354600007,High risk
CUST-11009,Starter,Europe,Technology,Organic,Monthly,1-50,2024-04-21,9,85.0,0.5905666666666667,0.3333333333333333,7.666666666666667,0.0,-2.1267313695768597,Low risk
CUST-11011,Starter,North America,Financial Services,Referral,Monthly,1-50,2024-04-24,9,59.51,0.3774,0.3333333333333333,7.0,12.4,-1.164237965593152,Medium risk
CUST-11012,Starter,Europe,Technology,Referral,Monthly,51-200,2024-04-25,9,114.68666666666667,0.46376666666666666,0.0,8.0,3.4,-1.9135715420096302,Low risk
CUST-11013,Starter,North America,Healthcare,Outbound Sales,Monthly,51-200,2024-04-25,9,102.56666666666666,0.7578333333333332,0.3333333333333333,7.0,16.3,-1.8860886442141565,Low risk
CUST-11014,Enterprise,Europe,Technology,Paid Search,Annual,1000+,2024-04-25,9,9696.963333333333,0.38056666666666666,0.6666666666666666,10.0,21.9,-0.3950716613093398,High risk
CUST-11015,Business,Asia Pacific,Manufacturing,Partner,Monthly,1-50,2024-04-25,9,890.23,0.03,0.3333333333333333,8.0,9.7,-0.5032523754567282,High risk
CUST-11016,Starter,Asia Pacific,Technology,Outbound Sales,Monthly,1-50,2024-04-26,9,113.51,0.6146333333333334,0.0,7.666666666666667,10.4,-1.9782556389251695,Low risk
CUST-11017,Enterprise,North America,Healthcare,Organic,Monthly,1-50,2024-04-26,9,1904.72,0.7183333333333333,1.3333333333333333,10.0,1.4,-2.1225665366423736,Low risk
CUST-11018,Growth,Europe,Retail,Events,Annual,51-200,2024-04-26,9,1019.43,0.40313333333333334,0.0,9.0,3.5,-1.789224033986182,Low risk
CUST-11019,Starter,Europe,Education,Paid Search,Monthly,1-50,2024-04-26,9,125.61,0.44366666666666665,0.3333333333333333,8.333333333333334,8.8,-1.6593156265938092,Low risk
CUST-11020,Growth,Asia Pacific,Financial Services,Paid Search,Monthly,1-50,2024-04-27,9,328.42,0.7902666666666667,1.0,4.666666666666667,5.9,-1.557021392606127,Low risk
CUST-11021,Starter,Latin America,Technology,Referral,Annual,201-1000,2024-04-27,9,194.6,0.4219333333333333,1.0,10.0,9.0,-1.6853301669414187,Low risk
CUST-11022,Starter,North America,Technology,Referral,Annual,51-200,2024-04-27,9,272.88000000000005,0.24036666666666665,2.0,4.333333333333333,3.5,-0.023030822897845776,High risk
CUST-11023,Business,Europe,Technology,Referral,Monthly,1-50,2024-05-01,8,695.0,0.3455,0.6666666666666666,7.333333333333333,7.5,-1.028462564857174,Medium risk
CUST-11025,Business,Latin America,Healthcare,Organic,Annual,1000+,2024-05-02,8,5561.75,0.7115333333333332,3.0,9.0,9.7,-0.43495647871373805,High risk
CUST-11026,Business,Europe,Manufacturing,Organic,Monthly,51-200,2024-05-04,8,1190.4233333333334,0.38653333333333334,1.0,6.666666666666667,8.4,-0.7588075528775533,Medium risk
CUST-11027,Growth,North America,Healthcare,Paid Search,Monthly,1-50,2024-05-04,8,231.63,0.03,0.0,8.0,6.1,-0.8091953948382034,Medium risk
CUST-11028,Business,Asia Pacific,Technology,Partner,Annual,201-1000,2024-05-04,8,1894.2966666666669,0.6483666666666666,1.3333333333333333,10.0,20.8,-1.3708448322335314,Medium risk
CUST-11029,Growth,Asia Pacific,Technology,Referral,Monthly,1-50,2024-05-05,8,347.0,0.4575666666666667,3.0,5.333333333333333,0.0,-0.40975260474738295,High risk
CUST-11030,Starter,Europe,Education,Outbound Sales,Monthly,51-200,2024-05-05,8,186.6,0.20153333333333334,2.6666666666666665,5.333333333333333,14.0,0.4293410178613342,High risk
CUST-11031,Growth,North America,Technology,Events,Monthly,51-200,2024-05-05,8,259.48,0.5162666666666667,0.0,8.0,16.3,-1.5804614574466405,Low risk
CUST-11032,Business,North America,Manufacturing,Paid Search,Monthly,201-1000,2024-05-06,8,6507.373333333333,0.0824,0.3333333333333333,6.0,16.4,0.837551020682212,High risk
CUST-11033,Growth,Asia Pacific,Healthcare,Paid Search,Annual,51-200,2024-05-06,8,877.9899999999999,0.7958,1.6666666666666667,8.666666666666666,8.8,-1.872081446692349,Low risk
CUST-11034,Business,Europe,Retail,Outbound Sales,Monthly,1-50,2024-05-06,8,1340.5600000000002,0.4591,1.0,9.333333333333334,14.3,-1.221308033423866,Medium risk
CUST-11035,Starter,North America,Retail,Partner,Annual,201-1000,2024-05-08,8,96.68,0.10413333333333334,1.3333333333333333,9.0,25.5,-0.32520777036753035,High risk
CUST-11036,Starter,North America,Financial Services,Outbound Sales,Monthly,1-50,2024-05-08,8,70.86,0.48279999999999995,1.6666666666666667,10.0,8.9,-1.5851496980721853,Low risk
CUST-11039,Starter,Asia Pacific,Retail,Organic,Annual,201-1000,2024-05-09,8,137.59666666666666,0.2049,1.0,8.0,3.7,-0.952931656212746,Medium risk
CUST-11040,Starter,North America,Manufacturing,Paid Search,Monthly,1-50,2024-05-09,8,90.81,0.2117,1.0,4.666666666666667,12.9,-0.07363229417318706,High risk
CUST-11041,Enterprise,North America,Retail,Paid Search,Monthly,51-200,2024-05-10,8,4083.8133333333335,0.45376666666666665,0.3333333333333333,6.0,11.9,-0.3361235069961828,High risk
CUST-11043,Business,North America,Manufacturing,Referral,Annual,1-50,2024-05-12,8,860.2800000000001,0.07306666666666667,1.0,4.666666666666667,3.9,0.11779036918848568,High risk
CUST-11044,Business,Europe,Technology,Outbound Sales,Annual,1-50,2024-05-13,8,607.7666666666668,0.18389999999999998,0.6666666666666666,6.333333333333333,6.8,-0.5183815907500382,Medium risk
CUST-11045,Business,Asia Pacific,Financial Services,Organic,Annual,1-50,2024-05-14,8,612.3333333333334,0.6722333333333333,0.3333333333333333,9.0,0.0,-2.417607577075154,Low risk
CUST-11046,Starter,Asia Pacific,Financial Services,Paid Search,Monthly,51-200,2024-05-15,8,270.3666666666667,0.6169333333333333,1.3333333333333333,8.666666666666666,17.4,-1.4509007211870106,Low risk
CUST-11047,Growth,North America,Education,Organic,Annual,1-50,2024-05-16,8,504.67333333333335,0.5394666666666666,1.0,10.0,4.9,-1.966648441343068,Low risk
CUST-11048,Business,Europe,Healthcare,Events,Monthly,1-50,2024-05-16,8,696.93,0.5851000000000001,0.0,6.0,9.9,-1.4579939549727157,Low risk
CUST-11049,Starter,Asia Pacific,Manufacturing,Referral,Monthly,1-50,2024-05-16,8,82.23,0.3902333333333334,0.3333333333333333,6.666666666666667,7.7,-1.2260225824267983,Medium risk
CUST-11050,Starter,North America,Manufacturing,Organic,Monthly,1-50,2024-05-16,8,89.0,0.5131,0.6666666666666666,9.666666666666666,0.0,-2.182024667191178,Low risk
CUST-11051,Growth,Europe,Healthcare,Partner,Monthly,201-1000,2024-05-17,8,276.82,0.40440000000000004,0.6666666666666666,5.0,17.0,-0.517710853834977,Medium risk
CUST-11052,Growth,Europe,Education,Organic,Monthly,51-200,2024-05-17,8,636.1999999999999,0.2677,1.6666666666666667,4.666666666666667,2.3,-0.1825247041799025,High risk
CUST-11053,Growth,Europe,Technology,Organic,Annual,1-50,2024-05-18,8,244.33333333333334,0.43776666666666664,1.0,8.333333333333334,0.0,-1.6209589281308843,Low risk
CUST-11055,Business,North America,Retail,Outbound Sales,Monthly,1-50,2024-05-19,8,636.2366666666667,0.7016666666666667,1.6666666666666667,8.0,3.3,-1.7467523709493489,Low risk
CUST-11056,Starter,North America,Manufacturing,Referral,Monthly,51-200,2024-05-20,8,175.70000000000002,0.5006666666666667,0.3333333333333333,10.0,9.5,-2.0310310620785677,Low risk
CUST-11058,Growth,North America,Manufacturing,Paid Search,Monthly,201-1000,2024-05-23,8,1362.1833333333334,0.5854333333333334,0.3333333333333333,9.0,8.6,-1.824741247935033,Low risk
CUST-11059,Starter,Latin America,Retail,Referral,Monthly,1-50,2024-05-23,8,120.64,0.4438,0.3333333333333333,9.0,0.5,-1.992216403723228,Low risk
CUST-11060,Growth,Asia Pacific,Technology,Organic,Monthly,51-200,2024-05-23,8,336.7033333333333,0.4124666666666667,0.3333333333333333,6.666666666666667,5.2,-1.299588388906111,Medium risk
CUST-11061,Business,Europe,Retail,Referral,Monthly,51-200,2024-05-23,8,1176.78,0.36013333333333336,0.6666666666666666,7.666666666666667,7.7,-1.0242070777895549,Medium risk
CUST-11062,Business,Europe,Financial Services,Partner,Annual,1-50,2024-05-24,8,588.2266666666667,0.6576,1.6666666666666667,7.666666666666667,11.3,-1.3587964854024714,Medium risk
CUST-11063,Growth,Asia Pacific,Logistics,Partner,Monthly,1-50,2024-05-26,8,226.0,0.5050333333333333,2.3333333333333335,9.0,12.5,-1.0860941775219106,Medium risk
CUST-11064,Growth,Asia Pacific,Manufacturing,Partner,Annual,1-50,2024-05-26,8,248.11,0.7679333333333332,1.6666666666666667,9.0,9.9,-1.9637671893111022,Low risk
CUST-11066,Starter,Europe,Healthcare,Organic,Monthly,1-50,2024-05-27,8,72.23,0.08796666666666668,1.0,8.666666666666666,3.2,-0.8475019528812503,Medium risk
CUST-11068,Growth,North America,Technology,Outbound Sales,Annual,201-1000,2024-05-28,8,874.6466666666666,0.7118666666666668,0.6666666666666666,7.333333333333333,13.2,-1.6372847254909042,Low risk
CUST-11069,Growth,North America,Healthcare,Referral,Monthly,201-1000,2024-06-01,7,554.24,0.24023333333333333,3.0,6.0,7.9,0.25972354442147527,High risk
CUST-11070,Growth,Europe,Manufacturing,Paid Search,Monthly,1-50,2024-06-01,7,227.08333333333334,0.4516,1.3333333333333333,7.0,3.2,-1.1566706886611917,Medium risk
CUST-11071,Starter,Europe,Retail,Events,Monthly,51-200,2024-06-02,7,82.12,0.3978333333333333,1.3333333333333333,7.333333333333333,8.0,-0.9870105923945094,Medium risk
CUST-11072,Starter,Asia Pacific,Technology,Events,Monthly,1-50,2024-06-03,7,72.33,0.5111666666666667,1.3333333333333333,10.0,2.8,-1.8991657104891233,Low risk
CUST-11073,Business,North America,Financial Services,Paid Search,Monthly,1-50,2024-06-04,7,665.98,0.1697666666666667,2.6666666666666665,7.333333333333333,7.3,0.05627853332540286,High risk
CUST-11074,Business,Asia Pacific,Logistics,Organic,Annual,201-1000,2024-06-05,7,2024.3433333333332,0.031566666666666666,2.0,4.333333333333333,9.3,1.032897436539446,High risk
CUST-11075,Starter,North America,Technology,Referral,Annual,51-200,2024-06-06,7,59.84,0.7248333333333333,0.6666666666666666,7.0,9.7,-1.8232763108649002,Low risk
CUST-11076,Starter,Asia Pacific,Logistics,Referral,Monthly,1-50,2024-06-06,7,94.65000000000002,0.7334333333333333,0.6666666666666666,8.0,4.9,-2.1688398957961343,Low risk
CUST-11077,Starter,Europe,Healthcare,Organic,Monthly,51-200,2024-06-07,7,342.0566666666667,0.32266666666666666,0.0,5.333333333333333,3.6,-0.9652056184924027,Medium risk
CUST-11079,Growth,Latin America,Technology,Referral,Annual,51-200,2024-06-07,7,430.28000000000003,0.5841666666666666,0.6666666666666666,7.666666666666667,10.8,-1.5348879297029412,Low risk
CUST-11081,Business,Asia Pacific,Retail,Paid Search,Monthly,1-50,2024-06-08,7,600.82,0.7037999999999999,0.6666666666666666,8.0,9.9,-1.8566482476583448,Low risk
CUST-11082,Business,North America,Technology,Paid Search,Annual,51-200,2024-06-08,7,914.9666666666667,0.16889999999999997,2.6666666666666665,6.666666666666667,16.6,0.5079455523363812,High risk
CUST-11086,Starter,Latin America,Manufacturing,Outbound Sales,Monthly,1-50,2024-06-10,7,71.42,0.22593333333333332,2.0,8.666666666666666,6.6,-0.6797405286876506,Medium risk
CUST-11087,Starter,Latin America,Technology,Outbound Sales,Annual,51-200,2024-06-12,7,151.82,0.39386666666666664,0.6666666666666666,8.666666666666666,4.8,-1.534058980964665,Low risk
CUST-11088,Starter,North America,Manufacturing,Organic,Monthly,1-50,2024-06-13,7,114.48666666666668,0.1565,2.0,6.333333333333333,3.7,-0.16100044116655204,High risk
CUST-11089,Starter,Latin America,Manufacturing,Referral,Monthly,51-200,2024-06-14,7,131.24666666666667,0.322,2.3333333333333335,7.0,10.6,-0.3359508557665516,High risk
CUST-11090,Growth,Latin America,Retail,Referral,Monthly,51-200,2024-06-14,7,888.7133333333333,0.22083333333333333,1.3333333333333333,9.0,8.3,-0.7441929655935988,Medium risk
CUST-11091,Starter,Asia Pacific,Technology,Events,Annual,1-50,2024-06-14,7,70.58,0.36369999999999997,1.3333333333333333,5.0,10.1,-0.40940455299694467,High risk
CUST-11092,Starter,North America,Retail,Organic,Monthly,201-1000,2024-06-14,7,257.5466666666667,0.15313333333333334,2.3333333333333335,4.0,6.9,0.522158865132473,High risk
CUST-11093,Growth,North America,Financial Services,Partner,Annual,51-200,2024-06-18,7,671.8433333333334,0.19626666666666667,0.0,6.0,14.1,-0.4366073169343491,High risk
CUST-11094,Starter,Europe,Logistics,Referral,Monthly,1-50,2024-06-19,7,113.01,0.042199999999999994,0.0,4.0,11.1,0.08630107102376045,High risk
CUST-11095,Growth,Asia Pacific,Technology,Paid Search,Monthly,1-50,2024-06-23,7,232.78,0.4509666666666667,0.6666666666666666,7.0,4.8,-1.3290871538934783,Medium risk
CUST-11096,Business,Latin America,Technology,Outbound Sales,Annual,51-200,2024-06-23,7,842.73,0.44673333333333337,1.0,7.0,16.8,-0.7349687362712084,Medium risk
CUST-11097,Starter,Europe,Technology,Partner,Monthly,1-50,2024-06-23,7,122.12333333333333,0.9635666666666666,1.3333333333333333,7.0,8.6,-2.082739601416179,Low risk
CUST-11098,Starter,Europe,Financial Services,Organic,Annual,201-1000,2024-06-23,7,333.7,0.2952666666666666,1.0,5.666666666666667,2.5,-0.668419411985317,Medium risk
CUST-11099,Business,Europe,Healthcare,Referral,Monthly,1-50,2024-06-24,7,609.73,0.8086666666666668,0.3333333333333333,4.0,10.2,-1.4317757630424568,Low risk
CUST-11101,Enterprise,Asia Pacific,Logistics,Paid Search,Annual,51-200,2024-06-24,7,2886.47,0.578,0.3333333333333333,8.0,13.4,-1.1396759464953083,Medium risk
CUST-11102,Enterprise,Europe,Manufacturing,Referral,Monthly,1-50,2024-06-24,7,2697.3199999999997,0.07896666666666667,0.6666666666666666,3.0,5.6,0.6315429720185943,High risk
CUST-11104,Growth,Europe,Technology,Partner,Monthly,1-50,2024-06-25,7,185.26,0.7677666666666667,0.3333333333333333,9.333333333333334,17.6,-2.215669622273942,Low risk
CUST-11105,Starter,North America,Retail,Organic,Monthly,51-200,2024-06-25,7,92.02999999999999,0.31556666666666666,2.3333333333333335,7.333333333333333,2.2,-0.6407676129092212,Medium risk
CUST-11106,Growth,Asia Pacific,Logistics,Paid Search,Annual,51-200,2024-06-26,7,479.92333333333335,0.3788,0.6666666666666666,6.333333333333333,1.9,-1.080280807418812,Medium risk
CUST-11107,Starter,Europe,Education,Organic,Annual,1-50,2024-06-27,7,85.0,0.3727666666666667,1.3333333333333333,4.0,0.0,-0.5357441802564316,Medium risk
CUST-11111,Business,Europe,Manufacturing,Organic,Annual,201-1000,2024-07-01,6,1529.6666666666667,0.19086666666666666,0.3333333333333333,10.0,0.0,-1.28088975202117,Medium risk
CUST-11112,Starter,North America,Financial Services,Outbound Sales,Monthly,1-50,2024-07-03,6,106.66666666666667,0.8020333333333333,1.0,7.333333333333333,15.2,-1.7367395686476672,Low risk
CUST-11113,Growth,North America,Technology,Organic,Annual,1000+,2024-07-03,6,6769.599999999999,0.1113,1.0,5.666666666666667,14.1,1.0708723218673133,High risk
CUST-11115,Starter,Asia Pacific,Logistics,Events,Annual,51-200,2024-07-04,6,161.44,0.47323333333333334,1.3333333333333333,6.333333333333333,6.3,-0.9594963345899157,Medium risk
CUST-11116,Starter,Europe,Retail,Organic,Monthly,1000+,2024-07-05,6,535.1533333333333,0.3759333333333333,1.6666666666666667,3.6666666666666665,4.3,-0.11362230828382025,High risk
CUST-11117,Starter,Latin America,Technology,Organic,Monthly,1-50,2024-07-07,6,83.38,0.5287000000000001,0.3333333333333333,4.666666666666667,4.5,-1.1684474368092361,Medium risk
CUST-11118,Growth,North America,Education,Outbound Sales,Monthly,51-200,2024-07-08,6,536.9033333333333,0.22263333333333332,2.3333333333333335,6.333333333333333,7.2,0.029296693906419508,High risk
CUST-11120,Business,Europe,Retail,Referral,Monthly,201-1000,2024-07-09,6,2561.86,0.3289,1.3333333333333333,6.333333333333333,12.6,0.014819047213554704,High risk
CUST-11122,Growth,Europe,Manufacturing,Organic,Monthly,1-50,2024-07-11,6,193.0,0.8069333333333333,0.3333333333333333,9.0,0.0,-2.718041745674774,Low risk
CUST-11123,Enterprise,Asia Pacific,Technology,Paid Search,Monthly,1-50,2024-07-12,6,1775.96,0.3514,1.3333333333333333,9.0,7.2,-0.8531897976481021,Medium risk
CUST-11125,Enterprise,Asia Pacific,Healthcare,Partner,Monthly,1-50,2024-07-13,6,1457.18,0.40630000000000005,1.3333333333333333,5.666666666666667,11.4,-0.2813625033805775,High risk
CUST-11127,Growth,Europe,Technology,Paid Search,Monthly,51-200,2024-07-13,6,551.4233333333333,0.6975333333333333,0.0,9.0,19.3,-1.946249298704592,Low risk
CUST-11128,Starter,Latin America,Financial Services,Events,Annual,1-50,2024-07-14,6,70.82,0.16846666666666668,0.6666666666666666,7.333333333333333,9.1,-0.6303608123134067,Medium risk
CUST-11129,Starter,Asia Pacific,Financial Services,Paid Search,Monthly,1-50,2024-07-15,6,60.10999999999999,0.4052,2.6666666666666665,8.333333333333334,7.4,-0.7285145633841456,Medium risk
CUST-11130,Starter,North America,Healthcare,Outbound Sales,Monthly,201-1000,2024-07-15,6,286.44,0.23293333333333333,1.6666666666666667,6.0,25.8,0.18574609346300036,High risk
CUST-11131,Starter,North America,Technology,Referral,Monthly,1-50,2024-07-18,6,70.94,0.5253333333333333,1.0,7.0,8.6,-1.262109288899166,Medium risk
CUST-11132,Growth,Latin America,Technology,Referral,Annual,1-50,2024-07-19,6,281.0,0.3889666666666667,2.0,6.333333333333333,0.0,-0.71332638061131,Medium risk
CUST-11134,Growth,North America,Education,Outbound Sales,Monthly,51-200,2024-07-21,6,343.8033333333333,0.48216666666666663,1.6666666666666667,10.0,8.4,-1.4652994140546078,Low risk
CUST-11136,Growth,Europe,Technology,Referral,Monthly,51-200,2024-07-22,6,388.21333333333337,0.3898333333333333,1.6666666666666667,7.0,6.8,-0.7307829185640236,Medium risk
CUST-11137,Growth,North America,Technology,Paid Search,Annual,51-200,2024-07-23,6,590.4666666666667,0.2523666666666667,0.6666666666666666,7.0,14.0,-0.5070707291741191,Medium risk
CUST-11138,Starter,Asia Pacific,Technology,Outbound Sales,Annual,51-200,2024-07-23,6,76.10333333333334,0.15826666666666667,2.3333333333333335,4.666666666666667,15.3,0.6373553387329111,High risk
CUST-11139,Business,Asia Pacific,Logistics,Events,Annual,1-50,2024-07-23,6,766.4333333333334,0.2753,1.3333333333333333,9.0,6.9,-0.8901832631835895,Medium risk
CUST-11141,Growth,Europe,Healthcare,Paid Search,Annual,1000+,2024-07-24,6,1302.6333333333332,0.2292,2.0,5.333333333333333,5.8,0.2010384908247137,High risk
CUST-11142,Growth,Latin America,Healthcare,Paid Search,Monthly,1-50,2024-07-24,6,212.94999999999996,0.6226666666666666,1.0,10.0,3.1,-2.1812120764866108,Low risk
CUST-11143,Starter,Europe,Media,Partner,Monthly,51-200,2024-07-24,6,179.87333333333333,0.24063333333333334,1.3333333333333333,5.0,13.9,0.03709262473267033,High risk
CUST-11144,Business,Europe,Healthcare,Organic,Annual,201-1000,2024-07-24,6,3108.5466666666666,0.0852,1.3333333333333333,5.0,2.3,0.6099656162106908,High risk
CUST-11145,Growth,North America,Healthcare,Organic,Monthly,1-50,2024-07-26,6,214.14,0.2846666666666667,1.0,7.666666666666667,1.3,-1.0426462880752876,Medium risk
CUST-11146,Growth,Europe,Technology,Referral,Monthly,201-1000,2024-07-26,6,644.7199999999999,0.06193333333333333,2.3333333333333335,9.0,7.4,-0.09271867722187219,High risk
CUST-11147,Enterprise,Latin America,Logistics,Events,Monthly,1-50,2024-07-27,6,1348.3999999999999,0.6144666666666666,0.3333333333333333,4.666666666666667,14.4,-0.8193219686918265,Medium risk
CUST-11148,Growth,Europe,Healthcare,Partner,Annual,51-200,2024-08-03,5,261.07,0.2588,2.6666666666666665,3.0,15.1,0.7851900590316017,High risk
CUST-11149,Growth,Asia Pacific,Logistics,Referral,Monthly,1-50,2024-08-04,5,250.53,0.5584333333333333,0.0,8.666666666666666,7.7,-1.936203736858838,Low risk
CUST-11150,Growth,North America,Manufacturing,Organic,Monthly,1-50,2024-08-05,5,259.0,0.19283333333333333,0.6666666666666666,3.0,0.0,-0.18192109866749845,High risk
CUST-11151,Business,Europe,Healthcare,Organic,Monthly,51-200,2024-08-07,5,1319.8333333333333,0.3299,0.6666666666666666,5.0,1.9,-0.4754420278800215,High risk
CUST-11152,Enterprise,North America,Manufacturing,Organic,Monthly,51-200,2024-08-08,5,4694.0,0.3015333333333333,2.3333333333333335,9.333333333333334,0.0,-0.0762332962689583,High risk
CUST-11153,Growth,North America,Financial Services,Organic,Monthly,1-50,2024-08-10,5,171.0,0.3811333333333333,2.0,9.333333333333334,0.0,-1.245829137781914,Medium risk
CUST-11154,Starter,Europe,Financial Services,Outbound Sales,Annual,1-50,2024-08-11,5,97.77666666666669,0.2768333333333333,0.6666666666666666,9.0,12.9,-1.0288543991624222,Medium risk
CUST-11155,Growth,Europe,Retail,Referral,Monthly,51-200,2024-08-11,5,364.18666666666667,0.8009,1.0,6.333333333333333,8.3,-1.6584771097333753,Low risk
CUST-11156,Business,North America,Technology,Partner,Monthly,1-50,2024-08-12,5,455.32,0.7439333333333332,0.6666666666666666,7.666666666666667,12.0,-1.7687797277996782,Low risk
CUST-11158,Starter,Europe,Technology,Organic,Annual,51-200,2024-08-16,5,389.76666666666665,0.42136666666666667,1.6666666666666667,8.666666666666666,7.4,-1.0584527779229427,Medium risk
CUST-11159,Enterprise,Europe,Technology,Outbound Sales,Monthly,1-50,2024-08-17,5,1482.7266666666667,0.16996666666666668,2.3333333333333335,7.666666666666667,9.5,0.1858575077296567,High risk
CUST-11160,Starter,Asia Pacific,Retail,Organic,Annual,201-1000,2024-08-17,5,471.92,0.37860000000000005,1.0,5.666666666666667,3.0,-0.7314588033519317,Medium risk
CUST-11161,Starter,Europe,Education,Referral,Monthly,1-50,2024-08-18,5,99.39999999999999,0.18116666666666667,0.3333333333333333,7.0,10.0,-0.6342989743802451,Medium risk
CUST-11162,Growth,Europe,Retail,Events,Annual,201-1000,2024-08-19,5,996.3066666666667,0.31656666666666666,2.3333333333333335,8.666666666666666,11.8,-0.35553732108074226,High risk
CUST-11163,Enterprise,Europe,Healthcare,Paid Search,Monthly,1-50,2024-08-19,5,1281.6166666666668,0.21083333333333334,0.3333333333333333,7.666666666666667,8.9,-0.6283715043746014,Medium risk
CUST-11164,Enterprise,Europe,Manufacturing,Organic,Monthly,201-1000,2024-08-19,5,6554.0,0.5267000000000001,0.3333333333333333,7.0,0.0,-0.70177582888865,Medium risk
CUST-11165,Starter,Europe,Financial Services,Referral,Annual,1-50,2024-08-20,5,71.49,0.4998333333333333,1.0,9.0,6.3,-1.6123898313075657,Low risk
CUST-11167,Business,Latin America,Healthcare,Events,Monthly,1-50,2024-08-21,5,517.78,0.34663333333333335,1.3333333333333333,5.0,7.2,-0.2900731180056818,High risk
CUST-11169,Starter,North America,Financial Services,Events,Annual,51-200,2024-08-22,5,161.64,0.7005333333333333,1.0,5.666666666666667,12.0,-1.2397606368360616,Medium risk
CUST-11171,Starter,Latin America,Healthcare,Paid Search,Monthly,1-50,2024-08-24,5,59.68,0.1323,1.6666666666666667,10.0,11.0,-0.6261459497704907,Medium risk
CUST-11174,Starter,North America,Media,Referral,Monthly,51-200,2024-08-26,5,173.85,0.5923666666666666,0.6666666666666666,7.0,8.2,-1.4736051061666677,Low risk
CUST-11175,Growth,Europe,Technology,Organic,Annual,1-50,2024-08-27,5,169.7,0.6611,0.3333333333333333,5.0,5.9,-1.4269573724541107,Medium risk
CUST-11176,Starter,Europe,Financial Services,Outbound Sales,Monthly,1-50,2024-08-27,5,68.92,0.18123333333333336,1.0,8.0,17.0,-0.400578327312458,High risk
CUST-11178,Business,North America,Healthcare,Outbound Sales,Monthly,1-50,2024-08-28,5,796.6666666666666,0.22706666666666667,2.3333333333333335,5.0,13.3,0.5430482633111043,High risk
CUST-11179,Starter,Latin America,Financial Services,Outbound Sales,Annual,51-200,2024-09-02,4,119.39333333333333,0.14956666666666665,0.6666666666666666,8.666666666666666,16.2,-0.5417622812993569,Medium risk
CUST-11180,Starter,North America,Manufacturing,Outbound Sales,Monthly,51-200,2024-09-02,4,95.31333333333333,0.1464,1.3333333333333333,4.333333333333333,17.3,0.5363505435444076,High risk
CUST-11181,Starter,Asia Pacific,Healthcare,Organic,Monthly,1-50,2024-09-02,4,61.0,0.4068666666666667,0.3333333333333333,8.333333333333334,0.0,-1.6487069693748637,Low risk
CUST-11182,Starter,North America,Education,Organic,Monthly,51-200,2024-09-04,4,96.57,0.26626666666666665,1.6666666666666667,3.0,0.9,0.023519085146686703,High risk
CUST-11183,Starter,North America,Manufacturing,Paid Search,Monthly,1-50,2024-09-05,4,83.6,0.3429333333333333,0.3333333333333333,8.666666666666666,3.9,-1.4521421526153335,Low risk
CUST-11184,Growth,Europe,Retail,Paid Search,Monthly,51-200,2024-09-05,4,423.43,0.3219,2.3333333333333335,8.666666666666666,10.9,-0.46567543022038366,High risk
CUST-11185,Starter,Asia Pacific,Technology,Organic,Annual,201-1000,2024-09-07,4,242.25333333333333,0.7624333333333334,1.6666666666666667,8.0,1.4,-1.8544722167088035,Low risk
CUST-11186,Growth,Europe,Healthcare,Paid Search,Monthly,1-50,2024-09-07,4,224.33,0.04916666666666667,0.6666666666666666,5.666666666666667,14.4,0.21653148837543051,High risk
CUST-11187,Starter,Europe,Healthcare,Organic,Monthly,51-200,2024-09-07,4,226.30000000000004,0.6608666666666667,1.0,5.666666666666667,1.5,-1.4095457593578486,Medium risk
CUST-11188,Growth,Europe,Technology,Paid Search,Annual,201-1000,2024-09-12,4,634.65,0.32353333333333334,1.3333333333333333,6.0,11.7,-0.23253358327421703,High risk
CUST-11189,Growth,Asia Pacific,Manufacturing,Partner,Monthly,51-200,2024-09-12,4,225.82000000000002,0.13570000000000002,1.6666666666666667,4.666666666666667,12.7,0.4975167337058012,High risk
CUST-11191,Starter,North America,Logistics,Paid Search,Monthly,51-200,2024-09-15,4,116.71333333333332,0.13936666666666667,0.0,7.0,10.9,-0.5827519317707861,Medium risk
CUST-11192,Starter,Latin America,Financial Services,Organic,Monthly,51-200,2024-09-15,4,97.0,0.5522999999999999,1.0,8.333333333333334,0.0,-1.7436381588813028,Low risk
CUST-11193,Growth,North America,Retail,Organic,Monthly,1-50,2024-09-19,4,257.57,0.3350666666666667,1.6666666666666667,5.0,1.3,-0.3384413858083123,High risk
CUST-11194,Growth,North America,Education,Outbound Sales,Monthly,1-50,2024-09-23,4,236.44999999999996,0.6232,1.6666666666666667,8.333333333333334,20.5,-1.051425995070673,Medium risk
CUST-11195,Business,Europe,Retail,Partner,Annual,51-200,2024-09-23,4,1131.93,0.49256666666666665,0.0,10.0,18.2,-1.520573337832997,Low risk
CUST-11198,Starter,North America,Retail,Organic,Monthly,51-200,2024-09-24,4,198.72,0.3604,2.3333333333333335,8.0,1.5,-0.7463750517424068,Medium risk
CUST-11199,Growth,North America,Technology,Referral,Monthly,1-50,2024-09-24,4,190.80000000000004,0.5281333333333333,1.3333333333333333,6.666666666666667,5.0,-1.0970796474173943,Medium risk
CUST-11200,Starter,Europe,Retail,Partner,Annual,1-50,2024-09-25,4,70.29,0.5785666666666667,0.6666666666666666,4.333333333333333,11.3,-0.8263126369108202,Medium risk
CUST-11201,Starter,North America,Education,Referral,Annual,51-200,2024-09-25,4,83.92,0.6139,1.3333333333333333,10.0,3.0,-1.998779779712786,Low risk
CUST-11203,Growth,North America,Logistics,Organic,Annual,201-1000,2024-09-27,4,1800.993333333333,0.11556666666666666,1.6666666666666667,6.666666666666667,2.9,0.18071593655663093,High risk
CUST-11204,Growth,North America,Education,Partner,Monthly,1-50,2024-09-28,4,280.67,0.16419999999999998,0.0,8.666666666666666,14.5,-0.8152273779559591,Medium risk
CUST-11205,Business,Latin America,Healthcare,Paid Search,Monthly,51-200,2024-10-01,3,861.4,0.6224,1.0,8.0,13.3,-1.2537469064559466,Medium risk
CUST-11206,Starter,Europe,Education,Outbound Sales,Monthly,1-50,2024-10-02,3,59.37,0.3864,2.6666666666666665,6.0,13.6,0.05852622818320474,High risk
CUST-11207,Business,Europe,Technology,Partner,Monthly,1-50,2024-10-02,3,667.5,0.1441,2.3333333333333335,6.666666666666667,10.1,0.37144764702059785,High risk
CUST-11208,Starter,North America,Media,Events,Monthly,1-50,2024-10-04,3,149.33,0.17936666666666667,0.6666666666666666,8.0,7.1,-0.7046483601528345,Medium risk
CUST-11209,Starter,North America,Logistics,Paid Search,Annual,201-1000,2024-10-05,3,290.41,0.09673333333333334,0.6666666666666666,5.0,5.7,0.03312293398917046,High risk
CUST-11210,Growth,North America,Healthcare,Referral,Monthly,1-50,2024-10-07,3,265.82,0.10426666666666666,3.0,8.666666666666666,11.5,0.2660940728872034,High risk
CUST-11211,Starter,Asia Pacific,Manufacturing,Referral,Monthly,1-50,2024-10-07,3,60.35,0.3245,2.3333333333333335,6.333333333333333,5.4,-0.22085954494944166,High risk
CUST-11212,Growth,Asia Pacific,Technology,Outbound Sales,Monthly,51-200,2024-10-09,3,473.8999999999999,0.6262,1.3333333333333333,6.333333333333333,7.7,-1.076352181588593,Medium risk
CUST-11213,Starter,Europe,Technology,Referral,Monthly,1-50,2024-10-11,3,209.0,0.20820000000000002,1.3333333333333333,5.0,0.0,-0.17615226795345745,High risk
CUST-11214,Business,Asia Pacific,Media,Outbound Sales,Monthly,1-50,2024-10-15,3,845.36,0.16703333333333334,0.6666666666666666,4.0,14.6,0.437994207187302,High risk
CUST-11215,Growth,Europe,Technology,Referral,Monthly,51-200,2024-10-16,3,337.5,0.2562,0.3333333333333333,8.0,4.8,-1.0174050360291362,Medium risk
CUST-11216,Starter,North America,Retail,Organic,Monthly,51-200,2024-10-17,3,160.94000000000003,0.3344333333333333,1.0,6.666666666666667,3.5,-0.7888671848794033,Medium risk
CUST-11217,Starter,Asia Pacific,Retail,Referral,Annual,1-50,2024-10-18,3,61.0,0.6905,1.3333333333333333,6.0,0.0,-1.46215433418154,Low risk
CUST-11218,Business,Asia Pacific,Logistics,Organic,Monthly,51-200,2024-10-18,3,1249.1766666666665,0.09786666666666667,1.0,7.666666666666667,2.8,-0.2622953733710898,High risk
CUST-11219,Starter,Europe,Retail,Partner,Monthly,51-200,2024-10-20,3,139.07,0.3929666666666667,1.3333333333333333,8.666666666666666,16.6,-0.8035590297131068,Medium risk
CUST-11220,Starter,Latin America,Logistics,Organic,Monthly,51-200,2024-10-21,3,108.88,0.2530666666666667,0.0,10.0,0.2,-1.681057959688737,Low risk
CUST-11221,Enterprise,Europe,Technology,Organic,Annual,51-200,2024-10-22,3,2731.1,0.5502333333333334,0.0,4.666666666666667,1.5,-0.7796639893219645,Medium risk
CUST-11222,Starter,Latin America,Manufacturing,Organic,Monthly,1-50,2024-10-24,3,61.0,0.23986666666666667,2.3333333333333335,3.3333333333333335,0.0,0.3124509459136803,High risk
CUST-11223,Starter,Asia Pacific,Financial Services,Paid Search,Annual,201-1000,2024-10-24,3,184.91,0.4932666666666667,0.0,10.0,19.1,-1.6401947185242074,Low risk
CUST-11224,Starter,Europe,Retail,Referral,Annual,51-200,2024-10-24,3,131.34,0.32926666666666665,2.0,6.333333333333333,10.5,-0.17979565775313838,High risk
CUST-11225,Growth,Asia Pacific,Technology,Organic,Monthly,201-1000,2024-10-24,3,927.3166666666666,0.18463333333333334,0.6666666666666666,7.666666666666667,6.9,-0.5073707685139408,Medium risk
CUST-11226,Starter,Europe,Retail,Paid Search,Monthly,201-1000,2024-11-02,2,516.205,0.53335,0.5,7.0,7.3,-1.2781472246964216,Medium risk
CUST-11227,Starter,Latin America,Retail,Referral,Monthly,1-50,2024-11-02,2,93.54,0.2973,1.5,2.5,7.2,0.12477091850522466,High risk
CUST-11228,Starter,Latin America,Technology,Organic,Annual,51-200,2024-11-02,2,216.82999999999998,0.14195000000000002,2.5,7.0,0.1,-0.014835419446263756,High risk
CUST-11229,Starter,Latin America,Retail,Organic,Monthly,1-50,2024-11-08,2,60.58,0.4201,2.0,7.5,3.5,-0.8211500072539596,Medium risk
CUST-11230,Starter,North America,Logistics,Partner,Monthly,51-200,2024-11-08,2,95.495,0.37275,1.0,7.0,13.9,-0.6423554109960077,Medium risk
CUST-11231,Growth,Asia Pacific,Healthcare,Organic,Annual,1-50,2024-11-10,2,399.01,0.58185,1.5,5.0,5.3,-0.7553696375335116,Medium risk
CUST-11232,Growth,Asia Pacific,Education,Partner,Monthly,51-200,2024-11-16,2,322.26,0.6578999999999999,3.5,9.0,17.1,-0.8480841140918309,Medium risk
CUST-11233,Starter,Asia Pacific,Education,Paid Search,Annual,201-1000,2024-11-16,2,302.5,0.4193,0.0,7.0,15.5,-0.9912448046567846,Medium risk
CUST-11234,Growth,North America,Logistics,Referral,Monthly,1-50,2024-11-17,2,192.43,0.1542,0.0,6.0,1.3,-0.6551464345819695,Medium risk
CUST-11235,Starter,Asia Pacific,Retail,Partner,Annual,1000+,2024-11-18,2,445.735,0.26765,1.0,6.0,28.9,0.03761110681147117,High risk
CUST-11236,Starter,Europe,Retail,Paid Search,Annual,1-50,2024-11-19,2,95.85,0.4466,2.0,1.0,2.4,-0.18101928285864527,High risk
CUST-11238,Business,North America,Retail,Paid Search,Monthly,201-1000,2024-11-22,2,1617.945,0.127,2.5,7.0,14.4,0.7141920471224744,High risk
CUST-11239,Starter,North America,Retail,Events,Annual,1000+,2024-11-23,2,374.62,0.15084999999999998,1.0,6.5,19.0,0.14955787055968994,High risk
CUST-11240,Business,Europe,Technology,Events,Monthly,1-50,2024-11-28,2,514.33,0.33925,0.5,7.0,9.9,-0.7712973689980732,Medium risk
CUST-11241,Enterprise,Asia Pacific,Retail,Outbound Sales,Monthly,1-50,2024-12-06,1,1243.25,0.5092,1.0,7.0,15.0,-0.6885729247190377,Medium risk
CUST-11242,Starter,North America,Retail,Organic,Monthly,1-50,2024-12-07,1,85.0,0.4517,0.0,9.0,0.0,-1.9425719659971834,Low risk
CUST-11243,Enterprise,Latin America,Media,Referral,Monthly,1-50,2024-12-07,1,1700.9,0.4471,1.0,9.0,1.0,-1.2543797596679762,Medium risk
CUST-11244,Starter,North America,Healthcare,Organic,Annual,51-200,2024-12-08,1,205.0,0.1032,1.0,5.0,0.0,-0.055232152352302805,High risk
CUST-11245,Starter,North America,Technology,Partner,Annual,51-200,2024-12-08,1,248.92,0.138,2.0,6.0,16.7,0.5136277261665805,High risk
CUST-11246,Growth,Europe,Healthcare,Organic,Monthly,51-200,2024-12-08,1,468.44,0.4447,1.0,7.0,3.2,-1.0454178714001492,Medium risk
CUST-11247,Growth,Asia Pacific,Media,Organic,Monthly,1-50,2024-12-12,1,237.0,0.3942,3.0,6.0,0.0,-0.2170188246359516,High risk
CUST-11248,Growth,Asia Pacific,Technology,Partner,Monthly,1-50,2024-12-18,1,244.92,0.146,0.0,7.0,12.8,-0.4763015652199432,High risk
CUST-11249,Starter,North America,Financial Services,Paid Search,Monthly,1-50,2024-12-20,1,113.73,0.1248,1.0,8.0,10.1,-0.3908214179760384,High risk
CUST-11250,Growth,Latin America,Manufacturing,Outbound Sales,Annual,51-200,2024-12-28,1,280.05,0.2169,4.0,6.0,14.9,0.6248884728659498,High risk
