customer_id,signup_date,plan_tier,industry,country,region,company_size,seats,billing_cycle,acquisition_channel,discount_pct,mrr_at_signup,status,churn_date,churn_reason,tenure_months,nps_score,last_login_date,seats_current,tenure_months_calc,churn_flag,signup_cohort,seat_estimate,is_seat_data_missing,arpu,arr,avg_adoption,engagement_band,final_adoption,final_tickets,final_nps,final_mrr,lifetime_value
CUST-10001,2023-01-02,Business,Healthcare,France,Europe,1-50,12.0,Monthly,Referral,0.0,783.0,Churned,2024-10-01,Company downsizing,21,6.0,2024-09-05,24,21,1,2023-01,12.0,0,65.25,9396.0,0.10406190476190476,Low (<30% seats used),0.039599999999999996,1.6666666666666667,5.333333333333333,1113.6666666666667,16443.0
CUST-10002,2023-01-03,Starter,Healthcare,Brazil,Latin America,1-50,2.0,Monthly,Referral,5.5,71.68,Churned,2024-10-01,,21,7.0,2024-09-03,1,21,1,2023-01,2.0,0,35.84,860.1600000000001,0.043938095238095234,Low (<30% seats used),0.03,0.3333333333333333,7.0,60.34,1505.2800000000002
CUST-10003,2023-01-03,Business,Manufacturing,Mexico,Latin America,1-50,6.0,Monthly,Events,14.2,563.74,Churned,2023-08-01,Switched to competitor,7,10.0,,4,7,1,2023-01,6.0,0,93.95666666666666,6764.88,0.3041,Medium (30-45%),0.3433333333333333,1.3333333333333333,10.0,517.9733333333334,3946.1800000000003
CUST-10004,2023-01-03,Business,Financial Services,United States,North America,1000+,173.0,Monthly,Paid Search,7.5,5519.8,Active,,,24,7.0,2024-12-16,291,24,0,2023-01,173.0,0,31.90635838150289,66237.6,0.1206125,Low (<30% seats used),0.03,2.3333333333333335,7.0,8992.866666666667,132475.2
CUST-10005,2023-01-04,Business,Healthcare,United States,North America,201-1000,87.0,Monthly,Referral,11.2,2871.19,Churned,2024-05-01,Switched to competitor,16,7.0,2024-04-14,110,16,1,2023-01,87.0,0,33.00218390804598,34454.28,0.48145,High (>45%),0.5220333333333333,1.3333333333333333,7.0,3695.2566666666667,45939.04
CUST-10006,2023-01-05,Growth,Financial Services,Germany,Europe,1-50,3.0,Monthly,Organic,5.8,211.17,Active,,,24,6.0,,3,24,0,2023-01,3.0,0,70.39,2534.04,0.2175,Low (<30% seats used),0.03,0.6666666666666666,6.0,211.17,5068.08
CUST-10007,2023-01-05,Growth,Technology,Germany,Europe,1-50,8.0,Monthly,Organic,0.0,325.0,Active,,,24,10.0,2024-12-21,5,24,0,2023-01,8.0,0,40.625,3900.0,0.7059125,High (>45%),0.8024999999999999,1.6666666666666667,10.0,273.6666666666667,7800.0
CUST-10008,2023-01-06,Starter,Healthcare,India,Asia Pacific,1-50,3.0,Annual,Partner,22.4,76.94,Churned,2024-10-01,Too expensive,21,6.0,2024-09-21,2,21,1,2023-01,3.0,0,25.646666666666665,923.28,0.16721904761904763,Low (<30% seats used),0.16463333333333333,0.3333333333333333,6.333333333333333,67.62,1615.74
CUST-10009,2023-01-07,Enterprise,Technology,Australia,Asia Pacific,1-50,24.0,Monthly,Paid Search,8.7,1885.04,Active,,,24,9.0,2024-12-18,32,24,0,2023-01,24.0,0,78.54333333333334,22620.48,0.44705833333333334,Medium (30-45%),0.39606666666666673,2.0,9.0,2241.1133333333332,45240.96
CUST-10010,2023-01-10,Business,Media,India,Asia Pacific,51-200,12.0,Annual,Referral,6.4,758.42,Churned,2023-08-01,Missing features,7,,2023-07-14,14,7,1,2023-01,12.0,0,63.20166666666666,9101.039999999999,0.12968571428571427,Low (<30% seats used),0.14206666666666665,0.6666666666666666,6.666666666666667,828.3133333333334,5308.94
CUST-10011,2023-01-11,Growth,Technology,Canada,North America,1-50,10.0,Monthly,Referral,0.0,369.0,Active,,,24,4.0,2024-12-22,18,24,0,2023-01,10.0,0,36.9,4428.0,0.11916666666666666,Low (<30% seats used),0.05256666666666667,1.6666666666666667,4.0,574.3333333333334,8856.0
CUST-10012,2023-01-12,Starter,Technology,United States,North America,1000+,157.0,Annual,Organic,3.6,1865.18,Churned,2024-05-01,,16,7.0,2024-04-26,74,16,1,2023-01,157.0,0,11.880127388535032,22382.16,0.40294375,Medium (30-45%),0.08900000000000001,0.0,7.0,920.4566666666666,29842.88
CUST-10013,2023-01-12,Business,Logistics,Brazil,Latin America,1000+,78.0,Annual,Organic,12.8,2575.51,Active,,,24,5.0,2024-12-22,88,24,0,2023-01,78.0,0,33.01935897435898,30906.120000000003,0.056141666666666666,Low (<30% seats used),0.03,1.3333333333333333,5.0,2798.7433333333333,61812.240000000005
CUST-10014,2023-01-12,Business,Manufacturing,United States,North America,1-50,9.0,Monthly,Referral,2.9,678.65,Active,,,24,6.0,2024-12-22,14,24,0,2023-01,9.0,0,75.40555555555555,8143.799999999999,0.3649166666666667,Medium (30-45%),0.3036666666666667,3.3333333333333335,6.333333333333333,854.7233333333334,16287.599999999999
CUST-10015,2023-01-13,Starter,Manufacturing,India,Asia Pacific,1000+,99.0,Annual,Paid Search,11.3,1102.76,Churned,2023-11-01,Low adoption / unused seats,10,8.0,2023-10-23,66,10,1,2023-01,99.0,0,11.138989898989898,13233.119999999999,0.43518,Medium (30-45%),0.2693666666666667,0.6666666666666666,8.0,776.3366666666667,11027.6
CUST-10016,2023-01-14,Starter,Technology,Germany,North America,51-200,42.0,Annual,Partner,12.0,492.52,Churned,2024-03-01,Low adoption / unused seats,14,3.0,2024-02-03,32,14,1,2023-01,42.0,0,11.726666666666667,5910.24,0.20195714285714286,Low (<30% seats used),0.12046666666666668,3.3333333333333335,3.3333333333333335,425.64000000000004,6895.28
CUST-10017,2023-01-15,Business,Technology,United States,North America,201-1000,30.0,Annual,Partner,15.0,1215.0,Churned,2023-09-01,Switched to competitor,8,8.0,2023-08-20,42,8,1,2023-01,30.0,0,40.5,14580.0,0.1393,Low (<30% seats used),0.0646,1.3333333333333333,8.0,1468.8666666666668,9720.0
CUST-10018,2023-01-15,Growth,Healthcare,United Kingdom,Europe,51-200,16.0,Monthly,Outbound Sales,16.5,442.92,Churned,2023-12-01,Company downsizing,11,5.0,2023-11-23,12,11,1,2023-01,16.0,0,27.6825,5315.04,0.38138181818181816,Medium (30-45%),0.3491666666666666,0.6666666666666666,5.0,369.44,4872.12
CUST-10019,2023-01-16,Business,Logistics,Mexico,Latin America,1-50,9.0,Monthly,Paid Search,5.3,671.74,Active,,,24,4.0,2024-12-02,18,24,0,2023-01,9.0,0,74.63777777777779,8060.88,0.29420833333333335,Low (<30% seats used),0.42566666666666664,0.6666666666666666,4.0,914.1666666666666,16121.76
CUST-10020,2023-01-17,Starter,Logistics,India,Asia Pacific,51-200,14.0,Annual,Paid Search,8.1,203.39,Churned,2024-03-01,Missing features,14,9.0,2024-02-17,11,14,1,2023-01,14.0,0,14.527857142857142,2440.68,0.19003571428571428,Low (<30% seats used),0.03,0.0,9.0,166.63333333333333,2847.46
CUST-10021,2023-01-18,Business,Manufacturing,United States,North America,1-50,9.0,Annual,Organic,6.7,667.7,Active,,,24,5.0,2024-12-04,8,24,0,2023-01,9.0,0,74.1888888888889,8012.400000000001,0.4671458333333333,High (>45%),0.8462333333333333,1.0,5.0,627.8966666666666,16024.800000000001
CUST-10022,2023-01-19,Starter,Financial Services,United States,North America,1000+,108.0,Annual,Paid Search,23.7,1037.85,Active,,,24,3.0,,118,24,0,2023-01,108.0,0,9.60972222222222,12454.199999999999,0.39087916666666667,Medium (30-45%),0.3831333333333333,3.0,3.0,1129.41,24908.399999999998
CUST-10023,2023-01-19,Growth,Technology,France,Europe,1-50,5.0,Annual,Paid Search,10.4,247.56,Active,,,24,,2024-12-09,3,24,0,2023-01,5.0,0,49.512,2970.7200000000003,0.7039833333333334,High (>45%),0.9921333333333333,0.0,8.0,208.14,5941.4400000000005
CUST-10024,2023-01-19,Enterprise,Financial Services,Germany,Europe,51-200,52.0,Monthly,Organic,0.0,3239.0,Active,,,24,7.0,2024-12-17,95,24,0,2023-01,52.0,0,62.28846153846154,38868.0,0.11452083333333334,Low (<30% seats used),0.03,0.6666666666666666,6.666666666666667,5159.0,77736.0
CUST-10025,2023-01-20,Enterprise,Technology,United Kingdom,Europe,201-1000,82.0,Annual,Events,7.4,4315.94,Churned,2023-08-01,Switched to competitor,7,7.0,2023-07-19,53,7,1,2023-01,82.0,0,52.633414634146334,51791.28,0.4760285714285714,High (>45%),0.4970666666666667,0.6666666666666666,7.0,3232.52,30211.579999999998
CUST-10026,2023-01-21,Business,Manufacturing,United Kingdom,Europe,1000+,514.0,Annual,Partner,20.7,13442.26,Churned,2023-07-01,Switched to competitor,6,8.0,2023-06-20,540,6,1,2023-01,514.0,0,26.15225680933852,161307.12,0.8415499999999999,High (>45%),0.8050666666666667,0.6666666666666666,7.666666666666667,14093.583333333334,80653.56
CUST-10027,2023-01-21,Business,Technology,United Kingdom,Europe,201-1000,55.0,Monthly,Paid Search,8.7,2005.88,Active,,,24,5.0,2024-12-26,53,24,0,2023-01,55.0,0,36.47054545454546,24070.56,0.26080833333333336,Low (<30% seats used),0.1341,0.6666666666666666,5.0,1859.8,48141.12
CUST-10028,2023-01-21,Growth,Technology,Canada,North America,1-50,6.0,Monthly,Referral,0.0,281.0,Active,,,24,7.0,,7,24,0,2023-01,6.0,0,46.833333333333336,3372.0,0.3822375,Medium (30-45%),0.5719666666666666,1.0,7.333333333333333,317.6666666666667,6744.0
CUST-10029,2023-01-21,Business,Healthcare,United Kingdom,Europe,1-50,10.0,Monthly,Referral,9.9,687.32,Active,,,24,3.0,2024-12-15,9,24,0,2023-01,10.0,0,68.732,8247.84,0.7821541666666666,High (>45%),0.6934333333333335,0.6666666666666666,3.3333333333333335,668.1,16495.68
CUST-10030,2023-01-21,Starter,Media,United States,North America,51-200,14.0,Annual,Referral,9.1,201.71,Churned,2023-02-01,Missing features,1,9.0,2023-01-10,14,1,1,2023-01,14.0,0,14.407857142857143,2420.52,0.2022,Low (<30% seats used),0.2022,0.0,9.0,201.71,201.71
CUST-10031,2023-01-21,Starter,Healthcare,United States,North America,201-1000,27.0,Annual,Outbound Sales,21.3,303.99,Churned,2023-08-01,Too expensive,7,9.0,,32,7,1,2023-01,27.0,0,11.258888888888889,3647.88,0.4489,Medium (30-45%),0.3726666666666667,1.6666666666666667,9.666666666666666,335.46999999999997,2127.9300000000003
CUST-10032,2023-01-21,Starter,Logistics,Canada,North America,51-200,6.0,Monthly,Referral,7.7,115.46,Active,,,24,10.0,2024-12-20,9,24,0,2023-01,6.0,0,19.243333333333332,1385.52,0.7251708333333333,High (>45%),0.8403666666666667,0.3333333333333333,9.666666666666666,137.60666666666668,2771.04
CUST-10033,2023-01-22,Business,Technology,Germany,Europe,51-200,26.0,Monthly,Paid Search,5.8,1182.74,Churned,2023-07-01,Too expensive,6,,2023-06-24,27,6,1,2023-01,26.0,0,45.49,14192.880000000001,0.7321333333333334,High (>45%),0.8041666666666667,1.0,10.0,1222.9366666666667,7096.4400000000005
CUST-10034,2023-01-22,Starter,Technology,United Kingdom,Europe,1-50,1.0,Annual,Paid Search,12.4,59.51,Churned,2024-04-01,Too expensive,15,9.0,2024-03-25,1,15,1,2023-01,1.0,0,59.51,714.12,0.27144666666666667,Low (<30% seats used),0.20646666666666666,1.0,9.0,59.51,892.65
CUST-10035,2023-01-23,Starter,Technology,Germany,Europe,1-50,4.0,Monthly,Paid Search,17.1,88.79,Churned,2023-02-01,Low adoption / unused seats,1,6.0,2023-01-26,4,1,1,2023-01,4.0,0,22.1975,1065.48,0.5174,High (>45%),0.5174,3.0,6.0,88.79,88.79
CUST-10036,2023-01-23,Growth,Financial Services,United Kingdom,Europe,1-50,3.0,Monthly,Referral,6.9,210.45,Churned,2023-02-01,Missing features,1,10.0,2023-01-14,3,1,1,2023-01,3.0,0,70.14999999999999,2525.3999999999996,0.7169,High (>45%),0.7169,1.0,10.0,210.45,210.45
CUST-10037,2023-01-25,Business,Media,United Kingdom,Europe,1-50,12.0,Annual,Events,6.4,758.42,Churned,2023-02-01,Low adoption / unused seats,1,7.0,2023-01-15,12,1,1,2023-01,12.0,0,63.20166666666666,9101.039999999999,0.5612,High (>45%),0.5612,0.0,7.0,758.42,758.42
CUST-10038,2023-01-26,Growth,Technology,Germany,Europe,1-50,4.0,Monthly,Partner,13.8,224.86,Active,,,24,10.0,2024-12-26,4,24,0,2023-01,4.0,0,56.215,2698.32,0.28595833333333337,Low (<30% seats used),0.23906666666666668,0.0,10.0,224.86,5396.64
CUST-10039,2023-01-28,Starter,Media,Singapore,Asia Pacific,1-50,4.0,Monthly,Paid Search,4.8,94.7,Active,,,24,7.0,2024-12-19,8,24,0,2023-01,4.0,0,23.675,1136.4,0.5951333333333334,High (>45%),0.7855,1.3333333333333333,7.0,140.39,2272.8
CUST-10040,2023-01-28,Starter,Education,Germany,Europe,1-50,2.0,Monthly,Partner,20.0,68.2,Churned,2023-03-01,Missing features,2,6.0,,2,2,1,2023-01,2.0,0,34.1,818.4000000000001,0.38,Medium (30-45%),0.38,0.5,6.0,68.2,136.4
CUST-10041,2023-02-01,Business,Technology,India,Asia Pacific,1000+,109.0,Annual,Organic,6.6,3656.79,Active,,,23,,2024-12-07,98,23,0,2023-02,109.0,0,33.54853211009174,43881.479999999996,0.4608391304347826,High (>45%),0.48823333333333335,1.0,4.0,3437.61,84106.17
CUST-10042,2023-02-01,Growth,Healthcare,Spain,Europe,1-50,14.0,Monthly,Organic,2.3,449.92,Active,,,23,7.0,2024-12-03,15,23,0,2023-02,14.0,0,32.137142857142855,5399.04,0.5416608695652174,High (>45%),0.4656666666666667,1.0,7.666666666666667,464.24666666666667,10348.16
CUST-10043,2023-02-01,Enterprise,Financial Services,India,Asia Pacific,1-50,17.0,Monthly,Outbound Sales,12.2,1570.67,Churned,2024-11-01,Poor support experience,21,9.0,2024-10-19,16,21,1,2023-02,17.0,0,92.39235294117647,18848.04,0.6239428571428571,High (>45%),0.8894666666666667,0.3333333333333333,9.0,1491.6500000000003,32984.07
CUST-10044,2023-02-02,Starter,Retail,Japan,Asia Pacific,1-50,6.0,Monthly,Events,17.9,108.11,Churned,2023-06-01,Low adoption / unused seats,4,6.0,2023-05-07,6,4,1,2023-02,6.0,0,18.018333333333334,1297.32,0.571225,High (>45%),0.5990000000000001,3.6666666666666665,6.0,108.11,432.44
CUST-10045,2023-02-02,Business,Logistics,United States,North America,51-200,20.0,Annual,Events,14.7,944.92,Active,,,23,7.0,2024-12-10,25,23,0,2023-02,20.0,0,47.245999999999995,11339.039999999999,0.5120086956521739,High (>45%),0.3853,1.0,7.333333333333333,1063.2033333333334,21733.16
CUST-10046,2023-02-02,Growth,Logistics,United Kingdom,Europe,51-200,22.0,Annual,Partner,16.1,555.08,Active,,,23,7.0,,38,23,0,2023-02,22.0,0,25.230909090909094,6660.960000000001,0.4465304347826087,Medium (30-45%),0.37073333333333336,1.3333333333333333,7.0,831.9433333333333,12766.84
CUST-10047,2023-02-02,Enterprise,Technology,France,Europe,1-50,16.0,Monthly,Paid Search,5.8,1577.24,Active,,,23,6.0,2024-12-09,22,23,0,2023-02,16.0,0,98.5775,18926.88,0.13892173913043476,Low (<30% seats used),0.05449999999999999,1.0,6.333333333333333,1888.1000000000001,36276.52
CUST-10048,2023-02-03,Growth,Financial Services,Brazil,Latin America,1-50,2.0,Monthly,Referral,2.6,191.86,Churned,2023-04-01,,2,7.0,2023-03-22,2,2,1,2023-02,2.0,0,95.93,2302.32,0.3135,Medium (30-45%),0.3135,0.5,7.0,191.86,383.72
CUST-10049,2023-02-04,Growth,Technology,Australia,Asia Pacific,51-200,9.0,Annual,Paid Search,17.1,313.14,Active,,,23,10.0,2024-12-27,6,23,0,2023-02,9.0,0,34.79333333333333,3757.68,0.4835826086956521,High (>45%),0.7887333333333334,0.3333333333333333,10.0,258.43,7202.219999999999
CUST-10050,2023-02-05,Business,Technology,Germany,Europe,1-50,8.0,Monthly,Partner,8.6,632.98,Churned,2023-11-01,Switched to competitor,9,6.0,2023-10-03,8,9,1,2023-02,8.0,0,79.1225,7595.76,0.7797666666666667,High (>45%),0.8364333333333334,0.6666666666666666,6.0,632.98,5696.82
CUST-10051,2023-02-06,Growth,Logistics,France,Europe,1-50,6.0,Monthly,Organic,7.3,271.36,Churned,2023-06-01,Poor support experience,4,10.0,2023-05-09,6,4,1,2023-02,6.0,0,45.22666666666667,3256.32,0.16544999999999999,Low (<30% seats used),0.14383333333333334,1.0,10.0,284.96,1085.44
CUST-10052,2023-02-06,Growth,Education,Germany,Europe,1-50,1.0,Monthly,Outbound Sales,11.3,168.51,Churned,2023-06-01,Too expensive,4,,2023-05-13,1,4,1,2023-02,1.0,0,168.51,2022.12,0.24464999999999998,Low (<30% seats used),0.25503333333333333,0.3333333333333333,9.0,168.51,674.04
CUST-10053,2023-02-06,Business,Media,United Kingdom,Europe,1-50,13.0,Monthly,Referral,8.1,781.3,Churned,2023-06-01,Company downsizing,4,6.0,2023-05-26,10,4,1,2023-02,13.0,0,60.099999999999994,9375.599999999999,0.321525,Medium (30-45%),0.3135,2.0,6.0,712.6866666666666,3125.2
CUST-10054,2023-02-06,Enterprise,Healthcare,Spain,Europe,1-50,9.0,Monthly,Paid Search,8.9,1267.95,Active,,,23,,2024-12-05,12,23,0,2023-02,9.0,0,140.88333333333333,15215.400000000001,0.04772173913043478,Low (<30% seats used),0.03,0.6666666666666666,4.0,1390.9399999999998,29162.850000000002
CUST-10055,2023-02-07,Starter,Manufacturing,United States,North America,1000+,85.0,Annual,Events,20.3,861.94,Active,,,23,7.0,2024-12-27,65,23,0,2023-02,85.0,0,10.140470588235294,10343.28,0.10403043478260869,Low (<30% seats used),0.03,2.6666666666666665,6.666666666666667,670.66,19824.620000000003
CUST-10056,2023-02-07,Starter,Logistics,Germany,Europe,1-50,4.0,Monthly,Paid Search,8.9,92.73,Churned,2023-07-01,Low adoption / unused seats,5,2.0,2023-06-04,4,5,1,2023-02,4.0,0,23.1825,1112.76,0.04848,Low (<30% seats used),0.03,1.0,2.0,92.73,463.65000000000003
CUST-10057,2023-02-08,Growth,Retail,United States,North America,1000+,65.0,Annual,Paid Search,17.5,1328.75,Churned,2023-08-01,Switched to competitor,6,,2023-07-06,75,6,1,2023-02,65.0,0,20.442307692307693,15945.0,0.45331666666666665,High (>45%),0.45473333333333327,1.0,5.333333333333333,1467.8999999999999,7972.5
CUST-10058,2023-02-09,Business,Media,United Kingdom,Europe,1-50,32.0,Monthly,Outbound Sales,14.4,1275.54,Active,,,23,7.0,,39,23,0,2023-02,32.0,0,39.860625,15306.48,0.6787,High (>45%),0.9396333333333334,0.3333333333333333,7.0,1449.03,29337.42
CUST-10059,2023-02-09,Business,Education,United Kingdom,Europe,201-1000,86.0,Annual,Partner,20.5,2586.84,Active,,,23,,2024-12-02,133,23,0,2023-02,86.0,0,30.07953488372093,31042.08,0.21177826086956522,Low (<30% seats used),0.38376666666666664,0.6666666666666666,7.0,3706.2000000000003,59497.32000000001
CUST-10060,2023-02-10,Enterprise,Education,United States,North America,201-1000,121.0,Monthly,Organic,4.8,6082.64,Active,,,23,8.0,,160,23,0,2023-02,121.0,0,50.26975206611571,72991.68000000001,0.46797826086956523,High (>45%),0.3126,2.3333333333333335,7.333333333333333,7796.240000000001,139900.72
CUST-10061,2023-02-10,Growth,Healthcare,United Kingdom,Europe,1-50,3.0,Monthly,Partner,14.9,,Active,,,23,6.0,2024-12-05,4,23,0,2023-02,3.0,0,,,0.045886956521739124,Low (<30% seats used),0.03,0.3333333333333333,6.666666666666667,223.89,
CUST-10062,2023-02-11,Business,Healthcare,United Kingdom,Europe,1-50,11.0,Monthly,Paid Search,7.0,726.36,Churned,2023-04-01,Switched to competitor,2,,2023-03-07,11,2,1,2023-02,11.0,0,66.03272727272727,8716.32,0.1635,Low (<30% seats used),0.1635,0.0,4.0,726.36,1452.72
CUST-10063,2023-02-13,Growth,Education,Canada,North America,1-50,6.0,Monthly,Events,11.2,266.22,Churned,2023-04-01,Poor support experience,2,8.0,2023-03-21,6,2,1,2023-02,6.0,0,44.370000000000005,3194.6400000000003,0.3094,Medium (30-45%),0.3094,1.0,7.5,266.22,532.44
CUST-10064,2023-02-13,Business,Media,Canada,North America,1000+,342.0,Monthly,Paid Search,9.2,10336.15,Churned,2024-04-01,Missing features,14,7.0,2024-03-12,403,14,1,2023-02,342.0,0,30.22266081871345,124033.79999999999,0.12197857142857142,Low (<30% seats used),0.03,3.3333333333333335,7.333333333333333,12989.933333333334,144706.1
CUST-10065,2023-02-14,Growth,Financial Services,Singapore,Asia Pacific,1-50,5.0,Monthly,Paid Search,1.3,257.57,Churned,2024-01-01,,11,10.0,2023-12-14,3,11,1,2023-02,5.0,0,51.513999999999996,3090.84,0.33799090909090906,Medium (30-45%),0.3754,0.3333333333333333,10.0,221.38,2833.27
CUST-10066,2023-02-14,Starter,Technology,Brazil,Latin America,51-200,19.0,Monthly,Organic,0.0,277.0,Churned,2024-06-01,Low adoption / unused seats,16,5.0,2024-05-15,29,16,1,2023-02,19.0,0,14.578947368421053,3324.0,0.32394375,Medium (30-45%),0.09553333333333332,0.0,5.666666666666667,401.0,4432.0
CUST-10067,2023-02-14,Business,Retail,Germany,Europe,1-50,16.0,Monthly,Partner,16.5,826.52,Active,,,23,9.0,2024-12-18,17,23,0,2023-02,16.0,0,51.6575,9918.24,0.438395652173913,Medium (30-45%),0.6031,1.6666666666666667,9.0,862.1466666666666,19009.96
CUST-10068,2023-02-14,Starter,Technology,United States,North America,51-200,14.0,Monthly,Partner,18.2,186.42,Churned,2023-03-01,Switched to competitor,1,7.0,2023-02-11,14,1,1,2023-02,14.0,0,13.315714285714284,2237.04,0.1883,Low (<30% seats used),0.1883,1.0,7.0,186.42,186.42
CUST-10069,2023-02-15,Starter,Technology,Germany,Europe,51-200,5.0,Monthly,Events,8.2,104.08,Churned,2024-09-01,Low adoption / unused seats,19,6.0,2024-08-05,3,19,1,2023-02,5.0,0,20.816,1248.96,0.1321,Low (<30% seats used),0.03,2.3333333333333335,6.666666666666667,82.05,1977.52
CUST-10070,2023-02-15,Business,Technology,United States,North America,201-1000,42.0,Annual,Organic,8.5,1628.76,Active,,,23,8.0,2024-12-15,72,23,0,2023-02,42.0,0,38.78,19545.12,0.08824347826086956,Low (<30% seats used),0.03,0.6666666666666666,7.333333333333333,2458.36,37461.48
CUST-10071,2023-02-15,Business,Financial Services,United Kingdom,Europe,51-200,13.0,Annual,Organic,4.6,795.86,Active,,,23,7.0,2024-12-13,17,23,0,2023-02,13.0,0,61.22,9550.32,0.701382608695652,High (>45%),0.9368666666666666,0.6666666666666666,7.0,917.98,18304.78
CUST-10072,2023-02-16,Growth,Healthcare,France,Europe,51-200,23.0,Monthly,Referral,3.9,635.27,Active,,,23,8.0,2024-12-10,72,23,0,2023-02,23.0,0,27.620434782608694,7623.24,0.16995652173913042,Low (<30% seats used),0.03,0.3333333333333333,8.0,1572.5600000000002,14611.21
CUST-10073,2023-02-16,Starter,Technology,United Kingdom,Europe,1-50,1.0,Monthly,Organic,0.0,61.0,Active,,,23,8.0,2024-12-23,1,23,0,2023-02,1.0,0,61.0,732.0,0.04750434782608696,Low (<30% seats used),0.03,0.3333333333333333,8.0,61.0,1403.0
CUST-10074,2023-02-16,Starter,Healthcare,Australia,Asia Pacific,201-1000,35.0,Annual,Paid Search,15.2,405.16,Active,,,23,9.0,2024-12-14,32,23,0,2023-02,35.0,0,11.576,4861.92,0.4606913043478261,High (>45%),0.455,0.0,9.0,378.0233333333333,9318.68
CUST-10075,2023-02-16,Starter,Education,United States,North America,1000+,57.0,Monthly,Referral,13.6,639.98,Active,,,23,3.0,2024-12-08,58,23,0,2023-02,57.0,0,11.227719298245614,7679.76,0.03349130434782609,Low (<30% seats used),0.03,1.3333333333333333,3.0,636.52,14719.54
CUST-10076,2023-02-18,Starter,Manufacturing,United Kingdom,Europe,201-1000,36.0,Annual,Referral,11.3,432.18,Active,,,23,8.0,2024-12-02,52,23,0,2023-02,36.0,0,12.005,5186.16,0.1690695652173913,Low (<30% seats used),0.20343333333333335,1.3333333333333333,8.0,570.5566666666667,9940.14
CUST-10077,2023-02-18,Growth,Healthcare,Brazil,Latin America,201-1000,27.0,Monthly,Paid Search,14.2,658.65,Active,,,23,8.0,2024-12-19,69,23,0,2023-02,27.0,0,24.394444444444442,7903.799999999999,0.27650434782608696,Low (<30% seats used),0.18489999999999998,0.6666666666666666,8.0,1338.1866666666667,15148.949999999999
CUST-10078,2023-02-18,Starter,Retail,Singapore,Asia Pacific,51-200,33.0,Monthly,Organic,8.8,410.15,Active,,,23,7.0,,59,23,0,2023-02,33.0,0,12.428787878787878,4921.799999999999,0.6677130434782609,High (>45%),0.9663666666666666,0.6666666666666666,6.666666666666667,669.16,9433.449999999999
CUST-10079,2023-02-20,Growth,Healthcare,United Kingdom,Europe,201-1000,81.0,Annual,Paid Search,9.7,1758.15,Active,,,23,10.0,2024-12-13,201,23,0,2023-02,81.0,0,21.705555555555556,21097.800000000003,0.7881391304347827,High (>45%),0.7319,1.3333333333333333,10.0,4102.336666666666,40437.450000000004
CUST-10080,2023-02-21,Starter,Education,Japan,Asia Pacific,1000+,50.0,Annual,Organic,7.3,605.2,Active,,,23,6.0,2024-12-08,99,23,0,2023-02,50.0,0,12.104000000000001,7262.400000000001,0.2752391304347826,Low (<30% seats used),0.33180000000000004,0.0,5.666666666666667,1102.0733333333335,13919.6
CUST-10081,2023-02-21,Starter,Manufacturing,United Kingdom,Europe,51-200,7.0,Monthly,Partner,19.3,116.79,Churned,2024-08-01,Low adoption / unused seats,18,9.0,2024-07-16,5,18,1,2023-02,7.0,0,16.684285714285714,1401.48,0.7457833333333332,High (>45%),0.8277333333333333,1.3333333333333333,9.0,103.87333333333333,2102.2200000000003
CUST-10082,2023-02-21,Growth,Manufacturing,Canada,North America,201-1000,37.0,Monthly,Paid Search,15.4,837.64,Active,,,23,,2024-12-05,82,23,0,2023-02,37.0,0,22.638918918918918,10051.68,0.23987391304347827,Low (<30% seats used),0.22143333333333334,1.0,8.333333333333334,1619.3466666666666,19265.72
CUST-10083,2023-02-22,Growth,Technology,Japan,Asia Pacific,1-50,3.0,Monthly,Outbound Sales,16.5,204.11,Churned,2023-12-01,Poor support experience,10,2.0,2023-11-15,3,10,1,2023-02,3.0,0,68.03666666666668,2449.32,0.10305,Low (<30% seats used),0.0331,2.6666666666666665,2.0,204.11,2041.1000000000001
CUST-10084,2023-02-22,Enterprise,Retail,Mexico,Latin America,201-1000,114.0,Annual,Partner,23.5,4823.45,Active,,,23,7.0,2024-12-08,55,23,0,2023-02,114.0,0,42.3109649122807,57881.399999999994,0.5559217391304349,High (>45%),0.6525666666666666,0.6666666666666666,7.333333333333333,3113.6766666666667,110939.34999999999
CUST-10085,2023-02-23,Enterprise,Technology,Mexico,Latin America,1-50,13.0,Monthly,Paid Search,5.4,1452.41,Active,,,23,7.0,2024-12-22,9,23,0,2023-02,13.0,0,111.72384615384615,17428.920000000002,0.07653478260869565,Low (<30% seats used),0.03,0.6666666666666666,7.0,1310.51,33405.43
CUST-10086,2023-02-24,Growth,Retail,India,Asia Pacific,51-200,18.0,Monthly,Paid Search,7.5,515.3,Churned,2023-07-01,Poor support experience,5,,2023-06-15,24,5,1,2023-02,18.0,0,28.627777777777776,6183.599999999999,0.59702,High (>45%),0.5961333333333333,0.3333333333333333,10.0,617.0500000000001,2576.5
CUST-10087,2023-02-25,Starter,Technology,United States,North America,1-50,4.0,Monthly,Organic,0.0,97.0,Churned,2024-09-01,Too expensive,19,8.0,2024-08-04,2,19,1,2023-02,4.0,0,24.25,1164.0,0.6133315789473684,High (>45%),0.6615666666666667,2.6666666666666665,8.0,73.0,1843.0
CUST-10088,2023-02-25,Enterprise,Education,United States,North America,1-50,16.0,Monthly,Organic,3.8,1591.64,Active,,,23,7.0,2024-12-02,40,23,0,2023-02,16.0,0,99.4775,19099.68,0.6691304347826087,High (>45%),0.6169333333333333,1.3333333333333333,7.333333333333333,2486.2999999999997,36607.72
CUST-10089,2023-02-25,Starter,Education,United States,North America,1-50,5.0,Monthly,Paid Search,8.5,103.9,Churned,2024-07-01,Switched to competitor,17,10.0,,5,17,1,2023-02,5.0,0,20.78,1246.8000000000002,0.4529529411764706,High (>45%),0.48923333333333335,2.0,10.0,103.90000000000002,1766.3000000000002
CUST-10090,2023-02-26,Starter,Education,United States,North America,1-50,4.0,Monthly,Partner,13.3,90.62,Churned,2023-07-01,,5,6.0,2023-06-20,4,5,1,2023-02,4.0,0,22.655,1087.44,0.23026,Low (<30% seats used),0.23500000000000001,0.6666666666666666,6.666666666666667,90.62,453.1
CUST-10091,2023-02-26,Business,Retail,France,Europe,51-200,16.0,Annual,Paid Search,5.0,885.4,Active,,,23,,2024-12-13,9,23,0,2023-02,16.0,0,55.3375,10624.8,0.8506130434782608,High (>45%),1.0,1.3333333333333333,7.0,682.7333333333332,20364.2
CUST-10092,2023-02-26,Starter,Education,United Kingdom,Europe,51-200,4.0,Monthly,Organic,0.0,97.0,Churned,2023-04-01,Poor support experience,2,5.0,2023-03-17,4,2,1,2023-02,4.0,0,24.25,1164.0,0.3225,Medium (30-45%),0.3225,1.5,5.0,97.0,194.0
CUST-10093,2023-02-27,Growth,Retail,United States,North America,201-1000,40.0,Monthly,Partner,18.3,867.96,Churned,2023-07-01,Switched to competitor,5,,2023-06-02,36,5,1,2023-02,40.0,0,21.699,10415.52,0.21187999999999999,Low (<30% seats used),0.1653,1.6666666666666667,10.0,778.09,4339.8
CUST-10094,2023-03-01,Growth,Technology,India,Asia Pacific,51-200,5.0,Annual,Partner,17.1,240.19,Churned,2023-08-01,Low adoption / unused seats,5,,2023-07-04,5,5,1,2023-03,5.0,0,48.038,2882.2799999999997,0.5532199999999999,High (>45%),0.5416333333333333,0.0,8.666666666666666,240.18999999999997,1200.95
CUST-10095,2023-03-01,Starter,Financial Services,India,Asia Pacific,51-200,20.0,Annual,Partner,19.9,241.24,Active,,,22,,2024-12-22,10,22,0,2023-03,20.0,0,12.062000000000001,2894.88,0.15665454545454546,Low (<30% seats used),0.03,2.6666666666666665,3.3333333333333335,148.32333333333335,5307.280000000001
CUST-10096,2023-03-02,Growth,Retail,France,Europe,1-50,3.0,Monthly,Organic,8.0,209.72,Active,,,22,8.0,2024-12-11,4,22,0,2023-03,3.0,0,69.90666666666667,2516.64,0.10791818181818182,Low (<30% seats used),0.03,1.3333333333333333,7.666666666666667,243.45333333333335,4613.84
CUST-10097,2023-03-02,Starter,Technology,Canada,North America,1-50,3.0,Monthly,Organic,6.0,82.84,Churned,2023-10-01,,7,8.0,2023-09-06,4,7,1,2023-03,3.0,0,27.613333333333333,994.08,0.3948714285714286,Medium (30-45%),0.38293333333333335,2.0,8.0,94.12,579.88
CUST-10098,2023-03-02,Business,Retail,United States,North America,51-200,12.0,Annual,Outbound Sales,14.7,726.55,Churned,2023-07-01,Poor support experience,4,8.0,2023-06-06,12,4,1,2023-03,12.0,0,60.54583333333333,8718.599999999999,0.25295,Low (<30% seats used),0.2632666666666667,1.6666666666666667,8.0,735.65,2906.2
CUST-10099,2023-03-02,Growth,Healthcare,United Kingdom,Europe,201-1000,31.0,Annual,Organic,0.0,831.0,Active,,,22,3.0,2024-12-17,51,22,0,2023-03,31.0,0,26.806451612903224,9972.0,0.5060863636363636,High (>45%),0.3708666666666667,3.0,3.3333333333333335,1271.0,18282.0
CUST-10100,2023-03-02,Business,Financial Services,Singapore,Asia Pacific,1-50,6.0,Monthly,Partner,15.2,561.82,Active,,,22,8.0,2024-12-09,10,22,0,2023-03,6.0,0,93.63666666666667,6741.84,0.8823681818181818,High (>45%),1.0,0.0,8.0,652.2666666666668,12360.04
CUST-10101,2023-03-02,Business,Retail,Germany,Europe,51-200,29.0,Monthly,Referral,6.3,1268.54,Churned,2023-04-01,Too expensive,1,9.0,2023-03-08,31,1,1,2023-03,29.0,0,43.742758620689656,15222.48,0.8622,High (>45%),0.8622,0.0,9.0,1328.5,1268.54
CUST-10102,2023-03-04,Growth,Technology,United States,North America,1000+,156.0,Annual,Paid Search,15.2,3059.34,Active,,,22,,2024-12-13,60,22,0,2023-03,156.0,0,19.611153846153847,36712.08,0.635109090909091,High (>45%),0.6060666666666666,0.6666666666666666,9.0,1299.4533333333331,67305.48000000001
CUST-10103,2023-03-04,Business,Logistics,United States,North America,1-50,15.0,Monthly,Paid Search,5.8,851.16,Churned,2023-04-01,Switched to competitor,1,,,15,1,1,2023-03,15.0,0,56.744,10213.92,0.2724,Low (<30% seats used),0.2724,2.0,9.0,851.16,851.16
CUST-10104,2023-03-04,Business,Technology,France,Europe,201-1000,57.0,Annual,Referral,14.2,1963.99,Churned,2024-07-01,Missing features,16,,2024-06-12,78,16,1,2023-03,57.0,0,34.4559649122807,23567.88,0.3851875,Medium (30-45%),0.10000000000000002,1.6666666666666667,7.0,2403.2900000000004,31423.84
CUST-10105,2023-03-04,Starter,Healthcare,France,Europe,201-1000,43.0,Monthly,Paid Search,16.2,481.41,Churned,2023-10-01,Company downsizing,7,10.0,2023-09-21,45,7,1,2023-03,43.0,0,11.195581395348837,5776.92,0.5728,High (>45%),0.6046333333333332,1.6666666666666667,10.0,514.93,3369.8700000000003
CUST-10106,2023-03-06,Growth,Technology,United States,North America,1-50,4.0,Monthly,Outbound Sales,14.4,224.33,Churned,2024-06-01,Missing features,15,4.0,2024-05-26,5,15,1,2023-03,4.0,0,56.0825,2691.96,0.6042666666666666,High (>45%),0.5825666666666667,0.6666666666666666,4.0,243.16,3364.9500000000003
CUST-10107,2023-03-06,Business,Logistics,United States,North America,1-50,10.0,Monthly,Referral,3.8,706.84,Active,,,22,9.0,2024-12-24,8,22,0,2023-03,10.0,0,70.684,8482.08,0.04172272727272727,Low (<30% seats used),0.03,0.3333333333333333,9.0,655.5333333333333,15550.480000000001
CUST-10108,2023-03-06,Business,Technology,Australia,Asia Pacific,51-200,14.0,Annual,Organic,0.1,846.55,Active,,,22,,2024-12-20,18,22,0,2023-03,14.0,0,60.46785714285714,10158.599999999999,0.3618136363636364,Medium (30-45%),0.16790000000000002,2.3333333333333335,7.0,985.0766666666667,18624.1
CUST-10109,2023-03-07,Growth,Technology,Australia,Asia Pacific,201-1000,13.0,Monthly,Referral,10.4,405.26,Churned,2023-06-01,Switched to competitor,3,,,12,3,1,2023-03,13.0,0,31.173846153846153,4863.12,0.6402333333333333,High (>45%),0.6402333333333333,1.0,8.0,398.68666666666667,1215.78
CUST-10110,2023-03-07,Growth,Technology,Mexico,Latin America,1-50,7.0,Monthly,Partner,19.0,273.74,Churned,2024-10-01,Too expensive,19,,,10,19,1,2023-03,7.0,0,39.105714285714285,3284.88,0.25821052631578945,Low (<30% seats used),0.3106333333333333,0.6666666666666666,9.0,321.26,5201.06
CUST-10111,2023-03-07,Business,Retail,United States,North America,1-50,16.0,Monthly,Referral,9.6,861.85,Churned,2024-10-01,Poor support experience,19,7.0,2024-09-27,19,19,1,2023-03,16.0,0,53.865625,10342.2,0.5273210526315789,High (>45%),0.43893333333333334,1.0,7.333333333333333,919.7033333333334,16375.15
CUST-10112,2023-03-08,Growth,Healthcare,Spain,Europe,51-200,8.0,Annual,Events,5.0,316.2,Churned,2024-02-01,Poor support experience,11,,,8,11,1,2023-03,8.0,0,39.525,3794.3999999999996,0.1532181818181818,Low (<30% seats used),0.055400000000000005,0.6666666666666666,5.0,302.26666666666665,3478.2
CUST-10113,2023-03-08,Growth,Retail,France,Europe,1000+,88.0,Annual,Referral,7.9,1932.06,Active,,,22,10.0,2024-12-24,130,22,0,2023-03,88.0,0,21.95522727272727,23184.72,0.7642772727272727,High (>45%),0.9361666666666667,0.3333333333333333,10.0,2614.2099999999996,42505.32
CUST-10114,2023-03-08,Growth,Technology,Japan,Asia Pacific,51-200,6.0,Annual,Partner,0.1,280.87,Active,,,22,7.0,2024-12-24,23,22,0,2023-03,6.0,0,46.81166666666667,3370.44,0.05104090909090909,Low (<30% seats used),0.03953333333333333,2.6666666666666665,7.0,625.1899999999999,6179.14
CUST-10115,2023-03-09,Business,Healthcare,Japan,Asia Pacific,1-50,4.0,Annual,Organic,0.0,527.0,Active,,,22,8.0,2024-12-24,6,22,0,2023-03,4.0,0,131.75,6324.0,0.4062818181818182,Medium (30-45%),0.436,0.6666666666666666,8.666666666666666,591.0,11594.0
CUST-10116,2023-03-10,Business,Media,United States,North America,51-200,27.0,Monthly,Partner,15.1,1132.54,Churned,2023-04-01,Low adoption / unused seats,1,10.0,2023-03-21,28,1,1,2023-03,27.0,0,41.94592592592593,13590.48,0.497,High (>45%),0.497,1.0,10.0,1159.7,1132.54
CUST-10117,2023-03-10,Growth,Logistics,United States,North America,1-50,2.0,Monthly,Events,13.4,187.1,Churned,2024-09-01,Missing features,18,,2024-08-21,1,18,1,2023-03,2.0,0,93.55,2245.2,0.6193333333333333,High (>45%),0.7082666666666667,0.6666666666666666,6.333333333333333,168.05,3367.7999999999997
CUST-10118,2023-03-11,Starter,Logistics,India,Asia Pacific,1000+,174.0,Monthly,Partner,17.0,1782.04,Active,,,22,,2024-12-20,166,22,0,2023-03,174.0,0,10.2416091954023,21384.48,0.536009090909091,High (>45%),0.6403333333333333,0.3333333333333333,10.0,1606.08,39204.88
CUST-10119,2023-03-11,Starter,Healthcare,Japan,Asia Pacific,51-200,10.0,Annual,Paid Search,6.1,161.68,Churned,2024-01-01,Poor support experience,10,3.0,2023-12-06,11,10,1,2023-03,10.0,0,16.168,1940.16,0.21808999999999998,Low (<30% seats used),0.13713333333333333,1.6666666666666667,3.0,165.43666666666667,1616.8000000000002
CUST-10120,2023-03-13,Growth,Healthcare,France,Europe,1-50,8.0,Monthly,Outbound Sales,17.3,294.55,Active,,,22,10.0,2024-12-23,14,22,0,2023-03,8.0,0,36.81875,3534.6000000000004,0.5949772727272727,High (>45%),0.6294666666666666,0.0,10.0,397.65333333333336,6480.1
CUST-10121,2023-03-13,Starter,Technology,India,Asia Pacific,51-200,6.0,Annual,Partner,20.6,106.17,Churned,2024-07-01,,16,,2024-06-17,8,16,1,2023-03,6.0,0,17.695,1274.04,0.15439375,Low (<30% seats used),0.03,1.6666666666666667,8.0,128.39666666666668,1698.72
CUST-10122,2023-03-13,Enterprise,Logistics,United States,North America,1-50,22.0,Annual,Organic,0.0,1889.0,Active,,,22,4.0,2024-12-15,10,22,0,2023-03,22.0,0,85.86363636363636,22668.0,0.3794181818181819,Medium (30-45%),0.44366666666666665,1.6666666666666667,4.666666666666667,1334.0,41558.0
CUST-10123,2023-03-14,Enterprise,Retail,Mexico,Latin America,51-200,23.0,Monthly,Referral,13.0,1799.45,Churned,2024-11-01,Poor support experience,20,8.0,,26,20,1,2023-03,23.0,0,78.23695652173913,21593.4,0.280295,Low (<30% seats used),0.19823333333333334,1.3333333333333333,8.0,1956.05,35989.0
CUST-10124,2023-03-15,Growth,Retail,Canada,North America,1-50,2.0,Monthly,Referral,0.4,192.82,Active,,,22,10.0,2024-12-05,2,22,0,2023-03,2.0,0,96.41,2313.84,0.8176000000000001,High (>45%),0.9181666666666667,0.3333333333333333,10.0,207.4333333333333,4242.04
CUST-10125,2023-03-15,Business,Manufacturing,United Kingdom,Europe,51-200,8.0,Monthly,Paid Search,7.3,636.31,Churned,2024-07-01,Too expensive,16,6.0,2024-06-04,7,16,1,2023-03,8.0,0,79.53875,7635.719999999999,0.364325,Medium (30-45%),0.5438,0.0,6.0,626.4233333333333,10180.96
CUST-10126,2023-03-15,Enterprise,Technology,United States,North America,1-50,31.0,Annual,Referral,3.3,2247.97,Active,,,22,10.0,2024-12-05,35,22,0,2023-03,31.0,0,72.51516129032258,26975.64,0.5861454545454546,High (>45%),0.6171000000000001,1.0,10.0,2320.49,49455.34
CUST-10127,2023-03-16,Growth,Financial Services,United States,North America,1000+,145.0,Monthly,Referral,13.9,2895.59,Active,,,22,6.0,2024-12-07,56,22,0,2023-03,145.0,0,19.96958620689655,34747.08,0.3975136363636364,Medium (30-45%),0.4232,1.0,6.0,1260.2633333333333,63702.98
CUST-10128,2023-03-16,Business,Healthcare,Japan,Asia Pacific,51-200,21.0,Monthly,Referral,7.4,1021.27,Active,,,22,10.0,2024-12-25,22,22,0,2023-03,21.0,0,48.631904761904764,12255.24,0.6290818181818182,High (>45%),0.9073333333333333,1.6666666666666667,9.666666666666666,1021.27,22467.94
CUST-10129,2023-03-16,Business,Retail,Canada,North America,51-200,11.0,Monthly,Partner,18.5,685.88,Churned,2024-07-01,Too expensive,16,8.0,2024-06-03,10,16,1,2023-03,11.0,0,62.35272727272727,8230.56,0.32905625,Medium (30-45%),0.4207,1.0,8.333333333333334,685.88,10974.08
CUST-10130,2023-03-16,Starter,Logistics,United States,North America,1-50,1.0,Annual,Paid Search,4.8,60.42,Churned,2023-04-01,,1,,2023-03-24,1,1,1,2023-03,1.0,0,60.42,725.04,0.7041,High (>45%),0.7041,0.0,8.0,60.42,60.42
CUST-10131,2023-03-17,Starter,Retail,United Kingdom,Europe,201-1000,25.0,Monthly,Referral,9.0,322.0,Active,,,22,5.0,,41,22,0,2023-03,25.0,0,12.88,3864.0,0.1298318181818182,Low (<30% seats used),0.03,0.6666666666666666,5.0,507.64000000000004,7084.0
CUST-10132,2023-03-17,Starter,Retail,United States,North America,51-200,21.0,Monthly,Organic,0.0,301.0,Churned,2024-07-01,Poor support experience,16,,2024-06-17,30,16,1,2023-03,21.0,0,14.333333333333334,3612.0,0.44394375,Medium (30-45%),0.35296666666666665,2.0,8.0,417.0,4816.0
CUST-10133,2023-03-17,Business,Education,United States,North America,51-200,60.0,Monthly,Referral,8.0,2165.4,Churned,2023-04-01,Too expensive,1,3.0,2023-03-12,64,1,1,2023-03,60.0,0,36.09,25984.800000000003,0.2291,Low (<30% seats used),0.2291,0.0,3.0,2283.16,2165.4
CUST-10134,2023-03-19,Enterprise,Technology,United States,North America,1000+,735.0,Annual,Paid Search,10.7,30434.98,Active,,,22,10.0,2024-12-19,561,22,0,2023-03,735.0,0,41.40813605442177,365219.76,0.9552863636363637,High (>45%),0.9508666666666666,0.3333333333333333,9.666666666666666,25652.956666666665,669569.5599999999
CUST-10135,2023-03-19,Starter,Retail,Japan,Asia Pacific,1000+,49.0,Monthly,Partner,22.4,505.29,Churned,2023-12-01,Low adoption / unused seats,9,,,61,9,1,2023-03,49.0,0,10.312040816326531,6063.4800000000005,0.07725555555555556,Low (<30% seats used),0.03,0.6666666666666666,7.333333333333333,626.3433333333334,4547.610000000001
CUST-10136,2023-03-19,Growth,Manufacturing,Germany,Europe,1-50,3.0,Monthly,Referral,6.7,210.58,Churned,2024-08-01,Poor support experience,17,8.0,,2,17,1,2023-03,3.0,0,70.19333333333334,2526.96,0.13451176470588236,Low (<30% seats used),0.07926666666666667,0.3333333333333333,8.0,190.05000000000004,3579.86
CUST-10137,2023-03-20,Starter,Retail,India,Asia Pacific,1-50,5.0,Monthly,Paid Search,10.7,102.58,Churned,2024-01-01,,10,9.0,2023-12-12,6,10,1,2023-03,5.0,0,20.516,1230.96,0.54749,High (>45%),0.492,0.6666666666666666,9.0,113.3,1025.8
CUST-10138,2023-03-21,Growth,Financial Services,Japan,Asia Pacific,201-1000,29.0,Annual,Paid Search,9.8,724.48,Churned,2023-06-01,Too expensive,3,5.0,2023-05-06,32,3,1,2023-03,29.0,0,24.982068965517243,8693.76,0.4977666666666667,High (>45%),0.4977666666666667,1.3333333333333333,5.666666666666667,744.3233333333334,2173.44
CUST-10139,2023-03-22,Starter,Financial Services,United States,North America,1-50,3.0,Monthly,Organic,0.7,84.75,Churned,2023-08-01,Switched to competitor,5,5.0,2023-07-26,4,5,1,2023-03,3.0,0,28.25,1017.0,0.54906,High (>45%),0.5478,0.6666666666666666,5.333333333333333,92.69,423.75
CUST-10140,2023-03-22,Starter,Financial Services,Germany,Europe,1-50,3.0,Monthly,Events,8.2,82.05,Churned,2023-04-01,Missing features,1,10.0,,3,1,1,2023-03,3.0,0,27.349999999999998,984.5999999999999,0.4806,High (>45%),0.4806,3.0,10.0,82.05,82.05
CUST-10141,2023-03-22,Enterprise,Retail,Australia,Asia Pacific,1000+,122.0,Annual,Events,15.2,5554.52,Active,,,22,4.0,2024-12-01,125,22,0,2023-03,122.0,0,45.5288524590164,66654.24,0.3744863636363636,Medium (30-45%),0.45459999999999995,2.6666666666666665,3.6666666666666665,5758.04,122199.44
CUST-10142,2023-03-23,Business,Retail,Germany,Europe,1-50,13.0,Monthly,Referral,7.3,784.63,Active,,,22,8.0,2024-12-02,16,22,0,2023-03,13.0,0,60.356153846153845,9415.56,0.03866818181818182,Low (<30% seats used),0.03,2.0,7.666666666666667,843.96,17261.86
CUST-10143,2023-03-24,Starter,Technology,United Kingdom,Europe,51-200,7.0,Monthly,Referral,10.5,124.18,Churned,2024-08-01,Business priorities changed,17,8.0,2024-07-23,16,17,1,2023-03,7.0,0,17.740000000000002,1490.16,0.3628058823529412,Medium (30-45%),0.03,0.6666666666666666,8.0,213.67999999999998,2111.06
CUST-10144,2023-03-25,Starter,Manufacturing,Australia,Asia Pacific,1-50,6.0,Monthly,Referral,2.5,119.2,Churned,2023-11-01,Too expensive,8,6.0,2023-10-02,4,8,1,2023-03,6.0,0,19.866666666666667,1430.4,0.3211,Medium (30-45%),0.4108666666666667,1.3333333333333333,6.666666666666667,95.8,953.6
CUST-10145,2023-03-25,Starter,Financial Services,United Kingdom,Europe,201-1000,22.0,Annual,Partner,22.1,254.66,Active,,,22,8.0,2024-12-11,21,22,0,2023-03,22.0,0,11.575454545454546,3055.92,0.19675454545454543,Low (<30% seats used),0.10966666666666668,2.0,7.666666666666667,260.8866666666667,5602.5199999999995
CUST-10146,2023-03-25,Growth,Financial Services,United States,North America,1-50,4.0,Annual,Partner,12.8,225.74,Churned,2024-10-01,Too expensive,19,,2024-09-07,4,19,1,2023-03,4.0,0,56.435,2708.88,0.3532526315789474,Medium (30-45%),0.3308333333333333,1.0,6.666666666666667,225.74,4289.06
CUST-10147,2023-03-25,Growth,Logistics,Mexico,Latin America,51-200,25.0,Monthly,Partner,17.5,602.75,Churned,2023-04-01,Too expensive,1,,2023-03-13,24,1,1,2023-03,25.0,0,24.11,7233.0,0.3078,Medium (30-45%),0.3078,0.0,6.0,584.6,602.75
CUST-10148,2023-03-26,Growth,Manufacturing,United States,North America,1-50,6.0,Annual,Referral,3.4,276.51,Churned,2024-07-01,,16,,2024-06-07,6,16,1,2023-03,6.0,0,46.085,3318.12,0.08323125,Low (<30% seats used),0.03,1.6666666666666667,5.0,276.51,4424.16
CUST-10149,2023-03-26,Starter,Retail,United States,North America,1-50,4.0,Monthly,Outbound Sales,11.7,91.38,Churned,2024-07-01,Too expensive,16,6.0,2024-06-19,4,16,1,2023-03,4.0,0,22.845,1096.56,0.04708125,Low (<30% seats used),0.03,1.6666666666666667,6.0,91.38,1462.08
CUST-10150,2023-03-26,Growth,Technology,Germany,Europe,1-50,9.0,Annual,Outbound Sales,19.0,309.38,Churned,2024-03-01,,12,6.0,2024-02-13,9,12,1,2023-03,9.0,0,34.37555555555556,3712.56,0.4787333333333333,High (>45%),0.5523333333333333,1.3333333333333333,6.666666666666667,303.44,3712.56
CUST-10151,2023-03-26,Growth,Retail,France,Europe,1-50,2.0,Monthly,Events,10.6,188.34,Churned,2024-05-01,Poor support experience,14,6.0,2024-04-13,3,14,1,2023-03,2.0,0,94.17,2260.08,0.12042142857142857,Low (<30% seats used),0.10546666666666667,3.0,5.333333333333333,208.0,2636.76
CUST-10152,2023-03-27,Starter,Financial Services,United States,North America,51-200,9.0,Monthly,Outbound Sales,18.4,137.13,Active,,,22,,2024-12-27,7,22,0,2023-03,9.0,0,15.236666666666666,1645.56,0.28851363636363636,Low (<30% seats used),0.28126666666666666,0.6666666666666666,8.0,124.07333333333334,3016.8599999999997
CUST-10153,2023-03-27,Growth,Manufacturing,Germany,Europe,201-1000,31.0,Monthly,Paid Search,17.3,713.01,Churned,2023-08-01,Too expensive,5,6.0,2023-07-18,28,5,1,2023-03,31.0,0,23.00032258064516,8556.119999999999,0.27914,Low (<30% seats used),0.2731,1.3333333333333333,6.333333333333333,682.69,3565.05
CUST-10154,2023-03-28,Starter,Logistics,United States,North America,1000+,74.0,Annual,Referral,8.2,864.18,Active,,,22,,2024-12-08,124,22,0,2023-03,74.0,0,11.678108108108107,10370.16,0.6921772727272727,High (>45%),0.9928,1.3333333333333333,10.0,1359.8999999999999,19011.96
CUST-10155,2023-04-01,Enterprise,Technology,Germany,Europe,1-50,11.0,Annual,Partner,14.7,1321.24,Active,,,21,7.0,2024-12-13,16,21,0,2023-04,11.0,0,120.11272727272727,15854.880000000001,0.6261047619047618,High (>45%),0.6027666666666667,1.0,7.0,1474.7766666666666,27746.04
CUST-10156,2023-04-01,Starter,Technology,United Kingdom,Europe,51-200,21.0,Annual,Referral,7.3,282.6,Active,,,21,5.0,2024-12-09,55,21,0,2023-04,21.0,0,13.457142857142859,3391.2000000000003,0.586947619047619,High (>45%),0.4725333333333333,0.3333333333333333,5.0,638.5733333333334,5934.6
CUST-10157,2023-04-01,Enterprise,Healthcare,Canada,North America,51-200,18.0,Annual,Outbound Sales,8.1,1643.39,Active,,,21,7.0,2024-12-09,11,21,0,2023-04,18.0,0,91.29944444444445,19720.68,0.30952380952380953,Medium (30-45%),0.20526666666666668,2.0,7.333333333333333,1381.4733333333334,34511.19
CUST-10158,2023-04-02,Business,Media,United States,North America,1-50,23.0,Monthly,Paid Search,14.5,1028.28,Churned,2023-11-01,Too expensive,7,,2023-10-03,22,7,1,2023-04,23.0,0,44.70782608695652,12339.36,0.1437,Low (<30% seats used),0.10693333333333332,3.6666666666666665,8.666666666666666,1000.92,7197.96
CUST-10159,2023-04-02,Starter,Retail,United States,North America,1-50,1.0,Monthly,Organic,0.7,60.92,Active,,,21,6.0,2024-12-24,1,21,0,2023-04,1.0,0,60.92,731.04,0.03203333333333333,Low (<30% seats used),0.03,0.3333333333333333,6.0,60.919999999999995,1279.32
CUST-10160,2023-04-03,Growth,Manufacturing,Singapore,Asia Pacific,1000+,154.0,Annual,Paid Search,20.6,2839.07,Churned,2023-06-01,Too expensive,2,6.0,2023-05-22,137,2,1,2023-04,154.0,0,18.43551948051948,34068.840000000004,0.554,High (>45%),0.554,0.5,6.5,2611.99,5678.14
CUST-10161,2023-04-03,Starter,Healthcare,United Kingdom,Europe,1-50,5.0,Monthly,Partner,17.3,98.62,Churned,2024-03-01,Poor support experience,11,9.0,2024-02-15,7,11,1,2023-04,5.0,0,19.724,1183.44,0.5077545454545455,High (>45%),0.4235,0.3333333333333333,9.0,118.46999999999998,1084.8200000000002
CUST-10162,2023-04-04,Business,Logistics,Mexico,Latin America,51-200,57.0,Monthly,Paid Search,4.7,2137.27,Active,,,21,4.0,2024-12-17,80,21,0,2023-04,57.0,0,37.4959649122807,25647.239999999998,0.5261238095238095,High (>45%),0.4187666666666667,1.6666666666666667,3.6666666666666665,2737.0266666666666,44882.67
CUST-10163,2023-04-04,Business,Healthcare,Germany,Europe,201-1000,108.0,Annual,Partner,20.0,3163.8,Active,,,21,5.0,2024-12-17,311,21,0,2023-04,108.0,0,29.294444444444448,37965.600000000006,0.20972857142857143,Low (<30% seats used),0.03,4.333333333333333,5.0,8036.333333333333,66439.8
CUST-10164,2023-04-04,Growth,Education,United Kingdom,Europe,51-200,20.0,Annual,Referral,4.0,571.4,Active,,,21,7.0,2024-12-01,15,21,0,2023-04,20.0,0,28.57,6856.799999999999,0.16392857142857142,Low (<30% seats used),0.05206666666666667,1.6666666666666667,7.0,472.84,11999.4
CUST-10165,2023-04-04,Growth,Technology,United States,North America,51-200,4.0,Monthly,Referral,5.0,232.6,Churned,2023-11-01,Switched to competitor,7,9.0,2023-10-27,4,7,1,2023-04,4.0,0,58.15,2791.2,0.47255714285714284,High (>45%),0.4714,0.3333333333333333,9.0,232.6,1628.2
CUST-10166,2023-04-05,Growth,Logistics,Canada,North America,1-50,2.0,Monthly,Paid Search,15.0,186.4,Churned,2024-05-01,Switched to competitor,13,7.0,2024-04-16,3,13,1,2023-04,2.0,0,93.2,2236.8,0.1278153846153846,Low (<30% seats used),0.107,2.3333333333333335,7.666666666666667,205.1,2423.2000000000003
CUST-10167,2023-04-05,Growth,Retail,Brazil,Latin America,51-200,21.0,Monthly,Paid Search,4.2,591.6,Active,,,21,8.0,2024-12-12,28,21,0,2023-04,21.0,0,28.17142857142857,7099.200000000001,0.6626190476190476,High (>45%),0.6699333333333334,0.0,8.0,704.0033333333334,12423.6
CUST-10168,2023-04-05,Growth,Retail,India,Asia Pacific,1-50,5.0,Monthly,Paid Search,7.4,250.86,Active,,,21,10.0,2024-12-26,5,21,0,2023-04,5.0,0,50.172000000000004,3010.32,0.749904761904762,High (>45%),1.0,1.3333333333333333,10.0,250.86,5268.06
CUST-10169,2023-04-06,Enterprise,Healthcare,United States,North America,1-50,31.0,Monthly,Paid Search,16.5,2063.82,Churned,2024-11-01,Business priorities changed,19,5.0,2024-10-05,46,19,1,2023-04,31.0,0,66.57483870967742,24765.840000000004,0.609,High (>45%),0.7476333333333333,1.0,4.333333333333333,2539.773333333333,39212.58
CUST-10170,2023-04-06,Growth,Retail,United Kingdom,Europe,51-200,4.0,Monthly,Organic,0.0,237.0,Active,,,21,6.0,2024-12-11,3,21,0,2023-04,4.0,0,59.25,2844.0,0.34665238095238093,Medium (30-45%),0.37989999999999996,0.3333333333333333,6.0,215.0,4977.0
CUST-10171,2023-04-06,Growth,Manufacturing,United States,North America,1-50,3.0,Monthly,Referral,1.2,214.21,Active,,,21,8.0,2024-12-03,4,21,0,2023-04,3.0,0,71.40333333333334,2570.52,0.16506190476190477,Low (<30% seats used),0.03,1.0,7.666666666666667,235.93999999999997,4498.41
CUST-10172,2023-04-06,Enterprise,Media,United Kingdom,Europe,1-50,19.0,Monthly,Events,11.5,1655.67,Churned,2024-10-01,Missing features,18,8.0,2024-09-11,16,18,1,2023-04,19.0,0,87.14052631578947,19868.04,0.6492555555555556,High (>45%),0.5061,1.3333333333333333,7.666666666666667,1549.4766666666667,29802.06
CUST-10173,2023-04-07,Starter,Education,Brazil,Latin America,201-1000,34.0,Monthly,Outbound Sales,8.8,421.1,Active,,,21,10.0,2024-12-21,74,21,0,2023-04,34.0,0,12.38529411764706,5053.200000000001,0.7963380952380952,High (>45%),0.9082666666666667,0.3333333333333333,10.0,804.1366666666667,8843.1
CUST-10174,2023-04-07,Business,Financial Services,United States,North America,1-50,10.0,Monthly,Referral,7.6,694.68,Active,,,21,9.0,2024-12-21,17,21,0,2023-04,10.0,0,69.46799999999999,8336.16,0.4425619047619047,Medium (30-45%),0.6069666666666667,0.3333333333333333,9.0,881.9466666666667,14588.279999999999
CUST-10175,2023-04-07,Business,Media,United States,North America,1000+,464.0,Annual,Paid Search,14.6,13079.19,Active,,,21,10.0,2024-12-09,275,21,0,2023-04,464.0,0,28.18790948275862,156950.28,0.25914761904761907,Low (<30% seats used),0.3366,2.0,10.0,7795.78,274662.99
CUST-10176,2023-04-07,Starter,Healthcare,Canada,North America,1-50,8.0,Annual,Outbound Sales,10.1,135.3,Active,,,21,,2024-12-07,11,21,0,2023-04,8.0,0,16.9125,1623.6000000000001,0.7463047619047619,High (>45%),0.7209333333333333,1.6666666666666667,7.666666666666667,171.26666666666665,2841.3
CUST-10177,2023-04-08,Business,Healthcare,United Kingdom,Europe,201-1000,136.0,Monthly,Organic,2.1,4659.61,Active,,,21,8.0,2024-12-09,87,21,0,2023-04,136.0,0,34.261838235294114,55915.31999999999,0.5666904761904762,High (>45%),0.5801333333333333,0.0,7.666666666666667,3228.963333333333,97851.81
CUST-10178,2023-04-09,Business,Manufacturing,United States,North America,51-200,44.0,Monthly,Partner,11.8,1640.86,Active,,,21,6.0,2024-12-20,72,21,0,2023-04,44.0,0,37.292272727272724,19690.32,0.6711,High (>45%),0.9480666666666666,0.3333333333333333,6.0,2318.2333333333336,34458.06
CUST-10179,2023-04-09,Business,Financial Services,India,Asia Pacific,51-200,15.0,Monthly,Partner,13.6,813.72,Churned,2024-01-01,Switched to competitor,9,4.0,2023-12-09,24,9,1,2023-04,15.0,0,54.248000000000005,9764.64,0.2688,Low (<30% seats used),0.1993666666666667,2.6666666666666665,3.6666666666666665,998.04,7323.4800000000005
CUST-10180,2023-04-10,Business,Technology,Germany,Europe,1-50,15.0,Monthly,Paid Search,5.5,852.6,Active,,,21,6.0,2024-12-04,22,21,0,2023-04,15.0,0,56.84,10231.2,0.11879523809523809,Low (<30% seats used),0.03,0.6666666666666666,6.0,1054.2,17904.600000000002
CUST-10181,2023-04-11,Starter,Financial Services,United Kingdom,Europe,201-1000,11.0,Annual,Referral,9.5,168.46,Active,,,21,9.0,2024-12-10,23,21,0,2023-04,11.0,0,15.314545454545454,2021.52,0.3308,Medium (30-45%),0.49843333333333334,1.0,8.666666666666666,287.92,3537.6600000000003
CUST-10182,2023-04-11,Growth,Healthcare,United States,North America,1-50,5.0,Monthly,Referral,13.2,244.48,Churned,2023-10-01,Switched to competitor,6,,,6,6,1,2023-04,5.0,0,48.896,2933.7599999999998,0.6501333333333333,High (>45%),0.6282,3.6666666666666665,8.333333333333334,263.58,1466.8799999999999
CUST-10183,2023-04-11,Starter,Manufacturing,Japan,Asia Pacific,1-50,1.0,Monthly,Events,11.8,59.58,Active,,,21,10.0,2024-12-02,1,21,0,2023-04,1.0,0,59.58,714.96,0.623904761904762,High (>45%),0.7808666666666667,0.0,10.0,59.580000000000005,1251.18
CUST-10184,2023-04-13,Starter,Healthcare,United States,North America,1000+,71.0,Annual,Organic,5.6,853.29,Active,,,21,6.0,2024-12-21,59,21,0,2023-04,71.0,0,12.018169014084506,10239.48,0.3401619047619048,Medium (30-45%),0.37263333333333337,1.3333333333333333,6.333333333333333,728.68,17919.09
CUST-10185,2023-04-14,Starter,Healthcare,United States,North America,51-200,11.0,Monthly,Partner,22.8,150.9,Active,,,21,10.0,2024-12-14,21,21,0,2023-04,11.0,0,13.718181818181819,1810.8000000000002,0.9444,High (>45%),1.0,0.6666666666666666,10.0,243.54,3168.9
CUST-10186,2023-04-14,Growth,Retail,Singapore,Asia Pacific,51-200,12.0,Annual,Partner,26.2,343.83,Active,,,21,8.0,2024-12-03,15,21,0,2023-04,12.0,0,28.6525,4125.96,0.7781095238095238,High (>45%),0.9946,0.6666666666666666,8.0,392.54,7220.429999999999
CUST-10187,2023-04-15,Business,Education,Spain,Europe,201-1000,42.0,Monthly,Referral,13.1,1566.94,Active,,,21,4.0,2024-12-21,64,21,0,2023-04,42.0,0,37.30809523809524,18803.28,0.3869619047619048,Medium (30-45%),0.3749,0.6666666666666666,4.0,2197.25,32905.74
CUST-10188,2023-04-15,Starter,Retail,Australia,Asia Pacific,1-50,10.0,Monthly,Partner,8.3,159.04,Churned,2023-10-01,Too expensive,6,6.0,2023-09-14,10,6,1,2023-04,10.0,0,15.904,1908.48,0.42206666666666665,Medium (30-45%),0.3413333333333333,0.3333333333333333,6.0,159.04,954.24
CUST-10189,2023-04-16,Enterprise,Financial Services,Germany,Europe,1-50,11.0,Monthly,Paid Search,12.3,1333.12,Active,,,21,8.0,2024-12-04,24,21,0,2023-04,11.0,0,121.19272727272727,15997.439999999999,0.49923333333333336,High (>45%),0.3962666666666667,0.3333333333333333,8.0,1819.8500000000001,27995.519999999997
CUST-10190,2023-04-16,Starter,Healthcare,United States,North America,51-200,11.0,Monthly,Referral,6.6,172.29,Churned,2023-09-01,Too expensive,5,6.0,2023-08-26,12,5,1,2023-04,11.0,0,15.662727272727272,2067.48,0.37502,Medium (30-45%),0.42460000000000003,0.6666666666666666,6.0,179.76333333333332,861.4499999999999
CUST-10191,2023-04-16,Starter,Financial Services,United States,North America,1-50,2.0,Monthly,Events,10.3,70.53,Churned,2024-10-01,Business priorities changed,18,7.0,2024-09-20,1,18,1,2023-04,2.0,0,35.265,846.36,0.08117777777777778,Low (<30% seats used),0.03,0.3333333333333333,7.0,59.76,1269.54
CUST-10192,2023-04-17,Starter,Manufacturing,Spain,Europe,51-200,6.0,Annual,Outbound Sales,9.8,113.94,Churned,2023-09-01,Too expensive,5,8.0,2023-08-14,8,5,1,2023-04,6.0,0,18.99,1367.28,0.7129399999999999,High (>45%),0.6807333333333333,1.3333333333333333,7.333333333333333,131.98333333333332,569.7
CUST-10193,2023-04-17,Business,Technology,United States,North America,1-50,5.0,Monthly,Partner,18.0,530.2,Churned,2024-06-01,Poor support experience,14,3.0,2024-05-11,6,14,1,2023-04,5.0,0,106.04,6362.400000000001,0.12675714285714285,Low (<30% seats used),0.20653333333333335,1.3333333333333333,2.6666666666666665,538.9466666666667,7422.800000000001
CUST-10194,2023-04-18,Business,Financial Services,Spain,Europe,1-50,6.0,Monthly,Referral,2.0,587.16,Churned,2023-06-01,Missing features,2,8.0,2023-05-01,7,2,1,2023-04,6.0,0,97.86,7045.92,0.39735,Medium (30-45%),0.39735,1.5,8.0,602.8399999999999,1174.32
CUST-10195,2023-04-18,Growth,Technology,Brazil,Latin America,51-200,7.0,Monthly,Organic,1.5,300.69,Active,,,21,10.0,2024-12-02,11,21,0,2023-04,7.0,0,42.955714285714286,3608.2799999999997,0.9232666666666667,High (>45%),1.0,1.6666666666666667,10.0,372.92333333333335,6314.49
CUST-10196,2023-04-18,Starter,Media,Brazil,Latin America,1-50,4.0,Monthly,Paid Search,5.2,94.5,Churned,2024-06-01,Low adoption / unused seats,14,,2024-05-24,4,14,1,2023-04,4.0,0,23.625,1134.0,0.2726571428571429,Low (<30% seats used),0.0893,2.3333333333333335,7.666666666666667,90.71,1323.0
CUST-10197,2023-04-18,Starter,Retail,Brazil,Latin America,201-1000,13.0,Annual,Paid Search,6.5,194.86,Churned,2023-09-01,Missing features,5,10.0,2023-08-17,16,5,1,2023-04,13.0,0,14.98923076923077,2338.32,0.5722400000000001,High (>45%),0.5185333333333334,1.6666666666666667,10.0,224.78,974.3000000000001
CUST-10198,2023-04-20,Business,Education,United States,North America,201-1000,74.0,Annual,Referral,9.0,2553.88,Active,,,21,10.0,2024-12-18,82,21,0,2023-04,74.0,0,34.51189189189189,30646.56,0.5950666666666666,High (>45%),0.7118333333333333,0.3333333333333333,10.0,2845.08,53631.48
CUST-10199,2023-04-20,Growth,Healthcare,Australia,Asia Pacific,51-200,10.0,Monthly,Events,14.0,338.2,Active,,,21,7.0,2024-12-06,25,21,0,2023-04,10.0,0,33.82,4058.3999999999996,0.06543809523809523,Low (<30% seats used),0.03,1.3333333333333333,7.0,634.6133333333333,7102.2
CUST-10200,2023-04-20,Growth,Retail,Germany,Europe,1-50,3.0,Annual,Partner,13.1,206.35,Active,,,21,9.0,2024-12-15,3,21,0,2023-04,3.0,0,68.78333333333333,2476.2,0.10206666666666668,Low (<30% seats used),0.031199999999999995,1.6666666666666667,9.0,206.35,4333.349999999999
CUST-10201,2023-04-21,Enterprise,Technology,Japan,Asia Pacific,1-50,15.0,Monthly,Referral,9.5,1509.88,Active,,,21,10.0,2024-12-16,25,21,0,2023-04,15.0,0,100.65866666666668,18118.56,0.362252380952381,Medium (30-45%),0.4245333333333334,0.0,10.0,1876.3999999999999,31707.480000000003
CUST-10202,2023-04-22,Growth,Technology,United Kingdom,Europe,1-50,4.0,Monthly,Paid Search,4.8,232.78,Active,,,21,7.0,2024-12-03,3,21,0,2023-04,4.0,0,58.195,2793.36,0.16190000000000002,Low (<30% seats used),0.03,0.6666666666666666,7.333333333333333,211.83,4888.38
CUST-10203,2023-04-22,Growth,Education,Germany,Europe,201-1000,34.0,Monthly,Organic,5.7,854.36,Churned,2023-11-01,,7,5.0,2023-10-07,38,7,1,2023-04,34.0,0,25.128235294117648,10252.32,0.04409999999999999,Low (<30% seats used),0.03,2.0,5.333333333333333,888.94,5980.52
CUST-10204,2023-04-22,Business,Manufacturing,Spain,Europe,1000+,289.0,Monthly,Organic,12.0,8537.24,Active,,,21,9.0,2024-12-08,668,21,0,2023-04,289.0,0,29.54062283737024,102446.88,0.5236285714285714,High (>45%),0.4341,3.0,9.0,18918.893333333333,179282.04
CUST-10205,2023-04-22,Starter,Education,Germany,Europe,51-200,5.0,Monthly,Outbound Sales,11.3,102.22,Churned,2023-09-01,Low adoption / unused seats,5,9.0,2023-08-16,4,5,1,2023-04,5.0,0,20.444,1226.6399999999999,0.36658,Medium (30-45%),0.3852,1.3333333333333333,9.0,91.58,511.1
CUST-10206,2023-04-23,Business,Education,Mexico,Latin America,1-50,7.0,Monthly,Paid Search,7.4,606.42,Churned,2023-07-01,,3,10.0,2023-06-15,9,3,1,2023-04,7.0,0,86.63142857142857,7277.039999999999,0.36043333333333333,Medium (30-45%),0.36043333333333333,2.3333333333333335,10.0,636.0566666666667,1819.2599999999998
CUST-10207,2023-04-23,Business,Healthcare,Mexico,Latin America,1-50,5.0,Monthly,Paid Search,3.2,553.88,Active,,,21,9.0,2024-12-09,9,21,0,2023-04,5.0,0,110.776,6646.5599999999995,0.39354761904761904,Medium (30-45%),0.5019333333333333,0.3333333333333333,9.333333333333334,667.4566666666666,11631.48
CUST-10208,2023-04-23,Business,Healthcare,Canada,North America,201-1000,52.0,Monthly,Outbound Sales,17.1,1778.46,Churned,2023-12-01,Low adoption / unused seats,8,,2023-11-15,47,8,1,2023-04,52.0,0,34.201153846153844,21341.52,0.8995875,High (>45%),0.9601000000000001,1.3333333333333333,9.0,1654.6599999999999,14227.68
CUST-10209,2023-04-24,Business,Logistics,United States,North America,51-200,25.0,Monthly,Paid Search,1.6,1186.2,Active,,,21,5.0,2024-12-26,123,21,0,2023-04,25.0,0,47.448,14234.400000000001,0.7200761904761905,High (>45%),0.7702,1.0,4.666666666666667,3967.6366666666668,24910.2
CUST-10210,2023-04-24,Starter,Retail,United States,North America,201-1000,13.0,Monthly,Paid Search,12.9,184.88,Churned,2023-05-01,Low adoption / unused seats,1,7.0,2023-04-17,14,1,1,2023-04,13.0,0,14.221538461538461,2218.56,0.4334,Medium (30-45%),0.4334,1.0,7.0,195.33,184.88
CUST-10211,2023-04-25,Starter,Healthcare,Germany,Europe,1-50,3.0,Monthly,Partner,11.6,80.82,Active,,,21,10.0,2024-12-25,2,21,0,2023-04,3.0,0,26.939999999999998,969.8399999999999,0.6469761904761905,High (>45%),0.8299666666666666,0.3333333333333333,10.0,73.75333333333333,1697.2199999999998
CUST-10212,2023-04-25,Growth,Logistics,Mexico,Latin America,1000+,104.0,Annual,Organic,13.5,2128.12,Churned,2024-07-01,Low adoption / unused seats,15,5.0,,67,15,1,2023-04,104.0,0,20.462692307692308,25537.44,0.25838666666666665,Low (<30% seats used),0.2449333333333333,1.0,5.333333333333333,1462.07,31921.8
CUST-10213,2023-04-26,Starter,Financial Services,Brazil,Latin America,1-50,8.0,Monthly,Paid Search,6.3,138.95,Churned,2024-07-01,Poor support experience,15,5.0,2024-06-19,16,15,1,2023-04,8.0,0,17.36875,1667.3999999999999,0.42669333333333337,Medium (30-45%),0.42906666666666665,0.6666666666666666,5.0,221.40666666666667,2084.25
CUST-10214,2023-04-26,Growth,Technology,United States,North America,1-50,10.0,Monthly,Events,12.4,341.72,Churned,2023-06-01,Low adoption / unused seats,2,6.0,2023-05-12,10,2,1,2023-04,10.0,0,34.172000000000004,4100.64,0.5896,High (>45%),0.5896,2.0,6.0,341.72,683.44
CUST-10215,2023-04-26,Growth,Logistics,India,Asia Pacific,51-200,52.0,Monthly,Paid Search,9.9,1179.74,Churned,2023-11-01,Too expensive,7,9.0,2023-10-05,54,7,1,2023-04,52.0,0,22.68730769230769,14156.880000000001,0.4714714285714286,High (>45%),0.3809666666666667,1.6666666666666667,8.666666666666666,1219.39,8258.18
CUST-10216,2023-04-27,Growth,Healthcare,United States,North America,51-200,9.0,Monthly,Partner,19.3,308.79,Churned,2024-03-01,Missing features,11,7.0,2024-02-10,7,11,1,2023-04,9.0,0,34.31,3705.4800000000005,0.27581818181818185,Low (<30% seats used),0.25656666666666667,0.6666666666666666,7.333333333333333,273.28,3396.69
CUST-10217,2023-04-27,Growth,Retail,Germany,Europe,51-200,29.0,Annual,Partner,11.7,712.35,Active,,,21,3.0,2024-12-10,27,21,0,2023-04,29.0,0,24.563793103448276,8548.2,0.34606190476190474,Medium (30-45%),0.03,2.6666666666666665,3.3333333333333335,679.9766666666666,14959.35
CUST-10218,2023-04-28,Starter,Logistics,India,Asia Pacific,1-50,4.0,Monthly,Events,11.9,91.29,Churned,2023-10-01,Missing features,6,7.0,2023-09-07,4,6,1,2023-04,4.0,0,22.8225,1095.48,0.18286666666666665,Low (<30% seats used),0.20326666666666668,1.0,7.0,91.29,547.74
CUST-10219,2023-04-28,Business,Financial Services,Spain,Europe,1-50,14.0,Monthly,Paid Search,1.7,839.38,Churned,2024-01-01,Missing features,9,7.0,2023-12-23,12,9,1,2023-04,14.0,0,59.955714285714286,10072.56,0.40428888888888886,Medium (30-45%),0.37779999999999997,0.6666666666666666,7.0,776.4699999999999,7554.42
CUST-10220,2023-04-28,Business,Technology,United Kingdom,Europe,1000+,174.0,Monthly,Organic,3.3,5783.26,Active,,,21,4.0,2024-12-19,113,21,0,2023-04,174.0,0,33.23712643678161,69399.12,0.04861904761904762,Low (<30% seats used),0.03,2.0,4.666666666666667,4122.593333333333,121448.46
CUST-10221,2023-04-28,Business,Retail,United States,North America,201-1000,19.0,Annual,Referral,7.5,961.4,Active,,,21,7.0,2024-12-11,25,21,0,2023-04,19.0,0,50.6,11536.8,0.4200714285714286,Medium (30-45%),0.5787333333333334,0.3333333333333333,7.0,1109.3999999999999,20189.399999999998
CUST-10222,2023-05-01,Enterprise,Healthcare,Germany,Europe,51-200,74.0,Monthly,Referral,8.1,3959.27,Active,,,20,5.0,2024-12-22,88,20,0,2023-05,74.0,0,53.50364864864865,47511.24,0.10933,Low (<30% seats used),0.03,2.6666666666666665,4.666666666666667,4552.026666666667,79185.4
CUST-10223,2023-05-01,Starter,Healthcare,United States,North America,1-50,5.0,Monthly,Organic,0.0,109.0,Churned,2023-11-01,Missing features,6,,2023-10-27,5,6,1,2023-05,5.0,0,21.8,1308.0,0.5757666666666666,High (>45%),0.5527333333333333,2.3333333333333335,6.333333333333333,109.0,654.0
CUST-10224,2023-05-02,Business,Manufacturing,India,Asia Pacific,1-50,7.0,Monthly,Referral,6.1,609.34,Churned,2024-04-01,Missing features,11,,2024-03-26,6,11,1,2023-05,7.0,0,87.04857142857144,7312.08,0.8291272727272727,High (>45%),0.8230333333333334,1.0,5.333333333333333,579.29,6702.740000000001
CUST-10225,2023-05-02,Starter,Technology,United States,North America,1-50,1.0,Monthly,Organic,0.0,61.0,Active,,,20,7.0,2024-12-14,1,20,0,2023-05,1.0,0,61.0,732.0,0.071355,Low (<30% seats used),0.03,1.0,6.666666666666667,61.0,1220.0
CUST-10226,2023-05-03,Business,Financial Services,Brazil,Latin America,51-200,10.0,Monthly,Paid Search,5.3,702.04,Active,,,20,3.0,2024-12-22,19,20,0,2023-05,10.0,0,70.204,8424.48,0.104925,Low (<30% seats used),0.03,0.3333333333333333,3.0,964.6766666666666,14040.8
CUST-10227,2023-05-04,Business,Retail,United Kingdom,Europe,1000+,295.0,Annual,Outbound Sales,17.8,8158.68,Active,,,20,7.0,2024-12-27,384,20,0,2023-05,295.0,0,27.656542372881358,97904.16,0.26144,Low (<30% seats used),0.3314333333333333,1.0,7.333333333333333,10438.36,163173.6
CUST-10228,2023-05-04,Business,Technology,Germany,Europe,1-50,11.0,Monthly,Outbound Sales,11.3,711.22,Active,,,20,5.0,,6,20,0,2023-05,11.0,0,64.65636363636364,8534.64,0.243105,Low (<30% seats used),0.03623333333333333,1.3333333333333333,5.0,588.2266666666667,14224.400000000001
CUST-10229,2023-05-04,Growth,Technology,France,Europe,1000+,183.0,Annual,Referral,9.9,3776.43,Active,,,20,8.0,2024-12-19,161,20,0,2023-05,183.0,0,20.63622950819672,45317.159999999996,0.30825,Medium (30-45%),0.15333333333333332,0.6666666666666666,8.0,3280.873333333333,75528.59999999999
CUST-10230,2023-05-05,Business,Healthcare,Mexico,Latin America,1-50,7.0,Monthly,Partner,14.0,591.64,Churned,2023-10-01,Switched to competitor,5,3.0,2023-09-04,8,5,1,2023-05,7.0,0,84.52,7099.68,0.22676,Low (<30% seats used),0.19893333333333332,2.0,3.0,619.16,2958.2
CUST-10231,2023-05-05,Starter,Financial Services,Australia,Asia Pacific,1-50,1.0,Monthly,Partner,15.8,59.1,Active,,,20,10.0,2024-12-09,1,20,0,2023-05,1.0,0,59.1,709.2,0.927895,High (>45%),1.0,0.6666666666666666,10.0,59.1,1182.0
CUST-10232,2023-05-05,Growth,Manufacturing,United States,North America,51-200,6.0,Monthly,Partner,15.7,260.28,Churned,2024-07-01,Low adoption / unused seats,14,7.0,,5,14,1,2023-05,6.0,0,43.379999999999995,3123.3599999999997,0.04385,Low (<30% seats used),0.03,2.3333333333333335,7.0,241.73,3643.9199999999996
CUST-10233,2023-05-05,Growth,Manufacturing,United Kingdom,Europe,201-1000,,Annual,Partner,20.1,711.5,Churned,2024-04-01,Company downsizing,11,7.0,2024-03-15,30,11,1,2023-05,30.0,1,23.716666666666665,8538.0,0.9680545454545455,High (>45%),1.0,0.6666666666666666,7.0,664.62,7826.5
CUST-10234,2023-05-06,Growth,Education,United Kingdom,Europe,1-50,5.0,Monthly,Paid Search,13.1,244.59,Active,,,20,7.0,2024-12-09,7,20,0,2023-05,5.0,0,48.918,2935.08,0.22174,Low (<30% seats used),0.03,1.0,6.666666666666667,282.83,4891.8
CUST-10235,2023-05-07,Business,Technology,Canada,North America,51-200,28.0,Annual,Paid Search,18.9,1125.66,Churned,2023-06-01,Poor support experience,1,9.0,2023-05-03,31,1,1,2023-05,28.0,0,40.20214285714286,13507.920000000002,0.2355,Low (<30% seats used),0.2355,0.0,9.0,1203.51,1125.66
CUST-10236,2023-05-07,Starter,Manufacturing,United States,North America,51-200,5.0,Annual,Paid Search,3.0,107.2,Churned,2024-11-01,Too expensive,18,8.0,2024-10-19,3,18,1,2023-05,5.0,0,21.44,1286.4,0.44901111111111114,Medium (30-45%),0.3796333333333333,2.0,8.0,87.8,1929.6000000000001
CUST-10237,2023-05-09,Starter,Healthcare,United Kingdom,Europe,1-50,2.0,Monthly,Organic,0.0,73.0,Churned,2023-06-01,,1,7.0,2023-05-04,2,1,1,2023-05,2.0,0,36.5,876.0,0.7399,High (>45%),0.7399,1.0,7.0,73.0,73.0
CUST-10238,2023-05-09,Business,Financial Services,Germany,Europe,1-50,4.0,Monthly,Referral,3.3,522.78,Active,,,20,10.0,2024-12-15,7,20,0,2023-05,4.0,0,130.695,6273.36,0.52264,High (>45%),0.23473333333333335,0.3333333333333333,9.666666666666666,615.61,10455.599999999999
CUST-10239,2023-05-09,Business,Technology,United States,North America,51-200,21.0,Annual,Referral,1.1,1063.61,Active,,,20,,2024-12-19,17,20,0,2023-05,21.0,0,50.64809523809523,12763.32,0.24725999999999998,Low (<30% seats used),0.10723333333333333,1.3333333333333333,7.333333333333333,937.02,21272.199999999997
CUST-10240,2023-05-09,Growth,Manufacturing,United States,North America,201-1000,61.0,Annual,Referral,4.7,1427.93,Active,,,20,6.0,2024-12-15,42,20,0,2023-05,61.0,0,23.408688524590165,17135.16,0.49481,High (>45%),0.3822666666666667,0.3333333333333333,6.0,1064.5133333333333,28558.600000000002
CUST-10241,2023-05-10,Starter,Retail,India,Asia Pacific,1000+,89.0,Annual,Outbound Sales,16.8,937.58,Active,,,20,6.0,2024-12-25,47,20,0,2023-05,89.0,0,10.534606741573034,11250.960000000001,0.714685,High (>45%),0.8188666666666666,1.0,6.0,548.1999999999999,18751.600000000002
CUST-10242,2023-05-11,Growth,Healthcare,France,Europe,1-50,8.0,Monthly,Referral,1.9,321.66,Churned,2024-08-01,Switched to competitor,15,6.0,2024-07-22,13,15,1,2023-05,8.0,0,40.2075,3859.92,0.19392666666666666,Low (<30% seats used),0.06626666666666667,1.3333333333333333,5.333333333333333,422.3733333333333,4824.900000000001
CUST-10243,2023-05-11,Business,Healthcare,United States,North America,1000+,163.0,Annual,Organic,8.4,5176.86,Churned,2024-06-01,Missing features,13,6.0,2024-05-14,172,13,1,2023-05,163.0,0,31.759877300613496,62122.31999999999,0.03338461538461539,Low (<30% seats used),0.03,1.6666666666666667,5.666666666666667,5587.223333333332,67299.18
CUST-10244,2023-05-12,Starter,Logistics,United States,North America,51-200,13.0,Monthly,Partner,20.8,172.55,Churned,2024-08-01,Missing features,15,5.0,2024-07-09,16,15,1,2023-05,13.0,0,13.273076923076925,2070.6000000000004,0.5490200000000001,High (>45%),0.4749666666666667,2.0,6.0,191.56000000000003,2588.25
CUST-10245,2023-05-12,Business,Retail,Germany,Europe,1-50,2.0,Monthly,Referral,0.0,463.0,Churned,2024-03-01,Low adoption / unused seats,10,8.0,2024-02-08,2,10,1,2023-05,2.0,0,231.5,5556.0,0.54688,High (>45%),0.6633333333333333,0.0,8.0,463.0,4630.0
CUST-10246,2023-05-12,Enterprise,Manufacturing,United Kingdom,Europe,201-1000,90.0,Annual,Organic,5.2,4738.4,Active,,,20,9.0,2024-12-02,104,20,0,2023-05,90.0,0,52.648888888888884,56860.799999999996,0.698185,High (>45%),0.6555666666666666,0.3333333333333333,9.0,5193.44,94768.0
CUST-10247,2023-05-13,Business,Education,United Kingdom,Europe,1-50,12.0,Monthly,Partner,13.8,730.01,Churned,2024-01-01,Company downsizing,8,6.0,2023-12-14,10,8,1,2023-05,12.0,0,60.83416666666667,8760.119999999999,0.19540000000000002,Low (<30% seats used),0.20593333333333333,0.3333333333333333,6.0,702.4233333333333,5840.08
CUST-10248,2023-05-14,Enterprise,Manufacturing,France,Europe,1-50,7.0,Monthly,Paid Search,3.5,1202.97,Churned,2023-07-01,Poor support experience,2,6.0,,7,2,1,2023-05,7.0,0,171.85285714285715,14435.64,0.35885,Medium (30-45%),0.35885,0.5,5.5,1202.97,2405.94
CUST-10249,2023-05-14,Growth,Healthcare,Japan,Asia Pacific,1-50,3.0,Monthly,Partner,17.2,203.65,Churned,2024-10-01,Missing features,17,8.0,2024-09-24,2,17,1,2023-05,3.0,0,67.88333333333334,2443.8,0.29208823529411765,Low (<30% seats used),0.37966666666666665,0.6666666666666666,8.333333333333334,185.42999999999998,3462.05
CUST-10250,2023-05-14,Growth,Technology,United States,North America,1-50,9.0,Monthly,Paid Search,14.3,318.69,Churned,2023-06-01,Too expensive,1,,2023-05-19,10,1,1,2023-05,9.0,0,35.41,3824.2799999999997,0.0397,Low (<30% seats used),0.0397,2.0,6.0,337.54,318.69
CUST-10251,2023-05-14,Starter,Healthcare,United States,North America,51-200,19.0,Monthly,Referral,7.9,258.99,Churned,2023-08-01,Low adoption / unused seats,3,,2023-07-05,20,3,1,2023-05,19.0,0,13.631052631578948,3107.88,0.24456666666666668,Low (<30% seats used),0.24456666666666668,0.0,9.0,262.67333333333335,776.97
CUST-10252,2023-05-14,Starter,Healthcare,Canada,North America,1-50,2.0,Monthly,Outbound Sales,14.3,69.57,Churned,2024-02-01,Business priorities changed,9,9.0,2024-01-27,2,9,1,2023-05,2.0,0,34.785,834.8399999999999,0.4534444444444445,High (>45%),0.49793333333333334,0.6666666666666666,8.666666666666666,69.57,626.1299999999999
CUST-10253,2023-05-15,Growth,Technology,Singapore,Asia Pacific,51-200,16.0,Annual,Organic,2.3,492.9,Active,,,20,9.0,2024-12-22,16,20,0,2023-05,16.0,0,30.80625,5914.799999999999,0.040889999999999996,Low (<30% seats used),0.03,0.3333333333333333,9.0,492.8999999999999,9858.0
CUST-10254,2023-05-16,Growth,Technology,United States,North America,1-50,2.0,Annual,Paid Search,4.3,191.11,Active,,,20,10.0,2024-12-19,2,20,0,2023-05,2.0,0,95.555,2293.32,0.76391,High (>45%),0.7901666666666666,2.3333333333333335,10.0,191.11,3822.2000000000003
CUST-10255,2023-05-16,Growth,Manufacturing,India,Asia Pacific,1000+,58.0,Annual,Referral,10.1,1296.12,Active,,,20,7.0,2024-12-06,49,20,0,2023-05,58.0,0,22.346896551724136,15553.439999999999,0.36384,Medium (30-45%),0.5166666666666667,2.0,7.666666666666667,1098.3433333333332,25922.399999999998
CUST-10256,2023-05-16,Growth,Manufacturing,United States,North America,51-200,18.0,Monthly,Organic,0.0,545.0,Churned,2024-04-01,Too expensive,11,8.0,2024-03-02,15,11,1,2023-05,18.0,0,30.27777777777778,6540.0,0.5666181818181818,High (>45%),0.7362000000000001,1.0,8.0,501.0,5995.0
CUST-10257,2023-05-17,Enterprise,Financial Services,Spain,Europe,51-200,180.0,Monthly,Paid Search,13.6,7897.4,Active,,,20,5.0,2024-12-14,187,20,0,2023-05,180.0,0,43.87444444444444,94768.79999999999,0.13415,Low (<30% seats used),0.12053333333333334,0.3333333333333333,5.0,7975.16,157948.0
CUST-10258,2023-05-17,Growth,Education,Germany,Europe,1-50,3.0,Monthly,Organic,0.0,215.0,Churned,2024-03-01,Poor support experience,10,9.0,,2,10,1,2023-05,3.0,0,71.66666666666667,2580.0,0.37235999999999997,Medium (30-45%),0.3236,0.0,9.0,193.0,2150.0
CUST-10259,2023-05-17,Starter,Retail,United States,North America,1-50,5.0,Monthly,Events,5.9,105.46,Active,,,20,,2024-12-19,6,20,0,2023-05,5.0,0,21.092,1265.52,0.302045,Medium (30-45%),0.1358,1.0,3.0,120.51333333333332,2109.2
CUST-10260,2023-05-17,Business,Logistics,India,Asia Pacific,1000+,440.0,Annual,Organic,7.3,13451.16,Active,,,20,6.0,2024-12-20,564,20,0,2023-05,440.0,0,30.570818181818183,161413.91999999998,0.10943499999999999,Low (<30% seats used),0.03,1.6666666666666667,5.666666666666667,17040.506666666668,269023.2
CUST-10261,2023-05-18,Growth,Healthcare,India,Asia Pacific,201-1000,34.0,Annual,Partner,18.7,757.12,Churned,2024-01-01,Too expensive,8,8.0,2023-12-21,29,8,1,2023-05,34.0,0,22.26823529411765,9085.44,0.32558750000000003,Medium (30-45%),0.3122666666666667,0.6666666666666666,8.0,673.6533333333333,6056.96
CUST-10262,2023-05-18,Growth,Technology,Germany,Europe,201-1000,30.0,Annual,Events,19.3,681.62,Churned,2024-09-01,Missing features,16,,2024-08-15,31,16,1,2023-05,30.0,0,22.720666666666666,8179.4400000000005,0.48038125,High (>45%),0.34463333333333335,1.3333333333333333,5.0,693.4533333333334,10905.92
CUST-10263,2023-05-18,Business,Healthcare,United States,North America,51-200,20.0,Annual,Partner,15.2,941.72,Active,,,20,5.0,2024-12-17,17,20,0,2023-05,20.0,0,47.086,11300.64,0.202345,Low (<30% seats used),0.2081666666666667,1.6666666666666667,5.0,860.31,18834.4
CUST-10264,2023-05-18,Business,Technology,Spain,Europe,51-200,25.0,Monthly,Paid Search,10.5,1115.0,Active,,,20,,2024-12-23,28,20,0,2023-05,25.0,0,44.6,13380.0,0.07465,Low (<30% seats used),0.0335,0.6666666666666666,8.0,1258.2,22300.0
CUST-10265,2023-05-19,Growth,Retail,United Kingdom,Europe,51-200,6.0,Annual,Outbound Sales,9.8,268.06,Active,,,20,4.0,2024-12-03,3,20,0,2023-05,6.0,0,44.67666666666667,3216.7200000000003,0.114395,Low (<30% seats used),0.03,1.6666666666666667,3.3333333333333335,208.53,5361.2
CUST-10266,2023-05-19,Enterprise,Retail,Japan,Asia Pacific,201-1000,69.0,Annual,Events,20.5,3367.47,Churned,2023-08-01,Low adoption / unused seats,3,,2023-07-01,59,3,1,2023-05,69.0,0,48.80391304347826,40409.64,0.0804,Low (<30% seats used),0.0804,1.0,9.0,3140.9,10102.41
CUST-10267,2023-05-20,Growth,Retail,Canada,North America,51-200,5.0,Monthly,Organic,9.4,248.66,Active,,,20,7.0,2024-12-10,8,20,0,2023-05,5.0,0,49.732,2983.92,0.21797,Low (<30% seats used),0.18106666666666668,1.3333333333333333,7.0,301.81333333333333,4973.2
CUST-10268,2023-05-20,Starter,Retail,Canada,North America,1-50,4.0,Monthly,Paid Search,5.8,94.22,Churned,2023-07-01,Switched to competitor,2,,2023-06-21,4,2,1,2023-05,4.0,0,23.555,1130.6399999999999,0.0968,Low (<30% seats used),0.0968,3.5,7.5,94.22,188.44
CUST-10269,2023-05-20,Growth,Financial Services,United States,North America,1-50,4.0,Annual,Partner,17.9,221.25,Churned,2024-05-01,Poor support experience,12,5.0,2024-04-01,6,12,1,2023-05,4.0,0,55.3125,2655.0,0.17026666666666668,Low (<30% seats used),0.16243333333333335,0.0,5.0,245.33,2655.0
CUST-10270,2023-05-20,Starter,Financial Services,United Kingdom,Europe,201-1000,7.0,Monthly,Partner,18.5,117.46,Churned,2023-08-01,Poor support experience,3,4.0,2023-07-05,7,3,1,2023-05,7.0,0,16.779999999999998,1409.52,0.13546666666666665,Low (<30% seats used),0.13546666666666665,3.6666666666666665,4.666666666666667,114.2,352.38
CUST-10271,2023-05-20,Enterprise,Healthcare,Germany,Europe,51-200,101.0,Annual,Events,9.9,4994.05,Churned,2024-06-01,Too expensive,13,6.0,2024-05-10,74,13,1,2023-05,101.0,0,49.4460396039604,59928.600000000006,0.1296,Low (<30% seats used),0.04123333333333334,1.0,5.666666666666667,3831.7566666666667,64922.65
CUST-10272,2023-05-21,Growth,Healthcare,France,Europe,1000+,79.0,Annual,Paid Search,14.0,1643.68,Active,,,20,5.0,2024-12-16,117,20,0,2023-05,79.0,0,20.806075949367088,19724.16,0.07292499999999999,Low (<30% seats used),0.03,2.0,4.666666666666667,2331.1066666666666,32873.6
CUST-10273,2023-05-21,Enterprise,Technology,Germany,Europe,51-200,14.0,Monthly,Referral,5.0,1497.5,Active,,,20,6.0,2024-12-24,44,20,0,2023-05,14.0,0,106.96428571428571,17970.0,0.287195,Low (<30% seats used),0.2989,1.3333333333333333,6.0,2680.25,29950.0
CUST-10274,2023-05-21,Business,Technology,United States,North America,1000+,271.0,Annual,Partner,25.9,6824.95,Active,,,20,9.0,2024-12-10,171,20,0,2023-05,271.0,0,25.18431734317343,81899.4,0.7308950000000001,High (>45%),1.0,0.6666666666666666,9.0,4746.2,136499.0
CUST-10275,2023-05-22,Starter,Education,Mexico,Latin America,1000+,57.0,Annual,Organic,4.8,700.17,Active,,,20,,2024-12-25,69,20,0,2023-05,57.0,0,12.283684210526316,8402.039999999999,0.45031499999999997,High (>45%),0.48323333333333335,0.6666666666666666,5.666666666666667,825.8333333333334,14003.4
CUST-10276,2023-05-22,Starter,Education,Spain,Europe,51-200,9.0,Annual,Organic,3.9,152.79,Churned,2023-06-01,Switched to competitor,1,6.0,2023-05-25,9,1,1,2023-05,9.0,0,16.976666666666667,1833.48,0.4266,Medium (30-45%),0.4266,4.0,6.0,152.79,152.79
CUST-10277,2023-05-23,Growth,Education,United States,North America,201-1000,33.0,Annual,Referral,9.7,804.58,Active,,,20,3.0,2024-12-22,27,20,0,2023-05,33.0,0,24.381212121212123,9654.960000000001,0.222125,Low (<30% seats used),0.0974,1.6666666666666667,3.0,705.2466666666666,16091.6
CUST-10278,2023-05-23,Business,Education,United States,North America,1-50,9.0,Monthly,Paid Search,5.9,670.01,Churned,2023-08-01,Too expensive,3,3.0,2023-07-08,9,3,1,2023-05,9.0,0,74.44555555555556,8040.12,0.3680666666666667,Medium (30-45%),0.3680666666666667,2.6666666666666665,2.6666666666666665,670.01,2010.03
CUST-10279,2023-05-23,Business,Healthcare,United Kingdom,Europe,51-200,18.0,Monthly,Organic,1.1,968.66,Active,,,20,7.0,2024-12-03,11,20,0,2023-05,18.0,0,53.81444444444444,11623.92,0.31643,Medium (30-45%),0.18476666666666666,2.3333333333333335,6.666666666666667,768.23,19373.2
CUST-10280,2023-05-23,Growth,Healthcare,India,Asia Pacific,1-50,10.0,Monthly,Paid Search,7.8,351.84,Churned,2024-08-01,Low adoption / unused seats,15,6.0,,13,15,1,2023-05,10.0,0,35.184,4222.08,0.40815999999999997,Medium (30-45%),0.27806666666666663,0.0,6.333333333333333,419.4533333333334,5277.599999999999
CUST-10281,2023-05-23,Business,Technology,Singapore,Asia Pacific,201-1000,47.0,Monthly,Organic,2.1,1871.42,Active,,,20,,2024-12-24,98,20,0,2023-05,47.0,0,39.81744680851064,22457.04,0.480175,High (>45%),0.5747333333333333,1.6666666666666667,4.333333333333333,3437.816666666667,37428.4
CUST-10282,2023-05-24,Starter,Technology,India,Asia Pacific,1-50,1.0,Monthly,Organic,1.3,60.84,Active,,,20,10.0,2024-12-25,1,20,0,2023-05,1.0,0,60.84,730.08,0.68541,High (>45%),0.9959333333333333,0.3333333333333333,10.0,60.84,1216.8000000000002
CUST-10283,2023-05-24,Starter,Retail,United States,North America,1-50,2.0,Monthly,Organic,0.0,73.0,Churned,2024-10-01,Too expensive,17,8.0,2024-09-06,2,17,1,2023-05,2.0,0,36.5,876.0,0.517729411764706,High (>45%),0.39686666666666665,0.0,8.0,73.0,1241.0
CUST-10284,2023-05-25,Starter,Media,Brazil,Latin America,1000+,105.0,Monthly,Outbound Sales,24.7,997.78,Churned,2024-08-01,Too expensive,15,,2024-07-05,209,15,1,2023-05,105.0,0,9.502666666666666,11973.36,0.2596333333333333,Low (<30% seats used),0.09449999999999999,3.6666666666666665,7.0,1862.2233333333334,14966.699999999999
CUST-10285,2023-05-25,Growth,Retail,United Kingdom,Europe,1-50,2.0,Monthly,Paid Search,5.7,190.49,Churned,2023-06-01,Low adoption / unused seats,1,5.0,2023-05-06,2,1,1,2023-05,2.0,0,95.245,2285.88,0.03,Low (<30% seats used),0.03,3.0,5.0,190.49,190.49
CUST-10286,2023-05-25,Business,Technology,India,Asia Pacific,1-50,7.0,Monthly,Organic,4.0,614.04,Churned,2023-06-01,Switched to competitor,1,9.0,2023-05-27,7,1,1,2023-05,7.0,0,87.72,7368.48,0.0924,Low (<30% seats used),0.0924,2.0,9.0,614.04,614.04
CUST-10287,2023-05-26,Growth,Financial Services,Spain,Europe,201-1000,61.0,Annual,Partner,18.0,1249.44,Churned,2024-10-01,Business priorities changed,17,,2024-09-23,90,17,1,2023-05,61.0,0,20.482622950819675,14993.28,0.26148235294117644,Low (<30% seats used),0.10303333333333332,2.0,6.333333333333333,1676.3866666666665,21240.48
CUST-10288,2023-05-26,Growth,Technology,Spain,Europe,1-50,8.0,Monthly,Referral,5.8,314.79,Active,,,20,7.0,2024-12-01,5,20,0,2023-05,8.0,0,39.34875,3777.4800000000005,0.045540000000000004,Low (<30% seats used),0.03,1.0,7.0,252.62,6295.8
CUST-10289,2023-05-26,Starter,Retail,United States,North America,1-50,2.0,Monthly,Outbound Sales,11.6,70.22,Churned,2023-07-01,,2,5.0,2023-06-07,2,2,1,2023-05,2.0,0,35.11,842.64,0.09545000000000001,Low (<30% seats used),0.09545000000000001,3.5,5.5,70.22,140.44
CUST-10290,2023-05-28,Starter,Media,United States,North America,51-200,14.0,Annual,Organic,2.1,213.47,Active,,,20,8.0,2024-12-16,8,20,0,2023-05,14.0,0,15.247857142857143,2561.64,0.72158,High (>45%),0.6562,1.3333333333333333,8.0,146.89666666666665,4269.4
CUST-10291,2023-05-28,Starter,Financial Services,Mexico,Latin America,51-200,12.0,Annual,Referral,9.4,179.46,Churned,2023-09-01,Too expensive,4,4.0,2023-08-22,11,4,1,2023-05,12.0,0,14.955,2153.52,0.274325,Low (<30% seats used),0.28813333333333335,1.0,4.666666666666667,172.21333333333334,717.84
CUST-10292,2023-06-01,Growth,Healthcare,United States,North America,1-50,6.0,Monthly,Partner,9.7,268.2,Active,,,19,10.0,2024-12-18,2,19,0,2023-06,6.0,0,44.699999999999996,3218.3999999999996,0.43679999999999997,Medium (30-45%),0.5740999999999999,0.6666666666666666,10.0,188.73,5095.8
CUST-10293,2023-06-01,Growth,Healthcare,France,Europe,1-50,2.0,Monthly,Outbound Sales,7.1,189.88,Active,,,19,,2024-12-09,3,19,0,2023-06,2.0,0,94.94,2278.56,0.25461052631578945,Low (<30% seats used),0.1693,0.0,8.0,210.31000000000003,3607.72
CUST-10294,2023-06-01,Business,Technology,India,Asia Pacific,51-200,36.0,Monthly,Organic,8.6,1451.93,Active,,,19,9.0,2024-12-07,50,19,0,2023-06,36.0,0,40.33138888888889,17423.16,0.8726315789473683,High (>45%),0.8205666666666667,1.3333333333333333,8.666666666666666,1734.6566666666668,27586.670000000002
CUST-10295,2023-06-01,Growth,Healthcare,Germany,Europe,1-50,2.0,Monthly,Organic,0.3,192.87,Active,,,19,7.0,2024-12-19,4,19,0,2023-06,2.0,0,96.435,2314.44,0.11651578947368421,Low (<30% seats used),0.03,1.0,7.0,236.74,3664.53
CUST-10296,2023-06-01,Starter,Education,Germany,Europe,1-50,2.0,Monthly,Referral,2.2,72.47,Active,,,19,6.0,2024-12-06,3,19,0,2023-06,2.0,0,36.235,869.64,0.2722631578947368,Low (<30% seats used),0.23570000000000002,1.6666666666666667,6.333333333333333,84.21,1376.93
CUST-10297,2023-06-02,Starter,Financial Services,France,Europe,1-50,2.0,Monthly,Organic,0.0,73.0,Churned,2023-09-01,Too expensive,3,,2023-08-16,2,3,1,2023-06,2.0,0,36.5,876.0,0.1591,Low (<30% seats used),0.1591,0.0,7.0,73.0,219.0
CUST-10298,2023-06-02,Business,Retail,United States,North America,51-200,15.0,Monthly,Organic,0.0,879.0,Active,,,19,8.0,2024-12-01,13,19,0,2023-06,15.0,0,58.6,10548.0,0.5289421052631579,High (>45%),0.5845,0.3333333333333333,8.0,825.6666666666666,16701.0
CUST-10299,2023-06-02,Business,Financial Services,Brazil,Latin America,1-50,24.0,Annual,Paid Search,7.8,1107.1,Active,,,19,9.0,2024-12-22,51,19,0,2023-06,24.0,0,46.12916666666666,13285.199999999999,0.3248842105263158,Medium (30-45%),0.056299999999999996,2.6666666666666665,9.333333333333334,1834.86,21034.899999999998
CUST-10300,2023-06-03,Growth,Technology,Canada,North America,1-50,4.0,Monthly,Partner,14.7,224.06,Churned,2024-01-01,Too expensive,7,2.0,2023-12-05,6,7,1,2023-06,4.0,0,56.015,2688.7200000000003,0.12134285714285713,Low (<30% seats used),0.08616666666666667,0.6666666666666666,2.0,249.08666666666667,1568.42
CUST-10301,2023-06-04,Growth,Technology,Australia,Asia Pacific,1-50,4.0,Annual,Organic,0.0,237.0,Active,,,19,,2024-12-16,3,19,0,2023-06,4.0,0,59.25,2844.0,0.9148052631578947,High (>45%),0.9453,0.6666666666666666,6.666666666666667,215.0,4503.0
CUST-10302,2023-06-04,Starter,Technology,United Kingdom,Europe,1-50,2.0,Monthly,Referral,10.7,70.43,Active,,,19,8.0,2024-12-27,2,19,0,2023-06,2.0,0,35.215,845.1600000000001,0.8370578947368421,High (>45%),0.9580000000000001,0.6666666666666666,7.333333333333333,70.43,1338.17
CUST-10303,2023-06-04,Enterprise,Healthcare,Japan,Europe,1-50,11.0,Monthly,Events,7.1,1358.86,Active,,,19,10.0,2024-12-08,19,19,0,2023-06,11.0,0,123.53272727272726,16306.32,0.7424157894736843,High (>45%),0.8630333333333334,1.6666666666666667,10.0,1651.49,25818.339999999997
CUST-10304,2023-06-04,Business,Education,United Kingdom,Europe,51-200,39.0,Annual,Organic,0.0,1647.0,Active,,,19,6.0,2024-12-02,43,19,0,2023-06,39.0,0,42.23076923076923,19764.0,0.11923157894736842,Low (<30% seats used),0.03,2.3333333333333335,6.0,1743.0,31293.0
CUST-10305,2023-06-04,Starter,Logistics,United States,North America,51-200,10.0,Annual,Organic,1.0,167.8,Churned,2024-07-01,,13,8.0,,14,13,1,2023-06,10.0,0,16.78,2013.6000000000001,0.12304615384615383,Low (<30% seats used),0.043199999999999995,1.6666666666666667,8.0,211.35999999999999,2181.4
CUST-10306,2023-06-04,Business,Retail,United States,North America,1000+,78.0,Annual,Referral,17.6,2455.7,Active,,,19,7.0,2024-12-08,86,19,0,2023-06,78.0,0,31.48333333333333,29468.399999999998,0.3335421052631579,Medium (30-45%),0.38763333333333333,2.0,6.333333333333333,2657.8566666666666,46658.299999999996
CUST-10307,2023-06-04,Starter,Manufacturing,United Kingdom,Europe,1-50,2.0,Monthly,Organic,3.3,72.21,Churned,2023-12-01,Too expensive,6,6.0,2023-11-13,3,6,1,2023-06,2.0,0,36.105,866.52,0.11359999999999999,Low (<30% seats used),0.0768,1.0,6.666666666666667,79.94333333333333,433.26
CUST-10308,2023-06-04,Starter,Logistics,France,Europe,51-200,7.0,Monthly,Referral,9.1,125.36,Churned,2023-07-01,Too expensive,1,,2023-06-11,7,1,1,2023-06,7.0,0,17.908571428571427,1504.32,0.1796,Low (<30% seats used),0.1796,3.0,4.0,125.36,125.36
CUST-10309,2023-06-05,Enterprise,Retail,France,Europe,1-50,39.0,Monthly,Outbound Sales,5.1,2564.49,Churned,2024-03-01,,9,,2024-02-27,55,9,1,2023-06,39.0,0,65.75615384615384,30773.879999999997,0.7347444444444444,High (>45%),0.8082666666666666,1.6666666666666667,8.666666666666666,3119.6633333333334,23080.409999999996
CUST-10310,2023-06-05,Starter,Technology,United States,North America,51-200,8.0,Annual,Paid Search,6.8,138.47,Churned,2024-04-01,Low adoption / unused seats,10,10.0,2024-03-13,10,10,1,2023-06,8.0,0,17.30875,1661.6399999999999,0.62153,High (>45%),0.6933666666666666,0.3333333333333333,10.0,160.84,1384.7
CUST-10311,2023-06-06,Starter,Healthcare,United States,North America,51-200,5.0,Monthly,Paid Search,9.7,103.18,Churned,2023-08-01,Poor support experience,2,8.0,2023-07-01,5,2,1,2023-06,5.0,0,20.636000000000003,1238.16,0.59005,High (>45%),0.59005,1.5,8.0,103.18,206.36
CUST-10312,2023-06-06,Growth,Manufacturing,Germany,Europe,51-200,29.0,Annual,Organic,2.3,772.33,Active,,,19,7.0,2024-12-01,28,19,0,2023-06,29.0,0,26.63206896551724,9267.960000000001,0.5348947368421053,High (>45%),0.41146666666666665,0.6666666666666666,6.666666666666667,743.6666666666666,14674.27
CUST-10313,2023-06-06,Starter,Education,Germany,Europe,201-1000,105.0,Monthly,Events,16.1,1106.14,Active,,,19,,2024-12-05,81,19,0,2023-06,105.0,0,10.534666666666668,13273.68,0.8999578947368421,High (>45%),0.9904666666666667,0.3333333333333333,5.666666666666667,938.34,21016.660000000003
CUST-10314,2023-06-06,Starter,Manufacturing,United States,North America,1-50,3.0,Annual,Outbound Sales,17.4,78.74,Churned,2023-09-01,Too expensive,3,8.0,,3,3,1,2023-06,3.0,0,26.246666666666666,944.8799999999999,0.2469,Low (<30% seats used),0.2469,1.6666666666666667,7.666666666666667,78.74,236.21999999999997
CUST-10315,2023-06-07,Starter,Technology,Brazil,Latin America,51-200,11.0,Monthly,Paid Search,6.5,172.42,Active,,,19,9.0,2024-12-27,8,19,0,2023-06,11.0,0,15.674545454545454,2069.04,0.6318894736842106,High (>45%),0.6766,1.0,9.0,138.76,3275.9799999999996
CUST-10316,2023-06-07,Growth,Financial Services,United States,North America,1-50,5.0,Monthly,Organic,6.7,251.63,Churned,2023-10-01,Low adoption / unused seats,4,5.0,2023-09-27,6,4,1,2023-06,5.0,0,50.326,3019.56,0.22192499999999998,Low (<30% seats used),0.21946666666666667,0.3333333333333333,5.0,265.31666666666666,1006.52
CUST-10317,2023-06-08,Enterprise,Education,United States,North America,1000+,526.0,Annual,Outbound Sales,22.0,19361.6,Active,,,19,8.0,2024-12-01,747,19,0,2023-06,526.0,0,36.80912547528517,232339.19999999998,0.6401,High (>45%),0.5461333333333334,1.0,7.333333333333333,27516.5,367870.39999999997
CUST-10318,2023-06-08,Growth,Technology,Australia,Asia Pacific,51-200,15.0,Annual,Organic,0.7,476.69,Active,,,19,8.0,2024-12-11,11,19,0,2023-06,15.0,0,31.779333333333334,5720.28,0.6784,High (>45%),0.7433,0.0,7.666666666666667,403.86999999999995,9057.11
CUST-10319,2023-06-08,Business,Manufacturing,Canada,North America,1-50,,Monthly,Paid Search,12.0,596.12,Active,,,19,,2024-12-08,7,19,0,2023-06,7.0,1,85.16,7153.4400000000005,0.0989,Low (<30% seats used),0.11023333333333334,3.0,6.666666666666667,586.7333333333333,11326.28
CUST-10320,2023-06-08,Business,Retail,Singapore,Asia Pacific,51-200,23.0,Annual,Organic,1.1,1126.9,Active,,,19,7.0,2024-12-05,35,19,0,2023-06,23.0,0,48.99565217391305,13522.800000000001,0.43416315789473686,Medium (30-45%),0.6592333333333333,0.0,7.0,1538.3266666666666,21411.100000000002
CUST-10321,2023-06-08,Business,Retail,Australia,Asia Pacific,201-1000,61.0,Annual,Partner,20.2,1956.7,Churned,2024-11-01,Low adoption / unused seats,17,5.0,2024-10-08,135,17,1,2023-06,61.0,0,32.07704918032787,23480.4,0.5780705882352941,High (>45%),0.5872,1.0,4.666666666666667,3693.1433333333334,33263.9
CUST-10322,2023-06-09,Starter,Technology,United States,North America,1-50,6.0,Monthly,Outbound Sales,11.9,112.43,Churned,2023-10-01,Switched to competitor,4,4.0,2023-09-10,8,4,1,2023-06,6.0,0,18.738333333333333,1349.16,0.07162500000000001,Low (<30% seats used),0.06526666666666668,2.0,4.666666666666667,130.05333333333334,449.72
CUST-10323,2023-06-09,Starter,Technology,Australia,Asia Pacific,51-200,14.0,Monthly,Events,14.1,193.31,Active,,,19,8.0,2024-12-16,13,19,0,2023-06,14.0,0,13.807857142857143,2319.7200000000003,0.33629473684210526,Medium (30-45%),0.4557,1.3333333333333333,8.333333333333334,183.0,3672.89
CUST-10324,2023-06-10,Enterprise,Financial Services,Mexico,Latin America,1000+,847.0,Annual,Referral,11.2,34745.12,Active,,,19,6.0,2024-12-16,798,19,0,2023-06,847.0,0,41.021393152302245,416941.44000000006,0.1934842105263158,Low (<30% seats used),0.1255,2.3333333333333335,6.0,30349.52,660157.28
CUST-10325,2023-06-11,Starter,Education,India,Asia Pacific,1-50,3.0,Monthly,Organic,0.0,85.0,Active,,,19,10.0,2024-12-18,4,19,0,2023-06,3.0,0,28.333333333333332,1020.0,0.5701421052631579,High (>45%),0.5769333333333333,1.0,10.0,97.0,1615.0
CUST-10326,2023-06-11,Business,Financial Services,Singapore,Asia Pacific,1-50,9.0,Monthly,Paid Search,3.9,675.77,Active,,,19,10.0,2024-12-04,15,19,0,2023-06,9.0,0,75.08555555555556,8109.24,0.606378947368421,High (>45%),0.7938666666666667,1.6666666666666667,10.0,829.5300000000001,12839.63
CUST-10327,2023-06-12,Starter,Retail,United Kingdom,Europe,1-50,2.0,Monthly,Paid Search,3.5,72.16,Churned,2023-09-01,,3,7.0,2023-08-23,3,3,1,2023-06,2.0,0,36.08,865.92,0.6838666666666667,High (>45%),0.6838666666666667,1.0,7.0,76.02,216.48
CUST-10328,2023-06-12,Growth,Media,United States,North America,51-200,8.0,Annual,Referral,6.1,314.26,Churned,2024-02-01,Low adoption / unused seats,8,,2024-01-24,8,8,1,2023-06,8.0,0,39.2825,3771.12,0.0470875,Low (<30% seats used),0.03,1.0,4.666666666666667,314.26,2514.08
CUST-10329,2023-06-13,Enterprise,Retail,United States,North America,1-50,50.0,Monthly,Outbound Sales,11.2,2897.0,Active,,,19,8.0,2024-12-20,68,19,0,2023-06,50.0,0,57.94,34764.0,0.8337210526315789,High (>45%),0.9965999999999999,0.3333333333333333,8.0,3443.1200000000003,55043.0
CUST-10330,2023-06-14,Starter,Retail,Brazil,Latin America,1-50,1.0,Annual,Events,12.5,59.5,Churned,2023-09-01,Low adoption / unused seats,3,8.0,2023-08-19,1,3,1,2023-06,1.0,0,59.5,714.0,0.12430000000000001,Low (<30% seats used),0.12430000000000001,1.3333333333333333,8.333333333333334,59.5,178.5
CUST-10331,2023-06-15,Growth,Financial Services,United States,North America,201-1000,30.0,Monthly,Events,19.7,678.98,Active,,,19,10.0,2024-12-25,26,19,0,2023-06,30.0,0,22.63266666666667,8147.76,0.3393105263157895,Medium (30-45%),0.25720000000000004,2.6666666666666665,9.666666666666666,608.32,12900.62
CUST-10332,2023-06-15,Growth,Financial Services,United States,North America,51-200,9.0,Annual,Paid Search,11.3,324.63,Active,,,19,4.0,2024-12-06,11,19,0,2023-06,9.0,0,36.07,3895.56,0.4260736842105263,Medium (30-45%),0.6251666666666666,2.0,3.3333333333333335,350.64333333333326,6167.97
CUST-10333,2023-06-16,Growth,Financial Services,United States,North America,1-50,3.0,Monthly,Outbound Sales,16.2,204.31,Churned,2023-07-01,Too expensive,1,10.0,2023-06-04,3,1,1,2023-06,3.0,0,68.10333333333334,2451.7200000000003,0.21,Low (<30% seats used),0.21,1.0,10.0,204.31,204.31
CUST-10334,2023-06-16,Business,Logistics,Mexico,Latin America,51-200,28.0,Annual,Events,7.6,1226.9,Active,,,19,10.0,2024-12-26,22,19,0,2023-06,28.0,0,43.81785714285714,14722.800000000001,0.5898789473684211,High (>45%),0.7833666666666667,0.6666666666666666,10.0,1010.0733333333334,23311.100000000002
CUST-10335,2023-06-16,Business,Technology,United Kingdom,Europe,51-200,17.0,Annual,Events,20.9,829.3,Churned,2024-09-01,Too expensive,15,,2024-08-11,18,15,1,2023-06,17.0,0,48.78235294117647,9951.599999999999,0.08096666666666666,Low (<30% seats used),0.03,1.0,7.666666666666667,879.93,12439.5
CUST-10336,2023-06-17,Business,Education,France,Europe,201-1000,97.0,Annual,Organic,11.6,3142.94,Active,,,19,8.0,,159,19,0,2023-06,97.0,0,32.40144329896907,37715.28,0.3252578947368421,Medium (30-45%),0.30316666666666664,0.6666666666666666,8.0,4679.916666666667,59715.86
CUST-10337,2023-06-18,Starter,Financial Services,United States,North America,201-1000,12.0,Monthly,Outbound Sales,11.0,177.16,Active,,,19,,2024-12-04,15,19,0,2023-06,12.0,0,14.763333333333334,2125.92,0.9813105263157894,High (>45%),1.0,0.6666666666666666,6.0,209.19999999999996,3366.04
CUST-10338,2023-06-19,Business,Healthcare,United States,North America,51-200,36.0,Annual,Events,9.5,1441.56,Active,,,19,8.0,2024-12-22,24,19,0,2023-06,36.0,0,40.04333333333333,17298.72,0.5339157894736841,High (>45%),0.7353000000000001,0.3333333333333333,7.666666666666667,1180.92,27389.64
CUST-10339,2023-06-20,Business,Education,Canada,North America,1000+,117.0,Monthly,Partner,27.4,3117.14,Churned,2023-08-01,Switched to competitor,2,5.0,2023-07-27,111,2,1,2023-06,117.0,0,26.64222222222222,37405.68,0.708,High (>45%),0.708,0.5,5.0,3117.145,6234.28
CUST-10340,2023-06-20,Enterprise,Healthcare,United States,North America,51-200,14.0,Monthly,Referral,6.6,1487.42,Active,,,19,6.0,2024-12-18,7,19,0,2023-06,14.0,0,106.24428571428572,17849.04,0.0712578947368421,Low (<30% seats used),0.03,0.6666666666666666,6.0,1193.21,28260.980000000003
CUST-10341,2023-06-20,Starter,Healthcare,United States,North America,1000+,66.0,Monthly,Partner,28.7,613.7,Active,,,19,8.0,2024-12-09,43,19,0,2023-06,66.0,0,9.298484848484849,7364.400000000001,0.42863684210526315,Medium (30-45%),0.4892,0.6666666666666666,8.333333333333334,402.65000000000003,11660.300000000001
CUST-10342,2023-06-20,Growth,Financial Services,United States,North America,51-200,8.0,Monthly,Organic,0.0,325.0,Active,,,19,8.0,2024-12-11,14,19,0,2023-06,8.0,0,40.625,3900.0,0.5558157894736842,High (>45%),0.6757666666666666,1.0,8.333333333333334,442.3333333333333,6175.0
CUST-10343,2023-06-21,Business,Technology,Canada,North America,1-50,4.0,Monthly,Partner,12.0,511.64,Churned,2024-03-01,Poor support experience,9,8.0,2024-02-16,3,9,1,2023-06,4.0,0,127.91,6139.68,0.12105555555555557,Low (<30% seats used),0.0531,1.0,8.0,483.48,4604.76
CUST-10344,2023-06-21,Enterprise,Education,Germany,Europe,201-1000,302.0,Monthly,Organic,1.5,14285.15,Active,,,19,7.0,2024-12-20,495,19,0,2023-06,302.0,0,47.30182119205298,171421.8,0.9652684210526316,High (>45%),1.0,0.0,7.0,21510.126666666667,271417.85
CUST-10345,2023-06-21,Business,Education,India,Asia Pacific,51-200,17.0,Monthly,Partner,15.6,858.14,Active,,,19,5.0,,13,19,0,2023-06,17.0,0,50.47882352941176,10297.68,0.7741157894736842,High (>45%),0.7911,0.6666666666666666,5.0,750.1,16304.66
CUST-10346,2023-06-22,Starter,Media,United States,North America,201-1000,36.0,Annual,Partner,22.4,384.23,Active,,,19,7.0,2024-12-11,44,19,0,2023-06,36.0,0,10.673055555555557,4610.76,0.7423684210526316,High (>45%),0.8668666666666667,1.3333333333333333,7.333333333333333,461.8333333333333,7300.370000000001
CUST-10347,2023-06-22,Growth,Manufacturing,United States,North America,1-50,4.0,Annual,Referral,0.5,236.56,Churned,2024-02-01,Too expensive,8,,2024-01-13,4,8,1,2023-06,4.0,0,59.14,2838.7200000000003,0.25856250000000003,Low (<30% seats used),0.24813333333333334,2.6666666666666665,6.666666666666667,236.56000000000003,1892.48
CUST-10348,2023-06-22,Business,Technology,Spain,Europe,1-50,6.0,Annual,Organic,0.2,590.62,Active,,,19,10.0,2024-12-24,12,19,0,2023-06,6.0,0,98.43666666666667,7087.4400000000005,0.6428842105263158,High (>45%),0.5341666666666667,0.3333333333333333,10.0,750.2966666666666,11221.78
CUST-10349,2023-06-23,Starter,Logistics,United Kingdom,Europe,51-200,16.0,Annual,Partner,11.3,219.3,Active,,,19,7.0,2024-12-08,29,19,0,2023-06,16.0,0,13.70625,2631.6000000000004,0.5813421052631579,High (>45%),0.7468333333333333,0.0,7.0,347.0333333333333,4166.7
CUST-10350,2023-06-23,Starter,Media,United States,North America,1-50,2.0,Monthly,Partner,9.8,70.65,Active,,,19,5.0,2024-12-07,3,19,0,2023-06,2.0,0,35.325,847.8000000000001,0.7899947368421053,High (>45%),0.9254333333333333,0.3333333333333333,5.333333333333333,81.47,1342.3500000000001
CUST-10351,2023-06-23,Starter,Technology,India,Asia Pacific,201-1000,19.0,Annual,Partner,15.4,241.89,Churned,2024-12-01,Too expensive,18,3.0,2024-11-12,16,18,1,2023-06,19.0,0,12.731052631578947,2902.68,0.17455555555555555,Low (<30% seats used),0.03,1.3333333333333333,3.6666666666666665,218.20000000000002,4354.0199999999995
CUST-10352,2023-06-23,Starter,Technology,United Kingdom,Europe,1-50,4.0,Annual,Referral,5.2,94.5,Churned,2024-09-01,Switched to competitor,15,5.0,2024-08-21,3,15,1,2023-06,4.0,0,23.625,1134.0,0.07908,Low (<30% seats used),0.03556666666666666,1.3333333333333333,5.0,86.92,1417.5
CUST-10353,2023-06-24,Business,Retail,United States,North America,201-1000,65.0,Monthly,Paid Search,9.9,2273.08,Active,,,19,9.0,2024-12-06,45,19,0,2023-06,65.0,0,34.970461538461535,27276.96,0.6132578947368421,High (>45%),0.6386999999999999,1.6666666666666667,8.666666666666666,1744.493333333333,43188.52
CUST-10354,2023-06-24,Growth,Manufacturing,United States,North America,1-50,5.0,Monthly,Referral,4.5,254.05,Churned,2024-07-01,Poor support experience,13,10.0,2024-06-24,5,13,1,2023-06,5.0,0,50.81,3048.6000000000004,0.40460769230769233,Medium (30-45%),0.49629999999999996,2.6666666666666665,9.333333333333334,240.04333333333332,3302.65
CUST-10355,2023-06-24,Business,Education,United States,North America,1-50,3.0,Monthly,Referral,0.0,495.0,Active,,,19,8.0,2024-12-08,3,19,0,2023-06,3.0,0,165.0,5940.0,0.3283736842105263,Medium (30-45%),0.1595,2.0,8.333333333333334,495.0,9405.0
CUST-10356,2023-06-26,Enterprise,Logistics,United Kingdom,Europe,1-50,20.0,Monthly,Partner,8.3,1724.3,Active,,,19,7.0,2024-12-09,12,19,0,2023-06,20.0,0,86.215,20691.6,0.23112631578947368,Low (<30% seats used),0.2437666666666667,0.6666666666666666,7.0,1394.18,32761.7
CUST-10357,2023-06-26,Starter,Technology,Australia,Asia Pacific,1-50,1.0,Monthly,Organic,2.2,60.74,Active,,,19,6.0,2024-12-25,1,19,0,2023-06,1.0,0,60.74,728.88,0.47512105263157894,High (>45%),0.5508333333333334,2.0,6.333333333333333,60.74,1154.06
CUST-10358,2023-06-27,Growth,Financial Services,Germany,Europe,1-50,4.0,Monthly,Events,13.1,225.47,Active,,,19,8.0,2024-12-25,7,19,0,2023-06,4.0,0,56.3675,2705.64,0.7059368421052632,High (>45%),0.9906,1.0,7.666666666666667,282.83,4283.93
CUST-10359,2023-06-27,Business,Manufacturing,France,Europe,51-200,31.0,Monthly,Events,12.2,1269.98,Active,,,19,5.0,,28,19,0,2023-06,31.0,0,40.96709677419355,15239.76,0.14260526315789473,Low (<30% seats used),0.03,2.0,4.666666666666667,1241.88,24129.62
CUST-10360,2023-06-27,Starter,Financial Services,United States,North America,51-200,5.0,Monthly,Paid Search,16.0,99.4,Churned,2023-07-01,Too expensive,1,7.0,2023-06-14,5,1,1,2023-06,5.0,0,19.880000000000003,1192.8000000000002,0.2138,Low (<30% seats used),0.2138,3.0,7.0,99.4,99.4
CUST-10361,2023-06-27,Growth,Manufacturing,Germany,Europe,1-50,3.0,Monthly,Events,9.7,208.6,Active,,,19,7.0,2024-12-18,3,19,0,2023-06,3.0,0,69.53333333333333,2503.2,0.04121052631578947,Low (<30% seats used),0.03,2.6666666666666665,7.0,208.6,3963.4
CUST-10362,2023-06-27,Growth,Retail,Germany,Europe,51-200,15.0,Annual,Paid Search,6.5,457.55,Churned,2023-09-01,Too expensive,3,7.0,2023-08-08,17,3,1,2023-06,15.0,0,30.503333333333334,5490.6,0.4195,Medium (30-45%),0.4195,0.3333333333333333,7.0,478.12000000000006,1372.65
CUST-10363,2023-06-28,Business,Logistics,Canada,North America,201-1000,71.0,Annual,Events,17.3,2277.94,Active,,,19,6.0,2024-12-20,62,19,0,2023-06,71.0,0,32.083661971830985,27335.28,0.049521052631578945,Low (<30% seats used),0.03,1.0,6.0,2119.16,43280.86
CUST-10364,2023-06-28,Business,Manufacturing,United States,North America,1000+,326.0,Annual,Organic,7.2,10079.9,Active,,,19,9.0,2024-12-21,362,19,0,2023-06,326.0,0,30.919938650306747,120958.79999999999,0.21046315789473685,Low (<30% seats used),0.10426666666666667,2.0,8.666666666666666,10406.550000000001,191518.1
CUST-10365,2023-07-01,Starter,Financial Services,United States,North America,1-50,2.0,Monthly,Organic,0.0,73.0,Churned,2023-12-01,Switched to competitor,5,8.0,2023-11-11,2,5,1,2023-07,2.0,0,36.5,876.0,0.2832,Low (<30% seats used),0.26356666666666667,1.3333333333333333,8.666666666666666,73.0,365.0
CUST-10366,2023-07-01,Starter,Media,Canada,North America,1-50,4.0,Annual,Outbound Sales,18.1,88.31,Churned,2024-01-01,,6,7.0,2023-12-25,3,6,1,2023-07,4.0,0,22.0775,1059.72,0.15731666666666666,Low (<30% seats used),0.0871,1.3333333333333333,7.333333333333333,85.03333333333335,529.86
CUST-10367,2023-07-01,Starter,Retail,United States,North America,51-200,17.0,Monthly,Paid Search,12.8,226.89,Churned,2023-08-01,Missing features,1,10.0,2023-07-18,16,1,1,2023-07,17.0,0,13.346470588235293,2722.68,0.6604,High (>45%),0.6604,2.0,10.0,216.42,226.89
CUST-10368,2023-07-02,Business,Manufacturing,India,Asia Pacific,1-50,12.0,Monthly,Events,6.6,757.66,Active,,,18,10.0,2024-12-18,23,18,0,2023-07,12.0,0,63.13833333333333,9091.92,0.5151611111111111,High (>45%),0.5623333333333332,0.6666666666666666,10.0,1056.5366666666666,13637.88
CUST-10369,2023-07-02,Enterprise,Healthcare,United States,North America,1-50,14.0,Monthly,Organic,1.0,1522.7,Active,,,18,,2024-12-15,12,18,0,2023-07,14.0,0,108.76428571428572,18272.4,0.38995,Medium (30-45%),0.45870000000000005,2.3333333333333335,5.333333333333333,1433.5999999999997,27408.600000000002
CUST-10370,2023-07-02,Growth,Manufacturing,Brazil,Latin America,51-200,19.0,Annual,Partner,12.3,515.59,Active,,,18,10.0,2024-12-17,18,18,0,2023-07,19.0,0,27.136315789473684,6187.08,0.7264166666666667,High (>45%),0.8518,0.6666666666666666,10.0,496.29,9280.62
CUST-10371,2023-07-02,Business,Manufacturing,Germany,Europe,201-1000,26.0,Monthly,Events,16.3,1095.38,Churned,2024-05-01,Poor support experience,10,9.0,2024-04-12,29,10,1,2023-07,26.0,0,42.13,13144.560000000001,0.1403,Low (<30% seats used),0.0777,1.3333333333333333,9.0,1175.7366666666667,10953.800000000001
CUST-10372,2023-07-03,Growth,Retail,Canada,North America,1-50,4.0,Monthly,Referral,9.5,228.64,Active,,,18,8.0,2024-12-25,4,18,0,2023-07,4.0,0,57.16,2743.68,0.6178722222222223,High (>45%),0.5062666666666666,0.3333333333333333,8.333333333333334,228.64,4115.5199999999995
CUST-10373,2023-07-03,Starter,Financial Services,France,Europe,1-50,1.0,Monthly,Organic,0.0,61.0,Active,,,18,,2024-12-07,1,18,0,2023-07,1.0,0,61.0,732.0,0.14194444444444446,Low (<30% seats used),0.033933333333333336,1.3333333333333333,4.0,61.0,1098.0
CUST-10374,2023-07-03,Growth,Logistics,Canada,North America,1-50,2.0,Monthly,Referral,5.3,190.67,Churned,2024-06-01,Missing features,11,10.0,2024-05-25,2,11,1,2023-07,2.0,0,95.335,2288.04,0.17536363636363636,Low (<30% seats used),0.04416666666666667,2.0,10.0,190.67,2097.37
CUST-10375,2023-07-04,Growth,Retail,United Kingdom,Europe,51-200,35.0,Monthly,Referral,3.7,890.51,Active,,,18,6.0,2024-12-08,30,18,0,2023-07,35.0,0,25.443142857142856,10686.119999999999,0.6170444444444444,High (>45%),0.44229999999999997,0.6666666666666666,6.0,784.5799999999999,16029.18
CUST-10376,2023-07-05,Starter,Technology,Germany,Europe,1-50,3.0,Annual,Paid Search,11.5,80.86,Active,,,18,10.0,2024-12-21,2,18,0,2023-07,3.0,0,26.953333333333333,970.3199999999999,0.3349611111111111,Medium (30-45%),0.418,0.6666666666666666,10.0,70.24,1455.48
CUST-10377,2023-07-05,Growth,Healthcare,United States,North America,51-200,8.0,Monthly,Referral,6.7,313.21,Churned,2023-11-01,Too expensive,4,10.0,2023-10-27,7,4,1,2023-07,8.0,0,39.15125,3758.5199999999995,0.49155,High (>45%),0.4862666666666666,1.0,10.0,292.68,1252.84
CUST-10378,2023-07-05,Business,Media,United Kingdom,Europe,1000+,394.0,Annual,Organic,10.6,11670.55,Churned,2023-11-01,Switched to competitor,4,7.0,2023-10-22,384,4,1,2023-07,394.0,0,29.620685279187814,140046.59999999998,0.1946,Low (<30% seats used),0.16889999999999997,2.3333333333333335,7.666666666666667,11441.686666666666,46682.2
CUST-10379,2023-07-05,Starter,Healthcare,India,Asia Pacific,51-200,7.0,Monthly,Outbound Sales,6.6,127.46,Active,,,18,9.0,2024-12-03,9,18,0,2023-07,7.0,0,18.208571428571428,1529.52,0.41038888888888886,Medium (30-45%),0.3179666666666667,2.3333333333333335,9.333333333333334,146.13333333333333,2294.2799999999997
CUST-10380,2023-07-05,Enterprise,Education,Australia,Asia Pacific,51-200,64.0,Annual,Partner,23.6,3099.32,Active,,,18,10.0,2024-12-19,78,18,0,2023-07,64.0,0,48.426875,37191.840000000004,0.28577222222222226,Low (<30% seats used),0.3212,0.3333333333333333,10.0,3477.5,55787.76
CUST-10381,2023-07-05,Business,Financial Services,United Kingdom,Europe,1-50,6.0,Monthly,Referral,4.2,582.94,Active,,,18,7.0,2024-12-18,8,18,0,2023-07,6.0,0,97.15666666666668,6995.280000000001,0.14298333333333335,Low (<30% seats used),0.03,1.6666666666666667,7.0,644.25,10492.920000000002
CUST-10382,2023-07-05,Starter,Financial Services,United States,North America,51-200,5.0,Monthly,Events,14.9,100.06,Churned,2024-12-01,Too expensive,17,7.0,2024-11-26,7,17,1,2023-07,5.0,0,20.012,1200.72,0.5586882352941176,High (>45%),0.5128,1.6666666666666667,7.333333333333333,120.48,1701.02
CUST-10383,2023-07-06,Growth,Financial Services,United States,North America,51-200,12.0,Annual,Outbound Sales,11.7,382.11,Churned,2024-11-01,Low adoption / unused seats,16,8.0,2024-10-23,11,16,1,2023-07,12.0,0,31.8425,4585.32,0.32920625,Medium (30-45%),0.4464666666666666,1.0,7.666666666666667,362.69,6113.76
CUST-10384,2023-07-06,Starter,Retail,Germany,Europe,1-50,4.0,Monthly,Partner,13.9,90.33,Active,,,18,5.0,2024-12-02,4,18,0,2023-07,4.0,0,22.5825,1083.96,0.4610388888888889,High (>45%),0.3054,1.0,5.0,90.33,1625.94
CUST-10385,2023-07-07,Starter,Education,India,Asia Pacific,51-200,7.0,Monthly,Referral,6.7,127.37,Churned,2023-09-01,Low adoption / unused seats,2,,2023-08-24,7,2,1,2023-07,7.0,0,18.195714285714285,1528.44,0.09340000000000001,Low (<30% seats used),0.09340000000000001,2.0,5.5,127.37,254.74
CUST-10386,2023-07-08,Growth,Technology,United States,North America,201-1000,24.0,Monthly,Paid Search,11.5,616.28,Churned,2024-03-01,,8,4.0,2024-02-14,28,8,1,2023-07,24.0,0,25.67833333333333,7395.36,0.8889125,High (>45%),1.0,0.6666666666666666,4.0,687.6700000000001,4930.24
CUST-10387,2023-07-08,Growth,Technology,United Kingdom,Europe,1-50,3.0,Annual,Paid Search,11.7,207.28,Active,,,18,4.0,2024-12-12,2,18,0,2023-07,3.0,0,69.09333333333333,2487.36,0.050322222222222227,Low (<30% seats used),0.07826666666666666,1.3333333333333333,4.666666666666667,194.32666666666668,3731.04
CUST-10388,2023-07-08,Growth,Financial Services,Japan,Asia Pacific,1-50,4.0,Monthly,Organic,0.0,237.0,Churned,2024-04-01,Missing features,9,7.0,2024-03-09,3,9,1,2023-07,4.0,0,59.25,2844.0,0.04967777777777778,Low (<30% seats used),0.03,2.0,6.666666666666667,215.0,2133.0
CUST-10389,2023-07-08,Growth,Healthcare,Mexico,Latin America,51-200,15.0,Monthly,Outbound Sales,13.5,434.45,Churned,2023-12-01,Too expensive,5,9.0,2023-11-22,15,5,1,2023-07,15.0,0,28.96333333333333,5213.4,0.43141999999999997,Medium (30-45%),0.4318666666666667,0.3333333333333333,9.0,421.7633333333333,2172.25
CUST-10390,2023-07-09,Enterprise,Healthcare,United States,North America,51-200,27.0,Monthly,Organic,2.9,2078.76,Churned,2024-04-01,Low adoption / unused seats,9,5.0,2024-03-16,33,9,1,2023-07,27.0,0,76.99111111111112,24945.120000000003,0.24318888888888887,Low (<30% seats used),0.2378,1.6666666666666667,5.0,2297.24,18708.840000000004
CUST-10391,2023-07-09,Enterprise,Education,United States,North America,51-200,19.0,Annual,Organic,0.6,1748.87,Active,,,18,7.0,,21,18,0,2023-07,19.0,0,92.04578947368421,20986.44,0.3999,Medium (30-45%),0.1408,0.3333333333333333,7.0,1897.97,31479.659999999996
CUST-10392,2023-07-09,Business,Media,India,Asia Pacific,51-200,80.0,Annual,Paid Search,15.6,2559.64,Churned,2023-08-01,Switched to competitor,1,7.0,2023-07-15,83,1,1,2023-07,80.0,0,31.9955,30715.68,0.4727,High (>45%),0.4727,0.0,7.0,2640.66,2559.64
CUST-10393,2023-07-11,Starter,Technology,Singapore,Asia Pacific,51-200,2.0,Annual,Events,19.9,68.22,Active,,,18,5.0,2024-12-24,2,18,0,2023-07,2.0,0,34.11,818.64,0.1594,Low (<30% seats used),0.03,3.3333333333333335,5.0,68.22,1227.96
CUST-10394,2023-07-11,Starter,Technology,Mexico,Latin America,1-50,1.0,Monthly,Outbound Sales,14.3,59.28,Active,,,18,5.0,2024-12-15,1,18,0,2023-07,1.0,0,59.28,711.36,0.0436,Low (<30% seats used),0.03,3.6666666666666665,5.333333333333333,59.28,1067.04
CUST-10395,2023-07-12,Business,Manufacturing,United States,North America,1000+,261.0,Annual,Partner,19.2,7147.42,Churned,2023-12-01,Poor support experience,5,4.0,2023-11-16,311,5,1,2023-07,261.0,0,27.384750957854408,85769.04000000001,0.55354,High (>45%),0.5439666666666667,1.0,4.0,8164.419999999999,35737.1
CUST-10396,2023-07-13,Growth,Healthcare,France,Europe,201-1000,33.0,Annual,Paid Search,13.5,776.99,Churned,2024-05-01,Company downsizing,10,9.0,2024-04-12,29,10,1,2023-07,33.0,0,23.545151515151517,9323.880000000001,0.5574,High (>45%),0.5180666666666667,1.3333333333333333,9.0,751.6166666666667,7769.9
CUST-10397,2023-07-13,Growth,Education,Canada,North America,51-200,17.0,Annual,Organic,6.0,500.56,Active,,,18,4.0,2024-12-25,16,18,0,2023-07,17.0,0,29.44470588235294,6006.72,0.1403388888888889,Low (<30% seats used),0.03,1.6666666666666667,4.0,493.6666666666667,9010.08
CUST-10398,2023-07-13,Starter,Healthcare,United Kingdom,Europe,1000+,238.0,Annual,Referral,8.1,2673.66,Active,,,18,7.0,2024-12-17,426,18,0,2023-07,238.0,0,11.233865546218487,32083.92,0.8921222222222221,High (>45%),1.0,0.6666666666666666,6.666666666666667,4710.166666666667,48125.88
CUST-10399,2023-07-13,Business,Technology,United States,North America,1-50,10.0,Monthly,Paid Search,9.3,689.24,Active,,,18,5.0,2024-12-03,16,18,0,2023-07,10.0,0,68.924,8270.880000000001,0.11372222222222222,Low (<30% seats used),0.0652,2.6666666666666665,5.666666666666667,824.6866666666666,12406.32
CUST-10400,2023-07-14,Growth,Financial Services,United Kingdom,Europe,51-200,4.0,Monthly,Outbound Sales,15.0,223.8,Churned,2023-08-01,Business priorities changed,1,6.0,2023-07-21,4,1,1,2023-07,4.0,0,55.95,2685.6000000000004,0.3459,Medium (30-45%),0.3459,3.0,6.0,223.8,223.8
CUST-10401,2023-07-14,Starter,Financial Services,Germany,Europe,1-50,1.0,Monthly,Organic,0.0,61.0,Active,,,18,9.0,2024-12-08,1,18,0,2023-07,1.0,0,61.0,732.0,0.5518277777777778,High (>45%),0.5313,2.3333333333333335,8.0,61.0,1098.0
CUST-10402,2023-07-15,Growth,Technology,Japan,Asia Pacific,51-200,14.0,Monthly,Organic,0.0,457.0,Active,,,18,8.0,2024-12-22,26,18,0,2023-07,14.0,0,32.642857142857146,5484.0,0.1844111111111111,Low (<30% seats used),0.03,2.6666666666666665,8.0,699.0,8226.0
CUST-10403,2023-07-16,Starter,Financial Services,United States,North America,51-200,18.0,Annual,Outbound Sales,12.7,237.57,Churned,2024-02-01,Low adoption / unused seats,7,7.0,2024-01-23,23,7,1,2023-07,18.0,0,13.198333333333332,2850.84,0.3213285714285714,Medium (30-45%),0.3515,1.0,7.0,286.45666666666665,1662.99
CUST-10404,2023-07-16,Growth,Financial Services,United States,North America,51-200,16.0,Monthly,Paid Search,17.7,438.7,Churned,2023-08-01,Missing features,1,6.0,2023-07-16,16,1,1,2023-07,16.0,0,27.41875,5264.4,0.252,Low (<30% seats used),0.252,0.0,6.0,438.7,438.7
CUST-10405,2023-07-16,Starter,Technology,France,Europe,51-200,15.0,Monthly,Events,8.4,213.88,Churned,2023-10-01,Too expensive,3,9.0,2023-09-22,16,3,1,2023-07,15.0,0,14.258666666666667,2566.56,0.5124333333333334,High (>45%),0.5124333333333334,1.3333333333333333,8.333333333333334,217.54333333333332,641.64
CUST-10406,2023-07-16,Growth,Technology,United States,North America,1-50,5.0,Monthly,Organic,0.0,259.0,Active,,,18,5.0,2024-12-22,10,18,0,2023-07,5.0,0,51.8,3108.0,0.3107888888888889,Medium (30-45%),0.03963333333333333,1.0,5.0,354.3333333333333,4662.0
CUST-10407,2023-07-17,Enterprise,Technology,Singapore,Asia Pacific,201-1000,51.0,Annual,Paid Search,18.1,2778.6,Churned,2024-02-01,Low adoption / unused seats,7,9.0,2024-01-21,47,7,1,2023-07,51.0,0,54.482352941176465,33343.2,0.7179285714285715,High (>45%),0.7496,0.3333333333333333,9.0,2680.3233333333333,19450.2
CUST-10408,2023-07-17,Enterprise,Logistics,Singapore,Asia Pacific,1-50,47.0,Monthly,Organic,1.4,2984.39,Churned,2023-11-01,Missing features,4,6.0,2023-10-06,49,4,1,2023-07,47.0,0,63.49765957446808,35812.68,0.37175,Medium (30-45%),0.36410000000000003,1.6666666666666667,5.666666666666667,3013.97,11937.56
CUST-10409,2023-07-17,Starter,Retail,Australia,Asia Pacific,1-50,2.0,Monthly,Paid Search,4.5,71.92,Churned,2023-08-01,Company downsizing,1,7.0,2023-07-21,2,1,1,2023-07,2.0,0,35.96,863.04,0.193,Low (<30% seats used),0.193,3.0,7.0,71.92,71.92
CUST-10410,2023-07-18,Enterprise,Media,India,Asia Pacific,1-50,13.0,Monthly,Paid Search,7.0,1443.05,Churned,2024-05-01,Too expensive,10,,2024-04-06,13,10,1,2023-07,13.0,0,111.00384615384615,17316.6,0.11648,Low (<30% seats used),0.05253333333333333,0.6666666666666666,8.0,1470.95,14430.5
CUST-10411,2023-07-18,Business,Technology,France,Europe,1000+,161.0,Annual,Outbound Sales,21.4,4448.47,Churned,2024-03-01,Low adoption / unused seats,8,5.0,2024-02-22,134,8,1,2023-07,161.0,0,27.63024844720497,53381.64,0.0535625,Low (<30% seats used),0.03,1.0,5.0,3693.91,35587.76
CUST-10412,2023-07-18,Starter,Financial Services,United Kingdom,Europe,1-50,5.0,Monthly,Organic,0.0,109.0,Active,,,18,8.0,,9,18,0,2023-07,5.0,0,21.8,1308.0,0.7138611111111112,High (>45%),0.6389,0.0,8.0,157.0,1962.0
CUST-10413,2023-07-19,Enterprise,Technology,Japan,Asia Pacific,51-200,36.0,Monthly,Paid Search,14.9,2277.62,Active,,,18,9.0,,49,18,0,2023-07,36.0,0,63.267222222222216,27331.44,0.11008333333333334,Low (<30% seats used),0.03,0.3333333333333333,9.0,2839.28,40997.159999999996
CUST-10414,2023-07-20,Starter,Retail,India,Asia Pacific,1-50,3.0,Monthly,Outbound Sales,10.8,81.11,Active,,,18,5.0,2024-12-13,3,18,0,2023-07,3.0,0,27.036666666666665,973.3199999999999,0.10565,Low (<30% seats used),0.19599999999999998,1.6666666666666667,5.666666666666667,81.11,1459.98
CUST-10415,2023-07-20,Business,Technology,United States,North America,1-50,4.0,Monthly,Organic,0.0,527.0,Active,,,18,6.0,2024-12-26,5,18,0,2023-07,4.0,0,131.75,6324.0,0.11102777777777778,Low (<30% seats used),0.03,3.0,7.0,548.3333333333334,9486.0
CUST-10416,2023-07-20,Starter,Manufacturing,United States,North America,1-50,2.0,Annual,Paid Search,5.3,71.73,Churned,2024-11-01,Too expensive,16,8.0,2024-10-06,1,16,1,2023-07,2.0,0,35.865,860.76,0.543425,High (>45%),0.4805,2.3333333333333335,8.333333333333334,60.35999999999999,1147.68
CUST-10417,2023-07-20,Starter,Education,Brazil,Latin America,51-200,15.0,Monthly,Referral,9.3,212.26,Active,,,18,6.0,2024-12-26,21,18,0,2023-07,15.0,0,14.150666666666666,2547.12,0.6232166666666666,High (>45%),0.6792333333333334,1.3333333333333333,6.333333333333333,292.07666666666665,3820.68
CUST-10418,2023-07-21,Enterprise,Technology,United Kingdom,Europe,1-50,19.0,Monthly,Paid Search,2.0,1736.9,Active,,,18,3.0,2024-12-27,14,18,0,2023-07,19.0,0,91.41578947368421,20842.800000000003,0.5917111111111111,High (>45%),0.9859,0.0,3.0,1501.7,31264.2
CUST-10419,2023-07-21,Starter,Education,France,Europe,1000+,195.0,Annual,Events,12.7,2091.82,Active,,,18,5.0,,212,18,0,2023-07,195.0,0,10.727282051282051,25101.840000000004,0.0871611111111111,Low (<30% seats used),0.03,2.0,5.0,2266.42,37652.76
CUST-10420,2023-07-21,Growth,Retail,Canada,North America,1-50,11.0,Monthly,Outbound Sales,12.0,361.96,Churned,2023-10-01,Too expensive,3,3.0,2023-09-13,10,3,1,2023-07,11.0,0,32.905454545454546,4343.5199999999995,0.31656666666666666,Medium (30-45%),0.31656666666666666,2.6666666666666665,3.6666666666666665,349.05333333333334,1085.8799999999999
CUST-10421,2023-07-22,Growth,Retail,Canada,North America,1-50,9.0,Annual,Events,10.7,325.81,Churned,2024-03-01,,8,8.0,2024-02-13,8,8,1,2023-07,9.0,0,36.20111111111111,3909.7200000000003,0.6024625,High (>45%),0.6104333333333333,0.3333333333333333,8.0,312.7166666666667,2606.48
CUST-10422,2023-07-22,Business,Education,India,Asia Pacific,1000+,258.0,Annual,Paid Search,18.7,7111.13,Active,,,18,,2024-12-23,429,18,0,2023-07,258.0,0,27.56251937984496,85333.56,0.8587555555555555,High (>45%),0.9879333333333333,0.0,8.0,11421.11,128000.34
CUST-10423,2023-07-23,Growth,Manufacturing,Australia,Asia Pacific,1000+,105.0,Annual,Paid Search,22.5,1939.25,Active,,,18,9.0,2024-12-05,106,18,0,2023-07,105.0,0,18.46904761904762,23271.0,0.6964055555555555,High (>45%),0.8313666666666667,0.0,9.333333333333334,1933.5666666666666,34906.5
CUST-10424,2023-07-23,Starter,Financial Services,United Kingdom,Europe,51-200,10.0,Annual,Referral,0.0,169.0,Active,,,18,10.0,2024-12-18,10,18,0,2023-07,10.0,0,16.9,2028.0,0.3552944444444444,Medium (30-45%),0.4155333333333333,0.6666666666666666,10.0,165.0,3042.0
CUST-10425,2023-07-23,Enterprise,Healthcare,India,North America,1-50,10.0,Monthly,Organic,8.6,1310.3,Churned,2024-07-01,Too expensive,12,7.0,2024-06-22,9,12,1,2023-07,10.0,0,131.03,15723.599999999999,0.5101666666666667,High (>45%),0.6159666666666667,1.6666666666666667,7.0,1269.17,15723.599999999999
CUST-10426,2023-07-23,Growth,Retail,United States,North America,1-50,4.0,Monthly,Paid Search,10.4,227.85,Churned,2023-10-01,Poor support experience,3,4.0,2023-09-06,4,3,1,2023-07,4.0,0,56.9625,2734.2,0.037533333333333335,Low (<30% seats used),0.037533333333333335,1.0,4.0,227.85,683.55
CUST-10427,2023-07-24,Growth,Financial Services,India,Asia Pacific,1-50,3.0,Monthly,Partner,9.4,208.8,Churned,2023-10-01,Poor support experience,3,6.0,2023-09-19,2,3,1,2023-07,3.0,0,69.60000000000001,2505.6000000000004,0.23226666666666665,Low (<30% seats used),0.23226666666666665,2.0,5.333333333333333,202.15333333333334,626.4000000000001
CUST-10428,2023-07-24,Business,Financial Services,United Kingdom,Europe,1-50,5.0,Monthly,Referral,11.2,541.08,Active,,,18,8.0,2024-12-22,9,18,0,2023-07,5.0,0,108.21600000000001,6492.960000000001,0.6890833333333333,High (>45%),0.6632333333333333,1.0,8.0,635.8000000000001,9739.44
CUST-10429,2023-07-25,Business,Healthcare,France,Europe,51-200,58.0,Monthly,Partner,22.1,1844.82,Churned,2023-08-01,Poor support experience,1,,2023-07-22,57,1,1,2023-07,58.0,0,31.807241379310344,22137.84,0.629,High (>45%),0.629,0.0,7.0,1819.9,1844.82
CUST-10430,2023-07-25,Growth,Healthcare,United States,North America,51-200,11.0,Monthly,Referral,10.9,364.62,Churned,2023-10-01,,3,4.0,2023-09-21,14,3,1,2023-07,11.0,0,33.14727272727273,4375.4400000000005,0.2578,Low (<30% seats used),0.2578,2.6666666666666665,4.0,403.82666666666665,1093.8600000000001
CUST-10431,2023-07-26,Starter,Technology,United States,North America,1-50,5.0,Monthly,Partner,18.5,97.9,Churned,2023-09-01,Low adoption / unused seats,2,,2023-08-11,5,2,1,2023-07,5.0,0,19.580000000000002,1174.8000000000002,0.3638,Medium (30-45%),0.3638,2.0,7.5,97.9,195.8
CUST-10432,2023-07-26,Starter,Financial Services,Australia,Asia Pacific,51-200,10.0,Monthly,Partner,14.5,151.6,Churned,2023-12-01,Too expensive,5,4.0,2023-11-05,11,5,1,2023-07,10.0,0,15.16,1819.1999999999998,0.288,Low (<30% seats used),0.2927,2.3333333333333335,4.666666666666667,161.86,758.0
CUST-10433,2023-07-26,Starter,Healthcare,Japan,Asia Pacific,51-200,6.0,Monthly,Paid Search,10.5,113.44,Churned,2024-07-01,Low adoption / unused seats,12,5.0,2024-06-13,5,12,1,2023-07,6.0,0,18.906666666666666,1361.28,0.319475,Medium (30-45%),0.3789,0.0,5.0,99.12,1361.28
CUST-10434,2023-07-27,Enterprise,Healthcare,Japan,Asia Pacific,51-200,84.0,Monthly,Partner,9.9,4304.78,Active,,,18,,2024-12-19,188,18,0,2023-07,84.0,0,51.24738095238095,51657.36,0.4022111111111111,Medium (30-45%),0.37223333333333336,2.6666666666666665,8.0,8048.436666666666,77486.04
CUST-10435,2023-07-27,Starter,Education,United States,North America,51-200,12.0,Monthly,Referral,1.7,190.55,Active,,,18,10.0,2024-12-01,14,18,0,2023-07,12.0,0,15.879166666666668,2286.6000000000004,0.4455666666666666,Medium (30-45%),0.6492666666666667,0.3333333333333333,10.0,210.21,3429.9
CUST-10436,2023-07-27,Starter,Healthcare,Singapore,Asia Pacific,51-200,19.0,Monthly,Outbound Sales,14.4,244.17,Active,,,18,9.0,2024-12-25,25,18,0,2023-07,19.0,0,12.851052631578947,2930.04,0.71245,High (>45%),1.0,0.3333333333333333,9.0,302.37666666666667,4395.0599999999995
CUST-10437,2023-07-28,Starter,Manufacturing,Mexico,Latin America,51-200,18.0,Monthly,Partner,13.5,235.84,Active,,,18,6.0,2024-12-11,25,18,0,2023-07,18.0,0,13.102222222222222,2830.08,0.07775555555555555,Low (<30% seats used),0.03,0.3333333333333333,6.0,301.58,4245.12
CUST-10438,2023-08-01,Growth,Financial Services,Brazil,Latin America,51-200,18.0,Annual,Referral,11.5,499.46,Active,,,17,,2024-12-08,30,17,0,2023-08,18.0,0,27.747777777777777,5993.5199999999995,0.7845176470588235,High (>45%),0.9912333333333333,0.3333333333333333,10.0,700.65,8490.82
CUST-10439,2023-08-01,Growth,Technology,United States,North America,1-50,7.0,Monthly,Referral,7.1,292.07,Churned,2024-05-01,Poor support experience,9,8.0,2024-04-25,7,9,1,2023-08,7.0,0,41.72428571428571,3504.84,0.5234777777777777,High (>45%),0.4865333333333333,0.6666666666666666,8.0,292.07,2628.63
CUST-10440,2023-08-02,Business,Retail,United Kingdom,Europe,1000+,181.0,Monthly,Paid Search,13.2,5426.46,Active,,,17,,2024-12-23,260,17,0,2023-08,181.0,0,29.980441988950275,65117.520000000004,0.48220588235294115,High (>45%),0.4190333333333333,1.0,6.666666666666667,7305.966666666667,92249.82
CUST-10441,2023-08-02,Starter,Healthcare,India,Asia Pacific,201-1000,15.0,Annual,Organic,1.2,226.84,Active,,,17,4.0,2024-12-08,6,17,0,2023-08,15.0,0,15.122666666666667,2722.08,0.1769235294117647,Low (<30% seats used),0.1236,2.6666666666666665,3.6666666666666665,120.14,3856.28
CUST-10442,2023-08-02,Business,Healthcare,United States,North America,1000+,251.0,Annual,Organic,7.6,7820.57,Active,,,17,7.0,,187,17,0,2023-08,251.0,0,31.157649402390437,93846.84,0.3169529411764706,Medium (30-45%),0.23126666666666665,1.6666666666666667,7.0,5878.94,132949.69
CUST-10443,2023-08-02,Starter,Education,Mexico,Latin America,1000+,53.0,Monthly,Events,21.2,550.17,Active,,,17,10.0,2024-12-13,77,17,0,2023-08,53.0,0,10.380566037735848,6602.039999999999,0.6126588235294118,High (>45%),0.5535333333333333,0.6666666666666666,10.0,821.2400000000001,9352.89
CUST-10444,2023-08-03,Starter,Financial Services,Brazil,Latin America,1-50,2.0,Monthly,Paid Search,4.7,71.87,Active,,,17,7.0,2024-12-21,1,17,0,2023-08,2.0,0,35.935,862.44,0.5012,High (>45%),0.3561666666666667,4.0,6.666666666666667,60.44,1221.79
CUST-10445,2023-08-03,Starter,Technology,Japan,Asia Pacific,51-200,19.0,Monthly,Outbound Sales,12.8,247.82,Churned,2024-01-01,,5,6.0,2023-12-02,20,5,1,2023-08,19.0,0,13.043157894736842,2973.84,0.26071999999999995,Low (<30% seats used),0.22703333333333334,0.3333333333333333,6.666666666666667,258.28,1239.1
CUST-10446,2023-08-03,Enterprise,Technology,India,North America,51-200,38.0,Monthly,Outbound Sales,18.4,2294.36,Active,,,17,8.0,2024-12-16,30,17,0,2023-08,38.0,0,60.37789473684211,27532.32,0.42711764705882355,Medium (30-45%),0.3880333333333333,1.3333333333333333,8.0,2012.84,39004.12
CUST-10447,2023-08-03,Business,Retail,United States,North America,201-1000,41.0,Monthly,Paid Search,8.5,1599.48,Active,,,17,4.0,2024-12-16,36,17,0,2023-08,41.0,0,39.011707317073174,19193.760000000002,0.4264,Medium (30-45%),0.44953333333333334,1.6666666666666667,4.0,1462.84,27191.16
CUST-10448,2023-08-03,Starter,Manufacturing,United States,North America,51-200,8.0,Monthly,Organic,0.0,145.0,Churned,2023-09-01,Business priorities changed,1,7.0,,9,1,1,2023-08,8.0,0,18.125,1740.0,0.1452,Low (<30% seats used),0.1452,3.0,7.0,157.0,145.0
CUST-10449,2023-08-03,Growth,Logistics,Australia,Asia Pacific,201-1000,20.0,Monthly,Paid Search,8.9,549.84,Churned,2024-12-01,,16,4.0,2024-11-11,32,16,1,2023-08,20.0,0,27.492,6598.08,0.09733125,Low (<30% seats used),0.03,3.3333333333333335,4.0,763.62,8797.44
CUST-10450,2023-08-04,Business,Media,United Kingdom,Europe,51-200,14.0,Monthly,Organic,0.0,847.0,Churned,2023-10-01,Too expensive,2,6.0,2023-09-14,14,2,1,2023-08,14.0,0,60.5,10164.0,0.2555,Low (<30% seats used),0.2555,0.0,6.0,847.0,1694.0
CUST-10451,2023-08-05,Business,Manufacturing,United States,North America,51-200,21.0,Annual,Paid Search,9.8,1005.14,Active,,,17,8.0,2024-12-03,23,17,0,2023-08,21.0,0,47.86380952380952,12061.68,0.6112588235294119,High (>45%),0.3711666666666667,1.0,8.0,1062.87,17087.38
CUST-10452,2023-08-05,Starter,Retail,United Kingdom,Europe,51-200,5.0,Monthly,Organic,0.0,109.0,Active,,,17,7.0,2024-12-09,8,17,0,2023-08,5.0,0,21.8,1308.0,0.2511470588235294,Low (<30% seats used),0.3586666666666667,0.6666666666666666,7.0,137.0,1853.0
CUST-10453,2023-08-06,Enterprise,Healthcare,India,Asia Pacific,1-50,13.0,Monthly,Partner,12.2,1412.63,Churned,2024-05-01,Switched to competitor,9,3.0,2024-04-14,12,9,1,2023-08,13.0,0,108.66384615384617,16951.56,0.052366666666666666,Low (<30% seats used),0.04933333333333333,2.6666666666666665,3.0,1399.46,12713.670000000002
CUST-10454,2023-08-06,Starter,Logistics,Australia,Asia Pacific,1-50,3.0,Monthly,Organic,0.0,85.0,Churned,2023-11-01,,3,9.0,2023-10-11,3,3,1,2023-08,3.0,0,28.333333333333332,1020.0,0.32853333333333334,Medium (30-45%),0.32853333333333334,1.6666666666666667,9.0,85.0,255.0
CUST-10455,2023-08-06,Growth,Technology,Germany,Europe,201-1000,28.0,Annual,Outbound Sales,16.7,662.13,Churned,2024-05-01,Too expensive,9,6.0,2024-04-07,30,9,1,2023-08,28.0,0,23.6475,7945.5599999999995,0.19793333333333332,Low (<30% seats used),0.0712,1.3333333333333333,6.0,704.89,5959.17
CUST-10456,2023-08-06,Business,Technology,United States,North America,51-200,20.0,Annual,Organic,0.0,1039.0,Active,,,17,,,14,17,0,2023-08,20.0,0,51.95,12468.0,0.5614411764705882,High (>45%),0.6092333333333334,0.6666666666666666,10.0,857.6666666666666,17663.0
CUST-10457,2023-08-07,Enterprise,Retail,United States,North America,51-200,29.0,Annual,Outbound Sales,18.1,1967.79,Active,,,17,6.0,2024-12-21,40,17,0,2023-08,29.0,0,67.8548275862069,23613.48,0.6413764705882352,High (>45%),0.6026333333333334,1.0,6.333333333333333,2373.2,33452.43
CUST-10458,2023-08-07,Starter,Financial Services,Singapore,Asia Pacific,51-200,10.0,Annual,Events,8.5,158.8,Churned,2023-12-01,Low adoption / unused seats,4,10.0,2023-11-05,9,4,1,2023-08,10.0,0,15.88,1905.6000000000001,0.40925,Medium (30-45%),0.36726666666666663,1.0,10.0,155.14000000000001,635.2
CUST-10459,2023-08-07,Starter,Manufacturing,Brazil,Latin America,51-200,19.0,Monthly,Partner,16.6,239.15,Churned,2023-12-01,Too expensive,4,10.0,2023-11-26,20,4,1,2023-08,19.0,0,12.586842105263159,2869.8,0.46935,High (>45%),0.4473,0.3333333333333333,9.333333333333334,242.48666666666668,956.6
CUST-10460,2023-08-08,Enterprise,Retail,Singapore,Asia Pacific,1000+,275.0,Annual,Partner,28.6,9734.75,Active,,,17,3.0,2024-12-04,612,17,0,2023-08,275.0,0,35.39909090909091,116817.0,0.22801764705882355,Low (<30% seats used),0.26733333333333337,1.3333333333333333,3.6666666666666665,19438.01,165490.75
CUST-10461,2023-08-08,Starter,Manufacturing,Australia,Asia Pacific,201-1000,15.0,Annual,Paid Search,11.9,207.58,Active,,,17,7.0,2024-12-03,18,17,0,2023-08,15.0,0,13.838666666666667,2490.96,0.5750823529411764,High (>45%),0.6278666666666667,0.3333333333333333,7.0,246.34666666666666,3528.86
CUST-10462,2023-08-08,Growth,Technology,United States,North America,51-200,15.0,Annual,Organic,0.0,479.0,Active,,,17,,2024-12-17,15,17,0,2023-08,15.0,0,31.933333333333334,5748.0,0.6653882352941176,High (>45%),0.6279666666666667,0.6666666666666666,7.333333333333333,471.6666666666667,8143.0
CUST-10463,2023-08-08,Growth,Technology,United States,North America,51-200,9.0,Monthly,Partner,18.4,310.57,Active,,,17,7.0,2024-12-11,16,17,0,2023-08,9.0,0,34.507777777777775,3726.84,0.29813529411764705,Low (<30% seats used),0.13066666666666668,2.3333333333333335,7.0,430.24666666666667,5279.69
CUST-10464,2023-08-09,Growth,Financial Services,Canada,North America,51-200,11.0,Monthly,Events,8.0,371.64,Active,,,17,,2024-12-27,16,17,0,2023-08,11.0,0,33.78545454545454,4459.68,0.2853470588235294,Low (<30% seats used),0.2427,1.6666666666666667,3.6666666666666665,452.59999999999997,6317.88
CUST-10465,2023-08-09,Growth,Technology,United Kingdom,Europe,51-200,33.0,Monthly,Outbound Sales,6.5,827.81,Active,,,17,10.0,2024-12-05,12,17,0,2023-08,33.0,0,25.085151515151512,9933.72,0.47964117647058824,High (>45%),0.6009333333333333,0.0,10.0,409.55333333333334,14072.769999999999
CUST-10466,2023-08-10,Enterprise,Healthcare,United Kingdom,Europe,51-200,25.0,Monthly,Partner,19.4,1805.75,Churned,2024-09-01,Switched to competitor,13,8.0,2024-08-17,20,13,1,2023-08,25.0,0,72.23,21669.0,0.4815923076923077,High (>45%),0.5143666666666666,0.6666666666666666,7.333333333333333,1624.4000000000003,23474.75
CUST-10467,2023-08-10,Business,Manufacturing,Brazil,Latin America,201-1000,154.0,Annual,Paid Search,19.1,4385.75,Churned,2023-12-01,Low adoption / unused seats,4,8.0,2023-11-25,159,4,1,2023-08,154.0,0,28.478896103896105,52629.0,0.114975,Low (<30% seats used),0.09536666666666667,1.6666666666666667,8.333333333333334,4351.233333333334,17543.0
CUST-10468,2023-08-10,Business,Manufacturing,Spain,Europe,1-50,3.0,Annual,Partner,12.7,482.81,Active,,,17,8.0,2024-12-23,4,17,0,2023-08,3.0,0,160.93666666666667,5793.72,0.18498823529411765,Low (<30% seats used),0.03,0.0,8.0,520.0533333333333,8207.77
CUST-10469,2023-08-10,Growth,Financial Services,United States,North America,1-50,6.0,Monthly,Organic,0.0,281.0,Churned,2024-04-01,Missing features,8,,2024-03-08,5,8,1,2023-08,6.0,0,46.833333333333336,3372.0,0.1874375,Low (<30% seats used),0.0904,1.0,5.666666666666667,251.66666666666666,2248.0
CUST-10470,2023-08-11,Growth,Healthcare,United Kingdom,Europe,201-1000,23.0,Annual,Organic,6.6,621.6,Churned,2024-07-01,Business priorities changed,11,6.0,2024-06-01,31,11,1,2023-08,23.0,0,27.02608695652174,7459.200000000001,0.5388818181818181,High (>45%),0.4002666666666667,0.6666666666666666,6.0,785.9900000000001,6837.6
CUST-10471,2023-08-11,Enterprise,Healthcare,United States,North America,1000+,232.0,Annual,Paid Search,14.9,9783.44,Churned,2023-09-01,,1,4.0,2023-08-25,217,1,1,2023-08,232.0,0,42.17,117401.28,0.2424,Low (<30% seats used),0.2424,1.0,4.0,9209.01,9783.44
CUST-10472,2023-08-11,Enterprise,Retail,United States,North America,1-50,14.0,Annual,Paid Search,11.2,1458.44,Active,,,17,9.0,,12,17,0,2023-08,14.0,0,104.17428571428572,17501.28,0.5879235294117647,High (>45%),0.5043000000000001,1.0,9.0,1351.8799999999999,24793.48
CUST-10473,2023-08-12,Growth,Healthcare,Germany,Europe,51-200,26.0,Monthly,Organic,0.0,721.0,Active,,,17,6.0,2024-12-08,53,17,0,2023-08,26.0,0,27.73076923076923,8652.0,0.7370529411764706,High (>45%),0.6713999999999999,1.0,5.666666666666667,1234.3333333333333,12257.0
CUST-10474,2023-08-12,Business,Education,United States,North America,201-1000,58.0,Annual,Outbound Sales,11.5,2041.56,Active,,,17,7.0,2024-12-01,51,17,0,2023-08,58.0,0,35.19931034482759,24498.72,0.43361764705882355,Medium (30-45%),0.4960333333333333,1.0,6.666666666666667,1852.76,34706.52
CUST-10475,2023-08-13,Business,Technology,Spain,Europe,51-200,18.0,Monthly,Paid Search,7.4,932.38,Active,,,17,3.0,2024-12-14,26,17,0,2023-08,18.0,0,51.79888888888889,11188.56,0.043941176470588234,Low (<30% seats used),0.03,1.0,3.0,1149.6766666666667,15850.46
CUST-10476,2023-08-13,Growth,Education,United States,North America,1-50,2.0,Monthly,Referral,8.5,189.26,Churned,2024-10-01,Missing features,14,7.0,2024-09-18,2,14,1,2023-08,2.0,0,94.63,2271.12,0.49075714285714284,High (>45%),0.6059,0.3333333333333333,7.0,189.26,2649.64
CUST-10477,2023-08-14,Business,Logistics,United States,North America,1-50,7.0,Monthly,Partner,18.2,582.23,Churned,2023-10-01,Switched to competitor,2,6.0,2023-09-13,7,2,1,2023-08,7.0,0,83.17571428571429,6986.76,0.1649,Low (<30% seats used),0.1649,4.0,6.0,595.3199999999999,1164.46
CUST-10478,2023-08-14,Enterprise,Financial Services,Germany,Europe,201-1000,171.0,Annual,Referral,7.8,7993.79,Active,,,17,,,179,17,0,2023-08,171.0,0,46.74730994152047,95925.48,0.7112411764705883,High (>45%),0.6858666666666666,0.0,8.0,8533.16,135894.43
CUST-10479,2023-08-14,Starter,Financial Services,Brazil,Latin America,1-50,2.0,Monthly,Partner,23.3,67.41,Churned,2024-04-01,,8,8.0,2024-03-09,3,8,1,2023-08,2.0,0,33.705,808.92,0.422975,Medium (30-45%),0.4272,1.3333333333333333,8.0,70.47666666666667,539.28
CUST-10480,2023-08-14,Growth,Financial Services,India,Asia Pacific,51-200,16.0,Monthly,Paid Search,0.0,501.0,Active,,,17,,2024-12-16,23,17,0,2023-08,16.0,0,31.3125,6012.0,0.08119411764705883,Low (<30% seats used),0.0409,0.6666666666666666,8.333333333333334,633.0,8517.0
CUST-10481,2023-08-15,Growth,Retail,Spain,Europe,51-200,14.0,Annual,Referral,7.9,432.67,Churned,2023-11-01,Low adoption / unused seats,3,8.0,2023-10-25,13,3,1,2023-08,14.0,0,30.905,5192.04,0.6565666666666666,High (>45%),0.6565666666666666,1.6666666666666667,7.666666666666667,419.16333333333336,1298.01
CUST-10482,2023-08-16,Starter,Manufacturing,United States,North America,51-200,16.0,Monthly,Organic,5.4,230.63,Active,,,17,7.0,2024-12-25,15,17,0,2023-08,16.0,0,14.414375,2767.56,0.09729411764705882,Low (<30% seats used),0.03,2.0,7.333333333333333,211.71333333333334,3920.71
CUST-10483,2023-08-17,Starter,Manufacturing,United States,North America,1-50,7.0,Monthly,Events,16.2,119.39,Churned,2024-11-01,Missing features,15,8.0,2024-10-22,11,15,1,2023-08,7.0,0,17.055714285714284,1432.68,0.06306666666666666,Low (<30% seats used),0.044500000000000005,2.3333333333333335,7.333333333333333,156.26666666666668,1790.85
CUST-10484,2023-08-17,Growth,Financial Services,Australia,Asia Pacific,51-200,15.0,Annual,Referral,2.7,470.09,Active,,,17,4.0,2024-12-22,29,17,0,2023-08,15.0,0,31.339333333333332,5641.08,0.16211764705882353,Low (<30% seats used),0.11533333333333333,2.0,4.0,776.9066666666666,7991.53
CUST-10485,2023-08-17,Starter,Logistics,France,Europe,1-50,2.0,Monthly,Outbound Sales,14.6,69.5,Churned,2023-11-01,,3,6.0,2023-10-12,2,3,1,2023-08,2.0,0,34.75,834.0,0.5961666666666666,High (>45%),0.5961666666666666,1.0,6.0,69.5,208.5
CUST-10486,2023-08-18,Growth,Retail,United Kingdom,Europe,201-1000,33.0,Monthly,Partner,17.2,750.13,Active,,,17,6.0,2024-12-04,34,17,0,2023-08,33.0,0,22.73121212121212,9001.56,0.45653529411764704,High (>45%),0.39999999999999997,2.0,6.333333333333333,750.1266666666667,12752.21
CUST-10487,2023-08-18,Starter,Retail,Mexico,Latin America,1-50,2.0,Monthly,Referral,4.3,71.97,Active,,,17,6.0,2024-12-01,2,17,0,2023-08,2.0,0,35.985,863.64,0.1673470588235294,Low (<30% seats used),0.046566666666666666,2.6666666666666665,5.666666666666667,71.97,1223.49
CUST-10488,2023-08-18,Growth,Technology,India,Asia Pacific,201-1000,33.0,Monthly,Paid Search,7.6,819.82,Active,,,17,8.0,2024-12-16,35,17,0,2023-08,33.0,0,24.843030303030304,9837.84,0.2168764705882353,Low (<30% seats used),0.13066666666666668,1.6666666666666667,8.0,880.81,13936.94
CUST-10489,2023-08-20,Starter,Technology,United States,North America,1-50,6.0,Annual,Organic,0.0,121.0,Churned,2023-12-01,Switched to competitor,4,5.0,2023-11-07,6,4,1,2023-08,6.0,0,20.166666666666668,1452.0,0.2975,Low (<30% seats used),0.27649999999999997,0.6666666666666666,5.0,121.0,484.0
CUST-10490,2023-08-20,Growth,Healthcare,United States,North America,201-1000,83.0,Annual,Referral,14.3,1713.88,Churned,2024-01-01,Missing features,5,7.0,2023-12-26,91,5,1,2023-08,83.0,0,20.649156626506027,20566.56,0.69574,High (>45%),0.6869999999999999,1.3333333333333333,6.333333333333333,1870.9966666666667,8569.400000000001
CUST-10491,2023-08-21,Business,Logistics,United States,North America,51-200,20.0,Monthly,Outbound Sales,22.2,896.92,Active,,,17,,2024-12-05,20,17,0,2023-08,20.0,0,44.846,10763.039999999999,0.23873529411764707,Low (<30% seats used),0.2801,0.0,7.0,880.32,15247.64
CUST-10492,2023-08-21,Business,Manufacturing,United Kingdom,Europe,1-50,6.0,Monthly,Outbound Sales,11.2,569.5,Churned,2024-07-01,Switched to competitor,11,7.0,2024-06-13,14,11,1,2023-08,6.0,0,94.91666666666667,6834.0,0.17,Low (<30% seats used),0.08536666666666666,1.6666666666666667,7.0,787.35,6264.5
CUST-10493,2023-08-21,Business,Healthcare,Australia,Asia Pacific,1-50,6.0,Monthly,Organic,3.7,583.9,Active,,,17,,2024-12-06,9,17,0,2023-08,6.0,0,97.31666666666666,7006.799999999999,0.2880764705882353,Low (<30% seats used),0.03733333333333333,3.3333333333333335,6.333333333333333,676.34,9926.3
CUST-10494,2023-08-21,Growth,Logistics,Australia,Asia Pacific,1000+,138.0,Monthly,Organic,4.9,3036.24,Active,,,17,6.0,,106,17,0,2023-08,138.0,0,22.001739130434782,36434.88,0.3341823529411765,Medium (30-45%),0.28073333333333333,3.0,6.333333333333333,2457.3933333333334,51616.079999999994
CUST-10495,2023-08-21,Growth,Technology,United States,North America,1000+,78.0,Annual,Paid Search,17.8,1559.55,Churned,2023-12-01,Switched to competitor,4,4.0,2023-11-23,104,4,1,2023-08,78.0,0,19.994230769230768,18714.6,0.22115,Low (<30% seats used),0.204,2.6666666666666665,4.0,1939.3166666666666,6238.2
CUST-10496,2023-08-22,Starter,Financial Services,Singapore,Asia Pacific,1000+,125.0,Annual,Paid Search,16.9,1295.5,Churned,2023-09-01,Missing features,1,8.0,2023-08-05,129,1,1,2023-08,125.0,0,10.364,15546.0,0.4247,Medium (30-45%),0.4247,2.0,8.0,1335.39,1295.5
CUST-10497,2023-08-22,Starter,Technology,Mexico,Latin America,201-1000,30.0,Annual,Referral,3.3,397.12,Active,,,17,9.0,,43,17,0,2023-08,30.0,0,13.237333333333334,4765.4400000000005,0.6788941176470589,High (>45%),0.7538333333333332,1.3333333333333333,9.0,547.9733333333334,6751.04
CUST-10498,2023-08-22,Starter,Financial Services,Germany,Europe,51-200,5.0,Annual,Paid Search,14.6,100.24,Churned,2024-11-01,Missing features,15,7.0,2024-10-04,5,15,1,2023-08,5.0,0,20.048,1202.8799999999999,0.44059333333333334,Medium (30-45%),0.38643333333333335,0.6666666666666666,7.0,100.24,1503.6
CUST-10499,2023-08-23,Starter,Financial Services,Mexico,Latin America,1-50,5.0,Monthly,Organic,0.0,109.0,Churned,2024-09-01,Missing features,13,8.0,2024-08-11,5,13,1,2023-08,5.0,0,21.8,1308.0,0.43813846153846153,Medium (30-45%),0.3860333333333334,0.0,8.0,109.0,1417.0
CUST-10500,2023-08-23,Starter,Manufacturing,United States,North America,201-1000,10.0,Monthly,Events,10.8,156.04,Active,,,17,5.0,2024-12-06,20,17,0,2023-08,10.0,0,15.604,1872.48,0.09145294117647058,Low (<30% seats used),0.03,0.6666666666666666,5.0,252.37666666666667,2652.68
CUST-10501,2023-08-23,Starter,Technology,United Kingdom,Europe,1-50,1.0,Monthly,Organic,5.4,60.35,Active,,,17,8.0,2024-12-19,1,17,0,2023-08,1.0,0,60.35,724.2,0.05525294117647059,Low (<30% seats used),0.03,1.0,8.0,60.35,1025.95
CUST-10502,2023-08-24,Growth,Logistics,Australia,Asia Pacific,1-50,2.0,Annual,Referral,4.4,191.06,Active,,,17,8.0,2024-12-18,4,17,0,2023-08,2.0,0,95.53,2292.7200000000003,0.5045235294117647,High (>45%),0.4487666666666666,0.0,8.0,226.12,3248.02
CUST-10503,2023-08-24,Growth,Technology,Australia,Asia Pacific,51-200,16.0,Monthly,Referral,6.5,478.12,Active,,,17,9.0,2024-12-25,14,17,0,2023-08,16.0,0,29.8825,5737.4400000000005,0.6443823529411764,High (>45%),0.5279333333333334,1.6666666666666667,8.333333333333334,436.98,8128.04
CUST-10504,2023-08-24,Starter,Retail,Canada,North America,201-1000,21.0,Monthly,Paid Search,14.2,265.22,Churned,2024-08-01,Switched to competitor,12,8.0,,22,12,1,2023-08,21.0,0,12.62952380952381,3182.6400000000003,0.12064166666666666,Low (<30% seats used),0.03,0.3333333333333333,8.0,275.51,3182.6400000000003
CUST-10505,2023-08-25,Starter,Manufacturing,Mexico,Latin America,51-200,5.0,Monthly,Partner,12.2,101.68,Churned,2023-10-01,Switched to competitor,2,6.0,2023-09-02,5,2,1,2023-08,5.0,0,20.336000000000002,1220.16,0.2135,Low (<30% seats used),0.2135,1.5,6.0,101.68,203.36
CUST-10506,2023-08-26,Business,Manufacturing,United States,North America,1-50,4.0,Monthly,Organic,0.0,527.0,Active,,,17,5.0,2024-12-26,5,17,0,2023-08,4.0,0,131.75,6324.0,0.42663529411764706,Medium (30-45%),0.34273333333333333,1.3333333333333333,5.0,580.3333333333334,8959.0
CUST-10507,2023-08-26,Growth,Logistics,Canada,North America,1000+,90.0,Annual,Events,22.5,1683.5,Active,,,17,10.0,,96,17,0,2023-08,90.0,0,18.705555555555556,20202.0,0.4681352941176471,High (>45%),0.2534,1.3333333333333333,10.0,1819.8999999999999,28619.5
CUST-10508,2023-08-27,Starter,Education,United States,North America,1-50,6.0,Annual,Organic,0.0,121.0,Churned,2024-10-01,Poor support experience,14,4.0,2024-09-10,4,14,1,2023-08,6.0,0,20.166666666666668,1452.0,0.4030642857142857,Medium (30-45%),0.34746666666666665,1.3333333333333333,4.333333333333333,97.0,1694.0
CUST-10509,2023-08-27,Growth,Manufacturing,United States,North America,1-50,3.0,Monthly,Outbound Sales,11.0,207.74,Active,,,17,9.0,2024-12-06,2,17,0,2023-08,3.0,0,69.24666666666667,2492.88,0.23525294117647058,Low (<30% seats used),0.044500000000000005,0.3333333333333333,9.0,188.16,3531.58
CUST-10510,2023-08-28,Business,Technology,Singapore,Asia Pacific,51-200,19.0,Monthly,Paid Search,12.8,929.18,Churned,2023-11-01,,3,,2023-10-05,22,3,1,2023-08,19.0,0,48.90421052631579,11150.16,0.6460666666666667,High (>45%),0.6460666666666667,0.3333333333333333,9.0,984.9833333333332,2787.54
CUST-10511,2023-08-28,Growth,Education,India,Europe,1-50,3.0,Monthly,Referral,1.4,214.08,Churned,2023-10-01,Company downsizing,2,7.0,,3,2,1,2023-08,3.0,0,71.36,2568.96,0.6184000000000001,High (>45%),0.6184000000000001,1.0,7.5,214.08,428.16
CUST-10512,2023-09-01,Starter,Retail,United Kingdom,Europe,201-1000,32.0,Monthly,Outbound Sales,13.5,381.16,Active,,,16,8.0,2024-12-03,15,16,0,2023-09,32.0,0,11.91125,4573.92,0.23293125,Low (<30% seats used),0.03,1.0,8.333333333333334,215.08,6098.56
CUST-10513,2023-09-01,Starter,Logistics,France,Europe,1-50,2.0,Monthly,Referral,3.2,72.23,Churned,2023-11-01,Missing features,2,2.0,2023-10-26,2,2,1,2023-09,2.0,0,36.115,866.76,0.30085,Medium (30-45%),0.30085,1.5,2.0,72.23,144.46
CUST-10514,2023-09-02,Starter,Media,France,Europe,201-1000,28.0,Monthly,Paid Search,13.0,341.32,Active,,,16,7.0,2024-12-01,26,16,0,2023-09,28.0,0,12.19,4095.84,0.23695,Low (<30% seats used),0.3439666666666667,1.6666666666666667,6.666666666666667,316.96,5461.12
CUST-10515,2023-09-03,Growth,Financial Services,Canada,North America,51-200,19.0,Monthly,Referral,4.2,549.44,Active,,,16,7.0,2024-12-04,28,16,0,2023-09,19.0,0,28.917894736842108,6593.280000000001,0.2815125,Low (<30% seats used),0.3127333333333333,0.3333333333333333,7.0,704.0033333333334,8791.04
CUST-10516,2023-09-03,Starter,Financial Services,Australia,Asia Pacific,1-50,3.0,Monthly,Organic,1.3,84.53,Active,,,16,9.0,2024-12-14,2,16,0,2023-09,3.0,0,28.176666666666666,1014.36,0.296025,Low (<30% seats used),0.1264,0.6666666666666666,8.666666666666666,72.69,1352.48
CUST-10517,2023-09-04,Growth,Financial Services,Australia,Asia Pacific,51-200,32.0,Annual,Referral,1.4,843.14,Active,,,16,4.0,,21,16,0,2023-09,32.0,0,26.348125,10117.68,0.27796875,Low (<30% seats used),0.1677,0.6666666666666666,4.333333333333333,626.2233333333334,13490.24
CUST-10518,2023-09-04,Business,Technology,India,Asia Pacific,1000+,103.0,Annual,Organic,9.9,3368.7,Active,,,16,,2024-12-14,67,16,0,2023-09,103.0,0,32.70582524271845,40424.399999999994,0.49649375,High (>45%),0.5725,1.0,10.0,2330.74,53899.2
CUST-10519,2023-09-05,Growth,Technology,India,Asia Pacific,201-1000,44.0,Monthly,Organic,4.9,1069.57,Active,,,16,10.0,2024-12-12,60,16,0,2023-09,44.0,0,24.30840909090909,12834.84,0.48481874999999997,High (>45%),0.4848333333333333,0.6666666666666666,9.333333333333334,1397.3466666666666,17113.12
CUST-10520,2023-09-05,Business,Retail,Spain,Europe,51-200,17.0,Monthly,Events,5.9,910.9,Churned,2024-06-01,Switched to competitor,9,7.0,2024-05-20,13,9,1,2023-09,17.0,0,53.58235294117647,10930.8,0.18314444444444444,Low (<30% seats used),0.20816666666666664,1.0,7.0,770.3800000000001,8198.1
CUST-10521,2023-09-05,Business,Logistics,Australia,Asia Pacific,1-50,8.0,Annual,Paid Search,2.3,649.11,Active,,,16,8.0,,10,16,0,2023-09,8.0,0,81.13875,7789.32,0.05519375,Low (<30% seats used),0.031166666666666665,1.0,8.666666666666666,732.48,10385.76
CUST-10522,2023-09-06,Starter,Retail,Mexico,Latin America,1-50,3.0,Annual,Partner,14.4,79.82,Active,,,16,10.0,2024-12-13,6,16,0,2023-09,3.0,0,26.606666666666666,957.8399999999999,0.65365,High (>45%),0.6185999999999999,1.0,10.0,103.78333333333335,1277.12
CUST-10523,2023-09-06,Starter,Media,France,Europe,1-50,4.0,Monthly,Events,8.7,92.82,Active,,,16,7.0,2024-12-23,3,16,0,2023-09,4.0,0,23.205,1113.84,0.30886875,Medium (30-45%),0.08806666666666667,1.6666666666666667,7.0,81.87,1485.12
CUST-10524,2023-09-07,Enterprise,Technology,United States,North America,201-1000,91.0,Annual,Paid Search,13.2,4453.46,Active,,,16,,2024-12-08,177,16,0,2023-09,91.0,0,48.93912087912088,53441.520000000004,0.9130375,High (>45%),1.0,0.3333333333333333,9.666666666666666,7604.3,71255.36
CUST-10525,2023-09-07,Starter,Retail,United States,North America,51-200,10.0,Monthly,Partner,21.6,143.08,Churned,2024-03-01,Poor support experience,6,10.0,2024-02-04,9,6,1,2023-09,10.0,0,14.308000000000002,1716.96,0.5700999999999999,High (>45%),0.6005666666666666,1.0,10.0,139.94333333333336,858.48
CUST-10526,2023-09-09,Enterprise,Healthcare,Canada,North America,51-200,22.0,Annual,Referral,10.8,1782.08,Active,,,16,6.0,2024-12-01,17,16,0,2023-09,22.0,0,81.00363636363636,21384.96,0.18076875,Low (<30% seats used),0.3247,0.6666666666666666,5.666666666666667,1554.6200000000001,28513.28
CUST-10527,2023-09-09,Growth,Education,India,Asia Pacific,1-50,6.0,Monthly,Partner,23.0,250.64,Active,,,16,9.0,2024-12-01,10,16,0,2023-09,6.0,0,41.77333333333333,3007.68,0.7581375,High (>45%),0.9038333333333334,0.6666666666666666,9.0,329.6933333333333,4010.24
CUST-10528,2023-09-10,Growth,Healthcare,Canada,North America,51-200,14.0,Annual,Organic,3.0,447.76,Active,,,16,7.0,2024-12-07,18,16,0,2023-09,14.0,0,31.982857142857142,5373.12,0.4351625,Medium (30-45%),0.5873666666666667,0.6666666666666666,7.666666666666667,518.8933333333333,7164.16
CUST-10529,2023-09-10,Growth,Technology,United States,North America,1-50,7.0,Monthly,Paid Search,6.7,292.68,Active,,,16,7.0,2024-12-24,5,16,0,2023-09,7.0,0,41.81142857142857,3512.16,0.05153125,Low (<30% seats used),0.03,0.6666666666666666,6.666666666666667,251.63,4682.88
CUST-10530,2023-09-10,Growth,Technology,United States,North America,1-50,2.0,Monthly,Partner,14.6,186.58,Churned,2024-11-01,Missing features,14,,2024-10-27,2,14,1,2023-09,2.0,0,93.29,2238.96,0.20394285714285715,Low (<30% seats used),0.06993333333333333,1.3333333333333333,8.0,180.3166666666667,2612.1200000000003
CUST-10531,2023-09-10,Enterprise,Technology,Canada,North America,51-200,22.0,Monthly,Organic,5.0,1839.5,Active,,,16,6.0,2024-12-23,19,16,0,2023-09,22.0,0,83.61363636363636,22074.0,0.169175,Low (<30% seats used),0.3164,0.6666666666666666,6.0,1711.25,29432.0
CUST-10532,2023-09-11,Growth,Technology,Canada,North America,1-50,3.0,Monthly,Outbound Sales,12.3,206.88,Active,,,16,,2024-12-27,3,16,0,2023-09,3.0,0,68.96,2482.56,0.05544375,Low (<30% seats used),0.03,2.6666666666666665,5.666666666666667,206.88,3310.08
CUST-10533,2023-09-11,Starter,Financial Services,India,Asia Pacific,1-50,3.0,Monthly,Paid Search,13.2,80.25,Churned,2023-11-01,Low adoption / unused seats,2,5.0,2023-10-18,3,2,1,2023-09,3.0,0,26.75,963.0,0.1775,Low (<30% seats used),0.1775,1.5,5.0,80.25,160.5
CUST-10534,2023-09-11,Starter,Retail,Singapore,Asia Pacific,1-50,2.0,Monthly,Organic,0.2,72.95,Active,,,16,7.0,2024-12-11,3,16,0,2023-09,2.0,0,36.475,875.4000000000001,0.4906125,High (>45%),0.7240333333333333,0.3333333333333333,7.0,84.93,1167.2
CUST-10535,2023-09-12,Growth,Financial Services,United States,North America,1-50,3.0,Monthly,Organic,3.9,212.43,Active,,,16,9.0,2024-12-17,3,16,0,2023-09,3.0,0,70.81,2549.16,0.319275,Medium (30-45%),0.24863333333333335,1.0,9.0,212.42999999999998,3398.88
CUST-10536,2023-09-13,Enterprise,Healthcare,Brazil,Latin America,1-50,9.0,Monthly,Paid Search,12.1,1254.99,Active,,,16,7.0,2024-12-27,17,16,0,2023-09,9.0,0,139.44333333333333,15059.880000000001,0.34546875,Medium (30-45%),0.2943,1.0,7.0,1545.0633333333335,20079.84
CUST-10537,2023-09-13,Business,Education,United States,North America,1-50,3.0,Monthly,Outbound Sales,8.8,486.55,Active,,,16,6.0,2024-12-12,3,16,0,2023-09,3.0,0,162.18333333333334,5838.6,0.42715625,Medium (30-45%),0.3651,1.3333333333333333,6.333333333333333,486.55,7784.8
CUST-10538,2023-09-13,Starter,Logistics,Australia,Asia Pacific,1-50,3.0,Monthly,Organic,0.0,85.0,Active,,,16,8.0,2024-12-23,3,16,0,2023-09,3.0,0,28.333333333333332,1020.0,0.7360625,High (>45%),0.7835333333333333,0.6666666666666666,8.0,85.0,1360.0
CUST-10539,2023-09-13,Starter,Manufacturing,United States,North America,201-1000,25.0,Monthly,Events,22.7,280.9,Active,,,16,9.0,2024-12-26,30,16,0,2023-09,25.0,0,11.235999999999999,3370.7999999999997,0.8214125,High (>45%),1.0,1.0,9.0,327.28,4494.4
CUST-10540,2023-09-13,Starter,Financial Services,Germany,Europe,201-1000,25.0,Annual,Paid Search,13.8,307.6,Churned,2024-05-01,Too expensive,8,8.0,2024-04-07,32,8,1,2023-09,25.0,0,12.304,3691.2000000000003,0.09935000000000001,Low (<30% seats used),0.0746,1.0,8.0,345.52666666666664,2460.8
CUST-10541,2023-09-13,Starter,Financial Services,Canada,North America,1-50,3.0,Annual,Partner,21.7,77.19,Churned,2024-02-01,Missing features,5,6.0,2024-01-09,3,5,1,2023-09,3.0,0,25.73,926.28,0.54558,High (>45%),0.5384666666666668,0.3333333333333333,6.0,77.19,385.95
CUST-10542,2023-09-13,Growth,Retail,Japan,Asia Pacific,201-1000,83.0,Annual,Events,17.0,1664.58,Active,,,16,,2024-12-21,103,16,0,2023-09,83.0,0,20.055180722891567,19974.96,0.80911875,High (>45%),1.0,0.0,10.0,2005.4333333333334,26633.28
CUST-10543,2023-09-14,Starter,Manufacturing,United States,North America,51-200,5.0,Monthly,Partner,9.1,103.54,Active,,,16,,,9,16,0,2023-09,5.0,0,20.708000000000002,1242.48,0.47769375000000003,High (>45%),0.39126666666666665,1.6666666666666667,8.666666666666666,147.17,1656.64
CUST-10544,2023-09-14,Growth,Retail,India,Asia Pacific,51-200,17.0,Monthly,Organic,0.0,523.0,Churned,2023-11-01,,2,10.0,2023-10-20,18,2,1,2023-09,17.0,0,30.764705882352942,6276.0,0.7017500000000001,High (>45%),0.7017500000000001,0.5,10.0,534.0,1046.0
CUST-10545,2023-09-14,Business,Healthcare,United States,North America,1-50,9.0,Monthly,Paid Search,5.1,672.31,Active,,,16,6.0,2024-12-24,7,16,0,2023-09,9.0,0,74.7011111111111,8067.719999999999,0.1172875,Low (<30% seats used),0.03,1.3333333333333333,6.0,611.58,10756.96
CUST-10546,2023-09-15,Starter,Financial Services,Canada,North America,1000+,64.0,Annual,Referral,15.7,696.42,Active,,,16,3.0,2024-12-21,65,16,0,2023-09,64.0,0,10.8815625,8357.039999999999,0.14755,Low (<30% seats used),0.03,3.3333333333333335,3.3333333333333335,713.2833333333333,11142.72
CUST-10547,2023-09-15,Growth,Retail,France,Europe,51-200,2.0,Annual,Partner,13.5,187.06,Churned,2024-02-01,Missing features,5,10.0,2024-01-26,2,5,1,2023-09,2.0,0,93.53,2244.7200000000003,0.6083999999999999,High (>45%),0.5847333333333333,1.0,10.0,187.06000000000003,935.3
CUST-10548,2023-09-16,Business,Retail,India,Asia Pacific,1-50,9.0,Monthly,Organic,5.7,670.58,Active,,,16,6.0,2024-12-17,14,16,0,2023-09,9.0,0,74.50888888888889,8046.960000000001,0.0675625,Low (<30% seats used),0.03,2.0,6.0,831.52,10729.28
CUST-10549,2023-09-16,Starter,Logistics,Spain,Europe,1-50,2.0,Annual,Referral,1.5,72.64,Active,,,16,2.0,2024-12-19,1,16,0,2023-09,2.0,0,36.32,871.6800000000001,0.064125,Low (<30% seats used),0.03,1.3333333333333333,2.6666666666666665,60.82,1162.24
CUST-10550,2023-09-16,Growth,Technology,United States,North America,1-50,8.0,Monthly,Organic,0.8,323.59,Active,,,16,9.0,2024-12-15,8,16,0,2023-09,8.0,0,40.44875,3883.08,0.76683125,High (>45%),0.8607,0.6666666666666666,9.333333333333334,316.31666666666666,5177.44
CUST-10551,2023-09-16,Starter,Technology,India,Asia Pacific,201-1000,24.0,Monthly,Partner,22.1,273.35,Active,,,16,9.0,,31,16,0,2023-09,24.0,0,11.389583333333334,3280.2000000000003,0.50783125,High (>45%),0.5397333333333333,0.6666666666666666,8.666666666666666,326.3233333333333,4373.6
CUST-10552,2023-09-18,Starter,Education,Japan,Asia Pacific,1-50,1.0,Monthly,Organic,0.0,61.0,Active,,,16,,2024-12-06,1,16,0,2023-09,1.0,0,61.0,732.0,0.60819375,High (>45%),0.5666666666666667,1.3333333333333333,6.0,61.0,976.0
CUST-10553,2023-09-18,Enterprise,Healthcare,India,Asia Pacific,1-50,12.0,Annual,Organic,5.1,1411.46,Active,,,16,10.0,2024-12-26,20,16,0,2023-09,12.0,0,117.62166666666667,16937.52,0.8476125,High (>45%),1.0,0.0,10.0,1724.6266666666668,22583.36
CUST-10554,2023-09-18,Starter,Financial Services,Germany,Europe,51-200,6.0,Monthly,Referral,10.1,113.73,Churned,2023-12-01,Too expensive,3,3.0,2023-11-12,6,3,1,2023-09,6.0,0,18.955000000000002,1364.76,0.3468333333333333,Medium (30-45%),0.3468333333333333,0.6666666666666666,3.3333333333333335,113.73,341.19
CUST-10555,2023-09-19,Starter,Technology,United States,North America,1-50,3.0,Monthly,Partner,12.4,80.54,Churned,2023-11-01,Switched to competitor,2,5.0,2023-10-06,3,2,1,2023-09,3.0,0,26.846666666666668,966.48,0.2931,Low (<30% seats used),0.2931,2.0,5.0,80.54,161.08
CUST-10556,2023-09-19,Starter,Technology,France,Europe,1-50,2.0,Monthly,Partner,20.9,67.98,Active,,,16,7.0,2024-12-13,2,16,0,2023-09,2.0,0,33.99,815.76,0.70391875,High (>45%),0.8545666666666666,0.3333333333333333,7.0,67.98,1087.68
CUST-10557,2023-09-19,Starter,Logistics,Japan,Asia Pacific,1-50,3.0,Monthly,Paid Search,8.1,82.08,Active,,,16,8.0,2024-12-18,3,16,0,2023-09,3.0,0,27.36,984.96,0.3856625,Medium (30-45%),0.32703333333333334,1.0,8.333333333333334,82.08,1313.28
CUST-10558,2023-09-20,Enterprise,Financial Services,Mexico,Latin America,1-50,31.0,Monthly,Organic,4.4,2232.62,Active,,,16,6.0,2024-12-02,31,16,0,2023-09,31.0,0,72.02,26791.44,0.4663,High (>45%),0.4769333333333334,0.6666666666666666,5.666666666666667,2289.98,35721.92
CUST-10559,2023-09-20,Starter,Manufacturing,Brazil,Latin America,1-50,4.0,Monthly,Referral,4.7,94.74,Churned,2023-11-01,Poor support experience,2,8.0,2023-10-12,4,2,1,2023-09,4.0,0,23.685,1136.8799999999999,0.2401,Low (<30% seats used),0.2401,1.5,8.5,94.74,189.48
CUST-10560,2023-09-20,Business,Manufacturing,France,Europe,51-200,10.0,Annual,Partner,12.7,678.36,Churned,2024-12-01,Switched to competitor,15,5.0,2024-11-13,17,15,1,2023-09,10.0,0,67.836,8140.32,0.6322666666666666,High (>45%),0.7225666666666667,0.0,5.333333333333333,836.6633333333333,10175.4
CUST-10561,2023-09-21,Business,Education,France,Europe,201-1000,91.0,Monthly,Referral,13.5,2917.88,Active,,,16,9.0,2024-12-12,87,16,0,2023-09,91.0,0,32.06461538461539,35014.56,0.3018,Medium (30-45%),0.3671333333333333,1.3333333333333333,9.333333333333334,2751.7999999999997,46686.08
CUST-10562,2023-09-21,Starter,Manufacturing,United States,North America,51-200,16.0,Annual,Organic,7.6,226.41,Churned,2023-10-01,Missing features,1,6.0,2023-09-20,17,1,1,2023-09,16.0,0,14.150625,2716.92,0.1687,Low (<30% seats used),0.1687,2.0,6.0,237.5,226.41
CUST-10563,2023-09-21,Business,Manufacturing,France,Europe,1000+,445.0,Annual,Organic,12.8,12816.28,Active,,,16,8.0,2024-12-27,546,16,0,2023-09,445.0,0,28.80062921348315,153795.36000000002,0.30415625,Medium (30-45%),0.40829999999999994,2.0,8.666666666666666,15160.213333333333,205060.48
CUST-10564,2023-09-22,Starter,Financial Services,India,Asia Pacific,1-50,7.0,Monthly,Referral,7.1,127.04,Churned,2023-11-01,Missing features,2,5.0,2023-10-27,8,2,1,2023-09,7.0,0,18.14857142857143,1524.48,0.2081,Low (<30% seats used),0.2081,1.5,5.0,132.61,254.08
CUST-10565,2023-09-22,Growth,Logistics,United States,North America,51-200,9.0,Annual,Partner,14.5,318.29,Active,,,16,,2024-12-12,12,16,0,2023-09,9.0,0,35.36555555555556,3819.4800000000005,0.65790625,High (>45%),0.6902333333333334,0.3333333333333333,6.666666666666667,362.18,5092.64
CUST-10566,2023-09-22,Starter,Media,United Kingdom,Europe,201-1000,12.0,Annual,Organic,10.7,177.59,Active,,,16,9.0,2024-12-25,8,16,0,2023-09,12.0,0,14.799166666666666,2131.08,0.45635625,High (>45%),0.49310000000000004,0.3333333333333333,9.0,141.87,2841.44
CUST-10567,2023-09-23,Starter,Retail,Spain,Europe,51-200,10.0,Monthly,Partner,12.8,153.64,Churned,2024-11-01,Low adoption / unused seats,14,5.0,2024-10-19,6,14,1,2023-09,10.0,0,15.363999999999999,1843.6799999999998,0.08127142857142856,Low (<30% seats used),0.03,2.3333333333333335,5.0,115.27,2150.96
CUST-10568,2023-09-23,Starter,Retail,United Kingdom,Europe,51-200,7.0,Monthly,Organic,3.4,130.14,Active,,,16,7.0,2024-12-07,6,16,0,2023-09,7.0,0,18.59142857142857,1561.6799999999998,0.4109375,Medium (30-45%),0.39399999999999996,1.3333333333333333,7.0,118.55,2082.24
CUST-10569,2023-09-24,Growth,Healthcare,France,Europe,1-50,6.0,Monthly,Organic,0.0,281.0,Active,,,16,9.0,2024-12-16,10,16,0,2023-09,6.0,0,46.833333333333336,3372.0,0.30270625,Medium (30-45%),0.21673333333333333,0.3333333333333333,9.0,354.3333333333333,4496.0
CUST-10570,2023-09-24,Starter,Technology,Singapore,Asia Pacific,51-200,9.0,Monthly,Partner,18.5,137.02,Active,,,16,7.0,2024-12-02,6,16,0,2023-09,9.0,0,15.224444444444446,1644.2400000000002,0.13066875,Low (<30% seats used),0.04496666666666666,1.6666666666666667,6.666666666666667,107.68,2192.32
CUST-10571,2023-09-24,Starter,Retail,United Kingdom,Europe,51-200,11.0,Monthly,Partner,14.0,162.52,Active,,,16,6.0,2024-12-02,10,16,0,2023-09,11.0,0,14.774545454545455,1950.2400000000002,0.56730625,High (>45%),0.6008,1.6666666666666667,6.333333333333333,152.2,2600.32
CUST-10572,2023-09-25,Starter,Technology,India,Asia Pacific,51-200,6.0,Annual,Organic,0.0,121.0,Active,,,16,2.0,2024-12-21,6,16,0,2023-09,6.0,0,20.166666666666668,1452.0,0.11265625,Low (<30% seats used),0.03573333333333333,0.6666666666666666,2.0,121.0,1936.0
CUST-10573,2023-09-25,Enterprise,Logistics,United States,North America,1000+,420.0,Annual,Events,12.2,17493.2,Churned,2023-10-01,Business priorities changed,1,4.0,2023-09-06,424,1,1,2023-09,420.0,0,41.65047619047619,209918.40000000002,0.4778,High (>45%),0.4778,3.0,4.0,17651.24,17493.2
CUST-10574,2023-09-26,Growth,Retail,Germany,Europe,201-1000,35.0,Annual,Paid Search,13.8,812.74,Active,,,16,6.0,2024-12-10,23,16,0,2023-09,35.0,0,23.22114285714286,9752.880000000001,0.337125,Medium (30-45%),0.036566666666666664,1.3333333333333333,6.666666666666667,566.2066666666666,13003.84
CUST-10575,2023-09-26,Starter,Education,Germany,Europe,51-200,11.0,Monthly,Outbound Sales,13.8,162.78,Active,,,16,10.0,2024-12-07,10,16,0,2023-09,11.0,0,14.798181818181819,1953.3600000000001,0.40410625,Medium (30-45%),0.5002333333333333,0.0,10.0,155.88666666666666,2604.48
CUST-10576,2023-09-26,Enterprise,Logistics,United States,North America,1-50,9.0,Monthly,Referral,0.7,1301.16,Active,,,16,5.0,2024-12-05,8,16,0,2023-09,9.0,0,144.57333333333335,15613.920000000002,0.39433125,Medium (30-45%),0.25266666666666665,0.3333333333333333,5.0,1256.48,20818.56
CUST-10577,2023-09-27,Enterprise,Retail,United States,North America,1-50,49.0,Annual,Organic,0.0,3104.0,Active,,,16,9.0,2024-12-17,81,16,0,2023-09,49.0,0,63.3469387755102,37248.0,0.77156875,High (>45%),0.7952666666666667,0.3333333333333333,9.666666666666666,4439.0,49664.0
CUST-10578,2023-09-27,Business,Technology,United Kingdom,Europe,1-50,8.0,Monthly,Organic,0.0,655.0,Active,,,16,5.0,2024-12-18,7,16,0,2023-09,8.0,0,81.875,7860.0,0.7294875,High (>45%),0.6806333333333333,2.6666666666666665,5.0,623.0,10480.0
CUST-10579,2023-09-27,Business,Financial Services,Germany,Europe,1-50,4.0,Monthly,Paid Search,6.8,518.3,Active,,,16,7.0,2024-12-24,3,16,0,2023-09,4.0,0,129.575,6219.599999999999,0.300075,Medium (30-45%),0.044833333333333336,1.3333333333333333,7.0,508.3566666666666,8292.8
CUST-10580,2023-09-28,Starter,Retail,India,Asia Pacific,1-50,5.0,Monthly,Partner,11.5,102.1,Active,,,16,3.0,2024-12-19,5,16,0,2023-09,5.0,0,20.419999999999998,1225.1999999999998,0.14101249999999999,Low (<30% seats used),0.03,3.6666666666666665,3.0,102.09999999999998,1633.6
CUST-10581,2023-09-28,Business,Technology,Spain,Europe,1-50,8.0,Annual,Organic,0.0,655.0,Active,,,16,,2024-12-06,6,16,0,2023-09,8.0,0,81.875,7860.0,0.5219,High (>45%),0.5063666666666666,0.0,7.333333333333333,601.6666666666666,10480.0
CUST-10582,2023-09-28,Starter,Financial Services,United Kingdom,Europe,51-200,8.0,Annual,Paid Search,5.9,139.34,Churned,2023-10-01,Switched to competitor,1,9.0,2023-09-17,8,1,1,2023-09,8.0,0,17.4175,1672.08,0.4055,Medium (30-45%),0.4055,0.0,9.0,139.34,139.34
CUST-10583,2023-09-28,Growth,Education,Australia,Asia Pacific,1-50,1.0,Annual,Organic,0.0,171.0,Active,,,16,7.0,2024-12-23,2,16,0,2023-09,1.0,0,171.0,2052.0,0.3453375,Medium (30-45%),0.2993333333333333,2.0,7.0,193.0,2736.0
CUST-10584,2023-09-28,Growth,Manufacturing,United States,North America,51-200,3.0,Annual,Organic,0.5,214.67,Active,,,16,5.0,2024-12-04,4,16,0,2023-09,3.0,0,71.55666666666666,2576.04,0.13334375,Low (<30% seats used),0.03,2.6666666666666665,5.0,236.56000000000003,3434.72
CUST-10585,2023-10-01,Starter,Technology,Australia,Asia Pacific,1-50,2.0,Annual,Partner,12.8,69.93,Active,,,15,,2024-12-07,3,15,0,2023-10,2.0,0,34.965,839.1600000000001,0.29186666666666666,Low (<30% seats used),0.36260000000000003,0.3333333333333333,5.0,80.39,1048.95
CUST-10586,2023-10-02,Business,Financial Services,Canada,North America,1-50,21.0,Monthly,Organic,1.7,1059.58,Active,,,15,9.0,2024-12-06,16,15,0,2023-10,21.0,0,50.45619047619047,12714.96,0.7266733333333334,High (>45%),0.8124666666666668,1.6666666666666667,8.666666666666666,923.2666666666668,15893.699999999999
CUST-10587,2023-10-02,Starter,Education,France,Europe,1000+,63.0,Annual,Organic,10.4,726.38,Active,,,15,8.0,2024-12-10,69,15,0,2023-10,63.0,0,11.52984126984127,8716.56,0.46528,High (>45%),0.3513,1.6666666666666667,8.0,783.7233333333334,10895.7
CUST-10588,2023-10-03,Starter,Manufacturing,Canada,North America,51-200,8.0,Monthly,Paid Search,9.6,135.78,Active,,,15,6.0,2024-12-06,8,15,0,2023-10,8.0,0,16.9725,1629.3600000000001,0.3174133333333333,Medium (30-45%),0.3524333333333334,1.6666666666666667,6.333333333333333,128.5533333333333,2036.7
CUST-10589,2023-10-03,Business,Healthcare,Brazil,Latin America,1-50,6.0,Annual,Referral,8.2,575.26,Active,,,15,5.0,2024-12-20,6,15,0,2023-10,6.0,0,95.87666666666667,6903.12,0.16144,Low (<30% seats used),0.06276666666666667,1.6666666666666667,5.0,575.26,8628.9
CUST-10590,2023-10-03,Starter,Education,Brazil,Latin America,1-50,2.0,Monthly,Outbound Sales,19.3,68.37,Active,,,15,,2024-12-11,3,15,0,2023-10,2.0,0,34.185,820.44,0.23824666666666666,Low (<30% seats used),0.03,1.6666666666666667,5.0,78.05,1025.5500000000002
CUST-10591,2023-10-04,Growth,Technology,United States,North America,51-200,14.0,Annual,Partner,18.4,400.33,Active,,,15,6.0,2024-12-02,11,15,0,2023-10,14.0,0,28.595,4803.96,0.4693,High (>45%),0.3353333333333333,1.0,6.333333333333333,352.4533333333334,6004.95
CUST-10592,2023-10-04,Growth,Manufacturing,Singapore,Asia Pacific,201-1000,17.0,Annual,Referral,12.8,475.13,Active,,,15,5.0,2024-12-02,16,15,0,2023-10,17.0,0,27.948823529411765,5701.5599999999995,0.03308666666666667,Low (<30% seats used),0.03,0.6666666666666666,5.0,436.76,7126.95
CUST-10593,2023-10-05,Starter,Financial Services,India,Asia Pacific,1000+,124.0,Annual,Paid Search,16.6,1289.99,Active,,,15,8.0,2024-12-06,103,15,0,2023-10,124.0,0,10.403145161290322,15479.880000000001,0.44071999999999995,Medium (30-45%),0.4978,1.0,7.666666666666667,1066.4766666666667,19349.85
CUST-10594,2023-10-06,Business,Manufacturing,United States,North America,1000+,340.0,Monthly,Referral,21.7,8918.04,Active,,,15,8.0,2024-12-12,266,15,0,2023-10,340.0,0,26.22952941176471,107016.48000000001,0.21998,Low (<30% seats used),0.08766666666666667,2.6666666666666665,8.0,7623.483333333333,133770.6
CUST-10595,2023-10-07,Growth,Financial Services,United States,North America,201-1000,33.0,Annual,Organic,13.4,777.72,Active,,,15,5.0,2024-12-14,22,15,0,2023-10,33.0,0,23.567272727272726,9332.64,0.09183999999999999,Low (<30% seats used),0.03,2.0,4.666666666666667,574.4933333333333,11665.800000000001
CUST-10596,2023-10-08,Growth,Financial Services,United States,North America,1000+,139.0,Monthly,Outbound Sales,12.8,2815.58,Active,,,15,6.0,2024-12-13,237,15,0,2023-10,139.0,0,20.255971223021582,33786.96,0.25769333333333333,Low (<30% seats used),0.07503333333333333,0.3333333333333333,6.333333333333333,4593.293333333333,42233.7
CUST-10597,2023-10-08,Growth,Manufacturing,Singapore,Asia Pacific,1-50,15.0,Monthly,Outbound Sales,17.0,422.9,Active,,,15,,2024-12-15,19,15,0,2023-10,15.0,0,28.19333333333333,5074.799999999999,0.5683466666666667,High (>45%),0.7692,0.3333333333333333,6.0,520.2866666666667,6343.5
CUST-10598,2023-10-08,Business,Logistics,Australia,Asia Pacific,1-50,13.0,Monthly,Partner,10.6,770.9,Active,,,15,8.0,,13,15,0,2023-10,13.0,0,59.3,9250.8,0.6275266666666667,High (>45%),0.5314,2.6666666666666665,8.0,751.8333333333334,11563.5
CUST-10599,2023-10-08,Business,Education,India,Asia Pacific,1-50,8.0,Annual,Organic,0.0,655.0,Active,,,15,10.0,2024-12-27,10,15,0,2023-10,8.0,0,81.875,7860.0,0.6318866666666666,High (>45%),0.6784,1.3333333333333333,10.0,719.0,9825.0
CUST-10600,2023-10-09,Starter,Manufacturing,France,Europe,51-200,2.0,Monthly,Referral,5.3,71.73,Active,,,15,8.0,2024-12-17,3,15,0,2023-10,2.0,0,35.865,860.76,0.42628666666666665,Medium (30-45%),0.48656666666666665,1.6666666666666667,8.0,83.09,1075.95
CUST-10601,2023-10-11,Growth,Retail,India,Asia Pacific,51-200,13.0,Annual,Referral,1.1,431.85,Active,,,15,8.0,2024-12-25,14,15,0,2023-10,13.0,0,33.21923076923077,5182.200000000001,0.20607333333333333,Low (<30% seats used),0.2066,0.6666666666666666,7.666666666666667,453.60999999999996,6477.75
CUST-10602,2023-10-11,Starter,Retail,United States,North America,201-1000,22.0,Annual,Referral,10.1,286.34,Active,,,15,,2024-12-05,28,15,0,2023-10,22.0,0,13.015454545454544,3436.08,0.4970466666666667,High (>45%),0.5103666666666666,0.6666666666666666,4.0,336.68,4295.099999999999
CUST-10603,2023-10-12,Growth,Financial Services,Australia,Asia Pacific,51-200,13.0,Monthly,Outbound Sales,13.5,396.39,Active,,,15,7.0,2024-12-19,13,15,0,2023-10,13.0,0,30.49153846153846,4756.68,0.78604,High (>45%),0.9197333333333333,0.6666666666666666,7.0,390.0466666666666,5945.849999999999
CUST-10604,2023-10-12,Starter,Logistics,United States,North America,51-200,8.0,Monthly,Events,10.9,134.54,Churned,2024-02-01,Missing features,4,,2024-01-13,8,4,1,2023-10,8.0,0,16.8175,1614.48,0.16895,Low (<30% seats used),0.1704,2.3333333333333335,6.666666666666667,134.54,538.16
CUST-10605,2023-10-12,Business,Healthcare,United States,North America,201-1000,84.0,Annual,Organic,8.4,2861.21,Active,,,15,7.0,2024-12-18,78,15,0,2023-10,84.0,0,34.06202380952381,34334.520000000004,0.39562,Medium (30-45%),0.3415333333333333,1.0,6.666666666666667,2656.023333333333,42918.15
CUST-10606,2023-10-13,Growth,Media,United States,North America,1-50,2.0,Monthly,Events,3.6,191.42,Churned,2024-05-01,Switched to competitor,7,3.0,2024-04-17,2,7,1,2023-10,2.0,0,95.71,2297.04,0.3526428571428571,Medium (30-45%),0.3716,3.6666666666666665,3.3333333333333335,191.42,1339.9399999999998
CUST-10607,2023-10-13,Business,Media,United Kingdom,Europe,1-50,14.0,Monthly,Referral,3.4,831.77,Active,,,15,8.0,2024-12-14,22,15,0,2023-10,14.0,0,59.412142857142854,9981.24,0.66276,High (>45%),0.6588333333333333,0.6666666666666666,8.0,1068.7566666666667,12476.55
CUST-10608,2023-10-13,Business,Retail,United States,North America,201-1000,49.0,Annual,Events,19.9,1654.97,Active,,,15,7.0,2024-12-07,57,15,0,2023-10,49.0,0,33.774897959183676,19859.64,0.20576000000000003,Low (<30% seats used),0.3861333333333333,0.6666666666666666,7.0,1842.9366666666667,24824.55
CUST-10609,2023-10-14,Growth,Technology,Spain,Europe,51-200,24.0,Monthly,Referral,4.0,655.88,Active,,,15,8.0,2024-12-23,29,15,0,2023-10,24.0,0,27.328333333333333,7870.5599999999995,0.17268,Low (<30% seats used),0.11416666666666668,0.0,8.0,810.7600000000001,9838.2
CUST-10610,2023-10-14,Starter,Technology,United States,North America,51-200,18.0,Monthly,Paid Search,4.0,256.36,Churned,2024-07-01,Missing features,9,7.0,2024-06-05,13,9,1,2023-10,18.0,0,14.242222222222223,3076.32,0.3905444444444444,Medium (30-45%),0.4083333333333334,1.0,7.333333333333333,198.76,2307.2400000000002
CUST-10611,2023-10-14,Starter,Media,Germany,Europe,1-50,,Monthly,Organic,0.0,61.0,Churned,2023-12-01,Low adoption / unused seats,2,7.0,2023-11-11,1,2,1,2023-10,1.0,1,61.0,732.0,0.4042,Medium (30-45%),0.4042,2.0,7.0,61.0,122.0
CUST-10612,2023-10-14,Growth,Financial Services,Germany,Europe,51-200,23.0,Annual,Events,8.4,612.5,Active,,,15,9.0,2024-12-01,23,15,0,2023-10,23.0,0,26.630434782608695,7350.0,0.45311333333333337,High (>45%),0.5992333333333333,0.3333333333333333,9.0,605.7800000000001,9187.5
CUST-10613,2023-10-14,Growth,Logistics,United States,North America,1-50,8.0,Monthly,Organic,0.0,325.0,Active,,,15,7.0,2024-12-10,5,15,0,2023-10,8.0,0,40.625,3900.0,0.7355333333333333,High (>45%),0.7655666666666666,1.6666666666666667,7.0,259.0,4875.0
CUST-10614,2023-10-15,Business,Retail,United States,North America,1-50,9.0,Monthly,Organic,0.0,687.0,Churned,2024-04-01,Too expensive,6,9.0,2024-03-22,12,6,1,2023-10,9.0,0,76.33333333333333,8244.0,0.1462,Low (<30% seats used),0.14593333333333333,3.6666666666666665,9.333333333333334,761.6666666666666,4122.0
CUST-10615,2023-10-15,Growth,Education,India,Asia Pacific,1-50,1.0,Annual,Partner,7.8,169.28,Churned,2024-12-01,Switched to competitor,14,6.0,2024-11-09,1,14,1,2023-10,1.0,0,169.28,2031.3600000000001,0.34452142857142853,Medium (30-45%),0.12186666666666668,0.3333333333333333,6.666666666666667,169.28,2369.92
CUST-10616,2023-10-16,Growth,Education,Brazil,Latin America,51-200,28.0,Monthly,Paid Search,10.1,702.78,Active,,,15,8.0,2024-12-16,23,15,0,2023-10,28.0,0,25.099285714285713,8433.36,0.59456,High (>45%),0.5446666666666666,3.0,7.333333333333333,617.0766666666667,10541.699999999999
CUST-10617,2023-10-17,Growth,Technology,Germany,Europe,1-50,2.0,Monthly,Partner,22.6,183.06,Churned,2023-11-01,Low adoption / unused seats,1,7.0,2023-10-23,2,1,1,2023-10,2.0,0,91.53,2196.7200000000003,0.3662,Medium (30-45%),0.3662,3.0,7.0,183.06,183.06
CUST-10618,2023-10-17,Starter,Technology,United States,North America,1-50,3.0,Monthly,Organic,0.0,85.0,Churned,2024-03-01,Switched to competitor,5,10.0,2024-02-16,3,5,1,2023-10,3.0,0,28.333333333333332,1020.0,0.4466200000000001,Medium (30-45%),0.49476666666666674,1.3333333333333333,10.0,85.0,425.0
CUST-10619,2023-10-17,Starter,Technology,United States,North America,201-1000,47.0,Annual,Partner,18.1,510.92,Active,,,15,7.0,2024-12-09,33,15,0,2023-10,47.0,0,10.870638297872341,6131.04,0.12244666666666666,Low (<30% seats used),0.03,2.0,7.666666666666667,389.7033333333333,7663.8
CUST-10620,2023-10-18,Starter,Healthcare,United Kingdom,Europe,201-1000,29.0,Annual,Referral,8.6,367.07,Active,,,15,7.0,2024-12-24,24,15,0,2023-10,29.0,0,12.657586206896552,4404.84,0.31854,Medium (30-45%),0.21216666666666664,1.0,7.333333333333333,304.9166666666667,5506.05
CUST-10621,2023-10-18,Starter,Technology,Singapore,Asia Pacific,51-200,14.0,Monthly,Outbound Sales,17.3,187.94,Active,,,15,9.0,2024-12-05,8,15,0,2023-10,14.0,0,13.424285714285714,2255.2799999999997,0.9232733333333333,High (>45%),1.0,0.3333333333333333,9.0,138.31666666666666,2819.1
CUST-10622,2023-10-18,Starter,Technology,United States,North America,1-50,4.0,Monthly,Paid Search,21.2,86.82,Churned,2023-12-01,Too expensive,2,8.0,,4,2,1,2023-10,4.0,0,21.705,1041.84,0.4356,Medium (30-45%),0.4356,2.5,8.0,86.82,173.64
CUST-10623,2023-10-18,Starter,Technology,Spain,Europe,1000+,106.0,Monthly,Outbound Sales,25.3,999.18,Churned,2024-02-01,Too expensive,4,,2024-01-03,110,4,1,2023-10,106.0,0,9.42622641509434,11990.16,0.461075,High (>45%),0.4764,2.0,6.666666666666667,1061.9333333333334,3996.72
CUST-10624,2023-10-18,Enterprise,Retail,Germany,Europe,1-50,19.0,Monthly,Referral,0.0,1754.0,Active,,,15,6.0,2024-12-04,18,15,0,2023-10,19.0,0,92.3157894736842,21048.0,0.30189333333333335,Medium (30-45%),0.4502333333333333,3.3333333333333335,5.666666666666667,1724.0,26310.0
CUST-10625,2023-10-19,Starter,Retail,Singapore,Asia Pacific,201-1000,20.0,Monthly,Organic,13.1,257.56,Active,,,15,5.0,2024-12-08,25,15,0,2023-10,20.0,0,12.878,3090.7200000000003,0.4224333333333333,Medium (30-45%),0.34826666666666667,1.0,5.0,299.27,3863.4
CUST-10626,2023-10-19,Starter,Technology,Australia,Asia Pacific,51-200,4.0,Monthly,Events,18.0,88.36,Churned,2024-01-01,Low adoption / unused seats,3,9.0,2023-12-09,4,3,1,2023-10,4.0,0,22.09,1060.32,0.15463333333333332,Low (<30% seats used),0.15463333333333332,0.6666666666666666,9.0,88.36,265.08
CUST-10627,2023-10-19,Business,Retail,United States,North America,51-200,29.0,Monthly,Partner,18.7,1153.46,Active,,,15,9.0,2024-12-01,21,15,0,2023-10,29.0,0,39.77448275862069,13841.52,0.4639666666666667,High (>45%),0.5282333333333333,0.0,9.0,945.34,17301.9
CUST-10628,2023-10-19,Growth,Media,United States,North America,51-200,10.0,Monthly,Referral,0.0,369.0,Active,,,15,,2024-12-18,14,15,0,2023-10,10.0,0,36.9,4428.0,0.39968,Medium (30-45%),0.6139,1.3333333333333333,7.666666666666667,442.3333333333333,5535.0
CUST-10629,2023-10-19,Growth,Media,United Kingdom,Europe,1-50,3.0,Monthly,Referral,4.6,211.96,Churned,2024-10-01,Too expensive,12,9.0,2024-09-12,3,12,1,2023-10,3.0,0,70.65333333333334,2543.52,0.5398999999999999,High (>45%),0.6204,1.0,9.0,211.96,2543.52
CUST-10630,2023-10-19,Starter,Healthcare,Singapore,Asia Pacific,51-200,5.0,Monthly,Outbound Sales,17.6,98.44,Active,,,15,,2024-12-06,4,15,0,2023-10,5.0,0,19.688,1181.28,0.22983333333333336,Low (<30% seats used),0.25323333333333337,0.6666666666666666,7.666666666666667,95.14333333333333,1476.6
CUST-10631,2023-10-19,Enterprise,Financial Services,United States,North America,1-50,16.0,Monthly,Organic,1.7,1606.76,Churned,2024-06-01,Low adoption / unused seats,8,,2024-05-08,14,8,1,2023-10,16.0,0,100.4225,19281.12,0.1291,Low (<30% seats used),0.09970000000000001,3.0,8.666666666666666,1503.5433333333333,12854.08
CUST-10632,2023-10-19,Enterprise,Logistics,India,Asia Pacific,51-200,43.0,Monthly,Events,16.4,2516.66,Churned,2024-05-01,Poor support experience,7,4.0,2024-04-18,51,7,1,2023-10,43.0,0,58.526976744186044,30199.92,0.26684285714285716,Low (<30% seats used),0.15686666666666668,2.3333333333333335,4.333333333333333,2692.22,17616.62
CUST-10633,2023-10-21,Growth,Technology,Brazil,Latin America,1000+,58.0,Annual,Referral,10.8,1287.19,Active,,,15,,2024-12-11,41,15,0,2023-10,58.0,0,22.19293103448276,15446.28,0.5869133333333333,High (>45%),0.5299,1.6666666666666667,7.0,947.04,19307.850000000002
CUST-10634,2023-10-21,Growth,Logistics,United States,North America,201-1000,75.0,Monthly,Organic,10.4,1627.4,Active,,,15,,2024-12-12,76,15,0,2023-10,75.0,0,21.698666666666668,19528.800000000003,0.09848,Low (<30% seats used),0.0342,2.0,6.0,1647.11,24411.0
CUST-10635,2023-10-22,Enterprise,Retail,United States,North America,51-200,39.0,Annual,Paid Search,10.6,2467.97,Active,,,15,8.0,2024-12-23,42,15,0,2023-10,39.0,0,63.28128205128205,29615.64,0.06730666666666667,Low (<30% seats used),0.03,0.6666666666666666,8.0,2508.2,37019.549999999996
CUST-10636,2023-10-22,Starter,Healthcare,Japan,Asia Pacific,201-1000,18.0,Annual,Paid Search,11.3,240.59,Active,,,15,7.0,2024-12-09,15,15,0,2023-10,18.0,0,13.366111111111111,2887.08,0.2792866666666667,Low (<30% seats used),0.1978,0.3333333333333333,6.666666666666667,208.66,3608.85
CUST-10637,2023-10-22,Business,Healthcare,United States,North America,1-50,8.0,Annual,Events,4.8,642.71,Active,,,15,9.0,2024-12-24,6,15,0,2023-10,8.0,0,80.33875,7712.52,0.28765999999999997,Low (<30% seats used),0.3183,1.0,9.0,581.78,9640.650000000001
CUST-10638,2023-10-22,Enterprise,Financial Services,United States,North America,1-50,25.0,Monthly,Partner,13.5,1872.12,Active,,,15,,2024-12-02,26,15,0,2023-10,25.0,0,74.8848,22465.44,0.33442666666666665,Medium (30-45%),0.2554666666666667,1.0,8.0,1885.1000000000001,28081.8
CUST-10639,2023-10-22,Growth,Manufacturing,Mexico,Latin America,201-1000,36.0,Annual,Paid Search,12.8,839.62,Active,,,15,,2024-12-14,53,15,0,2023-10,36.0,0,23.322777777777777,10075.44,0.24008666666666667,Low (<30% seats used),0.06143333333333333,2.6666666666666665,2.6666666666666665,1165.7533333333333,12594.3
CUST-10640,2023-10-22,Growth,Media,United Kingdom,Europe,1-50,5.0,Monthly,Organic,0.0,259.0,Active,,,15,7.0,,5,15,0,2023-10,5.0,0,51.8,3108.0,0.44634,Medium (30-45%),0.28856666666666664,2.0,7.0,259.0,3885.0
CUST-10641,2023-10-22,Starter,Healthcare,Singapore,Asia Pacific,51-200,9.0,Monthly,Events,8.8,147.5,Active,,,15,6.0,2024-12-08,12,15,0,2023-10,9.0,0,16.38888888888889,1770.0,0.20194666666666666,Low (<30% seats used),0.12426666666666668,0.6666666666666666,6.666666666666667,180.33,2212.5
CUST-10642,2023-10-23,Starter,Technology,India,Asia Pacific,201-1000,14.0,Monthly,Partner,21.3,181.22,Active,,,15,7.0,2024-12-17,18,15,0,2023-10,14.0,0,12.944285714285714,2174.64,0.7119,High (>45%),0.8151333333333334,0.3333333333333333,7.0,218.99,2718.3
CUST-10643,2023-10-23,Growth,Media,Canada,North America,51-200,23.0,Monthly,Organic,0.4,652.98,Active,,,15,7.0,2024-12-04,31,15,0,2023-10,23.0,0,28.390434782608697,7835.76,0.07036,Low (<30% seats used),0.06576666666666667,3.0,6.666666666666667,799.0566666666667,9794.7
CUST-10644,2023-10-23,Growth,Logistics,United Kingdom,Europe,51-200,5.0,Monthly,Paid Search,1.7,257.13,Active,,,15,6.0,2024-12-10,6,15,0,2023-10,5.0,0,51.426,3085.56,0.08098,Low (<30% seats used),0.03,2.3333333333333335,5.666666666666667,278.76,3856.95
CUST-10645,2023-10-23,Growth,Financial Services,Japan,Asia Pacific,51-200,13.0,Monthly,Paid Search,2.7,427.28,Active,,,15,6.0,2024-12-19,23,15,0,2023-10,13.0,0,32.86769230769231,5127.36,0.2687466666666667,Low (<30% seats used),0.24409999999999998,2.0,6.0,605.6633333333333,6409.2
CUST-10646,2023-10-24,Starter,Technology,Singapore,Asia Pacific,1-50,5.0,Monthly,Events,2.2,107.68,Churned,2024-02-01,Too expensive,4,4.0,2024-01-21,4,4,1,2023-10,5.0,0,21.536,1292.16,0.178125,Low (<30% seats used),0.14426666666666665,2.6666666666666665,4.666666666666667,99.85333333333334,430.72
CUST-10647,2023-10-25,Business,Technology,United Kingdom,Europe,51-200,14.0,Monthly,Organic,2.6,835.35,Churned,2023-12-01,Switched to competitor,2,7.0,2023-11-04,15,2,1,2023-10,14.0,0,59.667857142857144,10024.2,0.42815000000000003,Medium (30-45%),0.42815000000000003,3.0,6.5,850.935,1670.7
CUST-10648,2023-10-25,Enterprise,Healthcare,United States,North America,1000+,176.0,Annual,Partner,19.7,7258.76,Active,,,15,10.0,2024-12-06,140,15,0,2023-10,176.0,0,41.242954545454545,87105.12,0.40070666666666666,Medium (30-45%),0.32749999999999996,0.3333333333333333,10.0,6078.349999999999,108881.40000000001
CUST-10649,2023-10-26,Growth,Retail,India,Asia Pacific,1-50,9.0,Annual,Referral,7.0,333.14,Active,,,15,7.0,2024-12-09,10,15,0,2023-10,9.0,0,37.01555555555555,3997.68,0.5806733333333334,High (>45%),0.6621666666666667,0.6666666666666666,6.333333333333333,353.6000000000001,4997.099999999999
CUST-10650,2023-10-26,Growth,Logistics,Singapore,Asia Pacific,201-1000,30.0,Annual,Paid Search,17.4,694.16,Active,,,15,6.0,2024-12-16,38,15,0,2023-10,30.0,0,23.138666666666666,8329.92,0.2594533333333333,Low (<30% seats used),0.1973,1.3333333333333333,6.0,827.4200000000001,10412.4
CUST-10651,2023-10-26,Business,Financial Services,Japan,Asia Pacific,51-200,18.0,Monthly,Organic,7.6,931.22,Churned,2024-10-01,Poor support experience,12,10.0,2024-09-24,37,12,1,2023-10,18.0,0,51.73444444444445,11174.64,0.24091666666666667,Low (<30% seats used),0.2680666666666667,1.3333333333333333,10.0,1493.0199999999998,11174.64
CUST-10652,2023-10-26,Business,Healthcare,Japan,Asia Pacific,201-1000,64.0,Annual,Outbound Sales,21.7,2002.58,Active,,,15,9.0,2024-12-18,49,15,0,2023-10,64.0,0,31.2903125,24030.96,0.6394066666666667,High (>45%),0.6882666666666667,0.3333333333333333,9.0,1685.2066666666667,30038.699999999997
CUST-10653,2023-10-27,Business,Education,France,Europe,1-50,4.0,Monthly,Organic,0.0,527.0,Active,,,15,7.0,2024-12-20,3,15,0,2023-10,4.0,0,131.75,6324.0,0.3285933333333333,Medium (30-45%),0.2024,3.3333333333333335,7.0,495.0,7905.0
CUST-10654,2023-10-28,Growth,Healthcare,Germany,Europe,1-50,6.0,Monthly,Paid Search,13.9,262.65,Churned,2024-03-01,,5,8.0,2024-02-09,5,5,1,2023-10,6.0,0,43.775,3151.7999999999997,0.42096,Medium (30-45%),0.43273333333333336,1.0,8.0,256.33666666666664,1313.25
CUST-10655,2023-10-28,Growth,Media,United States,North America,201-1000,36.0,Annual,Referral,5.7,895.86,Active,,,15,3.0,2024-12-22,48,15,0,2023-10,36.0,0,24.885,10750.32,0.05860666666666667,Low (<30% seats used),0.04363333333333333,0.6666666666666666,3.0,1117.1466666666665,13437.9
CUST-10656,2023-10-28,Growth,Financial Services,United States,North America,1-50,4.0,Monthly,Outbound Sales,12.8,225.74,Churned,2024-10-01,Low adoption / unused seats,12,,2024-09-22,6,12,1,2023-10,4.0,0,56.435,2708.88,0.23182500000000003,Low (<30% seats used),0.09820000000000001,1.0,4.666666666666667,264.1,2708.88
CUST-10657,2023-11-01,Growth,Technology,United Kingdom,Europe,201-1000,26.0,Monthly,Paid Search,9.7,665.52,Churned,2023-12-01,Poor support experience,1,5.0,2023-11-12,26,1,1,2023-11,26.0,0,25.596923076923076,7986.24,0.1523,Low (<30% seats used),0.1523,0.0,5.0,665.52,665.52
CUST-10658,2023-11-01,Starter,Financial Services,Brazil,Latin America,51-200,14.0,Monthly,Referral,7.9,203.73,Active,,,14,7.0,2024-12-18,16,14,0,2023-11,14.0,0,14.552142857142856,2444.7599999999998,0.30229285714285714,Medium (30-45%),0.1970333333333333,0.6666666666666666,7.0,229.51333333333332,2852.22
CUST-10659,2023-11-01,Growth,Retail,United States,North America,1-50,8.0,Monthly,Partner,13.8,300.71,Churned,2024-08-01,Missing features,9,10.0,2024-07-22,6,9,1,2023-11,8.0,0,37.58875,3608.5199999999995,0.3787888888888889,Medium (30-45%),0.3798333333333333,1.0,10.0,262.78,2706.39
CUST-10660,2023-11-02,Growth,Financial Services,United States,North America,1000+,96.0,Annual,Referral,14.5,1954.76,Churned,2024-10-01,Poor support experience,11,7.0,2024-09-19,107,11,1,2023-11,96.0,0,20.362083333333334,23457.12,0.13476363636363636,Low (<30% seats used),0.032433333333333335,2.0,7.0,2105.24,21502.36
CUST-10661,2023-11-02,Starter,Technology,Canada,North America,51-200,8.0,Monthly,Referral,11.3,134.15,Active,,,14,9.0,2024-12-17,11,14,0,2023-11,8.0,0,16.76875,1609.8000000000002,0.13369285714285714,Low (<30% seats used),0.03,2.6666666666666665,9.0,162.53333333333333,1878.1000000000001
CUST-10662,2023-11-02,Business,Media,United States,North America,1-50,6.0,Monthly,Organic,0.0,591.0,Active,,,14,7.0,,6,14,0,2023-11,6.0,0,98.5,7092.0,0.6894,High (>45%),0.7268,1.3333333333333333,7.333333333333333,591.0,8274.0
CUST-10663,2023-11-03,Starter,Healthcare,Germany,Europe,51-200,3.0,Monthly,Paid Search,4.9,83.24,Churned,2024-02-01,Company downsizing,3,7.0,2024-01-07,3,3,1,2023-11,3.0,0,27.746666666666666,998.8799999999999,0.35769999999999996,Medium (30-45%),0.35769999999999996,1.6666666666666667,6.333333333333333,83.24,249.71999999999997
CUST-10664,2023-11-03,Starter,Retail,United States,North America,1-50,1.0,Monthly,Organic,0.8,60.9,Active,,,14,6.0,2024-12-06,1,14,0,2023-11,1.0,0,60.9,730.8,0.6258428571428573,High (>45%),0.6258333333333334,0.3333333333333333,6.0,60.9,852.6
CUST-10665,2023-11-03,Starter,Financial Services,Spain,Europe,51-200,16.0,Monthly,Referral,8.0,225.64,Active,,,14,10.0,2024-12-18,25,14,0,2023-11,16.0,0,14.1025,2707.68,0.32452142857142857,Medium (30-45%),0.41596666666666665,0.3333333333333333,10.0,339.71999999999997,3158.96
CUST-10666,2023-11-04,Starter,Education,United States,North America,1-50,2.0,Monthly,Organic,4.5,71.92,Active,,,14,7.0,,2,14,0,2023-11,2.0,0,35.96,863.04,0.5821357142857143,High (>45%),0.51,1.0,6.666666666666667,71.92,1006.88
CUST-10667,2023-11-04,Enterprise,Manufacturing,Australia,Asia Pacific,51-200,35.0,Monthly,Paid Search,9.8,2319.65,Churned,2024-07-01,Too expensive,8,7.0,,28,8,1,2023-11,35.0,0,66.27571428571429,27835.800000000003,0.5390625,High (>45%),0.4794333333333333,1.0,6.333333333333333,2008.46,18557.2
CUST-10668,2023-11-04,Growth,Technology,India,Asia Pacific,1-50,3.0,Monthly,Referral,2.4,213.42,Active,,,14,6.0,,3,14,0,2023-11,3.0,0,71.14,2561.04,0.06222142857142857,Low (<30% seats used),0.0327,1.6666666666666667,5.666666666666667,213.42,2987.8799999999997
CUST-10669,2023-11-04,Growth,Financial Services,United Kingdom,Europe,51-200,25.0,Monthly,Organic,0.0,699.0,Churned,2024-08-01,Switched to competitor,9,10.0,2024-07-05,32,9,1,2023-11,25.0,0,27.96,8388.0,0.3306555555555556,Medium (30-45%),0.16873333333333332,1.3333333333333333,10.0,860.3333333333334,6291.0
CUST-10670,2023-11-04,Starter,Technology,United States,North America,51-200,21.0,Monthly,Paid Search,12.7,269.0,Churned,2024-04-01,Poor support experience,5,10.0,2024-03-18,29,5,1,2023-11,21.0,0,12.80952380952381,3228.0,0.8910600000000001,High (>45%),0.8533666666666667,1.0,9.666666666666666,335.3433333333333,1345.0
CUST-10671,2023-11-05,Business,Manufacturing,Canada,North America,51-200,73.0,Monthly,Organic,0.0,2735.0,Active,,,14,,2024-12-19,92,14,0,2023-11,73.0,0,37.465753424657535,32820.0,0.4211142857142857,Medium (30-45%),0.5292666666666667,0.3333333333333333,9.0,3279.0,38290.0
CUST-10672,2023-11-06,Growth,Manufacturing,Australia,Asia Pacific,51-200,28.0,Monthly,Organic,0.0,765.0,Churned,2024-01-01,Too expensive,2,5.0,2023-12-21,27,2,1,2023-11,28.0,0,27.321428571428573,9180.0,0.2751,Low (<30% seats used),0.2751,1.0,5.5,776.0,1530.0
CUST-10673,2023-11-06,Business,Retail,United States,North America,51-200,47.0,Monthly,Paid Search,15.2,1674.39,Active,,,14,6.0,,58,14,0,2023-11,47.0,0,35.62531914893617,20092.68,0.5923714285714287,High (>45%),0.7270333333333333,1.3333333333333333,5.333333333333333,2000.0233333333333,23441.460000000003
CUST-10674,2023-11-06,Starter,Technology,United States,North America,1-50,2.0,Monthly,Paid Search,9.7,70.67,Churned,2024-03-01,Poor support experience,4,6.0,2024-02-15,2,4,1,2023-11,2.0,0,35.335,848.04,0.270275,Low (<30% seats used),0.2972666666666667,2.6666666666666665,6.0,70.67,282.68
CUST-10675,2023-11-07,Starter,Healthcare,United States,North America,1-50,1.0,Monthly,Paid Search,3.8,60.54,Active,,,14,,,1,14,0,2023-11,1.0,0,60.54,726.48,0.20797857142857143,Low (<30% seats used),0.21430000000000002,1.3333333333333333,8.333333333333334,60.54,847.56
CUST-10676,2023-11-07,Enterprise,Education,United Kingdom,Europe,1-50,17.0,Monthly,Partner,11.8,1573.73,Active,,,14,5.0,2024-12-23,24,14,0,2023-11,17.0,0,92.57235294117648,18884.760000000002,0.1472357142857143,Low (<30% seats used),0.08836666666666666,3.3333333333333335,5.0,1772.18,22032.22
CUST-10677,2023-11-07,Starter,Technology,Mexico,Latin America,201-1000,3.0,Monthly,Referral,9.7,81.51,Active,,,14,10.0,,3,14,0,2023-11,3.0,0,27.17,978.1200000000001,0.24941428571428573,Low (<30% seats used),0.3474333333333333,0.6666666666666666,10.0,81.51,1141.14
CUST-10678,2023-11-08,Starter,Financial Services,Australia,Asia Pacific,51-200,6.0,Monthly,Referral,4.5,117.76,Active,,,14,,2024-12-17,6,14,0,2023-11,6.0,0,19.62666666666667,1413.1200000000001,0.21002142857142858,Low (<30% seats used),0.05986666666666666,0.3333333333333333,6.0,117.76,1648.64
CUST-10679,2023-11-08,Growth,Retail,Brazil,Latin America,1-50,6.0,Monthly,Outbound Sales,3.1,276.91,Active,,,14,7.0,2024-12-22,7,14,0,2023-11,6.0,0,46.15166666666667,3322.92,0.28657142857142853,Low (<30% seats used),0.18696666666666664,2.3333333333333335,7.666666666666667,298.23,3876.7400000000002
CUST-10680,2023-11-08,Starter,Financial Services,United States,North America,1000+,25.0,Monthly,Referral,8.9,322.3,Active,,,14,9.0,2024-12-12,19,14,0,2023-11,25.0,0,12.892000000000001,3867.6000000000004,0.06897857142857143,Low (<30% seats used),0.06503333333333333,0.3333333333333333,9.0,256.71,4512.2
CUST-10681,2023-11-08,Growth,Retail,France,Europe,201-1000,45.0,Monthly,Partner,18.7,953.87,Active,,,14,4.0,2024-12-08,31,14,0,2023-11,45.0,0,21.197111111111113,11446.44,0.7301428571428571,High (>45%),0.6308333333333334,3.3333333333333335,3.6666666666666665,703.4666666666667,13354.18
CUST-10682,2023-11-09,Enterprise,Financial Services,Germany,Europe,1-50,13.0,Monthly,Referral,2.7,1468.2,Active,,,14,8.0,2024-12-03,7,14,0,2023-11,13.0,0,112.93846153846154,17618.4,0.5247499999999999,High (>45%),0.5843666666666666,1.3333333333333333,8.0,1220.0866666666668,20554.8
CUST-10683,2023-11-10,Enterprise,Manufacturing,United Kingdom,Europe,1-50,13.0,Monthly,Partner,14.5,1399.17,Active,,,14,9.0,2024-12-05,14,14,0,2023-11,13.0,0,107.62846153846155,16790.04,0.1795142857142857,Low (<30% seats used),0.03,2.6666666666666665,9.0,1450.4733333333334,19588.38
CUST-10684,2023-11-10,Business,Financial Services,India,Asia Pacific,1-50,33.0,Monthly,Outbound Sales,10.1,1348.34,Active,,,14,7.0,,37,14,0,2023-11,33.0,0,40.85878787878788,16180.079999999998,0.21228571428571427,Low (<30% seats used),0.07056666666666667,3.0,7.0,1501.7733333333333,18876.76
CUST-10685,2023-11-10,Starter,Retail,United Kingdom,Europe,1-50,4.0,Monthly,Events,9.3,92.54,Churned,2024-11-01,Poor support experience,12,6.0,2024-10-22,6,12,1,2023-11,4.0,0,23.135,1110.48,0.2916,Low (<30% seats used),0.2673,1.0,6.333333333333333,114.3,1110.48
CUST-10686,2023-11-10,Enterprise,Technology,Spain,Europe,201-1000,125.0,Annual,Paid Search,12.9,5798.38,Churned,2024-04-01,,5,6.0,2024-03-26,102,5,1,2023-11,125.0,0,46.38704,69580.56,0.03,Low (<30% seats used),0.03,0.3333333333333333,6.0,5001.41,28991.9
CUST-10687,2023-11-10,Starter,Technology,United States,North America,1-50,2.0,Monthly,Referral,0.0,73.0,Churned,2024-08-01,Missing features,9,10.0,2024-07-21,3,9,1,2023-11,2.0,0,36.5,876.0,0.40665555555555555,Medium (30-45%),0.3601666666666667,2.3333333333333335,10.0,85.0,657.0
CUST-10688,2023-11-11,Growth,Logistics,India,Asia Pacific,51-200,11.0,Annual,Organic,0.0,391.0,Active,,,14,6.0,2024-12-22,9,14,0,2023-11,11.0,0,35.54545454545455,4692.0,0.4446714285714286,Medium (30-45%),0.6348333333333334,0.3333333333333333,6.0,347.0,5474.0
CUST-10689,2023-11-12,Business,Education,India,Asia Pacific,201-1000,59.0,Monthly,Referral,8.0,2135.96,Active,,,14,5.0,2024-12-12,44,14,0,2023-11,59.0,0,36.20271186440678,25631.52,0.07681428571428571,Low (<30% seats used),0.03,4.333333333333333,5.666666666666667,1713.9866666666667,29903.440000000002
CUST-10690,2023-11-12,Starter,Manufacturing,United States,North America,201-1000,15.0,Monthly,Paid Search,13.6,204.52,Active,,,14,7.0,2024-12-26,17,14,0,2023-11,15.0,0,13.634666666666668,2454.2400000000002,0.5160071428571429,High (>45%),0.5216,1.0,6.666666666666667,218.34666666666666,2863.28
CUST-10691,2023-11-12,Enterprise,Financial Services,France,Europe,1-50,21.0,Monthly,Referral,0.0,1844.0,Active,,,14,10.0,2024-12-25,29,14,0,2023-11,21.0,0,87.80952380952381,22128.0,0.2841857142857143,Low (<30% seats used),0.31096666666666667,2.6666666666666665,10.0,2174.0,25816.0
CUST-10692,2023-11-13,Starter,Manufacturing,France,Europe,1-50,3.0,Monthly,Paid Search,8.5,81.94,Churned,2024-01-01,Switched to competitor,2,10.0,2023-12-22,3,2,1,2023-11,3.0,0,27.313333333333333,983.28,0.78755,High (>45%),0.78755,2.0,10.0,81.94,163.88
CUST-10693,2023-11-14,Business,Financial Services,India,Asia Pacific,1-50,14.0,Monthly,Outbound Sales,13.8,785.18,Active,,,14,5.0,2024-12-06,14,14,0,2023-11,14.0,0,56.08428571428571,9422.16,0.2880428571428571,Low (<30% seats used),0.19353333333333333,4.0,5.666666666666667,803.5666666666666,10992.519999999999
CUST-10694,2023-11-14,Starter,Logistics,Brazil,Latin America,51-200,6.0,Monthly,Partner,24.0,103.72,Active,,,14,6.0,2024-12-20,13,14,0,2023-11,6.0,0,17.286666666666665,1244.6399999999999,0.29524999999999996,Low (<30% seats used),0.052333333333333336,0.3333333333333333,6.0,161.48,1452.08
CUST-10695,2023-11-14,Growth,Financial Services,Japan,Asia Pacific,1-50,14.0,Monthly,Referral,8.3,431.44,Active,,,14,6.0,2024-12-01,11,14,0,2023-11,14.0,0,30.81714285714286,5177.28,0.5548357142857143,High (>45%),0.6588666666666666,0.6666666666666666,6.0,370.91,6040.16
CUST-10696,2023-11-14,Growth,Technology,India,Asia Pacific,1-50,5.0,Annual,Paid Search,0.0,259.0,Active,,,14,,2024-12-20,4,14,0,2023-11,5.0,0,51.8,3108.0,0.31748571428571426,Medium (30-45%),0.4079333333333333,1.3333333333333333,8.666666666666666,244.33333333333334,3626.0
CUST-10697,2023-11-15,Enterprise,Manufacturing,Canada,North America,1-50,13.0,Annual,Events,20.4,1364.66,Active,,,14,7.0,2024-12-03,20,14,0,2023-11,13.0,0,104.97384615384615,16375.920000000002,0.2031714285714286,Low (<30% seats used),0.15546666666666667,1.0,7.333333333333333,1579.58,19105.24
CUST-10698,2023-11-16,Enterprise,Technology,Japan,Asia Pacific,201-1000,39.0,Annual,Events,12.9,2427.61,Active,,,14,,2024-12-07,30,14,0,2023-11,39.0,0,62.24641025641026,29131.32,0.9164428571428571,High (>45%),0.9903,0.6666666666666666,7.0,2192.433333333333,33986.54
CUST-10699,2023-11-16,Growth,Manufacturing,Germany,Europe,1-50,32.0,Monthly,Organic,0.0,853.0,Churned,2024-11-01,Switched to competitor,12,7.0,2024-10-04,34,12,1,2023-11,32.0,0,26.65625,10236.0,0.1458,Low (<30% seats used),0.15466666666666665,0.6666666666666666,6.666666666666667,904.3333333333334,10236.0
CUST-10700,2023-11-16,Enterprise,Retail,India,Asia Pacific,51-200,39.0,Annual,Referral,1.3,2631.18,Churned,2024-05-01,Missing features,6,,2024-04-14,38,6,1,2023-11,39.0,0,67.46615384615384,31574.159999999996,0.5740333333333333,High (>45%),0.5600999999999999,0.6666666666666666,9.0,2675.596666666667,15787.079999999998
CUST-10701,2023-11-16,Starter,Financial Services,United States,North America,1-50,2.0,Monthly,Organic,3.6,72.14,Active,,,14,7.0,2024-12-10,3,14,0,2023-11,2.0,0,36.07,865.6800000000001,0.6019071428571429,High (>45%),0.7129,1.3333333333333333,7.0,83.7,1009.96
CUST-10702,2023-11-16,Starter,Retail,Australia,Asia Pacific,51-200,7.0,Monthly,Outbound Sales,16.8,118.89,Active,,,14,7.0,2024-12-10,4,14,0,2023-11,7.0,0,16.984285714285715,1426.68,0.1691357142857143,Low (<30% seats used),0.049666666666666665,1.3333333333333333,7.333333333333333,92.26666666666667,1664.46
CUST-10703,2023-11-16,Starter,Technology,India,Asia Pacific,51-200,16.0,Monthly,Referral,7.2,227.18,Active,,,14,5.0,2024-12-16,8,14,0,2023-11,16.0,0,14.19875,2726.16,0.46526428571428574,High (>45%),0.48993333333333333,1.0,4.666666666666667,141.79999999999998,3180.52
CUST-10704,2023-11-16,Starter,Technology,United Kingdom,Europe,1-50,4.0,Monthly,Paid Search,15.5,89.56,Churned,2024-06-01,Low adoption / unused seats,7,8.0,2024-05-02,4,7,1,2023-11,4.0,0,22.39,1074.72,0.1334857142857143,Low (<30% seats used),0.06343333333333333,1.0,8.0,86.18,626.9200000000001
CUST-10705,2023-11-17,Starter,Technology,Brazil,Latin America,1-50,3.0,Monthly,Referral,5.3,83.09,Active,,,14,,2024-12-13,3,14,0,2023-11,3.0,0,27.69666666666667,997.08,0.5466357142857142,High (>45%),0.4629666666666667,1.6666666666666667,4.0,83.09,1163.26
CUST-10706,2023-11-19,Growth,Manufacturing,Spain,Europe,1000+,102.0,Annual,Organic,10.0,2168.6,Churned,2024-01-01,,2,,2023-12-11,105,2,1,2023-11,102.0,0,21.26078431372549,26023.199999999997,0.5949,High (>45%),0.5949,1.0,2.5,2208.2,4337.2
CUST-10707,2023-11-19,Starter,Technology,Germany,Europe,51-200,3.0,Annual,Paid Search,14.5,79.78,Churned,2024-01-01,Too expensive,2,1.0,2023-12-20,3,2,1,2023-11,3.0,0,26.593333333333334,957.36,0.17725,Low (<30% seats used),0.17725,6.5,1.5,79.78,159.56
CUST-10708,2023-11-19,Business,Retail,India,Asia Pacific,1000+,219.0,Monthly,Outbound Sales,27.8,5458.78,Active,,,14,8.0,2024-12-24,265,14,0,2023-11,219.0,0,24.92593607305936,65505.36,0.3585,Medium (30-45%),0.3915,1.0,8.0,6452.246666666667,76422.92
CUST-10709,2023-11-20,Business,Education,United Kingdom,Europe,201-1000,41.0,Monthly,Organic,0.0,1711.0,Active,,,14,,2024-12-27,46,14,0,2023-11,41.0,0,41.73170731707317,20532.0,0.6051428571428571,High (>45%),0.7485666666666667,2.3333333333333335,4.666666666666667,1903.0,23954.0
CUST-10710,2023-11-20,Enterprise,Financial Services,United States,North America,1000+,540.0,Annual,Referral,16.0,21311.0,Active,,,14,7.0,2024-12-23,641,14,0,2023-11,540.0,0,39.464814814814815,255732.0,0.35000000000000003,Medium (30-45%),0.47459999999999997,0.6666666666666666,7.0,24738.2,298354.0
CUST-10711,2023-11-21,Growth,Manufacturing,Canada,North America,201-1000,48.0,Annual,Paid Search,9.6,1103.62,Active,,,14,6.0,2024-12-02,122,14,0,2023-11,48.0,0,22.99208333333333,13243.439999999999,0.5090714285714285,High (>45%),0.5200666666666666,1.0,6.0,2316.7933333333335,15450.679999999998
CUST-10712,2023-11-21,Business,Technology,Mexico,Latin America,1000+,222.0,Monthly,Outbound Sales,20.3,6060.89,Active,,,14,9.0,2024-12-19,257,14,0,2023-11,222.0,0,27.30130630630631,72730.68000000001,0.7757714285714286,High (>45%),0.7743666666666668,1.6666666666666667,9.0,7132.056666666666,84852.46
CUST-10713,2023-11-22,Growth,Manufacturing,France,Europe,201-1000,56.0,Annual,Events,10.1,1256.57,Churned,2024-12-01,Too expensive,13,7.0,,63,13,1,2023-11,56.0,0,22.43875,15078.84,0.4298692307692308,Medium (30-45%),0.3245,1.0,7.0,1388.42,16335.41
CUST-10714,2023-11-22,Starter,Education,Canada,North America,1-50,2.0,Annual,Organic,0.0,73.0,Active,,,14,5.0,2024-12-26,3,14,0,2023-11,2.0,0,36.5,876.0,0.18195,Low (<30% seats used),0.11373333333333334,1.0,5.333333333333333,85.0,1022.0
CUST-10715,2023-11-22,Starter,Manufacturing,India,Asia Pacific,1-50,2.0,Monthly,Paid Search,10.4,70.5,Churned,2024-01-01,Low adoption / unused seats,2,10.0,2023-12-17,2,2,1,2023-11,2.0,0,35.25,846.0,0.55115,High (>45%),0.55115,3.0,9.5,70.5,141.0
CUST-10716,2023-11-23,Growth,Manufacturing,India,Asia Pacific,51-200,23.0,Monthly,Organic,9.7,605.92,Churned,2024-02-01,,3,7.0,2024-01-10,24,3,1,2023-11,23.0,0,26.344347826086956,7271.039999999999,0.6027999999999999,High (>45%),0.6027999999999999,1.6666666666666667,7.666666666666667,625.78,1817.7599999999998
CUST-10717,2023-11-23,Growth,Financial Services,United States,North America,1-50,6.0,Monthly,Referral,6.8,272.02,Churned,2024-11-01,Missing features,12,3.0,2024-10-22,11,12,1,2023-11,6.0,0,45.336666666666666,3264.24,0.2384666666666667,Low (<30% seats used),0.3443333333333333,1.0,3.0,367.7066666666667,3264.24
CUST-10718,2023-11-24,Growth,Healthcare,Australia,Asia Pacific,1-50,7.0,Monthly,Organic,0.0,303.0,Churned,2023-12-01,Low adoption / unused seats,1,6.0,2023-11-15,7,1,1,2023-11,7.0,0,43.285714285714285,3636.0,0.5299,High (>45%),0.5299,2.0,6.0,303.0,303.0
CUST-10719,2023-11-25,Starter,Technology,United States,North America,51-200,5.0,Annual,Referral,2.2,107.68,Active,,,14,,2024-12-18,6,14,0,2023-11,5.0,0,21.536,1292.16,0.34404285714285715,Medium (30-45%),0.17653333333333332,0.0,8.0,119.42,1507.52
CUST-10720,2023-11-26,Starter,Manufacturing,United States,North America,1-50,2.0,Monthly,Outbound Sales,13.3,69.81,Active,,,14,,2024-12-20,3,14,0,2023-11,2.0,0,34.905,837.72,0.47145,High (>45%),0.22646666666666668,2.0,5.333333333333333,80.21,977.34
CUST-10721,2023-11-26,Starter,Financial Services,United Kingdom,Europe,1-50,1.0,Monthly,Referral,1.0,60.88,Churned,2024-01-01,,2,,,1,2,1,2023-11,1.0,0,60.88,730.5600000000001,0.29495,Low (<30% seats used),0.29495,1.0,8.0,60.88,121.76
CUST-10722,2023-11-26,Starter,Education,United States,North America,51-200,4.0,Annual,Partner,14.9,89.85,Churned,2024-03-01,Switched to competitor,4,8.0,2024-02-04,4,4,1,2023-11,4.0,0,22.4625,1078.1999999999998,0.3702,Medium (30-45%),0.361,0.6666666666666666,8.0,89.84999999999998,359.4
CUST-10723,2023-11-26,Growth,Healthcare,United States,North America,1-50,7.0,Monthly,Referral,10.0,287.6,Active,,,14,,2024-12-05,8,14,0,2023-11,7.0,0,41.08571428571429,3451.2000000000003,0.8849571428571429,High (>45%),1.0,1.0,10.0,307.4,4026.4000000000005
CUST-10724,2023-11-27,Starter,Financial Services,Mexico,Latin America,1-50,2.0,Monthly,Organic,0.5,72.88,Churned,2024-04-01,Too expensive,5,7.0,2024-03-19,2,5,1,2023-11,2.0,0,36.44,874.56,0.16308,Low (<30% seats used),0.07883333333333332,0.6666666666666666,7.0,72.88,364.4
CUST-10725,2023-11-28,Starter,Education,United Kingdom,Europe,1-50,4.0,Monthly,Events,9.5,92.44,Churned,2024-12-01,Too expensive,13,8.0,2024-11-04,5,13,1,2023-11,4.0,0,23.11,1109.28,0.5500846153846154,High (>45%),0.39643333333333336,1.3333333333333333,8.0,103.3,1201.72
CUST-10726,2023-12-01,Starter,Financial Services,Japan,Asia Pacific,201-1000,9.0,Monthly,Organic,10.4,145.77,Churned,2024-01-01,Too expensive,1,8.0,2023-12-08,9,1,1,2023-12,9.0,0,16.19666666666667,1749.2400000000002,0.25,Low (<30% seats used),0.25,2.0,8.0,145.77,145.77
CUST-10727,2023-12-03,Starter,Education,United Kingdom,Europe,1-50,1.0,Monthly,Partner,11.9,59.57,Churned,2024-01-01,Poor support experience,1,4.0,2023-12-11,1,1,1,2023-12,1.0,0,59.57,714.84,0.03,Low (<30% seats used),0.03,2.0,4.0,59.57,59.57
CUST-10728,2023-12-03,Business,Financial Services,Germany,Europe,1-50,,Annual,Organic,1.8,461.85,Churned,2024-08-01,Too expensive,8,7.0,2024-07-21,2,8,1,2023-12,2.0,1,230.925,5542.200000000001,0.3530625,Medium (30-45%),0.4152,1.0,7.0,461.8500000000001,3694.8
CUST-10729,2023-12-03,Enterprise,Manufacturing,United States,North America,1-50,26.0,Monthly,Paid Search,15.3,1889.99,Active,,,13,9.0,2024-12-01,30,13,0,2023-12,26.0,0,72.69192307692308,22679.88,0.1298153846153846,Low (<30% seats used),0.08860000000000001,1.0,9.0,2067.86,24569.87
CUST-10730,2023-12-04,Business,Retail,Brazil,Latin America,51-200,8.0,Monthly,Partner,16.7,612.25,Active,,,13,8.0,2024-12-22,12,13,0,2023-12,8.0,0,76.53125,7347.0,0.3450846153846153,Medium (30-45%),0.1462,3.0,8.333333333333334,701.1033333333334,7959.25
CUST-10731,2023-12-04,Starter,Retail,Germany,Europe,51-200,10.0,Monthly,Events,12.0,154.6,Active,,,13,3.0,2024-12-15,6,13,0,2023-12,10.0,0,15.459999999999999,1855.1999999999998,0.38505384615384614,Medium (30-45%),0.24073333333333333,1.0,3.0,119.39999999999999,2009.8
CUST-10732,2023-12-05,Starter,Logistics,United Kingdom,Europe,1-50,1.0,Annual,Paid Search,5.9,60.29,Active,,,13,10.0,2024-12-10,1,13,0,2023-12,1.0,0,60.29,723.48,0.5412,High (>45%),0.45016666666666666,0.6666666666666666,9.666666666666666,60.29,783.77
CUST-10733,2023-12-06,Growth,Retail,United States,North America,1-50,5.0,Annual,Events,6.6,251.74,Active,,,13,7.0,2024-12-23,3,13,0,2023-12,5.0,0,50.348,3020.88,0.07697692307692307,Low (<30% seats used),0.03,4.333333333333333,7.0,217.49,3272.62
CUST-10734,2023-12-06,Starter,Retail,United States,North America,1-50,2.0,Monthly,Paid Search,6.1,71.54,Active,,,13,5.0,2024-12-03,3,13,0,2023-12,2.0,0,35.77,858.48,0.5066538461538461,High (>45%),0.6630666666666666,1.0,4.666666666666667,82.8,930.0200000000001
CUST-10735,2023-12-07,Starter,Logistics,Australia,Asia Pacific,1000+,117.0,Annual,Referral,8.4,1335.06,Active,,,13,7.0,2024-12-22,140,13,0,2023-12,117.0,0,11.41076923076923,16020.72,0.6295384615384615,High (>45%),0.44789999999999996,1.0,7.0,1547.5766666666668,17355.78
CUST-10736,2023-12-07,Enterprise,Financial Services,Spain,Europe,51-200,,Annual,Referral,9.4,6239.87,Active,,,13,7.0,2024-12-21,158,13,0,2023-12,158.0,1,39.49284810126582,74878.44,0.037507692307692304,Low (<30% seats used),0.03,3.0,7.666666666666667,7503.740000000001,81118.31
CUST-10737,2023-12-07,Business,Manufacturing,Mexico,Latin America,51-200,41.0,Monthly,Referral,2.8,1674.26,Active,,,13,7.0,2024-12-26,42,13,0,2023-12,41.0,0,40.83560975609756,20091.12,0.5114307692307692,High (>45%),0.40663333333333335,0.6666666666666666,7.666666666666667,1653.53,21765.38
CUST-10738,2023-12-07,Starter,Technology,Germany,Europe,1-50,2.0,Annual,Partner,13.4,69.78,Active,,,13,6.0,2024-12-01,2,13,0,2023-12,2.0,0,34.89,837.36,0.40329230769230767,Medium (30-45%),0.49423333333333336,2.6666666666666665,6.333333333333333,69.78,907.14
CUST-10739,2023-12-09,Business,Retail,United Kingdom,Europe,201-1000,58.0,Monthly,Paid Search,16.8,1943.19,Churned,2024-03-01,Poor support experience,3,6.0,2024-02-08,51,3,1,2023-12,58.0,0,33.50327586206897,23318.28,0.2917666666666667,Low (<30% seats used),0.2917666666666667,0.3333333333333333,6.0,1827.82,5829.57
CUST-10740,2023-12-09,Starter,Retail,France,Europe,51-200,9.0,Monthly,Partner,16.3,139.4,Active,,,13,5.0,2024-12-22,8,13,0,2023-12,9.0,0,15.488888888888889,1672.8000000000002,0.3960153846153846,Medium (30-45%),0.25203333333333333,3.0,5.0,136.04999999999998,1812.2
CUST-10741,2023-12-10,Growth,Technology,Australia,Asia Pacific,201-1000,36.0,Annual,Partner,15.0,822.2,Active,,,13,5.0,,41,13,0,2023-12,36.0,0,22.83888888888889,9866.400000000001,0.2247076923076923,Low (<30% seats used),0.12589999999999998,2.0,5.0,940.6333333333333,10688.6
CUST-10742,2023-12-10,Business,Technology,Canada,North America,1-50,7.0,Monthly,Partner,16.9,585.14,Active,,,13,9.0,2024-12-16,6,13,0,2023-12,7.0,0,83.59142857142857,7021.68,0.031176923076923078,Low (<30% seats used),0.03,2.6666666666666665,9.0,558.55,7606.82
CUST-10743,2023-12-10,Growth,Retail,Germany,Europe,201-1000,37.0,Annual,Outbound Sales,14.2,847.41,Churned,2024-12-01,Company downsizing,12,4.0,,41,12,1,2023-12,37.0,0,22.90297297297297,10168.92,0.10955833333333333,Low (<30% seats used),0.03,2.3333333333333335,4.0,891.4566666666666,10168.92
CUST-10744,2023-12-10,Starter,Retail,Germany,Europe,51-200,8.0,Annual,Outbound Sales,12.3,133.19,Churned,2024-06-01,Low adoption / unused seats,6,2.0,2024-05-01,8,6,1,2023-12,8.0,0,16.64875,1598.28,0.2195,Low (<30% seats used),0.24513333333333334,3.0,2.0,126.17666666666666,799.14
CUST-10745,2023-12-10,Growth,Retail,United States,North America,201-1000,67.0,Annual,Organic,0.9,1609.73,Active,,,13,5.0,2024-12-23,32,13,0,2023-12,67.0,0,24.02582089552239,19316.760000000002,0.07466923076923077,Low (<30% seats used),0.03,1.0,5.0,941.14,20926.49
CUST-10746,2023-12-10,Business,Education,Germany,Europe,51-200,26.0,Monthly,Organic,5.4,1186.07,Active,,,13,,2024-12-03,14,13,0,2023-12,26.0,0,45.61807692307692,14232.84,0.8385153846153847,High (>45%),0.8854333333333333,1.0,10.0,853.0799999999999,15418.91
CUST-10747,2023-12-11,Enterprise,Technology,Brazil,Latin America,1-50,18.0,Annual,Events,12.7,1606.13,Active,,,13,7.0,2024-12-06,21,13,0,2023-12,18.0,0,89.22944444444445,19273.56,0.5614153846153846,High (>45%),0.5614666666666667,1.0,7.333333333333333,1750.1766666666665,20879.690000000002
CUST-10748,2023-12-11,Business,Technology,India,North America,201-1000,25.0,Annual,Events,12.3,1100.6,Churned,2024-10-01,Switched to competitor,10,6.0,2024-09-23,39,10,1,2023-12,25.0,0,44.023999999999994,13207.199999999999,0.39175,Medium (30-45%),0.4256,0.6666666666666666,6.0,1465.4333333333334,11006.0
CUST-10749,2023-12-11,Business,Manufacturing,United States,North America,51-200,17.0,Monthly,Partner,21.1,828.22,Active,,,13,10.0,2024-12-27,15,13,0,2023-12,17.0,0,48.718823529411765,9938.64,0.4523923076923077,High (>45%),0.3361,2.0,10.0,786.1366666666667,10766.86
CUST-10750,2023-12-13,Starter,Financial Services,Japan,Asia Pacific,1-50,1.0,Monthly,Organic,2.5,60.7,Active,,,13,,2024-12-02,1,13,0,2023-12,1.0,0,60.7,728.4000000000001,0.07574615384615385,Low (<30% seats used),0.043833333333333335,1.3333333333333333,7.666666666666667,60.70000000000001,789.1
CUST-10751,2023-12-14,Starter,Financial Services,United States,North America,51-200,7.0,Annual,Outbound Sales,13.8,121.41,Active,,,13,7.0,2024-12-20,5,13,0,2023-12,7.0,0,17.344285714285714,1456.92,0.05548461538461539,Low (<30% seats used),0.03,0.3333333333333333,6.666666666666667,100.71999999999998,1578.33
CUST-10752,2023-12-14,Starter,Healthcare,France,Europe,1-50,1.0,Monthly,Partner,9.1,59.91,Active,,,13,8.0,2024-12-07,1,13,0,2023-12,1.0,0,59.91,718.92,0.0319,Low (<30% seats used),0.03,0.3333333333333333,8.0,59.91,778.8299999999999
CUST-10753,2023-12-14,Business,Technology,India,Asia Pacific,1-50,3.0,Monthly,Events,8.5,486.84,Active,,,13,7.0,2024-12-14,3,13,0,2023-12,3.0,0,162.28,5842.08,0.670823076923077,High (>45%),0.5403666666666667,0.6666666666666666,6.666666666666667,486.84,6328.92
CUST-10754,2023-12-14,Starter,Media,India,Asia Pacific,201-1000,38.0,Annual,Partner,16.1,431.58,Active,,,13,9.0,2024-12-25,31,13,0,2023-12,38.0,0,11.357368421052632,5178.96,0.35017692307692305,Medium (30-45%),0.33016666666666666,0.6666666666666666,9.0,351.04,5610.54
CUST-10755,2023-12-15,Starter,Healthcare,United States,North America,1-50,4.0,Annual,Organic,6.1,94.07,Active,,,13,9.0,2024-12-11,7,13,0,2023-12,4.0,0,23.5175,1128.84,0.2964769230769231,Low (<30% seats used),0.2192333333333333,1.6666666666666667,8.666666666666666,124.12333333333333,1222.9099999999999
CUST-10756,2023-12-15,Starter,Logistics,Japan,Asia Pacific,51-200,5.0,Annual,Referral,8.0,104.2,Active,,,13,6.0,2024-12-02,5,13,0,2023-12,5.0,0,20.84,1250.4,0.20065384615384618,Low (<30% seats used),0.03,1.3333333333333333,6.0,104.2,1354.6000000000001
CUST-10757,2023-12-15,Business,Manufacturing,Spain,Europe,201-1000,161.0,Annual,Organic,18.2,4613.34,Active,,,13,7.0,,205,13,0,2023-12,161.0,0,28.654285714285717,55360.08,0.4346846153846154,Medium (30-45%),0.4093333333333333,2.0,7.0,5704.003333333334,59973.42
CUST-10758,2023-12-16,Business,Manufacturing,United Kingdom,Europe,1-50,20.0,Monthly,Paid Search,11.0,968.6,Churned,2024-06-01,,6,6.0,2024-05-25,20,6,1,2023-12,20.0,0,48.43,11623.2,0.24158333333333334,Low (<30% seats used),0.24266666666666667,0.0,6.333333333333333,968.6,5811.6
CUST-10759,2023-12-16,Growth,Technology,United Kingdom,Europe,51-200,12.0,Annual,Paid Search,11.7,382.11,Active,,,13,10.0,2024-12-15,15,13,0,2023-12,12.0,0,31.8425,4585.32,0.2862769230769231,Low (<30% seats used),0.3001,0.0,10.0,427.43666666666667,4967.43
CUST-10760,2023-12-16,Starter,Retail,United Kingdom,Europe,1-50,1.0,Monthly,Partner,10.8,59.7,Active,,,13,4.0,2024-12-17,2,13,0,2023-12,1.0,0,59.7,716.4000000000001,0.12340000000000001,Low (<30% seats used),0.064,2.0,4.333333333333333,63.27,776.1
CUST-10761,2023-12-17,Growth,Healthcare,Brazil,Latin America,51-200,8.0,Monthly,Organic,3.5,318.84,Active,,,13,7.0,2024-12-02,8,13,0,2023-12,8.0,0,39.855,3826.08,0.5057461538461538,High (>45%),0.3474333333333333,3.3333333333333335,7.0,318.84,4144.92
CUST-10762,2023-12-17,Business,Education,India,Asia Pacific,201-1000,66.0,Annual,Organic,12.1,2255.45,Churned,2024-02-01,Too expensive,2,7.0,2024-01-06,74,2,1,2023-12,66.0,0,34.17348484848485,27065.399999999998,0.36405,Medium (30-45%),0.36405,0.5,7.0,2438.2799999999997,4510.9
CUST-10763,2023-12-17,Growth,Healthcare,France,Europe,201-1000,17.0,Annual,Paid Search,5.3,503.18,Active,,,13,8.0,2024-12-08,28,13,0,2023-12,17.0,0,29.598823529411764,6038.16,0.0872923076923077,Low (<30% seats used),0.03,2.3333333333333335,7.666666666666667,697.6266666666667,6541.34
CUST-10764,2023-12-17,Growth,Education,United Kingdom,Europe,1-50,1.0,Monthly,Organic,2.1,170.54,Active,,,13,9.0,2024-12-14,2,13,0,2023-12,1.0,0,170.54,2046.48,0.7533461538461539,High (>45%),0.6483333333333333,2.0,9.0,177.72,2217.02
CUST-10765,2023-12-17,Enterprise,Technology,India,Asia Pacific,51-200,52.0,Monthly,Paid Search,8.1,3049.46,Active,,,13,,2024-12-19,46,13,0,2023-12,52.0,0,58.64346153846154,36593.520000000004,0.8599230769230769,High (>45%),0.9167,0.3333333333333333,7.0,2746.193333333333,39642.98
CUST-10766,2023-12-18,Starter,Education,Germany,Europe,1-50,2.0,Monthly,Outbound Sales,8.2,71.03,Active,,,13,,2024-12-27,2,13,0,2023-12,2.0,0,35.515,852.36,0.4028692307692308,Medium (30-45%),0.40953333333333336,1.3333333333333333,5.666666666666667,71.03,923.39
CUST-10767,2023-12-18,Starter,Healthcare,United States,North America,51-200,8.0,Monthly,Partner,14.9,130.7,Active,,,13,5.0,2024-12-17,6,13,0,2023-12,8.0,0,16.3375,1568.3999999999999,0.07285384615384616,Low (<30% seats used),0.058633333333333336,1.0,5.333333333333333,110.27,1699.1
CUST-10768,2023-12-18,Business,Financial Services,India,Asia Pacific,51-200,51.0,Annual,Referral,0.0,2031.0,Active,,,13,9.0,2024-12-22,27,13,0,2023-12,51.0,0,39.8235294117647,24372.0,0.32434615384615384,Medium (30-45%),0.33643333333333336,2.3333333333333335,8.333333333333334,1327.0,26403.0
CUST-10769,2023-12-19,Starter,Logistics,Germany,Europe,1-50,5.0,Monthly,Partner,18.6,97.84,Churned,2024-06-01,Low adoption / unused seats,6,,2024-05-01,5,6,1,2023-12,5.0,0,19.568,1174.08,0.5933833333333333,High (>45%),0.6118666666666667,0.6666666666666666,8.333333333333334,97.83999999999999,587.04
CUST-10770,2023-12-19,Starter,Financial Services,Germany,Europe,51-200,6.0,Annual,Organic,5.1,117.33,Active,,,13,6.0,2024-12-21,5,13,0,2023-12,6.0,0,19.555,1407.96,0.03965384615384615,Low (<30% seats used),0.0381,2.3333333333333335,6.333333333333333,105.94,1525.29
CUST-10771,2023-12-19,Starter,Manufacturing,United States,North America,51-200,10.0,Monthly,Paid Search,13.5,152.8,Active,,,13,4.0,2024-12-12,13,13,0,2023-12,10.0,0,15.280000000000001,1833.6000000000001,0.47173076923076923,High (>45%),0.46403333333333335,1.0,4.333333333333333,187.4,1986.4
CUST-10772,2023-12-20,Starter,Financial Services,India,Asia Pacific,1-50,3.0,Monthly,Paid Search,8.2,82.05,Active,,,13,5.0,2024-12-07,4,13,0,2023-12,3.0,0,27.349999999999998,984.5999999999999,0.04235384615384615,Low (<30% seats used),0.03,1.3333333333333333,5.0,85.71999999999998,1066.6499999999999
CUST-10773,2023-12-21,Growth,Technology,United Kingdom,Europe,51-200,3.0,Annual,Partner,17.9,203.19,Active,,,13,8.0,2024-12-19,3,13,0,2023-12,3.0,0,67.73,2438.2799999999997,0.4609,High (>45%),0.3133333333333333,0.6666666666666666,7.333333333333333,209.21,2641.47
CUST-10774,2023-12-22,Growth,Retail,India,North America,1-50,5.0,Annual,Referral,5.5,252.95,Active,,,13,9.0,2024-12-09,5,13,0,2023-12,5.0,0,50.589999999999996,3035.3999999999996,0.11142307692307692,Low (<30% seats used),0.03,2.6666666666666665,9.0,266.81,3288.35
CUST-10775,2023-12-22,Enterprise,Retail,United States,North America,1-50,17.0,Monthly,Outbound Sales,19.6,1514.06,Active,,,13,,2024-12-11,24,13,0,2023-12,17.0,0,89.06235294117647,18168.72,0.7454692307692308,High (>45%),0.8802666666666666,1.3333333333333333,9.0,1779.3799999999999,19682.78
CUST-10776,2023-12-22,Business,Technology,Canada,North America,201-1000,67.0,Monthly,Organic,12.5,2275.0,Active,,,13,6.0,2024-12-12,73,13,0,2023-12,67.0,0,33.95522388059702,27300.0,0.2258076923076923,Low (<30% seats used),0.1853,1.0,6.333333333333333,2387.0,29575.0
CUST-10777,2023-12-23,Starter,Financial Services,France,Europe,1000+,96.0,Annual,Organic,11.1,1073.13,Active,,,13,3.0,2024-12-04,103,13,0,2023-12,96.0,0,11.178437500000001,12877.560000000001,0.20713076923076923,Low (<30% seats used),0.09929999999999999,0.0,3.6666666666666665,1154.9166666666667,13950.690000000002
CUST-10778,2023-12-24,Starter,Retail,Singapore,Asia Pacific,1000+,,Monthly,Outbound Sales,22.6,1878.74,Churned,2024-04-01,,4,9.0,2024-03-20,189,4,1,2023-12,189.0,1,9.94042328042328,22544.88,0.489725,High (>45%),0.4885333333333333,2.3333333333333335,9.333333333333334,1850.8733333333332,7514.96
CUST-10779,2023-12-24,Growth,Retail,Japan,Asia Pacific,1000+,80.0,Monthly,Partner,18.4,1585.16,Active,,,13,10.0,2024-12-17,115,13,0,2023-12,80.0,0,19.814500000000002,19021.920000000002,0.6477461538461539,High (>45%),0.7132999999999999,0.3333333333333333,10.0,2135.6866666666665,20607.08
CUST-10780,2023-12-24,Growth,Healthcare,Mexico,Latin America,1-50,3.0,Annual,Partner,8.7,209.26,Active,,,13,6.0,2024-12-16,2,13,0,2023-12,3.0,0,69.75333333333333,2511.12,0.5886384615384616,High (>45%),0.591,1.6666666666666667,6.0,189.17,2720.38
CUST-10781,2023-12-25,Starter,Technology,Canada,North America,1000+,83.0,Annual,Organic,13.8,907.55,Active,,,13,9.0,2024-12-21,83,13,0,2023-12,83.0,0,10.93433734939759,10890.599999999999,0.2665153846153846,Low (<30% seats used),0.1583,2.6666666666666665,8.666666666666666,924.7933333333334,11798.15
CUST-10782,2023-12-25,Starter,Technology,United Kingdom,Europe,1-50,4.0,Monthly,Referral,0.0,97.0,Churned,2024-07-01,Too expensive,7,4.0,2024-06-02,6,7,1,2023-12,4.0,0,24.25,1164.0,0.1278,Low (<30% seats used),0.06043333333333334,2.0,4.0,121.0,679.0
CUST-10783,2023-12-25,Starter,Retail,United Kingdom,Europe,1-50,4.0,Monthly,Organic,4.0,,Churned,2024-06-01,Switched to competitor,6,8.0,2024-05-08,5,6,1,2023-12,4.0,0,,,0.5252166666666667,High (>45%),0.5043333333333333,1.6666666666666667,8.0,98.92,
CUST-10784,2023-12-25,Starter,Healthcare,France,Europe,1-50,2.0,Monthly,Events,12.2,70.07,Churned,2024-06-01,Missing features,6,6.0,2024-05-12,2,6,1,2023-12,2.0,0,35.035,840.8399999999999,0.35713333333333336,Medium (30-45%),0.4116666666666666,0.6666666666666666,6.0,70.07,420.41999999999996
CUST-10785,2023-12-26,Business,Education,United States,North America,51-200,60.0,Monthly,Paid Search,6.4,2196.12,Active,,,13,7.0,2024-12-12,73,13,0,2023-12,60.0,0,36.602,26353.44,0.49579230769230764,High (>45%),0.5212333333333333,0.0,7.0,2475.6733333333336,28549.559999999998
CUST-10786,2023-12-26,Starter,Manufacturing,United Kingdom,Europe,51-200,3.0,Monthly,Paid Search,9.5,81.58,Active,,,13,9.0,2024-12-25,5,13,0,2023-12,3.0,0,27.19333333333333,978.96,0.4557153846153846,High (>45%),0.42816666666666664,1.3333333333333333,9.333333333333334,99.67999999999999,1060.54
CUST-10787,2023-12-26,Growth,Financial Services,Australia,Asia Pacific,1-50,4.0,Monthly,Paid Search,15.4,223.45,Churned,2024-02-01,Missing features,2,7.0,2024-01-09,4,2,1,2023-12,4.0,0,55.8625,2681.3999999999996,0.46325,High (>45%),0.46325,1.5,7.5,223.45,446.9
CUST-10788,2023-12-27,Starter,Technology,United Kingdom,Europe,1-50,11.0,Monthly,Events,13.3,163.44,Churned,2024-01-01,Too expensive,1,8.0,2023-12-12,12,1,1,2023-12,11.0,0,14.858181818181817,1961.28,0.4579,High (>45%),0.4579,0.0,8.0,173.85,163.44
CUST-10789,2023-12-27,Starter,Logistics,United States,North America,51-200,6.0,Monthly,Paid Search,8.4,114.95,Churned,2024-02-01,Too expensive,2,6.0,2024-01-23,7,2,1,2023-12,6.0,0,19.158333333333335,1379.4,0.5948,High (>45%),0.5948,3.0,6.0,120.445,229.9
CUST-10790,2023-12-28,Starter,Retail,United Kingdom,Europe,1-50,1.0,Monthly,Organic,3.8,60.54,Active,,,13,8.0,2024-12-09,1,13,0,2023-12,1.0,0,60.54,726.48,0.4946846153846154,High (>45%),0.5685,0.3333333333333333,8.333333333333334,60.54,787.02
CUST-10791,2023-12-28,Starter,Technology,United Kingdom,Europe,51-200,10.0,Annual,Paid Search,5.8,162.04,Churned,2024-01-01,Too expensive,1,,2023-12-13,10,1,1,2023-12,10.0,0,16.204,1944.48,0.0611,Low (<30% seats used),0.0611,7.0,5.0,162.04,162.04
CUST-10792,2023-12-28,Growth,Technology,Canada,North America,51-200,11.0,Monthly,Referral,4.5,380.11,Active,,,13,3.0,2024-12-08,11,13,0,2023-12,11.0,0,34.555454545454545,4561.32,0.1564076923076923,Low (<30% seats used),0.06556666666666666,2.3333333333333335,3.6666666666666665,380.10999999999996,4941.43
CUST-10793,2024-01-02,Business,Retail,United Kingdom,Europe,51-200,43.0,Annual,Paid Search,7.8,1667.67,Active,,,12,7.0,2024-12-09,62,12,0,2024-01,43.0,0,38.78302325581396,20012.04,0.8527833333333333,High (>45%),0.9318,0.0,7.0,2198.7433333333333,20012.04
CUST-10794,2024-01-02,Starter,Education,United States,North America,51-200,5.0,Monthly,Outbound Sales,22.2,95.68,Active,,,12,7.0,2024-12-14,6,12,0,2024-01,5.0,0,19.136000000000003,1148.16,0.794625,High (>45%),0.7441333333333334,1.3333333333333333,7.0,105.02,1148.16
CUST-10795,2024-01-03,Enterprise,Education,Brazil,Latin America,201-1000,331.0,Annual,Referral,10.8,14185.34,Active,,,12,7.0,2024-12-07,219,12,0,2024-01,331.0,0,42.856012084592145,170224.08000000002,0.10286666666666666,Low (<30% seats used),0.0304,3.0,7.0,10719.92,170224.08000000002
CUST-10796,2024-01-03,Growth,Healthcare,Brazil,Latin America,1-50,9.0,Monthly,Outbound Sales,13.4,320.47,Active,,,12,7.0,2024-12-16,10,12,0,2024-01,9.0,0,35.607777777777784,3845.6400000000003,0.37365833333333337,Medium (30-45%),0.44416666666666665,2.0,7.0,333.17,3845.6400000000003
CUST-10797,2024-01-04,Growth,Healthcare,Canada,Europe,51-200,9.0,Annual,Outbound Sales,11.7,323.83,Churned,2024-11-01,Company downsizing,10,9.0,2024-10-15,11,10,1,2024-01,9.0,0,35.98111111111111,3885.96,0.59285,High (>45%),0.5975,0.0,9.333333333333334,343.26,3238.2999999999997
CUST-10798,2024-01-05,Growth,Financial Services,United States,North America,1-50,5.0,Monthly,Referral,2.4,256.36,Churned,2024-02-01,Company downsizing,1,8.0,2024-01-11,5,1,1,2024-01,5.0,0,51.272000000000006,3076.32,0.2548,Low (<30% seats used),0.2548,1.0,8.0,256.36,256.36
CUST-10799,2024-01-05,Business,Retail,Singapore,Asia Pacific,1-50,18.0,Monthly,Partner,11.8,907.03,Churned,2024-03-01,Missing features,2,5.0,2024-02-05,16,2,1,2024-01,18.0,0,50.39055555555555,10884.36,0.27290000000000003,Low (<30% seats used),0.27290000000000003,1.0,5.5,850.58,1814.06
CUST-10800,2024-01-06,Starter,Technology,United States,North America,1-50,4.0,Monthly,Organic,0.0,97.0,Churned,2024-06-01,Missing features,5,,2024-05-27,4,5,1,2024-01,4.0,0,24.25,1164.0,0.40754,Medium (30-45%),0.43133333333333335,1.6666666666666667,4.333333333333333,97.0,485.0
CUST-10801,2024-01-06,Growth,Retail,Germany,Europe,1-50,14.0,Monthly,Outbound Sales,16.7,405.56,Active,,,12,9.0,2024-12-11,9,12,0,2024-01,14.0,0,28.96857142857143,4866.72,0.49280833333333335,High (>45%),0.4690666666666667,1.3333333333333333,8.333333333333334,326.15000000000003,4866.72
CUST-10802,2024-01-06,Starter,Manufacturing,United States,North America,201-1000,55.0,Annual,Partner,20.7,572.38,Churned,2024-04-01,Too expensive,3,9.0,,51,3,1,2024-01,55.0,0,10.40690909090909,6868.5599999999995,0.21116666666666664,Low (<30% seats used),0.21116666666666664,1.3333333333333333,8.333333333333334,572.3833333333333,1717.1399999999999
CUST-10803,2024-01-07,Business,Healthcare,India,Asia Pacific,1-50,6.0,Monthly,Paid Search,10.2,571.42,Active,,,12,4.0,2024-12-11,5,12,0,2024-01,6.0,0,95.23666666666666,6857.039999999999,0.059458333333333335,Low (<30% seats used),0.03303333333333333,1.0,4.0,542.68,6857.039999999999
CUST-10804,2024-01-07,Growth,Retail,France,Europe,201-1000,22.0,Annual,Referral,8.4,592.34,Active,,,12,7.0,2024-12-19,23,12,0,2024-01,22.0,0,26.924545454545456,7108.08,0.2874083333333333,Low (<30% seats used),0.0675,4.0,6.666666666666667,605.7800000000001,7108.08
CUST-10805,2024-01-07,Starter,Retail,Canada,North America,201-1000,16.0,Annual,Referral,11.8,218.34,Active,,,12,,2024-12-05,13,12,0,2024-01,16.0,0,13.64625,2620.08,0.507,High (>45%),0.4833,1.0,6.666666666666667,186.59,2620.08
CUST-10806,2024-01-08,Enterprise,Financial Services,United States,North America,1-50,28.0,Monthly,Paid Search,12.1,2006.54,Active,,,12,5.0,,19,12,0,2024-01,28.0,0,71.66214285714285,24078.48,0.247725,Low (<30% seats used),0.11306666666666666,2.0,4.666666666666667,1703.2833333333335,24078.48
CUST-10807,2024-01-08,Enterprise,Technology,United States,North America,51-200,94.0,Monthly,Paid Search,8.4,4773.68,Active,,,12,9.0,2024-12-15,154,12,0,2024-01,94.0,0,50.78382978723405,57284.16,0.8187083333333334,High (>45%),0.9773666666666667,0.6666666666666666,9.0,7205.66,57284.16
CUST-10808,2024-01-09,Enterprise,Media,Brazil,Latin America,51-200,147.0,Monthly,Outbound Sales,14.5,6554.82,Active,,,12,,2024-12-12,179,12,0,2024-01,147.0,0,44.590612244897954,78657.84,0.06088333333333334,Low (<30% seats used),0.03,4.333333333333333,6.0,7606.473333333334,78657.84
CUST-10809,2024-01-09,Growth,Manufacturing,Canada,North America,51-200,12.0,Monthly,Paid Search,18.2,364.95,Churned,2024-11-01,Low adoption / unused seats,10,7.0,2024-10-06,13,10,1,2024-01,12.0,0,30.412499999999998,4379.4,0.32482,Medium (30-45%),0.3433,1.0,6.333333333333333,364.9533333333333,3649.5
CUST-10810,2024-01-09,Growth,Healthcare,Canada,North America,1-50,3.0,Monthly,Partner,16.1,204.37,Churned,2024-10-01,Switched to competitor,9,6.0,2024-09-19,3,9,1,2024-01,3.0,0,68.12333333333333,2452.44,0.6492444444444444,High (>45%),0.5129666666666667,0.6666666666666666,6.0,204.37,1839.33
CUST-10811,2024-01-10,Growth,Healthcare,India,Asia Pacific,51-200,13.0,Annual,Partner,19.1,380.37,Active,,,12,,2024-12-02,13,12,0,2024-01,13.0,0,29.25923076923077,4564.4400000000005,0.6538583333333333,High (>45%),0.5460333333333333,0.0,4.0,386.30333333333334,4564.4400000000005
CUST-10812,2024-01-10,Starter,Technology,United States,North America,1-50,3.0,Monthly,Partner,15.2,79.53,Active,,,12,,2024-12-25,2,12,0,2024-01,3.0,0,26.51,954.36,0.3061583333333333,Medium (30-45%),0.27463333333333334,1.6666666666666667,9.0,69.35,954.36
CUST-10813,2024-01-10,Growth,Retail,Australia,Asia Pacific,201-1000,20.0,Annual,Partner,23.8,484.28,Churned,2024-02-01,Poor support experience,1,7.0,2024-01-26,20,1,1,2024-01,20.0,0,24.214,5811.36,0.384,Medium (30-45%),0.384,3.0,7.0,484.28,484.28
CUST-10814,2024-01-10,Growth,Financial Services,Germany,Europe,1-50,8.0,Monthly,Events,6.4,313.74,Active,,,12,,2024-12-23,10,12,0,2024-01,8.0,0,39.2175,3764.88,0.058741666666666664,Low (<30% seats used),0.05253333333333334,1.0,5.0,361.7833333333333,3764.88
CUST-10815,2024-01-11,Starter,Logistics,United States,North America,1-50,,Monthly,Outbound Sales,12.0,59.56,Active,,,12,6.0,2024-12-25,1,12,0,2024-01,1.0,1,59.56,714.72,0.28375,Low (<30% seats used),0.12896666666666667,2.0,6.333333333333333,59.56,714.72
CUST-10816,2024-01-11,Starter,Technology,Brazil,Latin America,1-50,3.0,Monthly,Events,6.9,82.52,Churned,2024-12-01,Too expensive,11,9.0,2024-11-09,5,11,1,2024-01,3.0,0,27.506666666666664,990.24,0.40470909090909096,Medium (30-45%),0.26,1.6666666666666667,9.0,97.41333333333334,907.7199999999999
CUST-10817,2024-01-12,Starter,Healthcare,United States,North America,1-50,2.0,Monthly,Referral,12.7,69.95,Active,,,12,7.0,2024-12-17,2,12,0,2024-01,2.0,0,34.975,839.4000000000001,0.17933333333333334,Low (<30% seats used),0.057600000000000005,0.0,7.0,69.95,839.4000000000001
CUST-10818,2024-01-12,Business,Healthcare,United States,North America,1-50,20.0,Monthly,Referral,9.6,977.56,Active,,,12,6.0,2024-12-12,25,12,0,2024-01,20.0,0,48.878,11730.72,0.6967916666666666,High (>45%),0.7065666666666667,0.6666666666666666,6.0,1093.27,11730.72
CUST-10819,2024-01-13,Starter,Education,France,Europe,51-200,3.0,Monthly,Paid Search,12.5,80.5,Churned,2024-06-01,Too expensive,5,5.0,2024-05-20,3,5,1,2024-01,3.0,0,26.833333333333332,966.0,0.35148,Medium (30-45%),0.33243333333333336,1.0,5.0,80.5,402.5
CUST-10820,2024-01-13,Starter,Technology,Canada,North America,1-50,3.0,Monthly,Paid Search,12.5,80.5,Active,,,12,4.0,2024-12-13,2,12,0,2024-01,3.0,0,26.833333333333332,966.0,0.045691666666666665,Low (<30% seats used),0.03,2.0,4.333333333333333,70.0,966.0
CUST-10821,2024-01-14,Enterprise,Manufacturing,United Kingdom,Europe,1000+,392.0,Monthly,Paid Search,12.0,16422.2,Active,,,12,7.0,2024-12-04,352,12,0,2024-01,392.0,0,41.893367346938774,197066.40000000002,0.4612,High (>45%),0.6273666666666666,0.6666666666666666,7.666666666666667,14481.800000000001,197066.40000000002
CUST-10822,2024-01-14,Business,Financial Services,France,Europe,1-50,6.0,Annual,Paid Search,10.3,571.22,Active,,,12,9.0,2024-12-26,5,12,0,2024-01,6.0,0,95.20333333333333,6854.64,0.522325,High (>45%),0.3650333333333333,0.0,8.666666666666666,542.52,6854.64
CUST-10823,2024-01-15,Starter,Retail,Japan,Asia Pacific,51-200,13.0,Monthly,Partner,14.6,182.22,Active,,,12,5.0,2024-12-02,13,12,0,2024-01,13.0,0,14.016923076923076,2186.64,0.48633333333333334,High (>45%),0.41150000000000003,2.6666666666666665,5.666666666666667,182.22333333333333,2186.64
CUST-10824,2024-01-15,Growth,Technology,Australia,Asia Pacific,201-1000,28.0,Monthly,Outbound Sales,8.9,710.18,Churned,2024-08-01,Poor support experience,7,,2024-07-21,36,7,1,2024-01,28.0,0,25.363571428571426,8522.16,0.11612857142857143,Low (<30% seats used),0.10089999999999999,0.6666666666666666,5.0,890.5533333333333,4971.259999999999
CUST-10825,2024-01-15,Business,Manufacturing,United States,North America,51-200,,Monthly,Organic,2.1,1025.56,Active,,,12,,,25,12,0,2024-01,25.0,1,41.0224,12306.72,0.10866666666666668,Low (<30% seats used),0.03,2.0,6.0,1140.4266666666665,12306.72
CUST-10826,2024-01-15,Starter,Healthcare,United States,North America,51-200,5.0,Annual,Paid Search,13.7,100.78,Churned,2024-02-01,Poor support experience,1,9.0,2024-01-07,5,1,1,2024-01,5.0,0,20.156,1209.3600000000001,0.5989,High (>45%),0.5989,1.0,9.0,100.78,100.78
CUST-10827,2024-01-16,Starter,Manufacturing,United States,North America,1-50,4.0,Monthly,Paid Search,2.9,95.61,Churned,2024-03-01,Company downsizing,2,5.0,2024-02-07,4,2,1,2024-01,4.0,0,23.9025,1147.32,0.5670999999999999,High (>45%),0.5670999999999999,0.0,5.0,95.61,191.22
CUST-10828,2024-01-16,Business,Media,United States,North America,1-50,4.0,Annual,Events,12.0,511.64,Active,,,12,8.0,,3,12,0,2024-01,4.0,0,127.91,6139.68,0.32460833333333333,Medium (30-45%),0.2851666666666666,2.0,8.0,483.48,6139.68
CUST-10829,2024-01-17,Growth,Manufacturing,Japan,Asia Pacific,1-50,4.0,Monthly,Paid Search,7.7,230.22,Active,,,12,8.0,2024-12-20,4,12,0,2024-01,4.0,0,57.555,2762.64,0.666525,High (>45%),0.7519333333333332,1.3333333333333333,8.0,230.22,2762.64
CUST-10830,2024-01-18,Growth,Logistics,United Kingdom,Europe,51-200,9.0,Annual,Paid Search,10.0,327.2,Active,,,12,5.0,2024-12-13,14,12,0,2024-01,9.0,0,36.355555555555554,3926.3999999999996,0.477775,High (>45%),0.5122,1.0,5.333333333333333,413.0,3926.3999999999996
CUST-10831,2024-01-19,Starter,Manufacturing,United States,North America,1-50,4.0,Monthly,Organic,2.7,95.7,Churned,2024-05-01,Too expensive,4,6.0,2024-04-24,4,4,1,2024-01,4.0,0,23.925,1148.4,0.11877499999999999,Low (<30% seats used),0.11093333333333333,2.0,6.0,95.7,382.8
CUST-10832,2024-01-19,Growth,Logistics,Germany,Europe,51-200,7.0,Monthly,Paid Search,12.3,284.06,Active,,,12,8.0,2024-12-15,5,12,0,2024-01,7.0,0,40.58,3408.7200000000003,0.371125,Medium (30-45%),0.5905333333333332,1.6666666666666667,7.666666666666667,245.47,3408.7200000000003
CUST-10833,2024-01-20,Starter,Technology,India,Europe,51-200,12.0,Monthly,Referral,11.9,175.86,Active,,,12,8.0,2024-12-01,10,12,0,2024-01,12.0,0,14.655000000000001,2110.32,0.4500583333333334,High (>45%),0.44176666666666664,1.3333333333333333,8.333333333333334,154.72,2110.32
CUST-10834,2024-01-20,Starter,Healthcare,Germany,Europe,1-50,4.0,Monthly,Paid Search,2.5,95.8,Active,,,12,6.0,2024-12-16,4,12,0,2024-01,4.0,0,23.95,1149.6,0.08949166666666668,Low (<30% seats used),0.03,2.3333333333333335,5.333333333333333,95.8,1149.6
CUST-10835,2024-01-21,Starter,Healthcare,United States,North America,51-200,6.0,Monthly,Partner,16.8,108.9,Churned,2024-11-01,Missing features,10,6.0,2024-10-18,6,10,1,2024-01,6.0,0,18.150000000000002,1306.8000000000002,0.18565,Low (<30% seats used),0.2287,0.6666666666666666,6.666666666666667,108.90000000000002,1089.0
CUST-10836,2024-01-22,Starter,Media,United States,North America,51-200,5.0,Monthly,Outbound Sales,19.4,97.36,Churned,2024-05-01,Poor support experience,4,8.0,2024-04-23,5,4,1,2024-01,5.0,0,19.472,1168.32,0.37105,Medium (30-45%),0.3674,1.0,8.0,94.13666666666666,389.44
CUST-10837,2024-01-22,Starter,Retail,United States,North America,51-200,25.0,Annual,Partner,14.1,306.7,Active,,,12,8.0,2024-12-25,33,12,0,2024-01,25.0,0,12.267999999999999,3680.3999999999996,0.6278416666666667,High (>45%),0.6168666666666667,0.6666666666666666,8.0,389.16,3680.3999999999996
CUST-10838,2024-01-22,Enterprise,Healthcare,France,Europe,1-50,14.0,Monthly,Referral,4.0,1503.8,Churned,2024-06-01,Switched to competitor,5,10.0,2024-05-25,13,5,1,2024-01,14.0,0,107.41428571428571,18045.6,0.22237999999999997,Low (<30% seats used),0.18596666666666664,2.0,10.0,1475.0,7519.0
CUST-10839,2024-01-22,Business,Retail,United Kingdom,Europe,1-50,8.0,Monthly,Outbound Sales,12.8,622.23,Active,,,12,6.0,2024-12-22,9,12,0,2024-01,8.0,0,77.77875,7466.76,0.35120833333333334,Medium (30-45%),0.24763333333333334,1.0,6.0,650.14,7466.76
CUST-10840,2024-01-22,Starter,Technology,Germany,Europe,1-50,1.0,Monthly,Organic,0.0,61.0,Active,,,12,7.0,2024-12-18,1,12,0,2024-01,1.0,0,61.0,732.0,0.44064166666666665,Medium (30-45%),0.4334,0.6666666666666666,7.333333333333333,61.0,732.0
CUST-10841,2024-01-23,Business,Retail,United States,North America,51-200,46.0,Annual,Referral,16.2,1632.54,Active,,,12,4.0,2024-12-11,68,12,0,2024-01,46.0,0,35.49,19590.48,0.5545833333333333,High (>45%),0.5799,1.3333333333333333,4.0,2106.2833333333333,19590.48
CUST-10842,2024-01-23,Starter,Manufacturing,United States,North America,1-50,2.0,Monthly,Organic,0.0,73.0,Active,,,12,6.0,2024-12-13,3,12,0,2024-01,2.0,0,36.5,876.0,0.06850833333333332,Low (<30% seats used),0.03,0.3333333333333333,6.0,85.0,876.0
CUST-10843,2024-01-23,Business,Retail,United States,North America,201-1000,163.0,Annual,Events,15.9,4785.66,Active,,,12,,2024-12-16,251,12,0,2024-01,163.0,0,29.359877300613498,57427.92,0.16026666666666667,Low (<30% seats used),0.03,0.0,8.0,6911.703333333334,57427.92
CUST-10844,2024-01-24,Starter,Technology,Spain,Europe,51-200,4.0,Monthly,Paid Search,10.1,92.15,Churned,2024-10-01,Low adoption / unused seats,9,6.0,2024-09-19,5,9,1,2024-01,4.0,0,23.0375,1105.8000000000002,0.21573333333333333,Low (<30% seats used),0.1885,0.0,5.333333333333333,102.94,829.35
CUST-10845,2024-01-24,Growth,Manufacturing,Brazil,Latin America,51-200,16.0,Monthly,Referral,12.5,457.0,Active,,,12,9.0,2024-12-23,10,12,0,2024-01,16.0,0,28.5625,5484.0,0.7486583333333333,High (>45%),0.8441333333333333,0.0,9.0,341.5,5484.0
CUST-10846,2024-01-24,Starter,Logistics,United Kingdom,Europe,201-1000,27.0,Annual,Organic,8.5,345.46,Active,,,12,5.0,2024-12-15,37,12,0,2024-01,27.0,0,12.794814814814814,4145.5199999999995,0.05025833333333333,Low (<30% seats used),0.03,2.0,5.333333333333333,455.26,4145.5199999999995
CUST-10847,2024-01-24,Growth,Technology,India,Asia Pacific,1-50,5.0,Monthly,Partner,12.8,244.92,Active,,,12,6.0,2024-12-27,5,12,0,2024-01,5.0,0,48.983999999999995,2939.04,0.031149999999999997,Low (<30% seats used),0.03,1.6666666666666667,6.0,244.92,2939.04
CUST-10848,2024-01-25,Enterprise,Education,India,Asia Pacific,1-50,11.0,Annual,Partner,20.7,1291.54,Active,,,12,10.0,2024-12-23,11,12,0,2024-01,11.0,0,117.41272727272727,15498.48,0.44083333333333335,Medium (30-45%),0.3705,0.0,10.0,1291.54,15498.48
CUST-10849,2024-01-25,Starter,Healthcare,United States,North America,1-50,2.0,Monthly,Events,16.3,69.09,Churned,2024-05-01,Too expensive,4,10.0,2024-04-22,2,4,1,2024-01,2.0,0,34.545,829.08,0.44372500000000004,Medium (30-45%),0.4099,1.0,9.666666666666666,69.09,276.36
CUST-10850,2024-01-25,Business,Technology,United States,North America,201-1000,31.0,Annual,Organic,0.0,1391.0,Active,,,12,7.0,2024-12-08,36,12,0,2024-01,31.0,0,44.87096774193548,16692.0,0.47609999999999997,High (>45%),0.20806666666666665,2.6666666666666665,7.666666666666667,1529.6666666666667,16692.0
CUST-10851,2024-01-25,Starter,Manufacturing,Singapore,Asia Pacific,1-50,5.0,Monthly,Referral,7.6,104.44,Active,,,12,7.0,2024-12-17,5,12,0,2024-01,5.0,0,20.887999999999998,1253.28,0.09702499999999999,Low (<30% seats used),0.03,1.0,7.0,108.13666666666666,1253.28
CUST-10852,2024-01-25,Business,Education,United States,North America,1-50,7.0,Annual,Referral,2.2,618.07,Churned,2024-02-01,Too expensive,1,7.0,2024-01-12,7,1,1,2024-01,7.0,0,88.2957142857143,7416.84,0.4374,Medium (30-45%),0.4374,0.0,7.0,618.07,618.07
CUST-10853,2024-01-26,Starter,Education,Mexico,Latin America,51-200,16.0,Monthly,Organic,4.7,231.98,Active,,,12,7.0,2024-12-11,22,12,0,2024-01,16.0,0,14.49875,2783.7599999999998,0.2829416666666667,Low (<30% seats used),0.3356333333333333,1.6666666666666667,7.333333333333333,300.59,2783.7599999999998
CUST-10854,2024-01-27,Starter,Healthcare,Singapore,Asia Pacific,201-1000,21.0,Monthly,Partner,8.4,279.83,Active,,,12,,2024-12-07,30,12,0,2024-01,21.0,0,13.325238095238095,3357.96,0.5392583333333333,High (>45%),0.33263333333333334,0.6666666666666666,4.0,353.10999999999996,3357.96
CUST-10855,2024-01-27,Starter,Education,India,Asia Pacific,1-50,1.0,Monthly,Outbound Sales,9.9,59.81,Active,,,12,4.0,2024-12-22,1,12,0,2024-01,1.0,0,59.81,717.72,0.34954166666666664,Medium (30-45%),0.438,1.3333333333333333,4.0,59.81,717.72
CUST-10856,2024-02-02,Growth,Retail,India,Asia Pacific,1-50,3.0,Monthly,Referral,4.8,211.83,Active,,,11,5.0,2024-12-27,3,11,0,2024-02,3.0,0,70.61,2541.96,0.06967272727272728,Low (<30% seats used),0.032933333333333335,2.0,5.0,211.83,2330.13
CUST-10857,2024-02-02,Business,Technology,Germany,Europe,51-200,30.0,Monthly,Events,13.7,1227.48,Churned,2024-12-01,Missing features,10,8.0,2024-11-09,21,10,1,2024-02,30.0,0,40.916000000000004,14729.76,0.45125000000000004,High (>45%),0.5075,2.0,7.333333333333333,978.94,12274.8
CUST-10858,2024-02-02,Business,Healthcare,Singapore,Asia Pacific,201-1000,37.0,Annual,Outbound Sales,18.2,,Active,,,11,,2024-12-07,35,11,0,2024-02,37.0,0,,,0.6271363636363637,High (>45%),0.4646666666666666,1.0,10.0,1315.16,
CUST-10859,2024-02-03,Starter,Healthcare,Germany,Europe,1-50,2.0,Annual,Referral,2.1,72.5,Active,,,11,7.0,2024-12-22,2,11,0,2024-02,2.0,0,36.25,870.0,0.03905454545454545,Low (<30% seats used),0.03,1.3333333333333333,6.666666666666667,72.5,797.5
CUST-10860,2024-02-03,Starter,Healthcare,France,Europe,201-1000,32.0,Monthly,Partner,27.6,327.02,Churned,2024-05-01,Poor support experience,3,5.0,2024-04-18,35,3,1,2024-02,32.0,0,10.219375,3924.24,0.20963333333333334,Low (<30% seats used),0.20963333333333334,1.0,5.666666666666667,344.39000000000004,981.06
CUST-10861,2024-02-03,Growth,Technology,Australia,Asia Pacific,51-200,18.0,Monthly,Paid Search,11.2,500.65,Active,,,11,10.0,2024-12-09,19,11,0,2024-02,18.0,0,27.813888888888886,6007.799999999999,0.041363636363636366,Low (<30% seats used),0.03,0.6666666666666666,10.0,487.6233333333333,5507.15
CUST-10862,2024-02-04,Starter,Healthcare,Brazil,Latin America,51-200,5.0,Monthly,Events,12.9,101.26,Active,,,11,10.0,2024-12-26,7,11,0,2024-02,5.0,0,20.252000000000002,1215.1200000000001,0.7544181818181819,High (>45%),0.8290666666666667,0.0,10.0,122.16000000000001,1113.8600000000001
CUST-10863,2024-02-05,Starter,Technology,Germany,Europe,201-1000,17.0,Annual,Organic,0.0,253.0,Active,,,11,8.0,2024-12-10,18,11,0,2024-02,17.0,0,14.882352941176471,3036.0,0.8363636363636363,High (>45%),0.9545666666666667,0.0,8.0,269.0,2783.0
CUST-10864,2024-02-05,Growth,Media,France,Europe,1-50,6.0,Annual,Paid Search,5.7,273.48,Active,,,11,5.0,2024-12-23,6,11,0,2024-02,6.0,0,45.580000000000005,3281.76,0.31579999999999997,Medium (30-45%),0.3612666666666667,0.3333333333333333,5.0,273.48,3008.28
CUST-10865,2024-02-06,Growth,Retail,Spain,Europe,51-200,11.0,Monthly,Partner,10.9,364.62,Active,,,11,8.0,2024-12-26,15,11,0,2024-02,11.0,0,33.14727272727273,4375.4400000000005,0.47369090909090905,High (>45%),0.4250333333333333,1.6666666666666667,8.333333333333334,449.56333333333333,4010.82
CUST-10866,2024-02-06,Growth,Technology,Brazil,Latin America,51-200,7.0,Annual,Referral,3.0,298.38,Active,,,11,6.0,2024-12-06,8,11,0,2024-02,7.0,0,42.62571428571429,3580.56,0.046372727272727274,Low (<30% seats used),0.03,0.0,6.0,326.8333333333333,3282.18
CUST-10867,2024-02-07,Growth,Healthcare,Australia,Asia Pacific,201-1000,70.0,Annual,Organic,4.2,1624.32,Active,,,11,8.0,2024-12-18,63,11,0,2024-02,70.0,0,23.204571428571427,19491.84,0.7087272727272728,High (>45%),0.7323666666666666,0.6666666666666666,8.666666666666666,1547.0433333333333,17867.52
CUST-10868,2024-02-09,Business,Manufacturing,United States,North America,51-200,16.0,Annual,Paid Search,10.4,857.75,Active,,,11,8.0,2024-12-21,12,11,0,2024-02,16.0,0,53.609375,10293.0,0.5436727272727273,High (>45%),0.5405,1.0,8.0,752.6199999999999,9435.25
CUST-10869,2024-02-09,Business,Logistics,Singapore,Asia Pacific,1-50,14.0,Monthly,Referral,8.9,807.13,Churned,2024-04-01,Low adoption / unused seats,2,6.0,2024-03-21,15,2,1,2024-02,14.0,0,57.652142857142856,9685.56,0.5211,High (>45%),0.5211,3.0,5.5,836.28,1614.26
CUST-10870,2024-02-10,Business,Manufacturing,United States,North America,1-50,6.0,Monthly,Referral,10.0,571.8,Churned,2024-03-01,Poor support experience,1,9.0,2024-02-03,6,1,1,2024-02,6.0,0,95.3,6861.599999999999,0.3266,Medium (30-45%),0.3266,0.0,9.0,571.8,571.8
CUST-10871,2024-02-11,Starter,Technology,Canada,North America,1-50,3.0,Monthly,Paid Search,8.7,81.87,Active,,,11,7.0,2024-12-16,3,11,0,2024-02,3.0,0,27.290000000000003,982.44,0.31229999999999997,Medium (30-45%),0.2869,2.6666666666666665,7.0,78.21666666666667,900.57
CUST-10872,2024-02-11,Starter,Logistics,United States,North America,201-1000,21.0,Annual,Outbound Sales,14.5,264.46,Churned,2024-04-01,Switched to competitor,2,9.0,2024-03-03,18,2,1,2024-02,21.0,0,12.593333333333332,3173.5199999999995,0.23985,Low (<30% seats used),0.23985,1.5,9.5,238.81,528.92
CUST-10873,2024-02-11,Starter,Education,United Kingdom,Europe,1-50,3.0,Annual,Organic,0.2,84.93,Churned,2024-06-01,Switched to competitor,4,4.0,2024-05-27,3,4,1,2024-02,3.0,0,28.310000000000002,1019.1600000000001,0.03165,Low (<30% seats used),0.03,1.3333333333333333,4.0,84.93,339.72
CUST-10874,2024-02-11,Starter,Media,Germany,Europe,51-200,9.0,Annual,Outbound Sales,19.0,136.48,Active,,,11,7.0,2024-12-27,8,11,0,2024-02,9.0,0,15.164444444444444,1637.7599999999998,0.6608909090909091,High (>45%),0.7411666666666666,1.6666666666666667,7.666666666666667,130.0,1501.28
CUST-10875,2024-02-12,Starter,Financial Services,Canada,North America,51-200,4.0,Annual,Referral,12.0,91.24,Active,,,11,8.0,2024-12-02,4,11,0,2024-02,4.0,0,22.81,1094.8799999999999,0.25637272727272725,Low (<30% seats used),0.2937,2.3333333333333335,8.0,87.71999999999998,1003.64
CUST-10876,2024-02-12,Business,Education,France,Europe,1-50,13.0,Monthly,Partner,12.1,764.66,Active,,,11,7.0,2024-12-11,20,11,0,2024-02,13.0,0,58.82,9175.92,0.41150000000000003,Medium (30-45%),0.37000000000000005,2.3333333333333335,7.0,924.0566666666667,8411.26
CUST-10877,2024-02-12,Growth,Manufacturing,Brazil,Latin America,1-50,13.0,Monthly,Paid Search,15.8,389.81,Churned,2024-03-01,Missing features,1,6.0,2024-02-07,13,1,1,2024-02,13.0,0,29.985384615384614,4677.72,0.4723,High (>45%),0.4723,3.0,6.0,389.81,389.81
CUST-10878,2024-02-12,Starter,Healthcare,United States,North America,1-50,2.0,Monthly,Events,12.2,70.07,Churned,2024-03-01,Missing features,1,7.0,2024-02-17,2,1,1,2024-02,2.0,0,35.035,840.8399999999999,0.5974,High (>45%),0.5974,1.0,7.0,70.07,70.07
CUST-10879,2024-02-13,Growth,Retail,United Kingdom,Europe,1-50,5.0,Monthly,Organic,0.0,259.0,Active,,,11,2.0,2024-12-23,6,11,0,2024-02,5.0,0,51.8,3108.0,0.21641818181818184,Low (<30% seats used),0.1193,1.0,2.0,281.0,2849.0
CUST-10880,2024-02-13,Growth,Education,Germany,Europe,51-200,5.0,Monthly,Events,9.6,248.44,Active,,,11,7.0,2024-12-20,7,11,0,2024-02,5.0,0,49.688,2981.2799999999997,0.23947272727272725,Low (<30% seats used),0.14023333333333332,2.0,7.666666666666667,281.59,2732.84
CUST-10881,2024-02-14,Starter,Manufacturing,Singapore,Asia Pacific,1-50,3.0,Monthly,Outbound Sales,3.6,83.7,Churned,2024-06-01,Company downsizing,4,,2024-05-21,4,4,1,2024-02,3.0,0,27.900000000000002,1004.4000000000001,0.1875,Low (<30% seats used),0.16333333333333333,1.3333333333333333,7.666666666666667,87.55666666666667,334.8
CUST-10882,2024-02-14,Growth,Education,India,Asia Pacific,201-1000,81.0,Monthly,Organic,2.6,1884.67,Active,,,11,4.0,2024-12-22,75,11,0,2024-02,81.0,0,23.267530864197532,22616.04,0.35775454545454544,Medium (30-45%),0.3153333333333333,1.6666666666666667,4.0,1927.5233333333333,20731.370000000003
CUST-10883,2024-02-14,Business,Technology,United States,North America,51-200,45.0,Monthly,Paid Search,14.7,1627.32,Active,,,11,8.0,2024-12-27,48,11,0,2024-02,45.0,0,36.16266666666667,19527.84,0.2391181818181818,Low (<30% seats used),0.2093,2.0,8.0,1654.6166666666668,17900.52
CUST-10884,2024-02-15,Starter,Technology,United States,North America,1-50,4.0,Monthly,Organic,6.0,94.12,Active,,,11,6.0,2024-12-09,5,11,0,2024-02,4.0,0,23.53,1129.44,0.06037272727272727,Low (<30% seats used),0.03,1.3333333333333333,6.666666666666667,105.40000000000002,1035.3200000000002
CUST-10885,2024-02-16,Starter,Healthcare,United States,North America,1000+,54.0,Annual,Paid Search,15.3,597.86,Active,,,11,7.0,2024-12-15,65,11,0,2024-02,54.0,0,11.071481481481483,7174.32,0.18505454545454547,Low (<30% seats used),0.07540000000000001,1.6666666666666667,6.666666666666667,675.7800000000001,6576.46
CUST-10886,2024-02-17,Starter,Technology,United States,North America,51-200,14.0,Monthly,Outbound Sales,14.1,193.31,Active,,,11,7.0,2024-12-02,16,11,0,2024-02,14.0,0,13.807857142857143,2319.7200000000003,0.11141818181818182,Low (<30% seats used),0.053,2.0,7.0,213.92999999999998,2126.41
CUST-10887,2024-02-18,Enterprise,Media,United States,North America,1-50,47.0,Monthly,Partner,20.9,2571.97,Active,,,11,5.0,2024-12-03,67,11,0,2024-02,47.0,0,54.7227659574468,30863.64,0.6916454545454546,High (>45%),0.6396333333333333,2.3333333333333335,5.666666666666667,3224.543333333333,28291.67
CUST-10888,2024-02-18,Starter,Technology,France,Europe,1-50,4.0,Monthly,Events,10.8,91.82,Active,,,11,8.0,2024-12-03,5,11,0,2024-02,4.0,0,22.955,1101.84,0.1721909090909091,Low (<30% seats used),0.11813333333333333,0.6666666666666666,7.666666666666667,102.52,1010.02
CUST-10889,2024-02-18,Starter,Healthcare,United States,North America,201-1000,16.0,Monthly,Paid Search,13.6,214.89,Churned,2024-06-01,Switched to competitor,4,3.0,2024-05-25,17,4,1,2024-02,16.0,0,13.430625,2578.68,0.33385,Medium (30-45%),0.2699666666666667,1.3333333333333333,3.0,225.26,859.56
CUST-10890,2024-02-18,Starter,Technology,Japan,Asia Pacific,1-50,2.0,Monthly,Paid Search,17.0,68.92,Churned,2024-09-01,Low adoption / unused seats,7,7.0,2024-08-14,2,7,1,2024-02,2.0,0,34.46,827.04,0.6691428571428572,High (>45%),0.5536333333333333,1.6666666666666667,7.0,68.92,482.44
CUST-10891,2024-02-19,Growth,Logistics,United States,North America,1-50,9.0,Monthly,Partner,20.1,307.2,Churned,2024-07-01,Low adoption / unused seats,5,7.0,2024-06-15,9,5,1,2024-02,9.0,0,34.13333333333333,3686.3999999999996,0.5213,High (>45%),0.49560000000000004,0.6666666666666666,6.666666666666667,313.06,1536.0
CUST-10892,2024-02-20,Business,Retail,France,Europe,1-50,5.0,Monthly,Paid Search,8.4,545.56,Churned,2024-05-01,Missing features,3,6.0,2024-04-03,4,3,1,2024-02,5.0,0,109.112,6546.719999999999,0.1435,Low (<30% seats used),0.1435,0.6666666666666666,5.666666666666667,535.79,1636.6799999999998
CUST-10893,2024-02-20,Growth,Technology,Japan,Asia Pacific,1-50,14.0,Monthly,Organic,0.2,456.38,Active,,,11,7.0,2024-12-04,16,11,0,2024-02,14.0,0,32.598571428571425,5476.5599999999995,0.17307272727272727,Low (<30% seats used),0.06886666666666667,0.6666666666666666,7.0,478.34,5020.18
CUST-10894,2024-02-21,Starter,Financial Services,Japan,Asia Pacific,1-50,1.0,Annual,Paid Search,8.4,59.99,Churned,2024-09-01,Switched to competitor,7,6.0,2024-08-12,1,7,1,2024-02,1.0,0,59.99,719.88,0.17138571428571428,Low (<30% seats used),0.0969,0.6666666666666666,6.0,59.99,419.93
CUST-10895,2024-02-21,Starter,Media,Singapore,Asia Pacific,51-200,1.0,Monthly,Events,15.8,59.1,Churned,2024-06-01,Poor support experience,4,7.0,2024-05-11,1,4,1,2024-02,1.0,0,59.1,709.2,0.312775,Medium (30-45%),0.30896666666666667,1.3333333333333333,7.0,59.1,236.4
CUST-10896,2024-02-21,Starter,Healthcare,United Kingdom,Europe,1000+,102.0,Annual,Events,11.9,1127.34,Active,,,11,5.0,2024-12-27,60,11,0,2024-02,102.0,0,11.05235294117647,13528.079999999998,0.7366,High (>45%),0.7132666666666667,1.3333333333333333,5.0,707.9866666666667,12400.74
CUST-10897,2024-02-22,Starter,Retail,United States,North America,51-200,7.0,Monthly,Referral,12.4,122.58,Active,,,11,10.0,2024-12-19,9,11,0,2024-02,7.0,0,17.51142857142857,1470.96,0.7830090909090909,High (>45%),0.8392333333333334,0.0,10.0,140.10666666666668,1348.3799999999999
CUST-10898,2024-02-22,Business,Retail,Germany,Europe,1-50,6.0,Monthly,Outbound Sales,9.7,572.38,Churned,2024-07-01,Too expensive,5,7.0,2024-06-16,7,5,1,2024-02,6.0,0,95.39666666666666,6868.5599999999995,0.05878,Low (<30% seats used),0.036333333333333336,0.6666666666666666,7.0,601.27,2861.9
CUST-10899,2024-02-22,Business,Media,United Kingdom,Europe,201-1000,28.0,Annual,Paid Search,9.7,1208.09,Active,,,11,5.0,2024-12-02,20,11,0,2024-02,28.0,0,43.146071428571425,14497.079999999998,0.3170090909090909,Medium (30-45%),0.17103333333333334,0.0,5.0,1015.4499999999999,13288.99
CUST-10900,2024-02-22,Growth,Financial Services,United States,North America,1-50,4.0,Annual,Outbound Sales,17.2,221.86,Active,,,11,7.0,2024-12-13,3,11,0,2024-02,4.0,0,55.465,2662.32,0.41396363636363637,Medium (30-45%),0.35300000000000004,1.0,6.666666666666667,215.79,2440.46
CUST-10901,2024-02-23,Starter,Financial Services,Japan,Asia Pacific,201-1000,53.0,Annual,Paid Search,10.5,618.22,Active,,,11,,2024-12-07,53,11,0,2024-02,53.0,0,11.664528301886794,7418.64,0.5291818181818182,High (>45%),0.6453666666666668,1.6666666666666667,9.333333333333334,639.6999999999999,6800.42
CUST-10902,2024-02-23,Business,Education,United States,North America,51-200,11.0,Annual,Paid Search,10.9,712.63,Active,,,11,4.0,2024-12-25,14,11,0,2024-02,11.0,0,64.78454545454545,8551.56,0.5845181818181818,High (>45%),0.6787000000000001,0.3333333333333333,4.0,798.17,7838.93
CUST-10903,2024-02-23,Starter,Manufacturing,Mexico,Latin America,1-50,4.0,Annual,Referral,6.1,94.07,Churned,2024-05-01,Too expensive,3,6.0,2024-04-09,4,3,1,2024-02,4.0,0,23.5175,1128.84,0.6713999999999999,High (>45%),0.6713999999999999,0.6666666666666666,6.333333333333333,94.07,282.21
CUST-10904,2024-02-24,Enterprise,Technology,United States,North America,1-50,12.0,Monthly,Outbound Sales,10.7,1381.22,Active,,,11,5.0,2024-12-10,20,11,0,2024-02,12.0,0,115.10166666666667,16574.64,0.3244636363636364,Medium (30-45%),0.34813333333333335,0.3333333333333333,5.333333333333333,1689.3033333333333,15193.42
CUST-10905,2024-02-24,Growth,Education,France,Europe,1-50,6.0,Annual,Referral,1.4,279.15,Active,,,11,5.0,2024-12-06,7,11,0,2024-02,6.0,0,46.525,3349.7999999999997,0.21463636363636365,Low (<30% seats used),0.10880000000000001,2.0,5.0,300.84,3070.6499999999996
CUST-10906,2024-02-24,Business,Media,Brazil,Latin America,201-1000,61.0,Monthly,Referral,4.6,2261.21,Active,,,11,,2024-12-01,52,11,0,2024-02,61.0,0,37.069016393442624,27134.52,0.23582727272727275,Low (<30% seats used),0.08109999999999999,2.3333333333333335,7.333333333333333,1945.7533333333333,24873.31
CUST-10907,2024-02-26,Starter,Manufacturing,United States,North America,201-1000,15.0,Monthly,Organic,7.8,214.96,Active,,,11,8.0,2024-12-09,15,11,0,2024-02,15.0,0,14.330666666666668,2579.52,0.5328181818181817,High (>45%),0.5578,1.6666666666666667,8.0,207.58666666666667,2364.56
CUST-10908,2024-02-26,Starter,Retail,Japan,Asia Pacific,1-50,2.0,Annual,Paid Search,13.7,69.71,Active,,,11,8.0,2024-12-01,2,11,0,2024-02,2.0,0,34.855,836.52,0.8801818181818182,High (>45%),0.9805333333333334,0.0,8.0,69.71,766.81
CUST-10909,2024-02-26,Growth,Education,Germany,Europe,1000+,71.0,Monthly,Paid Search,13.4,1501.69,Active,,,11,4.0,2024-12-05,82,11,0,2024-02,71.0,0,21.150563380281692,18020.28,0.13955454545454546,Low (<30% seats used),0.09296666666666668,2.6666666666666665,4.333333333333333,1793.82,16518.59
CUST-10910,2024-02-26,Business,Retail,Germany,Europe,1-50,11.0,Monthly,Organic,0.0,751.0,Active,,,11,5.0,2024-12-10,12,11,0,2024-02,11.0,0,68.27272727272727,9012.0,0.10007272727272727,Low (<30% seats used),0.04326666666666667,1.6666666666666667,5.666666666666667,761.6666666666666,8261.0
CUST-10911,2024-02-27,Starter,Financial Services,Germany,Europe,201-1000,20.0,Monthly,Organic,4.7,277.72,Active,,,11,9.0,2024-12-10,22,11,0,2024-02,20.0,0,13.886000000000001,3332.6400000000003,0.33380000000000004,Medium (30-45%),0.21486666666666665,1.6666666666666667,9.666666666666666,308.21666666666664,3054.92
CUST-10912,2024-02-27,Growth,Retail,Germany,Europe,1-50,4.0,Monthly,Events,13.9,224.77,Churned,2024-07-01,Low adoption / unused seats,5,7.0,2024-06-27,4,5,1,2024-02,4.0,0,56.1925,2697.2400000000002,0.52012,High (>45%),0.5009,1.3333333333333333,6.666666666666667,224.77,1123.8500000000001
CUST-10913,2024-02-28,Growth,Healthcare,Australia,Asia Pacific,1-50,3.0,Monthly,Paid Search,0.2,214.87,Churned,2024-06-01,Too expensive,4,7.0,2024-05-23,3,4,1,2024-02,3.0,0,71.62333333333333,2578.44,0.30845,Medium (30-45%),0.28413333333333335,0.6666666666666666,7.0,214.87,859.48
CUST-10914,2024-02-28,Starter,Manufacturing,United Kingdom,Europe,1000+,54.0,Annual,Organic,6.6,654.23,Active,,,11,7.0,2024-12-19,55,11,0,2024-02,54.0,0,12.115370370370371,7850.76,0.47259999999999996,High (>45%),0.4808666666666667,1.3333333333333333,6.666666666666667,665.44,7196.530000000001
CUST-10915,2024-02-28,Starter,Education,United States,North America,1-50,4.0,Annual,Events,4.5,94.84,Churned,2024-05-01,Poor support experience,3,7.0,2024-04-22,5,3,1,2024-02,4.0,0,23.71,1138.08,0.47703333333333336,High (>45%),0.47703333333333336,2.0,6.666666666666667,106.3,284.52
CUST-10916,2024-03-01,Growth,Manufacturing,United Kingdom,Europe,201-1000,67.0,Monthly,Partner,18.0,1357.68,Churned,2024-11-01,Missing features,8,8.0,2024-10-23,107,8,1,2024-03,67.0,0,20.263880597014925,16292.16,0.3734625,Medium (30-45%),0.49193333333333333,0.6666666666666666,8.0,1995.0933333333335,10861.44
CUST-10917,2024-03-01,Starter,Manufacturing,United Kingdom,Europe,1-50,5.0,Monthly,Referral,4.8,106.12,Active,,,10,9.0,2024-12-10,5,10,0,2024-03,5.0,0,21.224,1273.44,0.6752900000000001,High (>45%),0.5815333333333333,1.6666666666666667,9.333333333333334,106.12,1061.2
CUST-10918,2024-03-01,Business,Technology,Germany,Europe,1-50,29.0,Monthly,Paid Search,0.0,1327.0,Active,,,10,4.0,2024-12-27,24,10,0,2024-03,29.0,0,45.758620689655174,15924.0,0.29202,Low (<30% seats used),0.2556333333333333,3.0,4.666666666666667,1199.0,13270.0
CUST-10919,2024-03-01,Starter,Media,Germany,Europe,51-200,6.0,Monthly,Events,12.2,112.22,Active,,,10,9.0,2024-12-14,6,10,0,2024-03,6.0,0,18.703333333333333,1346.6399999999999,0.45777999999999996,High (>45%),0.5067,1.0,9.0,112.21999999999998,1122.2
CUST-10920,2024-03-03,Starter,Healthcare,Canada,North America,1-50,5.0,Monthly,Outbound Sales,12.1,101.74,Churned,2024-04-01,Low adoption / unused seats,1,6.0,2024-03-13,5,1,1,2024-03,5.0,0,20.348,1220.8799999999999,0.3144,Medium (30-45%),0.3144,1.0,6.0,101.74,101.74
CUST-10921,2024-03-03,Starter,Manufacturing,United Kingdom,Europe,1-50,2.0,Monthly,Referral,0.0,73.0,Active,,,10,8.0,2024-12-17,2,10,0,2024-03,2.0,0,36.5,876.0,0.49448,High (>45%),0.49546666666666667,0.0,7.666666666666667,73.0,730.0
CUST-10922,2024-03-03,Growth,Financial Services,Australia,Asia Pacific,51-200,10.0,Monthly,Organic,0.0,369.0,Active,,,10,5.0,2024-12-15,12,10,0,2024-03,10.0,0,36.9,4428.0,0.30165000000000003,Medium (30-45%),0.3541666666666667,3.0,5.0,405.6666666666667,3690.0
CUST-10923,2024-03-03,Business,Education,United Kingdom,Europe,1-50,10.0,Monthly,Paid Search,4.6,704.28,Active,,,10,10.0,2024-12-12,12,10,0,2024-03,10.0,0,70.428,8451.36,0.48783000000000004,High (>45%),0.5624,0.3333333333333333,10.0,765.34,7042.799999999999
CUST-10924,2024-03-04,Starter,Media,Spain,Europe,51-200,6.0,Monthly,Paid Search,9.9,113.87,Churned,2024-11-01,Poor support experience,8,6.0,2024-10-27,7,8,1,2024-03,6.0,0,18.978333333333335,1366.44,0.3317,Medium (30-45%),0.3728666666666667,0.6666666666666666,6.0,124.68,910.96
CUST-10925,2024-03-04,Starter,Technology,United States,North America,1000+,48.0,Annual,Partner,24.3,485.03,Active,,,10,10.0,2024-12-16,62,10,0,2024-03,48.0,0,10.104791666666666,5820.36,0.10400000000000001,Low (<30% seats used),0.08646666666666668,2.6666666666666665,10.0,600.0966666666667,4850.299999999999
CUST-10926,2024-03-06,Growth,Technology,India,Asia Pacific,51-200,12.0,Annual,Paid Search,7.7,392.67,Active,,,10,8.0,2024-12-15,15,10,0,2024-03,12.0,0,32.722500000000004,4712.04,0.47149,High (>45%),0.31396666666666667,1.0,7.333333333333333,440.04999999999995,3926.7000000000003
CUST-10927,2024-03-06,Growth,Manufacturing,India,Asia Pacific,1-50,3.0,Annual,Referral,10.3,208.2,Active,,,10,8.0,2024-12-01,2,10,0,2024-03,3.0,0,69.39999999999999,2498.3999999999996,0.09942999999999999,Low (<30% seats used),0.0341,0.0,8.0,188.47,2082.0
CUST-10928,2024-03-06,Business,Manufacturing,United States,North America,1-50,5.0,Monthly,Referral,7.2,547.48,Active,,,10,7.0,2024-12-09,5,10,0,2024-03,5.0,0,109.49600000000001,6569.76,0.56273,High (>45%),0.5337666666666666,0.0,7.333333333333333,547.48,5474.8
CUST-10929,2024-03-07,Starter,Retail,India,Asia Pacific,51-200,7.0,Monthly,Organic,1.3,131.91,Active,,,10,6.0,2024-12-05,7,10,0,2024-03,7.0,0,18.844285714285714,1582.92,0.08288999999999999,Low (<30% seats used),0.03,2.0,6.0,131.91,1319.1
CUST-10930,2024-03-07,Starter,Healthcare,Japan,Asia Pacific,51-200,4.0,Annual,Outbound Sales,12.1,91.19,Churned,2024-07-01,Too expensive,4,3.0,2024-06-14,4,4,1,2024-03,4.0,0,22.7975,1094.28,0.226625,Low (<30% seats used),0.21066666666666667,0.3333333333333333,3.0,91.19,364.76
CUST-10931,2024-03-08,Enterprise,Education,United States,North America,201-1000,60.0,Annual,Paid Search,16.4,3156.2,Active,,,10,8.0,2024-12-16,59,10,0,2024-03,60.0,0,52.60333333333333,37874.399999999994,0.7364900000000001,High (>45%),0.7197,2.3333333333333335,8.0,3030.7999999999997,31562.0
CUST-10932,2024-03-08,Business,Retail,United Kingdom,Europe,1-50,10.0,Monthly,Paid Search,11.8,681.24,Active,,,10,6.0,2024-12-03,13,10,0,2024-03,10.0,0,68.124,8174.88,0.28630999999999995,Low (<30% seats used),0.42926666666666663,1.0,6.333333333333333,775.32,6812.4
CUST-10933,2024-03-08,Growth,Healthcare,Spain,Europe,1-50,6.0,Monthly,Referral,6.0,273.08,Churned,2024-05-01,Too expensive,2,8.0,2024-04-04,6,2,1,2024-03,6.0,0,45.51333333333333,3276.96,0.4787,High (>45%),0.4787,3.5,7.5,273.08,546.16
CUST-10934,2024-03-08,Business,Healthcare,United Kingdom,Europe,1-50,8.0,Annual,Organic,1.1,652.18,Active,,,10,,2024-12-17,7,10,0,2024-03,8.0,0,81.5225,7826.16,0.5912,High (>45%),0.5903666666666667,0.0,5.333333333333333,620.54,6521.799999999999
CUST-10935,2024-03-08,Growth,Financial Services,United States,North America,51-200,13.0,Monthly,Referral,3.7,424.42,Active,,,10,8.0,2024-12-20,15,10,0,2024-03,13.0,0,32.64769230769231,5093.04,0.27240000000000003,Low (<30% seats used),0.19973333333333335,1.6666666666666667,8.0,466.79,4244.2
CUST-10936,2024-03-09,Enterprise,Manufacturing,United Kingdom,Europe,1-50,29.0,Monthly,Paid Search,9.2,2083.94,Active,,,10,8.0,2024-12-22,31,10,0,2024-03,29.0,0,71.86,25007.28,0.2069,Low (<30% seats used),0.14013333333333333,0.6666666666666666,8.0,2192.9,20839.4
CUST-10937,2024-03-09,Business,Logistics,United States,North America,1000+,247.0,Annual,Organic,8.3,7646.97,Active,,,10,,2024-12-27,212,10,0,2024-03,247.0,0,30.95939271255061,91763.64,0.6021099999999999,High (>45%),0.7268666666666667,0.3333333333333333,7.333333333333333,6815.553333333333,76469.7
CUST-10938,2024-03-10,Growth,Logistics,Canada,North America,1-50,4.0,Monthly,Outbound Sales,16.1,222.83,Active,,,10,,2024-12-04,3,10,0,2024-03,4.0,0,55.7075,2673.96,0.30236999999999997,Medium (30-45%),0.22573333333333334,2.3333333333333335,9.333333333333334,204.37,2228.3
CUST-10939,2024-03-11,Starter,Healthcare,United States,North America,51-200,5.0,Monthly,Events,9.3,103.42,Active,,,10,9.0,2024-12-23,7,10,0,2024-03,5.0,0,20.684,1241.04,0.41085000000000005,Medium (30-45%),0.34366666666666673,0.3333333333333333,9.0,121.56,1034.2
CUST-10940,2024-03-13,Growth,Technology,Germany,Europe,201-1000,26.0,Monthly,Referral,13.1,646.07,Active,,,10,7.0,2024-12-13,24,10,0,2024-03,26.0,0,24.848846153846157,7752.84,0.26278,Low (<30% seats used),0.29383333333333334,1.0,6.333333333333333,614.2033333333334,6460.700000000001
CUST-10941,2024-03-13,Starter,Media,United States,North America,1-50,1.0,Monthly,Outbound Sales,7.1,60.15,Active,,,10,8.0,2024-12-26,1,10,0,2024-03,1.0,0,60.15,721.8,0.36929,Medium (30-45%),0.45849999999999996,1.6666666666666667,7.666666666666667,60.15,601.5
CUST-10942,2024-03-13,Starter,Education,France,Europe,1000+,33.0,Monthly,Outbound Sales,21.1,361.44,Churned,2024-08-01,Too expensive,5,7.0,2024-07-20,30,5,1,2024-03,33.0,0,10.952727272727273,4337.28,0.23098000000000002,Low (<30% seats used),0.24676666666666666,1.6666666666666667,7.0,345.6666666666667,1807.2
CUST-10943,2024-03-13,Starter,Logistics,France,Europe,51-200,7.0,Monthly,Organic,0.0,133.0,Active,,,10,10.0,2024-12-06,11,10,0,2024-03,7.0,0,19.0,1596.0,0.15909,Low (<30% seats used),0.12006666666666665,0.3333333333333333,10.0,181.0,1330.0
CUST-10944,2024-03-14,Starter,Healthcare,Australia,Asia Pacific,51-200,15.0,Annual,Partner,19.6,193.72,Active,,,10,,,18,10,0,2024-03,15.0,0,12.914666666666667,2324.64,0.57246,High (>45%),0.6004333333333333,0.3333333333333333,5.0,222.66,1937.2
CUST-10945,2024-03-14,Starter,Financial Services,United States,North America,1-50,3.0,Annual,Organic,3.8,83.63,Active,,,10,10.0,2024-12-08,3,10,0,2024-03,3.0,0,27.876666666666665,1003.56,0.77787,High (>45%),0.9314,0.3333333333333333,9.666666666666666,87.48,836.3
CUST-10946,2024-03-14,Business,Financial Services,India,Asia Pacific,51-200,61.0,Monthly,Events,6.2,2229.98,Active,,,10,6.0,2024-12-08,54,10,0,2024-03,61.0,0,36.557049180327866,26759.760000000002,0.5231600000000001,High (>45%),0.3700666666666667,1.3333333333333333,6.0,1999.8533333333332,22299.8
CUST-10947,2024-03-15,Starter,Retail,Canada,North America,1-50,1.0,Monthly,Organic,10.1,59.79,Active,,,10,10.0,2024-12-16,1,10,0,2024-03,1.0,0,59.79,717.48,0.24672,Low (<30% seats used),0.2550666666666666,2.0,9.333333333333334,59.79,597.9
CUST-10948,2024-03-16,Starter,Manufacturing,Mexico,Latin America,51-200,18.0,Monthly,Partner,15.4,231.74,Active,,,10,7.0,2024-12-04,29,10,0,2024-03,18.0,0,12.874444444444444,2780.88,0.11366000000000001,Low (<30% seats used),0.05926666666666667,0.3333333333333333,6.333333333333333,336.64000000000004,2317.4
CUST-10949,2024-03-17,Starter,Technology,Brazil,Latin America,1-50,3.0,Monthly,Paid Search,6.7,82.59,Churned,2024-06-01,Missing features,3,,2024-05-11,3,3,1,2024-03,3.0,0,27.53,991.08,0.3464333333333333,Medium (30-45%),0.3464333333333333,1.3333333333333333,6.0,82.59,247.77
CUST-10950,2024-03-18,Starter,Technology,Germany,Europe,201-1000,14.0,Annual,Paid Search,17.1,188.27,Active,,,10,9.0,2024-12-23,9,10,0,2024-03,14.0,0,13.447857142857144,2259.2400000000002,0.41330999999999996,Medium (30-45%),0.45219999999999994,1.0,9.333333333333334,145.16333333333333,1882.7
CUST-10951,2024-03-18,Growth,Retail,United States,North America,1-50,3.0,Annual,Partner,18.2,202.99,Churned,2024-12-01,Switched to competitor,9,7.0,2024-11-05,4,9,1,2024-03,3.0,0,67.66333333333334,2435.88,0.16697777777777778,Low (<30% seats used),0.11516666666666668,2.0,6.333333333333333,220.98,1826.91
CUST-10952,2024-03-19,Starter,Retail,United States,North America,51-200,4.0,Annual,Paid Search,9.4,92.49,Churned,2024-05-01,Missing features,2,3.0,2024-04-10,4,2,1,2024-03,4.0,0,23.1225,1109.8799999999999,0.13405,Low (<30% seats used),0.13405,1.0,3.5,92.49,184.98
CUST-10953,2024-03-19,Growth,Education,Japan,Asia Pacific,1-50,3.0,Monthly,Organic,0.1,214.93,Active,,,10,5.0,2024-12-03,4,10,0,2024-03,3.0,0,71.64333333333333,2579.16,0.0403,Low (<30% seats used),0.0323,2.6666666666666665,5.0,236.91,2149.3
CUST-10954,2024-03-19,Starter,Education,United States,North America,1-50,4.0,Monthly,Partner,10.3,92.06,Active,,,10,10.0,2024-12-05,6,10,0,2024-03,4.0,0,23.015,1104.72,0.15360000000000001,Low (<30% seats used),0.056299999999999996,2.0,10.0,109.99333333333334,920.6
CUST-10955,2024-03-19,Starter,Technology,France,Europe,1000+,77.0,Annual,Organic,7.0,908.32,Active,,,10,,2024-12-12,90,10,0,2024-03,77.0,0,11.796363636363637,10899.84,0.4546,High (>45%),0.40103333333333335,1.0,3.6666666666666665,1120.36,9083.2
CUST-10956,2024-03-20,Growth,Manufacturing,Germany,Europe,1-50,5.0,Annual,Paid Search,11.3,246.57,Churned,2024-06-01,Too expensive,3,9.0,2024-05-09,5,3,1,2024-03,5.0,0,49.314,2958.84,0.4359,Medium (30-45%),0.4359,1.3333333333333333,8.666666666666666,246.57000000000002,739.71
CUST-10957,2024-03-20,Starter,Education,Brazil,Latin America,51-200,9.0,Annual,Organic,1.1,155.81,Active,,,10,4.0,2024-12-06,7,10,0,2024-03,9.0,0,17.31222222222222,1869.72,0.45824,High (>45%),0.5332666666666667,2.6666666666666665,3.3333333333333335,132.08,1558.1
CUST-10958,2024-03-20,Starter,Financial Services,Brazil,Latin America,51-200,2.0,Monthly,Referral,4.1,72.02,Active,,,10,7.0,2024-12-21,2,10,0,2024-03,2.0,0,36.01,864.24,0.3487,Medium (30-45%),0.31793333333333335,1.3333333333333333,6.666666666666667,72.02,720.1999999999999
CUST-10959,2024-03-20,Growth,Education,Japan,Asia Pacific,201-1000,15.0,Monthly,Paid Search,10.1,445.67,Active,,,10,7.0,2024-12-26,13,10,0,2024-03,15.0,0,29.711333333333336,5348.04,0.7506299999999999,High (>45%),0.7545999999999999,1.3333333333333333,7.0,419.2966666666666,4456.7
CUST-10960,2024-03-21,Business,Education,Brazil,Latin America,201-1000,38.0,Annual,Outbound Sales,10.3,1489.75,Active,,,10,7.0,2024-12-06,50,10,0,2024-03,38.0,0,39.203947368421055,17877.0,0.33725,Medium (30-45%),0.28350000000000003,0.6666666666666666,7.666666666666667,1834.2,14897.5
CUST-10961,2024-03-21,Growth,Manufacturing,Brazil,Latin America,201-1000,48.0,Annual,Organic,5.3,1149.03,Active,,,10,4.0,2024-12-22,47,10,0,2024-03,48.0,0,23.938125,13788.36,0.42324,Medium (30-45%),0.40653333333333336,1.3333333333333333,4.333333333333333,1142.0866666666668,11490.3
CUST-10962,2024-03-21,Starter,Healthcare,Germany,Europe,1-50,2.0,Monthly,Outbound Sales,7.9,71.1,Churned,2024-04-01,Too expensive,1,9.0,2024-03-15,2,1,1,2024-03,2.0,0,35.55,853.1999999999999,0.7154,High (>45%),0.7154,2.0,9.0,71.1,71.1
CUST-10963,2024-03-21,Growth,Financial Services,France,Europe,201-1000,23.0,Monthly,Paid Search,4.8,630.71,Churned,2024-05-01,,2,6.0,2024-04-19,21,2,1,2024-03,23.0,0,27.42217391304348,7568.52,0.3316,Medium (30-45%),0.3316,1.0,6.0,599.2950000000001,1261.42
CUST-10964,2024-03-24,Business,Manufacturing,United States,North America,1-50,15.0,Monthly,Partner,15.3,805.56,Churned,2024-09-01,Too expensive,6,,2024-08-05,14,6,1,2024-03,15.0,0,53.70399999999999,9666.72,0.16871666666666665,Low (<30% seats used),0.1838,1.6666666666666667,4.666666666666667,796.5266666666666,4833.36
CUST-10965,2024-03-25,Starter,Technology,United States,North America,51-200,6.0,Monthly,Referral,9.6,114.09,Churned,2024-05-01,Too expensive,2,9.0,2024-04-10,6,2,1,2024-03,6.0,0,19.015,1369.08,0.1916,Low (<30% seats used),0.1916,0.5,9.0,114.09,228.18
CUST-10966,2024-03-26,Business,Education,United States,North America,51-200,13.0,Monthly,Outbound Sales,10.0,773.4,Active,,,10,8.0,2024-12-21,14,10,0,2024-03,13.0,0,59.49230769230769,9280.8,0.6562699999999999,High (>45%),0.7148,2.0,8.333333333333334,802.2000000000002,7734.0
CUST-10967,2024-03-27,Growth,Technology,Brazil,Latin America,51-200,16.0,Monthly,Referral,6.7,477.42,Active,,,10,6.0,2024-12-25,16,10,0,2024-03,16.0,0,29.83875,5729.04,0.5004500000000001,High (>45%),0.5337666666666666,1.6666666666666667,6.0,477.42,4774.2
CUST-10968,2024-03-27,Growth,Healthcare,India,Asia Pacific,1000+,74.0,Annual,Organic,3.9,1713.51,Active,,,10,5.0,2024-12-21,101,10,0,2024-03,74.0,0,23.15554054054054,20562.12,0.10706,Low (<30% seats used),0.03,1.6666666666666667,5.0,2206.82,17135.1
CUST-10969,2024-03-28,Starter,Media,India,Asia Pacific,51-200,13.0,Annual,Paid Search,12.2,185.97,Active,,,10,10.0,2024-12-06,16,10,0,2024-03,13.0,0,14.305384615384614,2231.64,0.5765100000000001,High (>45%),0.4956666666666667,0.0,10.0,214.0666666666667,1859.7
CUST-10970,2024-03-28,Growth,Manufacturing,Singapore,Asia Pacific,1-50,9.0,Monthly,Paid Search,10.0,327.2,Churned,2024-05-01,Poor support experience,2,8.0,2024-04-10,9,2,1,2024-03,9.0,0,36.355555555555554,3926.3999999999996,0.40249999999999997,Medium (30-45%),0.40249999999999997,1.0,8.0,327.2,654.4
CUST-10971,2024-03-28,Starter,Healthcare,United States,North America,51-200,5.0,Monthly,Partner,16.8,98.92,Active,,,10,4.0,,6,10,0,2024-03,5.0,0,19.784,1187.04,0.66946,High (>45%),0.7343999999999999,1.0,3.6666666666666665,105.57333333333334,989.2
CUST-10972,2024-04-02,Growth,Technology,United States,North America,1-50,3.0,Monthly,Outbound Sales,15.8,204.57,Active,,,9,3.0,2024-12-02,2,9,0,2024-04,3.0,0,68.19,2454.84,0.33428888888888886,Medium (30-45%),0.27363333333333334,1.6666666666666667,3.0,186.05000000000004,1841.1299999999999
CUST-10973,2024-04-03,Business,Healthcare,Brazil,Latin America,201-1000,45.0,Monthly,Organic,3.2,1792.92,Active,,,9,6.0,2024-12-06,53,9,0,2024-04,45.0,0,39.842666666666666,21515.04,0.3137888888888889,Medium (30-45%),0.24296666666666666,2.6666666666666665,6.0,2092.353333333333,16136.28
CUST-10974,2024-04-03,Enterprise,Retail,United States,North America,1-50,21.0,Monthly,Partner,15.7,1695.63,Active,,,9,7.0,2024-12-23,22,9,0,2024-04,21.0,0,80.74428571428572,20347.56,0.6327444444444444,High (>45%),0.5767000000000001,0.0,6.666666666666667,1771.506666666667,15260.670000000002
CUST-10975,2024-04-04,Business,Technology,India,Asia Pacific,201-1000,104.0,Monthly,Events,20.4,3048.09,Active,,,9,10.0,2024-12-12,100,9,0,2024-04,104.0,0,29.308557692307694,36577.08,0.2622,Low (<30% seats used),0.30093333333333333,1.0,10.0,2912.236666666666,27432.81
CUST-10976,2024-04-04,Growth,Financial Services,Brazil,Latin America,51-200,54.0,Monthly,Paid Search,10.0,1218.2,Active,,,9,6.0,2024-12-10,85,9,0,2024-04,54.0,0,22.55925925925926,14618.400000000001,0.26995555555555556,Low (<30% seats used),0.2279,1.3333333333333333,6.0,1739.6000000000001,10963.800000000001
CUST-10977,2024-04-05,Growth,Media,France,North America,1-50,4.0,Annual,Paid Search,8.5,229.52,Active,,,9,9.0,,4,9,0,2024-04,4.0,0,57.38,2754.2400000000002,0.5889222222222222,High (>45%),0.5468666666666667,2.0,8.666666666666666,229.52,2065.6800000000003
CUST-10978,2024-04-06,Business,Technology,United States,North America,1-50,3.0,Monthly,Referral,6.2,489.05,Active,,,9,6.0,2024-12-13,3,9,0,2024-04,3.0,0,163.01666666666668,5868.6,0.051111111111111114,Low (<30% seats used),0.03,2.3333333333333335,6.666666666666667,489.05,4401.45
CUST-10979,2024-04-06,Enterprise,Education,United States,North America,51-200,30.0,Monthly,Outbound Sales,14.0,2060.0,Active,,,9,8.0,2024-12-02,25,9,0,2024-04,30.0,0,68.66666666666667,24720.0,0.4409111111111111,Medium (30-45%),0.3715,3.3333333333333335,8.666666666666666,1840.7,18540.0
CUST-10980,2024-04-06,Enterprise,Logistics,United States,North America,51-200,109.0,Monthly,Partner,21.0,4773.95,Active,,,9,,2024-12-04,126,9,0,2024-04,109.0,0,43.797706422018344,57287.399999999994,0.33786666666666665,Medium (30-45%),0.24050000000000002,2.6666666666666665,7.0,5283.5,42965.549999999996
CUST-10981,2024-04-08,Growth,Education,United States,North America,201-1000,26.0,Monthly,Organic,3.4,701.55,Active,,,9,5.0,2024-12-01,33,9,0,2024-04,26.0,0,26.982692307692307,8418.599999999999,0.45199999999999996,High (>45%),0.46913333333333335,0.0,4.666666666666667,807.8133333333334,6313.95
CUST-10982,2024-04-08,Starter,Retail,Singapore,Asia Pacific,51-200,4.0,Annual,Organic,2.5,95.8,Churned,2024-11-01,Low adoption / unused seats,7,10.0,,4,7,1,2024-04,4.0,0,23.95,1149.6,0.29274285714285714,Low (<30% seats used),0.28076666666666666,2.6666666666666665,9.666666666666666,99.7,670.6
CUST-10983,2024-04-09,Growth,Technology,Brazil,Latin America,201-1000,11.0,Annual,Organic,5.6,377.45,Churned,2024-07-01,Low adoption / unused seats,3,7.0,2024-06-25,11,3,1,2024-04,11.0,0,34.31363636363636,4529.4,0.07963333333333333,Low (<30% seats used),0.07963333333333333,2.3333333333333335,7.0,370.52666666666664,1132.35
CUST-10984,2024-04-09,Growth,Logistics,Australia,Asia Pacific,1-50,4.0,Monthly,Referral,1.4,235.77,Active,,,9,9.0,2024-12-06,4,9,0,2024-04,4.0,0,58.9425,2829.2400000000002,0.5682444444444444,High (>45%),0.49069999999999997,1.6666666666666667,8.666666666666666,228.54,2121.9300000000003
CUST-10985,2024-04-09,Starter,Healthcare,France,Europe,51-200,12.0,Monthly,Paid Search,10.0,178.6,Active,,,9,7.0,,11,9,0,2024-04,12.0,0,14.883333333333333,2143.2,0.3659111111111111,Medium (30-45%),0.2784333333333333,0.6666666666666666,7.666666666666667,164.20000000000002,1607.3999999999999
CUST-10986,2024-04-09,Enterprise,Financial Services,India,Asia Pacific,1-50,6.0,Monthly,Outbound Sales,12.5,1135.25,Churned,2024-11-01,Too expensive,7,,2024-10-22,6,7,1,2024-04,6.0,0,189.20833333333334,13623.0,0.6825857142857144,High (>45%),0.7379666666666665,0.0,9.666666666666666,1109.0033333333333,7946.75
CUST-10987,2024-04-10,Enterprise,Healthcare,Australia,Asia Pacific,1-50,25.0,Monthly,Paid Search,9.3,1919.38,Churned,2024-11-01,Too expensive,7,7.0,2024-10-09,30,7,1,2024-04,25.0,0,76.7752,23032.56,0.18192857142857144,Low (<30% seats used),0.1762,2.0,6.666666666666667,2069.03,13435.66
CUST-10988,2024-04-10,Growth,Education,United States,North America,51-200,18.0,Annual,Outbound Sales,13.8,490.35,Active,,,9,10.0,2024-12-02,15,9,0,2024-04,18.0,0,27.241666666666667,5884.200000000001,0.4958111111111111,High (>45%),0.5356666666666666,0.6666666666666666,10.0,427.14000000000004,4413.150000000001
CUST-10989,2024-04-10,Growth,Technology,Brazil,Latin America,1-50,9.0,Monthly,Organic,3.8,339.48,Active,,,9,6.0,2024-12-15,9,9,0,2024-04,9.0,0,37.72,4073.76,0.5579555555555555,High (>45%),0.5996,1.6666666666666667,6.0,339.48,3055.32
CUST-10990,2024-04-10,Business,Retail,Japan,Asia Pacific,1-50,5.0,Monthly,Paid Search,10.1,542.84,Active,,,9,8.0,2024-12-17,4,9,0,2024-04,5.0,0,108.56800000000001,6514.08,0.5664666666666667,High (>45%),0.5413,3.0,7.333333333333333,514.07,4885.56
CUST-10991,2024-04-10,Business,Technology,United States,North America,1000+,151.0,Monthly,Paid Search,13.1,4598.01,Active,,,9,7.0,2024-12-01,120,9,0,2024-04,151.0,0,30.450397350993377,55176.12,0.23756666666666668,Low (<30% seats used),0.1533,1.3333333333333333,7.0,3828.653333333333,41382.090000000004
CUST-10992,2024-04-12,Growth,Technology,India,Asia Pacific,1-50,4.0,Monthly,Partner,18.3,220.9,Active,,,9,8.0,2024-12-13,4,9,0,2024-04,4.0,0,55.225,2650.8,0.4992555555555555,High (>45%),0.5363333333333333,0.6666666666666666,8.0,220.9,1988.1000000000001
CUST-10993,2024-04-12,Starter,Healthcare,India,Asia Pacific,51-200,26.0,Monthly,Paid Search,9.9,330.11,Active,,,9,8.0,2024-12-14,28,9,0,2024-04,26.0,0,12.696538461538463,3961.32,0.3097111111111111,Medium (30-45%),0.18203333333333335,0.3333333333333333,8.333333333333334,333.7166666666667,2970.9900000000002
CUST-10994,2024-04-13,Starter,Financial Services,Australia,Asia Pacific,51-200,3.0,Monthly,Events,5.1,83.16,Churned,2024-08-01,Low adoption / unused seats,4,3.0,2024-07-20,3,4,1,2024-04,3.0,0,27.72,997.92,0.33145,Medium (30-45%),0.3272333333333333,1.6666666666666667,3.0,83.16,332.64
CUST-10995,2024-04-14,Growth,Retail,Mexico,Latin America,51-200,7.0,Annual,Organic,2.2,299.61,Active,,,9,5.0,2024-12-07,8,9,0,2024-04,7.0,0,42.80142857142857,3595.32,0.1728111111111111,Low (<30% seats used),0.03933333333333333,0.0,5.0,321.13,2696.4900000000002
CUST-10996,2024-04-14,Starter,Media,India,Asia Pacific,51-200,12.0,Monthly,Outbound Sales,10.3,178.17,Churned,2024-06-01,Low adoption / unused seats,2,,,13,2,1,2024-04,12.0,0,14.847499999999998,2138.04,0.40879999999999994,Medium (30-45%),0.40879999999999994,0.5,6.5,188.93,356.34
CUST-10997,2024-04-15,Starter,Education,India,Asia Pacific,201-1000,14.0,Annual,Partner,24.0,176.68,Active,,,9,9.0,2024-12-10,18,9,0,2024-04,14.0,0,12.620000000000001,2120.16,0.912388888888889,High (>45%),1.0,0.0,9.0,210.12,1590.1200000000001
CUST-10998,2024-04-15,Business,Technology,United States,North America,1-50,9.0,Monthly,Paid Search,14.2,646.1,Churned,2024-06-01,Missing features,2,7.0,2024-05-14,8,2,1,2024-04,9.0,0,71.78888888888889,7753.200000000001,0.1035,Low (<30% seats used),0.1035,4.0,6.0,632.375,1292.2
CUST-10999,2024-04-15,Growth,Technology,United Kingdom,Europe,51-200,22.0,Annual,Outbound Sales,0.9,628.64,Active,,,9,5.0,,15,9,0,2024-04,22.0,0,28.574545454545454,7543.68,0.2485777777777778,Low (<30% seats used),0.28796666666666665,1.3333333333333333,5.0,483.2966666666666,5657.76
CUST-11000,2024-04-15,Business,Technology,United Kingdom,Europe,51-200,21.0,Annual,Paid Search,10.7,999.1,Active,,,9,7.0,2024-12-06,18,9,0,2024-04,21.0,0,47.576190476190476,11989.2,0.19482222222222223,Low (<30% seats used),0.08063333333333333,1.0,6.666666666666667,951.4699999999999,8991.9
CUST-11001,2024-04-16,Growth,Financial Services,Mexico,Latin America,1000+,28.0,Annual,Referral,14.9,673.22,Active,,,9,4.0,2024-12-23,23,9,0,2024-04,28.0,0,24.04357142857143,8078.64,0.43910000000000005,Medium (30-45%),0.4820333333333333,1.6666666666666667,3.6666666666666665,598.33,6058.9800000000005
CUST-11002,2024-04-16,Business,Financial Services,United States,North America,1-50,9.0,Annual,Partner,9.7,659.06,Active,,,9,9.0,2024-12-20,9,9,0,2024-04,9.0,0,73.22888888888889,7908.719999999999,0.5813,High (>45%),0.46363333333333334,2.3333333333333335,9.0,668.6933333333333,5931.539999999999
CUST-11003,2024-04-17,Growth,Retail,United Kingdom,Europe,1-50,1.0,Monthly,Organic,1.0,170.78,Churned,2024-07-01,Missing features,3,5.0,2024-06-14,1,3,1,2024-04,1.0,0,170.78,2049.36,0.2942,Low (<30% seats used),0.2942,0.3333333333333333,4.666666666666667,170.78,512.34
CUST-11004,2024-04-18,Business,Technology,France,Europe,201-1000,45.0,Annual,Organic,0.0,1839.0,Active,,,9,5.0,,39,9,0,2024-04,45.0,0,40.86666666666667,22068.0,0.036533333333333334,Low (<30% seats used),0.0407,0.6666666666666666,5.0,1561.6666666666667,16551.0
CUST-11005,2024-04-19,Starter,Healthcare,United States,North America,1-50,2.0,Monthly,Outbound Sales,11.7,70.19,Churned,2024-05-01,,1,9.0,2024-04-21,2,1,1,2024-04,2.0,0,35.095,842.28,0.6621,High (>45%),0.6621,0.0,9.0,70.19,70.19
CUST-11006,2024-04-20,Growth,Financial Services,Spain,Europe,51-200,7.0,Monthly,Organic,4.0,296.84,Active,,,9,3.0,2024-12-05,9,9,0,2024-04,7.0,0,42.40571428571428,3562.08,0.08152222222222222,Low (<30% seats used),0.03,1.3333333333333333,3.0,317.96,2671.56
CUST-11007,2024-04-20,Starter,Technology,United States,North America,1-50,3.0,Monthly,Events,6.8,82.55,Active,,,9,,2024-12-15,4,9,0,2024-04,3.0,0,27.516666666666666,990.5999999999999,0.17044444444444445,Low (<30% seats used),0.10866666666666668,1.3333333333333333,4.0,93.74,742.9499999999999
CUST-11008,2024-04-21,Business,Financial Services,United States,North America,51-200,16.0,Annual,Organic,7.0,875.16,Churned,2024-06-01,Too expensive,2,8.0,2024-05-01,17,2,1,2024-04,16.0,0,54.6975,10501.92,0.50215,High (>45%),0.50215,1.0,8.5,904.92,1750.32
CUST-11009,2024-04-21,Starter,Technology,Germany,Europe,1-50,3.0,Monthly,Organic,0.0,85.0,Active,,,9,8.0,2024-12-03,3,9,0,2024-04,3.0,0,28.333333333333332,1020.0,0.5524666666666667,High (>45%),0.5905666666666667,0.3333333333333333,7.666666666666667,85.0,765.0
CUST-11010,2024-04-23,Growth,Healthcare,Brazil,Latin America,201-1000,21.0,Annual,Paid Search,17.0,532.46,Churned,2024-08-01,Poor support experience,4,6.0,2024-07-22,23,4,1,2024-04,21.0,0,25.355238095238096,6389.52,0.154375,Low (<30% seats used),0.12416666666666666,1.6666666666666667,6.333333333333333,562.8933333333333,2129.84
CUST-11011,2024-04-24,Starter,Financial Services,United States,North America,1-50,1.0,Monthly,Referral,12.4,59.51,Active,,,9,7.0,2024-12-02,1,9,0,2024-04,1.0,0,59.51,714.12,0.4076666666666667,Medium (30-45%),0.3774,0.3333333333333333,7.0,59.51,535.59
CUST-11012,2024-04-25,Starter,Technology,Germany,Europe,51-200,6.0,Monthly,Referral,3.4,118.55,Active,,,9,8.0,,6,9,0,2024-04,6.0,0,19.758333333333333,1422.6,0.5127111111111111,High (>45%),0.46376666666666666,0.0,8.0,114.68666666666667,1066.95
CUST-11013,2024-04-25,Starter,Healthcare,Canada,North America,51-200,5.0,Monthly,Outbound Sales,16.3,99.22,Active,,,9,7.0,2024-12-21,6,9,0,2024-04,5.0,0,19.844,1190.6399999999999,0.7652555555555556,High (>45%),0.7578333333333332,0.3333333333333333,7.0,102.56666666666666,892.98
CUST-11014,2024-04-25,Enterprise,Technology,Spain,Europe,1000+,270.0,Annual,Paid Search,21.9,10388.15,Active,,,9,,2024-12-18,260,9,0,2024-04,270.0,0,38.474629629629625,124657.79999999999,0.40242222222222224,Medium (30-45%),0.38056666666666666,0.6666666666666666,10.0,9696.963333333333,93493.34999999999
CUST-11015,2024-04-25,Business,Manufacturing,India,Asia Pacific,1-50,17.0,Monthly,Partner,9.7,890.23,Active,,,9,8.0,2024-12-12,17,9,0,2024-04,17.0,0,52.366470588235295,10682.76,0.05791111111111111,Low (<30% seats used),0.03,0.3333333333333333,8.0,890.23,8012.07
CUST-11016,2024-04-26,Starter,Technology,India,Asia Pacific,1-50,6.0,Monthly,Outbound Sales,10.4,113.51,Active,,,9,,2024-12-06,6,9,0,2024-04,6.0,0,18.918333333333333,1362.1200000000001,0.601,High (>45%),0.6146333333333334,0.0,7.666666666666667,113.51,1021.59
CUST-11017,2024-04-26,Enterprise,Healthcare,United States,North America,1-50,17.0,Monthly,Organic,1.4,1653.29,Active,,,9,10.0,2024-12-24,24,9,0,2024-04,17.0,0,97.25235294117647,19839.48,0.6393888888888889,High (>45%),0.7183333333333333,1.3333333333333333,10.0,1904.72,14879.61
CUST-11018,2024-04-26,Growth,Retail,Germany,Europe,51-200,44.0,Annual,Events,3.5,1083.12,Active,,,9,9.0,2024-12-01,40,9,0,2024-04,44.0,0,24.616363636363634,12997.439999999999,0.4427333333333333,Medium (30-45%),0.40313333333333334,0.0,9.0,1019.43,9748.079999999998
CUST-11019,2024-04-26,Starter,Education,France,Europe,1-50,6.0,Monthly,Paid Search,8.8,114.66,Active,,,9,9.0,2024-12-22,7,9,0,2024-04,6.0,0,19.11,1375.92,0.43660000000000004,Medium (30-45%),0.44366666666666665,0.3333333333333333,8.333333333333334,125.61,1031.94
CUST-11020,2024-04-27,Growth,Financial Services,India,Asia Pacific,1-50,9.0,Monthly,Paid Search,5.9,335.32,Active,,,9,5.0,2024-12-17,8,9,0,2024-04,9.0,0,37.257777777777775,4023.84,0.6787,High (>45%),0.7902666666666667,1.0,4.666666666666667,328.42,3017.88
CUST-11021,2024-04-27,Starter,Technology,Mexico,Latin America,201-1000,13.0,Annual,Referral,9.0,190.96,Active,,,9,10.0,2024-12-27,14,9,0,2024-04,13.0,0,14.68923076923077,2291.52,0.38478888888888885,Medium (30-45%),0.4219333333333333,1.0,10.0,194.6,1718.64
CUST-11022,2024-04-27,Starter,Technology,United States,North America,51-200,24.0,Annual,Referral,3.5,326.92,Active,,,9,,2024-12-04,20,9,0,2024-04,24.0,0,13.621666666666668,3923.04,0.24949999999999997,Low (<30% seats used),0.24036666666666665,2.0,4.333333333333333,272.88000000000005,2942.28
CUST-11023,2024-05-01,Business,Technology,United Kingdom,Europe,1-50,10.0,Monthly,Referral,7.5,695.0,Active,,,8,7.0,2024-12-16,10,8,0,2024-05,10.0,0,69.5,8340.0,0.355775,Medium (30-45%),0.3455,0.6666666666666666,7.333333333333333,695.0,5560.0
CUST-11024,2024-05-01,Starter,Manufacturing,Australia,Asia Pacific,51-200,4.0,Monthly,Paid Search,15.3,89.66,Churned,2024-10-01,Poor support experience,5,7.0,2024-09-25,5,5,1,2024-05,4.0,0,22.415,1075.92,0.44510000000000005,Medium (30-45%),0.4794333333333333,0.3333333333333333,6.666666666666667,96.43333333333332,448.29999999999995
CUST-11025,2024-05-02,Business,Healthcare,Mexico,Latin America,1000+,179.0,Annual,Organic,9.7,5571.38,Active,,,8,,2024-12-21,183,8,0,2024-05,179.0,0,31.125027932960894,66856.56,0.7122125,High (>45%),0.7115333333333332,3.0,9.0,5561.75,44571.04
CUST-11026,2024-05-04,Business,Manufacturing,Germany,Europe,51-200,32.0,Monthly,Organic,8.4,1336.98,Active,,,8,,2024-12-20,27,8,0,2024-05,32.0,0,41.780625,16043.76,0.31185,Medium (30-45%),0.38653333333333334,1.0,6.666666666666667,1190.4233333333334,10695.84
CUST-11027,2024-05-04,Growth,Healthcare,United States,North America,1-50,4.0,Monthly,Paid Search,6.1,231.63,Active,,,8,8.0,2024-12-15,4,8,0,2024-05,4.0,0,57.9075,2779.56,0.0850625,Low (<30% seats used),0.03,0.0,8.0,231.63,1853.04
CUST-11028,2024-05-04,Business,Technology,India,Asia Pacific,201-1000,67.0,Annual,Partner,20.8,2097.05,Active,,,8,10.0,2024-12-12,54,8,0,2024-05,67.0,0,31.299253731343285,25164.600000000002,0.698375,High (>45%),0.6483666666666666,1.3333333333333333,10.0,1894.2966666666669,16776.4
CUST-11029,2024-05-05,Growth,Technology,Singapore,Asia Pacific,1-50,9.0,Monthly,Referral,0.0,347.0,Active,,,8,5.0,2024-12-03,9,8,0,2024-05,9.0,0,38.55555555555556,4164.0,0.5423125,High (>45%),0.4575666666666667,3.0,5.333333333333333,347.0,2776.0
CUST-11030,2024-05-05,Starter,Education,United Kingdom,Europe,51-200,11.0,Monthly,Outbound Sales,14.0,162.52,Active,,,8,6.0,2024-12-14,13,8,0,2024-05,11.0,0,14.774545454545455,1950.2400000000002,0.230275,Low (<30% seats used),0.20153333333333334,2.6666666666666665,5.333333333333333,186.6,1300.16
CUST-11031,2024-05-05,Growth,Technology,United States,North America,51-200,4.0,Monthly,Events,16.3,222.66,Active,,,8,8.0,2024-12-20,6,8,0,2024-05,4.0,0,55.665,2671.92,0.4584375,High (>45%),0.5162666666666667,0.0,8.0,259.48,1781.28
CUST-11032,2024-05-06,Business,Manufacturing,United States,North America,201-1000,234.0,Monthly,Paid Search,16.4,6658.97,Active,,,8,6.0,2024-12-27,220,8,0,2024-05,234.0,0,28.457136752136755,79907.64,0.103375,Low (<30% seats used),0.0824,0.3333333333333333,6.0,6507.373333333333,53271.76
CUST-11033,2024-05-06,Growth,Healthcare,India,Asia Pacific,51-200,38.0,Annual,Paid Search,8.8,911.43,Active,,,8,9.0,2024-12-06,36,8,0,2024-05,38.0,0,23.985,10937.16,0.8265374999999999,High (>45%),0.7958,1.6666666666666667,8.666666666666666,877.9899999999999,7291.44
CUST-11034,2024-05-06,Business,Retail,France,Europe,1-50,,Monthly,Outbound Sales,14.3,1139.45,Active,,,8,9.0,2024-12-24,34,8,0,2024-05,34.0,1,33.51323529411765,13673.400000000001,0.4009625,Medium (30-45%),0.4591,1.0,9.333333333333334,1340.5600000000002,9115.6
CUST-11035,2024-05-08,Starter,Retail,United States,North America,201-1000,7.0,Annual,Partner,25.5,111.58,Active,,,8,9.0,2024-12-13,5,8,0,2024-05,7.0,0,15.94,1338.96,0.2239375,Low (<30% seats used),0.10413333333333334,1.3333333333333333,9.0,96.68,892.64
CUST-11036,2024-05-08,Starter,Financial Services,Canada,North America,1-50,2.0,Monthly,Outbound Sales,8.9,70.86,Active,,,8,,2024-12-23,2,8,0,2024-05,2.0,0,35.43,850.3199999999999,0.5474125,High (>45%),0.48279999999999995,1.6666666666666667,10.0,70.86,566.88
CUST-11037,2024-05-09,Starter,Healthcare,Japan,Asia Pacific,51-200,7.0,Monthly,Paid Search,15.0,120.4,Churned,2024-11-01,Too expensive,6,6.0,2024-10-03,9,6,1,2024-05,7.0,0,17.2,1444.8000000000002,0.37220000000000003,Medium (30-45%),0.28606666666666664,1.0,6.333333333333333,137.4,722.4000000000001
CUST-11038,2024-05-09,Starter,Education,Canada,North America,1-50,1.0,Monthly,Paid Search,9.4,59.87,Churned,2024-11-01,Too expensive,6,4.0,2024-10-24,1,6,1,2024-05,1.0,0,59.87,718.4399999999999,0.30023333333333335,Medium (30-45%),0.21976666666666667,2.0,4.0,59.87,359.21999999999997
CUST-11039,2024-05-09,Starter,Retail,India,Asia Pacific,201-1000,11.0,Annual,Organic,3.7,176.12,Active,,,8,8.0,,7,8,0,2024-05,11.0,0,16.01090909090909,2113.44,0.2009125,Low (<30% seats used),0.2049,1.0,8.0,137.59666666666666,1408.96
CUST-11040,2024-05-09,Starter,Manufacturing,United States,North America,1-50,5.0,Monthly,Paid Search,12.9,101.26,Active,,,8,4.0,2024-12-26,4,8,0,2024-05,5.0,0,20.252000000000002,1215.1200000000001,0.22435000000000002,Low (<30% seats used),0.2117,1.0,4.666666666666667,90.81,810.08
CUST-11041,2024-05-10,Enterprise,Retail,United States,North America,51-200,89.0,Monthly,Paid Search,11.9,4427.41,Active,,,8,6.0,2024-12-10,78,8,0,2024-05,89.0,0,49.7461797752809,53128.92,0.3806625,Medium (30-45%),0.45376666666666665,0.3333333333333333,6.0,4083.8133333333335,35419.28
CUST-11042,2024-05-11,Starter,Retail,United Kingdom,Europe,201-1000,29.0,Monthly,Partner,16.1,340.97,Churned,2024-10-01,Low adoption / unused seats,5,7.0,2024-09-26,27,5,1,2024-05,29.0,0,11.757586206896553,4091.6400000000003,0.3761,Medium (30-45%),0.4167,0.6666666666666666,6.333333333333333,317.4833333333333,1704.8500000000001
CUST-11043,2024-05-12,Business,Manufacturing,Canada,North America,1-50,17.0,Annual,Referral,3.9,921.78,Active,,,8,4.0,2024-12-01,15,8,0,2024-05,17.0,0,54.22235294117647,11061.36,0.1510125,Low (<30% seats used),0.07306666666666667,1.0,4.666666666666667,860.2800000000001,7374.24
CUST-11044,2024-05-13,Business,Technology,United Kingdom,Europe,1-50,5.0,Annual,Outbound Sales,6.8,548.12,Active,,,8,6.0,2024-12-24,8,8,0,2024-05,5.0,0,109.624,6577.4400000000005,0.19816250000000002,Low (<30% seats used),0.18389999999999998,0.6666666666666666,6.333333333333333,607.7666666666668,4384.96
CUST-11045,2024-05-14,Business,Financial Services,Australia,Asia Pacific,1-50,7.0,Annual,Organic,0.0,623.0,Active,,,8,9.0,2024-12-18,7,8,0,2024-05,7.0,0,89.0,7476.0,0.6219625,High (>45%),0.6722333333333333,0.3333333333333333,9.0,612.3333333333334,4984.0
CUST-11046,2024-05-15,Starter,Financial Services,India,Asia Pacific,51-200,20.0,Monthly,Paid Search,17.4,247.24,Active,,,8,9.0,2024-12-07,23,8,0,2024-05,20.0,0,12.362,2966.88,0.5587125,High (>45%),0.6169333333333333,1.3333333333333333,8.666666666666666,270.3666666666667,1977.92
CUST-11047,2024-05-16,Growth,Education,Canada,North America,1-50,12.0,Annual,Organic,4.9,400.06,Active,,,8,10.0,2024-12-24,18,8,0,2024-05,12.0,0,33.33833333333333,4800.72,0.47052499999999997,High (>45%),0.5394666666666666,1.0,10.0,504.67333333333335,3200.48
CUST-11048,2024-05-16,Business,Healthcare,United Kingdom,Europe,1-50,8.0,Monthly,Events,9.9,629.66,Active,,,8,,2024-12-04,11,8,0,2024-05,8.0,0,78.7075,7555.92,0.545,High (>45%),0.5851000000000001,0.0,6.0,696.93,5037.28
CUST-11049,2024-05-16,Starter,Manufacturing,India,Asia Pacific,1-50,3.0,Monthly,Referral,7.7,82.23,Active,,,8,7.0,2024-12-26,3,8,0,2024-05,3.0,0,27.41,986.76,0.414425,Medium (30-45%),0.3902333333333334,0.3333333333333333,6.666666666666667,82.23,657.84
CUST-11050,2024-05-16,Starter,Manufacturing,United States,North America,1-50,3.0,Monthly,Organic,0.0,85.0,Active,,,8,9.0,,3,8,0,2024-05,3.0,0,28.333333333333332,1020.0,0.46135,High (>45%),0.5131,0.6666666666666666,9.666666666666666,89.0,680.0
CUST-11051,2024-05-17,Growth,Healthcare,Germany,Europe,201-1000,5.0,Monthly,Partner,17.0,240.3,Active,,,8,5.0,2024-12-16,7,8,0,2024-05,5.0,0,48.06,2883.6000000000004,0.4122,Medium (30-45%),0.40440000000000004,0.6666666666666666,5.0,276.82,1922.4
CUST-11052,2024-05-17,Growth,Education,Germany,Europe,51-200,16.0,Monthly,Organic,2.3,492.9,Active,,,8,5.0,2024-12-24,22,8,0,2024-05,16.0,0,30.80625,5914.799999999999,0.2114625,Low (<30% seats used),0.2677,1.6666666666666667,4.666666666666667,636.1999999999999,3943.2
CUST-11053,2024-05-18,Growth,Technology,United Kingdom,Europe,1-50,4.0,Annual,Organic,0.0,237.0,Active,,,8,9.0,2024-12-06,5,8,0,2024-05,4.0,0,59.25,2844.0,0.46881249999999997,High (>45%),0.43776666666666664,1.0,8.333333333333334,244.33333333333334,1896.0
CUST-11054,2024-05-18,Starter,Retail,United States,North America,1-50,3.0,Monthly,Paid Search,6.4,82.7,Churned,2024-07-01,Missing features,2,9.0,2024-06-12,3,2,1,2024-05,3.0,0,27.566666666666666,992.4000000000001,0.41300000000000003,Medium (30-45%),0.41300000000000003,2.0,9.0,82.7,165.4
CUST-11055,2024-05-19,Business,Retail,United States,North America,1-50,9.0,Monthly,Outbound Sales,3.3,677.5,Active,,,8,,2024-12-23,7,8,0,2024-05,9.0,0,75.27777777777777,8130.0,0.6314,High (>45%),0.7016666666666667,1.6666666666666667,8.0,636.2366666666667,5420.0
CUST-11056,2024-05-20,Starter,Manufacturing,United States,North America,51-200,11.0,Monthly,Referral,9.5,168.46,Active,,,8,10.0,2024-12-05,12,8,0,2024-05,11.0,0,15.314545454545454,2021.52,0.499175,High (>45%),0.5006666666666667,0.3333333333333333,10.0,175.70000000000002,1347.68
CUST-11057,2024-05-23,Growth,Technology,Canada,North America,1-50,7.0,Monthly,Paid Search,9.8,287.91,Churned,2024-06-01,Missing features,1,7.0,2024-05-21,7,1,1,2024-05,7.0,0,41.13,3454.92,0.3942,Medium (30-45%),0.3942,0.0,7.0,287.91,287.91
CUST-11058,2024-05-23,Growth,Manufacturing,Canada,North America,201-1000,57.0,Monthly,Paid Search,8.6,1295.16,Active,,,8,9.0,2024-12-20,55,8,0,2024-05,57.0,0,22.722105263157896,15541.920000000002,0.622675,High (>45%),0.5854333333333334,0.3333333333333333,9.0,1362.1833333333334,10361.28
CUST-11059,2024-05-23,Starter,Retail,Mexico,Latin America,1-50,6.0,Monthly,Referral,0.5,120.64,Active,,,8,9.0,2024-12-22,6,8,0,2024-05,6.0,0,20.106666666666666,1447.68,0.5143,High (>45%),0.4438,0.3333333333333333,9.0,120.64,965.12
CUST-11060,2024-05-23,Growth,Technology,Japan,Asia Pacific,51-200,10.0,Monthly,Organic,5.2,357.56,Active,,,8,7.0,2024-12-16,8,8,0,2024-05,10.0,0,35.756,4290.72,0.411375,Medium (30-45%),0.4124666666666667,0.3333333333333333,6.666666666666667,336.7033333333333,2860.48
CUST-11061,2024-05-23,Business,Retail,Germany,Europe,51-200,19.0,Monthly,Referral,7.7,960.18,Active,,,8,8.0,2024-12-15,28,8,0,2024-05,19.0,0,50.53578947368421,11522.16,0.37795,Medium (30-45%),0.36013333333333336,0.6666666666666666,7.666666666666667,1176.78,7681.44
CUST-11062,2024-05-24,Business,Financial Services,France,Europe,1-50,7.0,Annual,Partner,11.3,597.69,Active,,,8,8.0,2024-12-27,6,8,0,2024-05,7.0,0,85.38428571428572,7172.280000000001,0.6966125,High (>45%),0.6576,1.6666666666666667,7.666666666666667,588.2266666666667,4781.52
CUST-11063,2024-05-26,Growth,Logistics,Singapore,Asia Pacific,1-50,5.0,Monthly,Partner,12.5,245.25,Active,,,8,9.0,,4,8,0,2024-05,5.0,0,49.05,2943.0,0.4841375,High (>45%),0.5050333333333333,2.3333333333333335,9.0,226.0,1962.0
CUST-11064,2024-05-26,Growth,Manufacturing,India,Asia Pacific,1-50,7.0,Annual,Partner,9.9,287.75,Active,,,8,9.0,2024-12-02,5,8,0,2024-05,7.0,0,41.107142857142854,3453.0,0.7360875,High (>45%),0.7679333333333332,1.6666666666666667,9.0,248.11,2302.0
CUST-11065,2024-05-26,Enterprise,Technology,Brazil,Latin America,1-50,16.0,Monthly,Paid Search,7.5,1565.0,Churned,2024-08-01,Low adoption / unused seats,3,,2024-07-23,15,3,1,2024-05,16.0,0,97.8125,18780.0,0.06933333333333334,Low (<30% seats used),0.06933333333333334,3.6666666666666665,3.3333333333333335,1551.1266666666668,4695.0
CUST-11066,2024-05-27,Starter,Healthcare,Germany,Europe,1-50,2.0,Monthly,Organic,3.2,72.23,Active,,,8,,,2,8,0,2024-05,2.0,0,36.115,866.76,0.1676875,Low (<30% seats used),0.08796666666666668,1.0,8.666666666666666,72.23,577.84
CUST-11067,2024-05-28,Starter,Technology,United States,North America,1-50,4.0,Annual,Outbound Sales,5.1,94.55,Churned,2024-11-01,Missing features,6,7.0,2024-10-27,4,6,1,2024-05,4.0,0,23.6375,1134.6,0.3974,Medium (30-45%),0.3404,1.3333333333333333,7.666666666666667,94.55,567.3
CUST-11068,2024-05-28,Growth,Technology,United States,North America,201-1000,36.0,Annual,Outbound Sales,13.2,836.46,Active,,,8,7.0,2024-12-22,40,8,0,2024-05,36.0,0,23.235,10037.52,0.7154375,High (>45%),0.7118666666666668,0.6666666666666666,7.333333333333333,874.6466666666666,6691.68
CUST-11069,2024-06-01,Growth,Healthcare,United States,North America,201-1000,17.0,Monthly,Referral,7.9,493.45,Active,,,7,,2024-12-14,20,7,0,2024-06,17.0,0,29.026470588235295,5921.4,0.2507142857142857,Low (<30% seats used),0.24023333333333333,3.0,6.0,554.24,3454.15
CUST-11070,2024-06-01,Growth,Manufacturing,France,Europe,1-50,3.0,Monthly,Paid Search,3.2,212.89,Active,,,7,7.0,2024-12-11,4,7,0,2024-06,3.0,0,70.96333333333332,2554.68,0.4568142857142857,High (>45%),0.4516,1.3333333333333333,7.0,227.08333333333334,1490.23
CUST-11071,2024-06-02,Starter,Retail,France,Europe,51-200,3.0,Monthly,Events,8.0,82.12,Active,,,7,7.0,2024-12-10,3,7,0,2024-06,3.0,0,27.373333333333335,985.44,0.34208571428571427,Medium (30-45%),0.3978333333333333,1.3333333333333333,7.333333333333333,82.12,574.84
CUST-11072,2024-06-03,Starter,Technology,Japan,Asia Pacific,1-50,2.0,Monthly,Events,2.8,72.33,Active,,,7,10.0,2024-12-05,2,7,0,2024-06,2.0,0,36.165,867.96,0.6159285714285714,High (>45%),0.5111666666666667,1.3333333333333333,10.0,72.33,506.31
CUST-11073,2024-06-04,Business,Financial Services,United States,North America,1-50,10.0,Monthly,Paid Search,7.3,695.64,Active,,,7,8.0,2024-12-10,9,7,0,2024-06,10.0,0,69.564,8347.68,0.21682857142857143,Low (<30% seats used),0.1697666666666667,2.6666666666666665,7.333333333333333,665.98,4869.48
CUST-11074,2024-06-05,Business,Logistics,India,Asia Pacific,201-1000,41.0,Annual,Organic,9.3,1588.98,Active,,,7,,2024-12-19,58,7,0,2024-06,41.0,0,38.75560975609756,19067.760000000002,0.03994285714285715,Low (<30% seats used),0.031566666666666666,2.0,4.333333333333333,2024.3433333333332,11122.86
CUST-11075,2024-06-06,Starter,Technology,United States,North America,51-200,1.0,Annual,Referral,9.7,59.84,Active,,,7,7.0,2024-12-07,1,7,0,2024-06,1.0,0,59.84,718.08,0.7494857142857142,High (>45%),0.7248333333333333,0.6666666666666666,7.0,59.84,418.88
CUST-11076,2024-06-06,Starter,Logistics,Singapore,Asia Pacific,1-50,4.0,Monthly,Referral,4.9,94.65,Active,,,7,,2024-12-14,4,7,0,2024-06,4.0,0,23.6625,1135.8000000000002,0.8244285714285714,High (>45%),0.7334333333333333,0.6666666666666666,8.0,94.65000000000002,662.5500000000001
CUST-11077,2024-06-07,Starter,Healthcare,United Kingdom,Europe,51-200,25.0,Monthly,Organic,3.6,338.2,Active,,,7,5.0,2024-12-15,25,7,0,2024-06,25.0,0,13.527999999999999,4058.3999999999996,0.4419571428571429,Medium (30-45%),0.32266666666666666,0.0,5.333333333333333,342.0566666666667,2367.4
CUST-11078,2024-06-07,Starter,Healthcare,Germany,Europe,1-50,3.0,Monthly,Organic,0.0,85.0,Churned,2024-10-01,Too expensive,4,5.0,2024-09-02,3,4,1,2024-06,3.0,0,28.333333333333332,1020.0,0.45585,High (>45%),0.49499999999999994,2.3333333333333335,5.666666666666667,85.0,340.0
CUST-11079,2024-06-07,Growth,Technology,Brazil,Latin America,51-200,18.0,Annual,Referral,10.8,502.23,Active,,,7,8.0,2024-12-16,14,7,0,2024-06,18.0,0,27.901666666666667,6026.76,0.5126428571428572,High (>45%),0.5841666666666666,0.6666666666666666,7.666666666666667,430.28000000000003,3515.61
CUST-11080,2024-06-07,Growth,Education,Japan,Asia Pacific,51-200,14.0,Monthly,Events,13.9,414.19,Churned,2024-09-01,Switched to competitor,3,7.0,2024-08-04,13,3,1,2024-06,14.0,0,29.585,4970.28,0.2733666666666667,Low (<30% seats used),0.2733666666666667,1.0,7.0,395.25,1242.57
CUST-11081,2024-06-08,Business,Retail,India,Asia Pacific,1-50,6.0,Monthly,Paid Search,9.9,571.99,Active,,,7,8.0,2024-12-03,7,7,0,2024-06,6.0,0,95.33166666666666,6863.88,0.6408142857142857,High (>45%),0.7037999999999999,0.6666666666666666,8.0,600.82,4003.9300000000003
CUST-11082,2024-06-08,Business,Technology,United States,North America,51-200,21.0,Annual,Paid Search,16.6,959.45,Active,,,7,7.0,2024-12-17,19,7,0,2024-06,21.0,0,45.688095238095244,11513.400000000001,0.16181428571428572,Low (<30% seats used),0.16889999999999997,2.6666666666666665,6.666666666666667,914.9666666666667,6716.150000000001
CUST-11083,2024-06-09,Starter,Manufacturing,United States,North America,51-200,18.0,Monthly,Referral,7.0,249.88,Churned,2024-07-01,Missing features,1,8.0,2024-06-23,17,1,1,2024-06,18.0,0,13.882222222222222,2998.56,0.5351,High (>45%),0.5351,0.0,8.0,238.72,249.88
CUST-11084,2024-06-10,Starter,Media,United Kingdom,Europe,1-50,3.0,Monthly,Partner,14.4,79.82,Churned,2024-07-01,Switched to competitor,1,9.0,2024-06-06,3,1,1,2024-06,3.0,0,26.606666666666666,957.8399999999999,0.5013,High (>45%),0.5013,3.0,9.0,79.82,79.82
CUST-11085,2024-06-10,Business,Retail,Canada,North America,51-200,12.0,Monthly,Partner,7.6,753.82,Churned,2024-10-01,Too expensive,4,4.0,2024-09-02,8,4,1,2024-06,12.0,0,62.818333333333335,9045.84,0.097275,Low (<30% seats used),0.0696,1.0,4.0,665.11,3015.28
CUST-11086,2024-06-10,Starter,Manufacturing,Mexico,Latin America,1-50,2.0,Monthly,Outbound Sales,6.6,71.42,Active,,,7,8.0,2024-12-02,2,7,0,2024-06,2.0,0,35.71,857.04,0.29674285714285714,Low (<30% seats used),0.22593333333333332,2.0,8.666666666666666,71.42,499.94
CUST-11087,2024-06-12,Starter,Technology,Mexico,Latin America,51-200,8.0,Annual,Outbound Sales,4.8,140.39,Active,,,7,8.0,2024-12-15,9,7,0,2024-06,8.0,0,17.54875,1684.6799999999998,0.3794571428571429,Medium (30-45%),0.39386666666666664,0.6666666666666666,8.666666666666666,151.82,982.7299999999999
CUST-11088,2024-06-13,Starter,Manufacturing,United States,North America,1-50,6.0,Monthly,Organic,3.7,118.34,Active,,,7,6.0,2024-12-16,6,7,0,2024-06,6.0,0,19.723333333333333,1420.08,0.22564285714285717,Low (<30% seats used),0.1565,2.0,6.333333333333333,114.48666666666668,828.38
CUST-11089,2024-06-14,Starter,Manufacturing,Brazil,Latin America,51-200,8.0,Monthly,Referral,10.6,134.82,Active,,,7,,2024-12-04,8,7,0,2024-06,8.0,0,16.8525,1617.84,0.31994285714285714,Medium (30-45%),0.322,2.3333333333333335,7.0,131.24666666666667,943.74
CUST-11090,2024-06-14,Growth,Retail,Brazil,Latin America,51-200,29.0,Monthly,Referral,8.3,734.05,Active,,,7,9.0,2024-12-10,39,7,0,2024-06,29.0,0,25.31206896551724,8808.599999999999,0.2633,Low (<30% seats used),0.22083333333333333,1.3333333333333333,9.0,888.7133333333333,5138.349999999999
CUST-11091,2024-06-14,Starter,Technology,India,Asia Pacific,1-50,2.0,Annual,Events,10.1,70.58,Active,,,7,5.0,2024-12-24,2,7,0,2024-06,2.0,0,35.29,846.96,0.44948571428571427,Medium (30-45%),0.36369999999999997,1.3333333333333333,5.0,70.58,494.06
CUST-11092,2024-06-14,Starter,Retail,United States,North America,201-1000,19.0,Monthly,Organic,6.9,261.27,Active,,,7,4.0,2024-12-02,20,7,0,2024-06,19.0,0,13.751052631578947,3135.24,0.2418428571428571,Low (<30% seats used),0.15313333333333334,2.3333333333333335,4.0,257.5466666666667,1828.8899999999999
CUST-11093,2024-06-18,Growth,Financial Services,United States,North America,51-200,32.0,Annual,Partner,14.1,753.74,Active,,,7,6.0,2024-12-03,26,7,0,2024-06,32.0,0,23.554375,9044.880000000001,0.2129285714285714,Low (<30% seats used),0.19626666666666667,0.0,6.0,671.8433333333334,5276.18
CUST-11094,2024-06-19,Starter,Logistics,France,Europe,1-50,6.0,Monthly,Referral,11.1,113.01,Active,,,7,4.0,2024-12-12,6,7,0,2024-06,6.0,0,18.835,1356.1200000000001,0.09457142857142857,Low (<30% seats used),0.042199999999999994,0.0,4.0,113.01,791.07
CUST-11095,2024-06-23,Growth,Technology,Japan,Asia Pacific,1-50,4.0,Monthly,Paid Search,4.8,232.78,Active,,,7,7.0,2024-12-18,4,7,0,2024-06,4.0,0,58.195,2793.36,0.47759999999999997,High (>45%),0.4509666666666667,0.6666666666666666,7.0,232.78,1629.46
CUST-11096,2024-06-23,Business,Technology,Mexico,Latin America,51-200,18.0,Annual,Outbound Sales,16.8,878.23,Active,,,7,7.0,2024-12-14,18,7,0,2024-06,18.0,0,48.79055555555556,10538.76,0.3739857142857143,Medium (30-45%),0.44673333333333337,1.0,7.0,842.73,6147.610000000001
CUST-11097,2024-06-23,Starter,Technology,France,Europe,1-50,5.0,Monthly,Partner,8.6,103.84,Active,,,7,7.0,2024-12-24,6,7,0,2024-06,5.0,0,20.768,1246.08,0.8916714285714286,High (>45%),0.9635666666666666,1.3333333333333333,7.0,122.12333333333333,726.88
CUST-11098,2024-06-23,Starter,Financial Services,France,Europe,201-1000,27.0,Annual,Organic,2.5,364.9,Active,,,7,6.0,2024-12-25,26,7,0,2024-06,27.0,0,13.514814814814814,4378.799999999999,0.32604285714285713,Medium (30-45%),0.2952666666666666,1.0,5.666666666666667,333.7,2554.2999999999997
CUST-11099,2024-06-24,Business,Healthcare,Germany,Europe,1-50,6.0,Monthly,Referral,10.2,571.42,Active,,,7,4.0,2024-12-04,8,7,0,2024-06,6.0,0,95.23666666666666,6857.039999999999,0.7775142857142858,High (>45%),0.8086666666666668,0.3333333333333333,4.0,609.73,3999.9399999999996
CUST-11100,2024-06-24,Starter,Retail,United States,North America,51-200,4.0,Monthly,Events,11.3,91.58,Churned,2024-08-01,Low adoption / unused seats,2,8.0,2024-07-22,4,2,1,2024-06,4.0,0,22.895,1098.96,0.45155,High (>45%),0.45155,2.5,8.5,91.58,183.16
CUST-11101,2024-06-24,Enterprise,Logistics,Singapore,Asia Pacific,51-200,42.0,Annual,Paid Search,13.4,2535.74,Active,,,7,8.0,2024-12-21,53,7,0,2024-06,42.0,0,60.3747619047619,30428.879999999997,0.5914428571428572,High (>45%),0.578,0.3333333333333333,8.0,2886.47,17750.18
CUST-11102,2024-06-24,Enterprise,Manufacturing,United Kingdom,Europe,1-50,32.0,Monthly,Referral,5.6,2258.36,Active,,,7,,2024-12-14,46,7,0,2024-06,32.0,0,70.57375,27100.32,0.07651428571428573,Low (<30% seats used),0.07896666666666667,0.6666666666666666,3.0,2697.3199999999997,15808.52
CUST-11103,2024-06-24,Starter,Technology,Germany,Europe,1-50,3.0,Monthly,Partner,19.8,77.87,Churned,2024-07-01,Missing features,1,,2024-06-06,3,1,1,2024-06,3.0,0,25.956666666666667,934.44,0.1128,Low (<30% seats used),0.1128,0.0,8.0,77.87,77.87
CUST-11104,2024-06-25,Growth,Technology,United Kingdom,Europe,1-50,2.0,Monthly,Partner,17.6,185.26,Active,,,7,,2024-12-25,2,7,0,2024-06,2.0,0,92.63,2223.12,0.7717571428571429,High (>45%),0.7677666666666667,0.3333333333333333,9.333333333333334,185.26,1296.82
CUST-11105,2024-06-25,Starter,Retail,United States,North America,51-200,4.0,Monthly,Organic,2.2,95.94,Active,,,7,7.0,2024-12-25,3,7,0,2024-06,4.0,0,23.985,1151.28,0.3268857142857143,Medium (30-45%),0.31556666666666666,2.3333333333333335,7.333333333333333,92.02999999999999,671.5799999999999
CUST-11106,2024-06-26,Growth,Logistics,Singapore,Asia Pacific,51-200,18.0,Annual,Paid Search,1.9,537.48,Active,,,7,6.0,2024-12-06,15,7,0,2024-06,18.0,0,29.86,6449.76,0.36342857142857143,Medium (30-45%),0.3788,0.6666666666666666,6.333333333333333,479.92333333333335,3762.36
CUST-11107,2024-06-27,Starter,Education,France,Europe,1-50,3.0,Annual,Organic,0.0,85.0,Active,,,7,,2024-12-19,3,7,0,2024-06,3.0,0,28.333333333333332,1020.0,0.33635714285714285,Medium (30-45%),0.3727666666666667,1.3333333333333333,4.0,85.0,595.0
CUST-11108,2024-06-27,Growth,Retail,Germany,Europe,1-50,4.0,Monthly,Outbound Sales,6.6,231.19,Churned,2024-08-01,Too expensive,2,7.0,2024-07-10,4,2,1,2024-06,4.0,0,57.7975,2774.2799999999997,0.19405,Low (<30% seats used),0.19405,2.0,7.0,231.19,462.38
CUST-11109,2024-06-28,Growth,Retail,United States,North America,1-50,6.0,Monthly,Paid Search,7.9,270.57,Churned,2024-08-01,Poor support experience,2,5.0,2024-07-02,7,2,1,2024-06,6.0,0,45.095,3246.84,0.20804999999999998,Low (<30% seats used),0.20804999999999998,0.5,5.5,280.7,541.14
CUST-11110,2024-06-28,Growth,Education,United States,North America,1-50,6.0,Monthly,Organic,3.4,276.51,Churned,2024-07-01,Too expensive,1,6.0,2024-06-05,6,1,1,2024-06,6.0,0,46.085,3318.12,0.0933,Low (<30% seats used),0.0933,0.0,6.0,276.51,276.51
CUST-11111,2024-07-01,Business,Manufacturing,Germany,Europe,201-1000,39.0,Annual,Organic,0.0,1647.0,Active,,,6,10.0,2024-12-09,35,6,0,2024-07,39.0,0,42.23076923076923,19764.0,0.1973666666666667,Low (<30% seats used),0.19086666666666666,0.3333333333333333,10.0,1529.6666666666667,9882.0
CUST-11112,2024-07-03,Starter,Financial Services,United States,North America,1-50,5.0,Monthly,Outbound Sales,15.2,99.88,Active,,,6,7.0,2024-12-27,6,6,0,2024-07,5.0,0,19.976,1198.56,0.7399666666666667,High (>45%),0.8020333333333333,1.0,7.333333333333333,106.66666666666667,599.28
CUST-11113,2024-07-03,Growth,Technology,United States,North America,1000+,370.0,Annual,Organic,14.1,7141.26,Active,,,6,6.0,2024-12-06,350,6,0,2024-07,370.0,0,19.300702702702704,85695.12,0.17551666666666665,Low (<30% seats used),0.1113,1.0,5.666666666666667,6769.599999999999,42847.56
CUST-11114,2024-07-03,Starter,Manufacturing,Germany,Europe,51-200,11.0,Annual,Paid Search,8.8,169.38,Churned,2024-11-01,Business priorities changed,4,4.0,2024-10-12,11,4,1,2024-07,11.0,0,15.398181818181818,2032.56,0.225575,Low (<30% seats used),0.24663333333333334,2.3333333333333335,4.666666666666667,169.38,677.52
CUST-11115,2024-07-04,Starter,Logistics,Japan,Asia Pacific,51-200,10.0,Annual,Events,6.3,161.44,Active,,,6,6.0,2024-12-16,10,6,0,2024-07,10.0,0,16.144,1937.28,0.51115,High (>45%),0.47323333333333334,1.3333333333333333,6.333333333333333,161.44,968.64
CUST-11116,2024-07-05,Starter,Retail,Brazil,Europe,1000+,34.0,Monthly,Organic,4.3,439.46,Active,,,6,3.0,2024-12-08,41,6,0,2024-07,34.0,0,12.925294117647057,5273.5199999999995,0.4799833333333334,High (>45%),0.3759333333333333,1.6666666666666667,3.6666666666666665,535.1533333333333,2636.7599999999998
CUST-11117,2024-07-07,Starter,Technology,Mexico,Latin America,1-50,3.0,Monthly,Organic,4.5,83.38,Active,,,6,5.0,2024-12-08,3,6,0,2024-07,3.0,0,27.793333333333333,1000.56,0.5039666666666667,High (>45%),0.5287000000000001,0.3333333333333333,4.666666666666667,83.38,500.28
CUST-11118,2024-07-08,Growth,Education,United States,North America,51-200,19.0,Monthly,Outbound Sales,7.2,536.9,Active,,,6,6.0,2024-12-03,20,6,0,2024-07,19.0,0,28.257894736842104,6442.799999999999,0.2604,Low (<30% seats used),0.22263333333333332,2.3333333333333335,6.333333333333333,536.9033333333333,3221.3999999999996
CUST-11119,2024-07-09,Business,Manufacturing,Australia,Asia Pacific,1-50,13.0,Monthly,Organic,2.7,803.77,Churned,2024-09-01,Switched to competitor,2,5.0,2024-08-12,13,2,1,2024-07,13.0,0,61.82846153846154,9645.24,0.12589999999999998,Low (<30% seats used),0.12589999999999998,0.5,5.5,788.2,1607.54
CUST-11120,2024-07-09,Business,Retail,Germany,Europe,201-1000,67.0,Monthly,Referral,12.6,2272.86,Active,,,6,6.0,2024-12-12,78,6,0,2024-07,67.0,0,33.92328358208955,27274.32,0.4038833333333333,Medium (30-45%),0.3289,1.3333333333333333,6.333333333333333,2561.86,13637.16
CUST-11121,2024-07-10,Business,Technology,United States,North America,1-50,10.0,Annual,Referral,7.3,695.64,Churned,2024-09-01,Low adoption / unused seats,2,7.0,2024-08-01,10,2,1,2024-07,10.0,0,69.564,8347.68,0.3921,Medium (30-45%),0.3921,1.0,7.5,695.64,1391.28
CUST-11122,2024-07-11,Growth,Manufacturing,Spain,Europe,1-50,2.0,Monthly,Organic,0.0,193.0,Active,,,6,9.0,2024-12-18,2,6,0,2024-07,2.0,0,96.5,2316.0,0.78355,High (>45%),0.8069333333333333,0.3333333333333333,9.0,193.0,1158.0
CUST-11123,2024-07-12,Enterprise,Technology,Australia,Asia Pacific,1-50,25.0,Monthly,Paid Search,7.2,1943.0,Active,,,6,,,20,6,0,2024-07,25.0,0,77.72,23316.0,0.40045000000000003,Medium (30-45%),0.3514,1.3333333333333333,9.0,1775.96,11658.0
CUST-11124,2024-07-12,Growth,Financial Services,Canada,North America,201-1000,23.0,Annual,Outbound Sales,23.4,536.6,Churned,2024-09-01,Too expensive,2,8.0,2024-08-21,25,2,1,2024-07,23.0,0,23.330434782608698,6439.200000000001,0.5960000000000001,High (>45%),0.5960000000000001,0.0,8.0,561.875,1073.2
CUST-11125,2024-07-13,Enterprise,Healthcare,India,Asia Pacific,1-50,12.0,Monthly,Partner,11.4,1377.44,Active,,,6,6.0,2024-12-07,15,6,0,2024-07,12.0,0,114.78666666666668,16529.28,0.32931666666666665,Medium (30-45%),0.40630000000000005,1.3333333333333333,5.666666666666667,1457.18,8264.64
CUST-11126,2024-07-13,Starter,Manufacturing,United States,North America,1-50,1.0,Monthly,Events,11.9,59.57,Churned,2024-08-01,Too expensive,1,9.0,,1,1,1,2024-07,1.0,0,59.57,714.84,0.0978,Low (<30% seats used),0.0978,2.0,9.0,59.57,59.57
CUST-11127,2024-07-13,Growth,Technology,United Kingdom,Europe,51-200,26.0,Monthly,Paid Search,19.3,610.6,Active,,,6,9.0,2024-12-22,22,6,0,2024-07,26.0,0,23.484615384615385,7327.200000000001,0.6741,High (>45%),0.6975333333333333,0.0,9.0,551.4233333333333,3663.6000000000004
CUST-11128,2024-07-14,Starter,Financial Services,Mexico,Latin America,1-50,2.0,Annual,Events,9.1,70.82,Active,,,6,8.0,2024-12-25,2,6,0,2024-07,2.0,0,35.41,849.8399999999999,0.17528333333333335,Low (<30% seats used),0.16846666666666668,0.6666666666666666,7.333333333333333,70.82,424.91999999999996
CUST-11129,2024-07-15,Starter,Financial Services,India,Asia Pacific,1-50,1.0,Monthly,Paid Search,7.4,60.11,Active,,,6,9.0,2024-12-14,1,6,0,2024-07,1.0,0,60.11,721.3199999999999,0.3690833333333334,Medium (30-45%),0.4052,2.6666666666666665,8.333333333333334,60.10999999999999,360.65999999999997
CUST-11130,2024-07-15,Starter,Healthcare,Canada,North America,201-1000,27.0,Monthly,Outbound Sales,25.8,289.41,Active,,,6,,,27,6,0,2024-07,27.0,0,10.71888888888889,3472.92,0.27268333333333333,Low (<30% seats used),0.23293333333333333,1.6666666666666667,6.0,286.44,1736.46
CUST-11131,2024-07-18,Starter,Technology,United States,North America,1-50,2.0,Monthly,Referral,8.6,70.94,Active,,,6,7.0,,2,6,0,2024-07,2.0,0,35.47,851.28,0.5321833333333333,High (>45%),0.5253333333333333,1.0,7.0,70.94,425.64
CUST-11132,2024-07-19,Growth,Technology,Brazil,Latin America,1-50,5.0,Annual,Referral,0.0,259.0,Active,,,6,,2024-12-22,6,6,0,2024-07,5.0,0,51.8,3108.0,0.36265,Medium (30-45%),0.3889666666666667,2.0,6.333333333333333,281.0,1554.0
CUST-11133,2024-07-19,Starter,Technology,United States,North America,1-50,1.0,Monthly,Paid Search,8.0,60.04,Churned,2024-10-01,Low adoption / unused seats,3,9.0,2024-09-15,1,3,1,2024-07,1.0,0,60.04,720.48,0.6703333333333333,High (>45%),0.6703333333333333,2.0,8.666666666666666,60.04,180.12
CUST-11134,2024-07-21,Growth,Education,United States,North America,51-200,8.0,Monthly,Outbound Sales,8.4,310.22,Active,,,6,10.0,2024-12-09,9,6,0,2024-07,8.0,0,38.7775,3722.6400000000003,0.5044333333333334,High (>45%),0.48216666666666663,1.6666666666666667,10.0,343.8033333333333,1861.3200000000002
CUST-11135,2024-07-21,Growth,Retail,United States,North America,1-50,5.0,Monthly,Partner,17.8,239.42,Churned,2024-09-01,Low adoption / unused seats,2,4.0,2024-08-04,5,2,1,2024-07,5.0,0,47.884,2873.04,0.6494500000000001,High (>45%),0.6494500000000001,1.0,4.0,239.42,478.84
CUST-11136,2024-07-22,Growth,Technology,France,Europe,51-200,13.0,Monthly,Referral,6.8,415.55,Active,,,6,7.0,,12,6,0,2024-07,13.0,0,31.965384615384615,4986.6,0.4494666666666667,Medium (30-45%),0.3898333333333333,1.6666666666666667,7.0,388.21333333333337,2493.3
CUST-11137,2024-07-23,Growth,Technology,United States,North America,51-200,19.0,Annual,Paid Search,14.0,508.48,Active,,,6,7.0,2024-12-08,23,6,0,2024-07,19.0,0,26.762105263157896,6101.76,0.19423333333333334,Low (<30% seats used),0.2523666666666667,0.6666666666666666,7.0,590.4666666666667,3050.88
CUST-11138,2024-07-23,Starter,Technology,Australia,Asia Pacific,51-200,3.0,Annual,Outbound Sales,15.3,79.49,Active,,,6,5.0,2024-12-22,2,6,0,2024-07,3.0,0,26.496666666666666,953.8799999999999,0.20946666666666666,Low (<30% seats used),0.15826666666666667,2.3333333333333335,4.666666666666667,76.10333333333334,476.93999999999994
CUST-11139,2024-07-23,Business,Logistics,Singapore,Asia Pacific,1-50,12.0,Annual,Events,6.9,756.5,Active,,,6,9.0,2024-12-09,12,6,0,2024-07,12.0,0,63.041666666666664,9078.0,0.2909333333333333,Low (<30% seats used),0.2753,1.3333333333333333,9.0,766.4333333333334,4539.0
CUST-11140,2024-07-23,Business,Retail,Canada,North America,1-50,4.0,Monthly,Organic,0.0,527.0,Churned,2024-11-01,Low adoption / unused seats,4,8.0,2024-10-17,4,4,1,2024-07,4.0,0,131.75,6324.0,0.48792499999999994,High (>45%),0.4863666666666666,2.0,8.0,527.0,2108.0
CUST-11141,2024-07-24,Growth,Healthcare,United Kingdom,Europe,1000+,61.0,Annual,Paid Search,5.8,1413.16,Active,,,6,,2024-12-12,56,6,0,2024-07,61.0,0,23.16655737704918,16957.920000000002,0.19348333333333334,Low (<30% seats used),0.2292,2.0,5.333333333333333,1302.6333333333332,8478.960000000001
CUST-11142,2024-07-24,Growth,Healthcare,Brazil,Latin America,1-50,3.0,Monthly,Paid Search,3.1,212.95,Active,,,6,10.0,2024-12-05,3,6,0,2024-07,3.0,0,70.98333333333333,2555.3999999999996,0.5992666666666666,High (>45%),0.6226666666666666,1.0,10.0,212.94999999999996,1277.6999999999998
CUST-11143,2024-07-24,Starter,Media,Germany,Europe,51-200,10.0,Monthly,Partner,13.9,152.32,Active,,,6,5.0,2024-12-03,13,6,0,2024-07,10.0,0,15.232,1827.84,0.2319,Low (<30% seats used),0.24063333333333334,1.3333333333333333,5.0,179.87333333333333,913.92
CUST-11144,2024-07-24,Business,Healthcare,Germany,Europe,201-1000,80.0,Annual,Organic,2.3,2900.12,Active,,,6,5.0,,88,6,0,2024-07,80.0,0,36.2515,34801.44,0.15265,Low (<30% seats used),0.0852,1.3333333333333333,5.0,3108.5466666666666,17400.72
CUST-11145,2024-07-26,Growth,Healthcare,United States,North America,1-50,3.0,Monthly,Organic,1.3,214.14,Active,,,6,7.0,2024-12-18,3,6,0,2024-07,3.0,0,71.38,2569.68,0.3404833333333333,Medium (30-45%),0.2846666666666667,1.0,7.666666666666667,214.14,1284.84
CUST-11146,2024-07-26,Growth,Technology,Spain,Europe,201-1000,22.0,Monthly,Referral,7.4,597.18,Active,,,6,9.0,2024-12-18,23,6,0,2024-07,22.0,0,27.14454545454545,7166.16,0.0941,Low (<30% seats used),0.06193333333333333,2.3333333333333335,9.0,644.7199999999999,3583.08
CUST-11147,2024-07-27,Enterprise,Logistics,Mexico,Latin America,1-50,10.0,Monthly,Events,14.4,1284.2,Active,,,6,4.0,2024-12-11,12,6,0,2024-07,10.0,0,128.42000000000002,15410.400000000001,0.6477666666666667,High (>45%),0.6144666666666666,0.3333333333333333,4.666666666666667,1348.3999999999999,7705.200000000001
CUST-11148,2024-08-03,Growth,Healthcare,United Kingdom,Europe,51-200,6.0,Annual,Partner,15.1,261.07,Active,,,5,3.0,2024-12-19,6,5,0,2024-08,6.0,0,43.51166666666666,3132.84,0.24084,Low (<30% seats used),0.2588,2.6666666666666665,3.0,261.07,1305.35
CUST-11149,2024-08-04,Growth,Logistics,India,Asia Pacific,1-50,6.0,Monthly,Referral,7.7,270.84,Active,,,5,9.0,2024-12-22,5,5,0,2024-08,6.0,0,45.13999999999999,3250.08,0.5544800000000001,High (>45%),0.5584333333333333,0.0,8.666666666666666,250.53,1354.1999999999998
CUST-11150,2024-08-05,Growth,Manufacturing,United States,North America,1-50,5.0,Monthly,Organic,0.0,259.0,Active,,,5,,2024-12-09,5,5,0,2024-08,5.0,0,51.8,3108.0,0.22032,Low (<30% seats used),0.19283333333333333,0.6666666666666666,3.0,259.0,1295.0
CUST-11151,2024-08-07,Business,Healthcare,Germany,Europe,51-200,30.0,Monthly,Organic,1.9,1340.76,Active,,,5,5.0,,28,5,0,2024-08,30.0,0,44.692,16089.119999999999,0.36066000000000004,Medium (30-45%),0.3299,0.6666666666666666,5.0,1319.8333333333333,6703.8
CUST-11152,2024-08-08,Enterprise,Manufacturing,United States,North America,51-200,72.0,Monthly,Organic,0.0,4139.0,Active,,,5,9.0,2024-12-10,85,5,0,2024-08,72.0,0,57.486111111111114,49668.0,0.30626000000000003,Medium (30-45%),0.3015333333333333,2.3333333333333335,9.333333333333334,4694.0,20695.0
CUST-11153,2024-08-10,Growth,Financial Services,United States,North America,1-50,1.0,Monthly,Organic,0.0,171.0,Active,,,5,9.0,2024-12-18,1,5,0,2024-08,1.0,0,171.0,2052.0,0.38636,Medium (30-45%),0.3811333333333333,2.0,9.333333333333334,171.0,855.0
CUST-11154,2024-08-11,Starter,Financial Services,Germany,Europe,1-50,4.0,Annual,Outbound Sales,12.9,90.81,Active,,,5,,2024-12-10,5,5,0,2024-08,4.0,0,22.7025,1089.72,0.27896,Low (<30% seats used),0.2768333333333333,0.6666666666666666,9.0,97.77666666666669,454.05
CUST-11155,2024-08-11,Growth,Retail,France,Europe,51-200,13.0,Monthly,Referral,8.3,411.26,Active,,,5,6.0,2024-12-04,10,5,0,2024-08,13.0,0,31.635384615384616,4935.12,0.8305199999999999,High (>45%),0.8009,1.0,6.333333333333333,364.18666666666667,2056.3
CUST-11156,2024-08-12,Business,Technology,France,North America,1-50,2.0,Monthly,Partner,12.0,455.32,Active,,,5,8.0,2024-12-17,2,5,0,2024-08,2.0,0,227.66,5463.84,0.75184,High (>45%),0.7439333333333332,0.6666666666666666,7.666666666666667,455.32,2276.6
CUST-11157,2024-08-15,Starter,Retail,United States,North America,1-50,1.0,Monthly,Organic,0.0,61.0,Churned,2024-10-01,Missing features,2,6.0,2024-09-27,1,2,1,2024-08,1.0,0,61.0,732.0,0.47965,High (>45%),0.47965,2.5,6.5,61.0,122.0
CUST-11158,2024-08-16,Starter,Technology,France,Europe,51-200,25.0,Annual,Organic,7.4,326.8,Active,,,5,8.0,,34,5,0,2024-08,25.0,0,13.072000000000001,3921.6000000000004,0.38868,Medium (30-45%),0.42136666666666667,1.6666666666666667,8.666666666666666,389.76666666666665,1634.0
CUST-11159,2024-08-17,Enterprise,Technology,Germany,Europe,1-50,14.0,Monthly,Outbound Sales,9.5,1469.15,Active,,,5,8.0,2024-12-12,15,5,0,2024-08,14.0,0,104.93928571428572,17629.800000000003,0.11410000000000001,Low (<30% seats used),0.16996666666666668,2.3333333333333335,7.666666666666667,1482.7266666666667,7345.75
CUST-11160,2024-08-17,Starter,Retail,Singapore,Asia Pacific,201-1000,33.0,Annual,Organic,3.0,433.12,Active,,,5,6.0,2024-12-27,38,5,0,2024-08,33.0,0,13.124848484848485,5197.4400000000005,0.36412,Medium (30-45%),0.37860000000000005,1.0,5.666666666666667,471.92,2165.6
CUST-11161,2024-08-18,Starter,Education,United Kingdom,Europe,1-50,4.0,Monthly,Referral,10.0,92.2,Active,,,5,,2024-12-05,5,5,0,2024-08,4.0,0,23.05,1106.4,0.20834000000000003,Low (<30% seats used),0.18116666666666667,0.3333333333333333,7.0,99.39999999999999,461.0
CUST-11162,2024-08-19,Growth,Retail,France,Europe,201-1000,34.0,Annual,Events,11.8,808.74,Active,,,5,9.0,2024-12-21,43,5,0,2024-08,34.0,0,23.786470588235293,9704.880000000001,0.31008,Medium (30-45%),0.31656666666666666,2.3333333333333335,8.666666666666666,996.3066666666667,4043.7
CUST-11163,2024-08-19,Enterprise,Healthcare,France,Europe,1-50,11.0,Monthly,Paid Search,8.9,1349.94,Active,,,5,7.0,2024-12-09,9,5,0,2024-08,11.0,0,122.7218181818182,16199.28,0.25444,Low (<30% seats used),0.21083333333333334,0.3333333333333333,7.666666666666667,1281.6166666666668,6749.700000000001
CUST-11164,2024-08-19,Enterprise,Manufacturing,United Kingdom,Europe,201-1000,120.0,Monthly,Organic,0.0,6299.0,Active,,,5,7.0,2024-12-19,121,5,0,2024-08,120.0,0,52.49166666666667,75588.0,0.50378,High (>45%),0.5267000000000001,0.3333333333333333,7.0,6554.0,31495.0
CUST-11165,2024-08-20,Starter,Financial Services,France,Europe,1-50,2.0,Annual,Referral,6.3,71.49,Active,,,5,,2024-12-16,2,5,0,2024-08,2.0,0,35.745,857.8799999999999,0.5342,High (>45%),0.4998333333333333,1.0,9.0,71.49,357.45
CUST-11166,2024-08-20,Starter,Manufacturing,France,Europe,201-1000,41.0,Annual,Paid Search,14.4,470.15,Churned,2024-10-01,Switched to competitor,2,10.0,2024-09-07,41,2,1,2024-08,41.0,0,11.467073170731707,5641.799999999999,0.44735,Medium (30-45%),0.44735,1.5,10.0,470.15,940.3
CUST-11167,2024-08-21,Business,Healthcare,Brazil,Latin America,1-50,5.0,Monthly,Events,7.2,547.48,Active,,,5,5.0,2024-12-20,4,5,0,2024-08,5.0,0,109.49600000000001,6569.76,0.3488,Medium (30-45%),0.34663333333333335,1.3333333333333333,5.0,517.78,2737.4
CUST-11168,2024-08-21,Starter,Logistics,France,Europe,51-200,13.0,Monthly,Paid Search,10.2,189.09,Churned,2024-10-01,,2,7.0,2024-09-16,13,2,1,2024-08,13.0,0,14.545384615384616,2269.08,0.33694999999999997,Medium (30-45%),0.33694999999999997,1.0,6.5,189.09,378.18
CUST-11169,2024-08-22,Starter,Financial Services,United States,North America,51-200,10.0,Annual,Events,12.0,154.6,Active,,,5,,2024-12-25,11,5,0,2024-08,10.0,0,15.459999999999999,1855.1999999999998,0.73286,High (>45%),0.7005333333333333,1.0,5.666666666666667,161.64,773.0
CUST-11170,2024-08-24,Starter,Healthcare,Germany,Europe,1-50,1.0,Annual,Paid Search,4.2,60.5,Churned,2024-09-01,Switched to competitor,1,7.0,2024-08-13,1,1,1,2024-08,1.0,0,60.5,726.0,0.1253,Low (<30% seats used),0.1253,2.0,7.0,60.5,60.5
CUST-11171,2024-08-24,Starter,Healthcare,Brazil,Latin America,1-50,1.0,Monthly,Paid Search,11.0,59.68,Active,,,5,10.0,2024-12-24,1,5,0,2024-08,1.0,0,59.68,716.16,0.20926,Low (<30% seats used),0.1323,1.6666666666666667,10.0,59.68,298.4
CUST-11172,2024-08-25,Growth,Retail,United States,North America,201-1000,32.0,Annual,Partner,26.5,666.44,Churned,2024-09-01,Too expensive,1,8.0,2024-08-12,32,1,1,2024-08,32.0,0,20.82625,7997.280000000001,0.2829,Low (<30% seats used),0.2829,0.0,8.0,666.44,666.44
CUST-11173,2024-08-26,Starter,Retail,Germany,Europe,1-50,7.0,Annual,Outbound Sales,12.6,122.42,Churned,2024-09-01,Missing features,1,9.0,2024-08-15,7,1,1,2024-08,7.0,0,17.48857142857143,1469.04,0.5081,High (>45%),0.5081,0.0,9.0,122.42,122.42
CUST-11174,2024-08-26,Starter,Media,Brazil,North America,51-200,13.0,Monthly,Referral,8.2,192.21,Active,,,5,7.0,2024-12-08,11,5,0,2024-08,13.0,0,14.785384615384617,2306.52,0.58472,High (>45%),0.5923666666666666,0.6666666666666666,7.0,173.85,961.0500000000001
CUST-11175,2024-08-27,Growth,Technology,France,Europe,1-50,1.0,Annual,Organic,5.9,169.7,Active,,,5,5.0,2024-12-26,1,5,0,2024-08,1.0,0,169.7,2036.3999999999999,0.66302,High (>45%),0.6611,0.3333333333333333,5.0,169.7,848.5
CUST-11176,2024-08-27,Starter,Financial Services,United Kingdom,Europe,1-50,2.0,Monthly,Outbound Sales,17.0,68.92,Active,,,5,8.0,2024-12-25,2,5,0,2024-08,2.0,0,34.46,827.04,0.16899999999999998,Low (<30% seats used),0.18123333333333336,1.0,8.0,68.92,344.6
CUST-11177,2024-08-28,Growth,Media,India,Asia Pacific,201-1000,17.0,Annual,Paid Search,17.4,457.92,Churned,2024-11-01,Company downsizing,3,3.0,2024-10-09,16,3,1,2024-08,17.0,0,26.936470588235295,5495.04,0.15146666666666667,Low (<30% seats used),0.15146666666666667,1.0,3.3333333333333335,457.92333333333335,1373.76
CUST-11178,2024-08-28,Business,Healthcare,United States,North America,1-50,14.0,Monthly,Outbound Sales,13.3,787.42,Active,,,5,5.0,2024-12-23,15,5,0,2024-08,14.0,0,56.24428571428571,9449.039999999999,0.18474000000000002,Low (<30% seats used),0.22706666666666667,2.3333333333333335,5.0,796.6666666666666,3937.1
CUST-11179,2024-09-02,Starter,Financial Services,Brazil,Latin America,51-200,6.0,Annual,Outbound Sales,16.2,109.34,Active,,,4,8.0,2024-12-07,8,4,0,2024-09,6.0,0,18.223333333333333,1312.08,0.16115,Low (<30% seats used),0.14956666666666665,0.6666666666666666,8.666666666666666,119.39333333333333,437.36
CUST-11180,2024-09-02,Starter,Manufacturing,United States,North America,51-200,5.0,Monthly,Outbound Sales,17.3,98.62,Active,,,4,,,4,4,0,2024-09,5.0,0,19.724,1183.44,0.17795,Low (<30% seats used),0.1464,1.3333333333333333,4.333333333333333,95.31333333333333,394.48
CUST-11181,2024-09-02,Starter,Healthcare,Singapore,Asia Pacific,1-50,1.0,Monthly,Organic,0.0,61.0,Active,,,4,9.0,2024-12-05,1,4,0,2024-09,1.0,0,61.0,732.0,0.398175,Medium (30-45%),0.4068666666666667,0.3333333333333333,8.333333333333334,61.0,244.0
CUST-11182,2024-09-04,Starter,Education,United States,North America,51-200,5.0,Monthly,Organic,0.9,108.46,Active,,,4,3.0,2024-12-13,4,4,0,2024-09,5.0,0,21.692,1301.52,0.26405,Low (<30% seats used),0.26626666666666665,1.6666666666666667,3.0,96.57,433.84
CUST-11183,2024-09-05,Starter,Manufacturing,United States,North America,1-50,3.0,Monthly,Paid Search,3.9,83.6,Active,,,4,,2024-12-11,3,4,0,2024-09,3.0,0,27.866666666666664,1003.1999999999999,0.35115,Medium (30-45%),0.3429333333333333,0.3333333333333333,8.666666666666666,83.6,334.4
CUST-11184,2024-09-05,Growth,Retail,Spain,Europe,51-200,12.0,Monthly,Paid Search,10.9,384.22,Active,,,4,9.0,2024-12-16,15,4,0,2024-09,12.0,0,32.01833333333334,4610.64,0.31027499999999997,Medium (30-45%),0.3219,2.3333333333333335,8.666666666666666,423.43,1536.88
CUST-11185,2024-09-07,Starter,Technology,India,Asia Pacific,201-1000,19.0,Annual,Organic,1.4,273.81,Active,,,4,8.0,2024-12-06,17,4,0,2024-09,19.0,0,14.411052631578947,3285.7200000000003,0.75805,High (>45%),0.7624333333333334,1.6666666666666667,8.0,242.25333333333333,1095.24
CUST-11186,2024-09-07,Growth,Healthcare,France,Europe,1-50,4.0,Monthly,Paid Search,14.4,224.33,Active,,,4,5.0,2024-12-06,4,4,0,2024-09,4.0,0,56.0825,2691.96,0.044375,Low (<30% seats used),0.04916666666666667,0.6666666666666666,5.666666666666667,224.33,897.32
CUST-11187,2024-09-07,Starter,Healthcare,United Kingdom,Europe,51-200,14.0,Monthly,Organic,1.5,214.48,Active,,,4,6.0,2024-12-20,15,4,0,2024-09,14.0,0,15.319999999999999,2573.7599999999998,0.6671750000000001,High (>45%),0.6608666666666667,1.0,5.666666666666667,226.30000000000004,857.92
CUST-11188,2024-09-12,Growth,Technology,France,Europe,201-1000,26.0,Annual,Paid Search,11.7,654.08,Active,,,4,,2024-12-07,25,4,0,2024-09,26.0,0,25.15692307692308,7848.960000000001,0.334975,Medium (30-45%),0.32353333333333334,1.3333333333333333,6.0,634.65,2616.32
CUST-11189,2024-09-12,Growth,Manufacturing,Australia,Asia Pacific,51-200,4.0,Monthly,Partner,12.7,225.82,Active,,,4,5.0,2024-12-15,4,4,0,2024-09,4.0,0,56.455,2709.84,0.14702500000000002,Low (<30% seats used),0.13570000000000002,1.6666666666666667,4.666666666666667,225.82000000000002,903.28
CUST-11190,2024-09-12,Starter,Logistics,United Kingdom,Europe,51-200,4.0,Monthly,Referral,9.2,92.58,Churned,2024-10-01,Too expensive,1,0.0,2024-09-26,4,1,1,2024-09,4.0,0,23.145,1110.96,0.2783,Low (<30% seats used),0.2783,1.0,0.0,92.58,92.58
CUST-11191,2024-09-15,Starter,Logistics,United States,North America,51-200,7.0,Monthly,Paid Search,10.9,123.84,Active,,,4,7.0,2024-12-19,6,4,0,2024-09,7.0,0,17.69142857142857,1486.08,0.14535,Low (<30% seats used),0.13936666666666667,0.0,7.0,116.71333333333332,495.36
CUST-11192,2024-09-15,Starter,Financial Services,Mexico,Latin America,51-200,4.0,Monthly,Organic,0.0,97.0,Active,,,4,8.0,2024-12-08,4,4,0,2024-09,4.0,0,24.25,1164.0,0.5414749999999999,High (>45%),0.5522999999999999,1.0,8.333333333333334,97.0,388.0
CUST-11193,2024-09-19,Growth,Retail,Canada,North America,1-50,6.0,Monthly,Organic,1.3,279.28,Active,,,4,4.0,2024-12-27,5,4,0,2024-09,6.0,0,46.54666666666666,3351.3599999999997,0.31225,Medium (30-45%),0.3350666666666667,1.6666666666666667,5.0,257.57,1117.12
CUST-11194,2024-09-23,Growth,Education,United States,North America,1-50,5.0,Monthly,Outbound Sales,20.5,236.45,Active,,,4,9.0,2024-12-02,5,4,0,2024-09,5.0,0,47.29,2837.3999999999996,0.604775,High (>45%),0.6232,1.6666666666666667,8.333333333333334,236.44999999999996,945.8
CUST-11195,2024-09-23,Business,Retail,United Kingdom,Europe,51-200,32.0,Annual,Partner,18.2,1236.63,Active,,,4,10.0,2024-12-12,26,4,0,2024-09,32.0,0,38.6446875,14839.560000000001,0.474175,High (>45%),0.49256666666666665,0.0,10.0,1131.93,4946.52
CUST-11196,2024-09-24,Starter,Logistics,India,Asia Pacific,1-50,4.0,Annual,Referral,6.6,93.83,Churned,2024-11-01,Too expensive,2,6.0,2024-10-16,5,2,1,2024-09,4.0,0,23.4575,1125.96,0.26095,Low (<30% seats used),0.26095,1.5,6.5,99.435,187.66
CUST-11197,2024-09-24,Starter,Education,United Kingdom,Europe,1-50,7.0,Annual,Partner,18.1,117.8,Churned,2024-10-01,Low adoption / unused seats,1,8.0,2024-09-24,6,1,1,2024-09,7.0,0,16.82857142857143,1413.6,0.5691,High (>45%),0.5691,0.0,8.0,107.97,117.8
CUST-11198,2024-09-24,Starter,Retail,United States,North America,51-200,12.0,Monthly,Organic,1.5,190.84,Active,,,4,8.0,2024-12-14,13,4,0,2024-09,12.0,0,15.903333333333334,2290.08,0.3614,Medium (30-45%),0.3604,2.3333333333333335,8.0,198.72,763.36
CUST-11199,2024-09-24,Growth,Technology,United States,North America,1-50,2.0,Monthly,Referral,5.0,190.8,Active,,,4,7.0,2024-12-16,2,4,0,2024-09,2.0,0,95.4,2289.6000000000004,0.50345,High (>45%),0.5281333333333333,1.3333333333333333,6.666666666666667,190.80000000000004,763.2
CUST-11200,2024-09-25,Starter,Retail,Germany,Europe,1-50,2.0,Annual,Partner,11.3,70.29,Active,,,4,4.0,2024-12-26,2,4,0,2024-09,2.0,0,35.145,843.48,0.573625,High (>45%),0.5785666666666667,0.6666666666666666,4.333333333333333,70.29,281.16
CUST-11201,2024-09-25,Starter,Education,United States,North America,51-200,3.0,Annual,Referral,3.0,83.92,Active,,,4,,2024-12-23,3,4,0,2024-09,3.0,0,27.973333333333333,1007.04,0.624125,High (>45%),0.6139,1.3333333333333333,10.0,83.92,335.68
CUST-11202,2024-09-26,Growth,Technology,Germany,Europe,1-50,4.0,Monthly,Outbound Sales,14.0,224.68,Churned,2024-11-01,,2,7.0,2024-10-04,4,2,1,2024-09,4.0,0,56.17,2696.16,0.1908,Low (<30% seats used),0.1908,0.0,7.5,224.68,449.36
CUST-11203,2024-09-27,Growth,Logistics,United States,North America,201-1000,75.0,Annual,Organic,2.9,1751.15,Active,,,4,7.0,2024-12-13,80,4,0,2024-09,75.0,0,23.348666666666666,21013.800000000003,0.11997500000000001,Low (<30% seats used),0.11556666666666666,1.6666666666666667,6.666666666666667,1800.993333333333,7004.6
CUST-11204,2024-09-28,Growth,Education,United States,North America,1-50,7.0,Monthly,Partner,14.5,280.67,Active,,,4,9.0,2024-12-03,7,4,0,2024-09,7.0,0,40.09571428571429,3368.04,0.19095,Low (<30% seats used),0.16419999999999998,0.0,8.666666666666666,280.67,1122.68
CUST-11205,2024-10-01,Business,Healthcare,Brazil,Latin America,51-200,19.0,Monthly,Paid Search,13.3,926.14,Active,,,3,8.0,,16,3,0,2024-10,19.0,0,48.74421052631579,11113.68,0.6224,High (>45%),0.6224,1.0,8.0,861.4,2778.42
CUST-11206,2024-10-02,Starter,Education,United Kingdom,Europe,1-50,1.0,Monthly,Outbound Sales,13.6,59.37,Active,,,3,6.0,2024-12-06,1,3,0,2024-10,1.0,0,59.37,712.4399999999999,0.3864,Medium (30-45%),0.3864,2.6666666666666665,6.0,59.37,178.10999999999999
CUST-11207,2024-10-02,Business,Technology,France,Europe,1-50,10.0,Monthly,Partner,10.1,686.68,Active,,,3,7.0,2024-12-25,9,3,0,2024-10,10.0,0,68.66799999999999,8240.16,0.1441,Low (<30% seats used),0.1441,2.3333333333333335,6.666666666666667,667.5,2060.04
CUST-11208,2024-10-04,Starter,Media,United States,North America,1-50,8.0,Monthly,Events,7.1,138.18,Active,,,3,8.0,2024-12-17,9,3,0,2024-10,8.0,0,17.2725,1658.16,0.17936666666666667,Low (<30% seats used),0.17936666666666667,0.6666666666666666,8.0,149.33,414.54
CUST-11209,2024-10-05,Starter,Logistics,Canada,North America,201-1000,19.0,Annual,Paid Search,5.7,264.0,Active,,,3,5.0,2024-12-02,23,3,0,2024-10,19.0,0,13.894736842105264,3168.0,0.09673333333333334,Low (<30% seats used),0.09673333333333334,0.6666666666666666,5.0,290.41,792.0
CUST-11210,2024-10-07,Growth,Healthcare,United States,North America,1-50,6.0,Monthly,Referral,11.5,265.82,Active,,,3,8.0,2024-12-26,6,3,0,2024-10,6.0,0,44.303333333333335,3189.84,0.10426666666666666,Low (<30% seats used),0.10426666666666666,3.0,8.666666666666666,265.82,797.46
CUST-11211,2024-10-07,Starter,Manufacturing,Australia,Asia Pacific,1-50,1.0,Monthly,Referral,5.4,60.35,Active,,,3,6.0,2024-12-20,1,3,0,2024-10,1.0,0,60.35,724.2,0.3245,Medium (30-45%),0.3245,2.3333333333333335,6.333333333333333,60.35,181.05
CUST-11212,2024-10-09,Growth,Technology,India,Asia Pacific,51-200,15.0,Monthly,Outbound Sales,7.7,453.59,Active,,,3,7.0,2024-12-10,16,3,0,2024-10,15.0,0,30.23933333333333,5443.08,0.6262,High (>45%),0.6262,1.3333333333333333,6.333333333333333,473.8999999999999,1360.77
CUST-11213,2024-10-11,Starter,Technology,United Kingdom,Europe,1-50,13.0,Monthly,Referral,0.0,205.0,Active,,,3,5.0,2024-12-08,14,3,0,2024-10,13.0,0,15.76923076923077,2460.0,0.20820000000000002,Low (<30% seats used),0.20820000000000002,1.3333333333333333,5.0,209.0,615.0
CUST-11214,2024-10-15,Business,Media,India,Asia Pacific,1-50,15.0,Monthly,Outbound Sales,14.6,808.92,Active,,,3,4.0,2024-12-02,17,3,0,2024-10,15.0,0,53.928,9707.039999999999,0.16703333333333334,Low (<30% seats used),0.16703333333333334,0.6666666666666666,4.0,845.36,2426.7599999999998
CUST-11215,2024-10-16,Growth,Technology,Germany,Europe,51-200,9.0,Monthly,Referral,4.8,337.5,Active,,,3,8.0,2024-12-08,9,3,0,2024-10,9.0,0,37.5,4050.0,0.2562,Low (<30% seats used),0.2562,0.3333333333333333,8.0,337.5,1012.5
CUST-11216,2024-10-17,Starter,Retail,Australia,North America,51-200,10.0,Monthly,Organic,3.5,164.8,Active,,,3,6.0,2024-12-19,10,3,0,2024-10,10.0,0,16.48,1977.6000000000001,0.3344333333333333,Medium (30-45%),0.3344333333333333,1.0,6.666666666666667,160.94000000000003,494.40000000000003
CUST-11217,2024-10-18,Starter,Retail,India,Asia Pacific,1-50,1.0,Annual,Referral,0.0,61.0,Active,,,3,6.0,2024-12-14,1,3,0,2024-10,1.0,0,61.0,732.0,0.6905,High (>45%),0.6905,1.3333333333333333,6.0,61.0,183.0
CUST-11218,2024-10-18,Business,Logistics,Australia,Asia Pacific,51-200,27.0,Monthly,Organic,2.8,1238.81,Active,,,3,8.0,2024-12-19,27,3,0,2024-10,27.0,0,45.88185185185185,14865.72,0.09786666666666667,Low (<30% seats used),0.09786666666666667,1.0,7.666666666666667,1249.1766666666665,3716.43
CUST-11219,2024-10-20,Starter,Retail,Spain,Europe,51-200,10.0,Monthly,Partner,16.6,149.08,Active,,,3,9.0,2024-12-15,9,3,0,2024-10,10.0,0,14.908000000000001,1788.96,0.3929666666666667,Medium (30-45%),0.3929666666666667,1.3333333333333333,8.666666666666666,139.07,447.24
CUST-11220,2024-10-21,Starter,Logistics,Mexico,Latin America,51-200,5.0,Monthly,Organic,0.2,108.88,Active,,,3,10.0,2024-12-12,5,3,0,2024-10,5.0,0,21.776,1306.56,0.2530666666666667,Low (<30% seats used),0.2530666666666667,0.0,10.0,108.88,326.64
CUST-11221,2024-10-22,Enterprise,Technology,Germany,Europe,51-200,43.0,Annual,Organic,1.5,2804.97,Active,,,3,4.0,2024-12-11,39,3,0,2024-10,43.0,0,65.23186046511627,33659.64,0.5502333333333334,High (>45%),0.5502333333333334,0.0,4.666666666666667,2731.1,8414.91
CUST-11222,2024-10-24,Starter,Manufacturing,Brazil,Latin America,1-50,1.0,Monthly,Organic,0.0,61.0,Active,,,3,4.0,2024-12-14,1,3,0,2024-10,1.0,0,61.0,732.0,0.23986666666666667,Low (<30% seats used),0.23986666666666667,2.3333333333333335,3.3333333333333335,61.0,183.0
CUST-11223,2024-10-24,Starter,Financial Services,Singapore,Asia Pacific,201-1000,16.0,Annual,Paid Search,19.1,204.33,Active,,,3,10.0,2024-12-09,13,3,0,2024-10,16.0,0,12.770625,2451.96,0.4932666666666667,High (>45%),0.4932666666666667,0.0,10.0,184.91,612.99
CUST-11224,2024-10-24,Starter,Retail,United Kingdom,Europe,51-200,7.0,Annual,Referral,10.5,124.18,Active,,,3,,,8,3,0,2024-10,7.0,0,17.740000000000002,1490.16,0.32926666666666665,Medium (30-45%),0.32926666666666665,2.0,6.333333333333333,131.34,372.54
CUST-11225,2024-10-24,Growth,Technology,Australia,Asia Pacific,201-1000,35.0,Monthly,Organic,6.9,865.87,Active,,,3,8.0,2024-12-26,39,3,0,2024-10,35.0,0,24.739142857142856,10390.44,0.18463333333333334,Low (<30% seats used),0.18463333333333334,0.6666666666666666,7.666666666666667,927.3166666666666,2597.61
CUST-11226,2024-11-02,Starter,Retail,Germany,Europe,201-1000,43.0,Monthly,Paid Search,7.3,527.33,Active,,,2,7.0,2024-12-12,41,2,0,2024-11,43.0,0,12.263488372093024,6327.960000000001,0.53335,High (>45%),0.53335,0.5,7.0,516.205,1054.66
CUST-11227,2024-11-02,Starter,Retail,Brazil,Latin America,1-50,4.0,Monthly,Referral,7.2,93.54,Active,,,2,2.0,,4,2,0,2024-11,4.0,0,23.385,1122.48,0.2973,Low (<30% seats used),0.2973,1.5,2.5,93.54,187.08
CUST-11228,2024-11-02,Starter,Technology,Mexico,Latin America,51-200,13.0,Annual,Organic,0.1,204.84,Active,,,2,7.0,2024-12-01,15,2,0,2024-11,13.0,0,15.756923076923076,2458.08,0.14195000000000002,Low (<30% seats used),0.14195000000000002,2.5,7.0,216.82999999999998,409.68
CUST-11229,2024-11-08,Starter,Retail,Mexico,Latin America,1-50,1.0,Monthly,Organic,3.5,60.58,Active,,,2,7.0,2024-12-04,1,2,0,2024-11,1.0,0,60.58,726.96,0.4201,Medium (30-45%),0.4201,2.0,7.5,60.58,121.16
CUST-11230,2024-11-08,Starter,Logistics,United States,North America,51-200,5.0,Monthly,Partner,13.9,100.66,Active,,,2,,2024-12-09,4,2,0,2024-11,5.0,0,20.131999999999998,1207.92,0.37275,Medium (30-45%),0.37275,1.0,7.0,95.495,201.32
CUST-11231,2024-11-10,Growth,Healthcare,Singapore,Asia Pacific,1-50,12.0,Annual,Organic,5.3,399.01,Active,,,2,,2024-12-13,12,2,0,2024-11,12.0,0,33.25083333333333,4788.12,0.58185,High (>45%),0.58185,1.5,5.0,399.01,798.02
CUST-11232,2024-11-16,Growth,Education,Australia,Asia Pacific,51-200,9.0,Monthly,Partner,17.1,313.14,Active,,,2,9.0,2024-12-27,9,2,0,2024-11,9.0,0,34.79333333333333,3757.68,0.6578999999999999,High (>45%),0.6578999999999999,3.5,9.0,322.26,626.28
CUST-11233,2024-11-16,Starter,Education,Australia,Asia Pacific,201-1000,26.0,Annual,Paid Search,15.5,312.64,Active,,,2,7.0,2024-12-11,26,2,0,2024-11,26.0,0,12.024615384615384,3751.68,0.4193,Medium (30-45%),0.4193,0.0,7.0,302.5,625.28
CUST-11234,2024-11-17,Growth,Logistics,Canada,North America,1-50,2.0,Monthly,Referral,1.3,192.43,Active,,,2,6.0,2024-12-24,2,2,0,2024-11,2.0,0,96.215,2309.16,0.1542,Low (<30% seats used),0.1542,0.0,6.0,192.43,384.86
CUST-11235,2024-11-18,Starter,Retail,India,Asia Pacific,1000+,46.0,Annual,Partner,28.9,441.47,Active,,,2,6.0,2024-12-17,47,2,0,2024-11,46.0,0,9.597173913043479,5297.64,0.26765,Low (<30% seats used),0.26765,1.0,6.0,445.735,882.94
CUST-11236,2024-11-19,Starter,Retail,Germany,Europe,1-50,4.0,Annual,Paid Search,2.4,95.85,Active,,,2,1.0,,4,2,0,2024-11,4.0,0,23.9625,1150.1999999999998,0.4466,Medium (30-45%),0.4466,2.0,1.0,95.85,191.7
CUST-11237,2024-11-20,Growth,Retail,Canada,North America,1-50,7.0,Monthly,Organic,1.1,301.31,Churned,2024-12-01,Poor support experience,1,7.0,2024-11-24,7,1,1,2024-11,7.0,0,43.044285714285714,3615.7200000000003,0.2767,Low (<30% seats used),0.2767,1.0,7.0,301.31,301.31
CUST-11238,2024-11-22,Business,Retail,United States,North America,201-1000,45.0,Monthly,Paid Search,14.4,1631.64,Active,,,2,7.0,2024-12-02,43,2,0,2024-11,45.0,0,36.25866666666667,19579.68,0.127,Low (<30% seats used),0.127,2.5,7.0,1617.945,3263.28
CUST-11239,2024-11-23,Starter,Retail,United States,North America,1000+,34.0,Annual,Events,19.0,379.48,Active,,,2,7.0,2024-12-20,33,2,0,2024-11,34.0,0,11.161176470588236,4553.76,0.15084999999999998,Low (<30% seats used),0.15084999999999998,1.0,6.5,374.62,758.96
CUST-11240,2024-11-28,Business,Technology,United Kingdom,Europe,1-50,4.0,Monthly,Events,9.9,514.33,Active,,,2,7.0,2024-12-10,4,2,0,2024-11,4.0,0,128.5825,6171.960000000001,0.33925,Medium (30-45%),0.33925,0.5,7.0,514.33,1028.66
CUST-11241,2024-12-06,Enterprise,Retail,Australia,Asia Pacific,1-50,10.0,Monthly,Outbound Sales,15.0,1281.5,Active,,,1,7.0,2024-12-19,9,1,0,2024-12,10.0,0,128.15,15378.0,0.5092,High (>45%),0.5092,1.0,7.0,1243.25,1281.5
CUST-11242,2024-12-07,Starter,Retail,United States,North America,1-50,3.0,Monthly,Organic,0.0,85.0,Active,,,1,9.0,2024-12-18,3,1,0,2024-12,3.0,0,28.333333333333332,1020.0,0.4517,High (>45%),0.4517,0.0,9.0,85.0,85.0
CUST-11243,2024-12-07,Enterprise,Media,Mexico,Latin America,1-50,17.0,Monthly,Referral,1.0,1656.35,Active,,,1,9.0,2024-12-13,18,1,0,2024-12,17.0,0,97.43235294117646,19876.199999999997,0.4471,Medium (30-45%),0.4471,1.0,9.0,1700.9,1656.35
CUST-11244,2024-12-08,Starter,Healthcare,United States,North America,51-200,12.0,Annual,Organic,0.0,193.0,Active,,,1,,2024-12-08,13,1,0,2024-12,12.0,0,16.083333333333332,2316.0,0.1032,Low (<30% seats used),0.1032,1.0,5.0,205.0,193.0
CUST-11245,2024-12-08,Starter,Technology,United States,North America,51-200,20.0,Annual,Partner,16.7,248.92,Active,,,1,6.0,2024-12-17,20,1,0,2024-12,20.0,0,12.446,2987.04,0.138,Low (<30% seats used),0.138,2.0,6.0,248.92,248.92
CUST-11246,2024-12-08,Growth,Healthcare,France,Europe,51-200,15.0,Monthly,Organic,3.2,468.44,Active,,,1,7.0,2024-12-04,15,1,0,2024-12,15.0,0,31.229333333333333,5621.28,0.4447,Medium (30-45%),0.4447,1.0,7.0,468.44,468.44
CUST-11247,2024-12-12,Growth,Media,Japan,Asia Pacific,1-50,4.0,Monthly,Organic,0.0,237.0,Active,,,1,6.0,2024-12-04,4,1,0,2024-12,4.0,0,59.25,2844.0,0.3942,Medium (30-45%),0.3942,3.0,6.0,237.0,237.0
CUST-11248,2024-12-18,Growth,Technology,India,Asia Pacific,1-50,5.0,Monthly,Partner,12.8,244.92,Active,,,1,7.0,2024-12-17,5,1,0,2024-12,5.0,0,48.983999999999995,2939.04,0.146,Low (<30% seats used),0.146,0.0,7.0,244.92,244.92
CUST-11249,2024-12-20,Starter,Financial Services,United States,North America,1-50,5.0,Monthly,Paid Search,10.1,102.94,Active,,,1,8.0,2024-12-09,6,1,0,2024-12,5.0,0,20.588,1235.28,0.1248,Low (<30% seats used),0.1248,1.0,8.0,113.73,102.94
CUST-11250,2024-12-28,Growth,Manufacturing,Brazil,Latin America,51-200,8.0,Annual,Outbound Sales,14.9,298.78,Active,,,1,6.0,2024-12-08,7,1,0,2024-12,8.0,0,37.3475,3585.3599999999997,0.2169,Low (<30% seats used),0.2169,4.0,6.0,280.05,298.78
