customer_id,month_start,month_number,year,tenure_month,mrr,seats,active_users,adoption_rate,support_tickets,nps_score,is_active
CUST-10001,2023-01-01,1,2023,0,815.0,13,3,0.2464,1,6,1
CUST-10001,2023-02-01,2,2023,1,815.0,13,3,0.2466,0,6,1
CUST-10001,2023-03-01,3,2023,2,815.0,13,1,0.1144,2,6,1
CUST-10001,2023-04-01,4,2023,3,815.0,13,3,0.2418,1,6,1
CUST-10001,2023-05-01,5,2023,4,783.0,12,2,0.139,4,5,1
CUST-10001,2023-06-01,6,2023,5,815.0,13,2,0.1261,2,6,1
CUST-10001,2023-07-01,7,2023,6,783.0,12,2,0.1173,0,6,1
CUST-10001,2023-08-01,8,2023,7,815.0,13,2,0.1386,1,6,1
CUST-10001,2023-09-01,9,2023,8,847.0,14,0,0.03,4,5,1
CUST-10001,2023-10-01,10,2023,9,879.0,15,1,0.0379,1,6,1
CUST-10001,2023-11-01,11,2023,10,911.0,16,2,0.1308,1,6,1
CUST-10001,2023-12-01,12,2023,11,943.0,17,0,0.03,1,6,1
CUST-10001,2024-01-01,1,2024,12,943.0,17,0,0.03,0,6,1
CUST-10001,2024-02-01,2,2024,13,1007.0,19,1,0.03,2,5,1
CUST-10001,2024-03-01,3,2024,14,1039.0,20,3,0.1578,2,6,1
CUST-10001,2024-04-01,4,2024,15,1039.0,20,2,0.0776,2,6,1
CUST-10001,2024-05-01,5,2024,16,1071.0,21,2,0.1222,2,6,1
CUST-10001,2024-06-01,6,2024,17,1103.0,22,1,0.05,1,6,1
CUST-10001,2024-07-01,7,2024,18,1071.0,21,1,0.0588,2,5,1
CUST-10001,2024-08-01,8,2024,19,1103.0,22,1,0.03,2,5,1
CUST-10001,2024-09-01,9,2024,20,1167.0,24,1,0.03,1,6,1
CUST-10002,2023-01-01,1,2023,0,71.68,2,0,0.0554,3,6,1
CUST-10002,2023-02-01,2,2023,1,71.68,2,0,0.2455,0,8,1
CUST-10002,2023-03-01,3,2023,2,71.68,2,0,0.0818,2,7,1
CUST-10002,2023-04-01,4,2023,3,71.68,2,0,0.03,1,7,1
CUST-10002,2023-05-01,5,2023,4,71.68,2,0,0.03,0,7,1
CUST-10002,2023-06-01,6,2023,5,71.68,2,0,0.03,1,7,1
CUST-10002,2023-07-01,7,2023,6,71.68,2,0,0.03,3,6,1
CUST-10002,2023-08-01,8,2023,7,60.34,1,0,0.03,2,7,1
CUST-10002,2023-09-01,9,2023,8,60.34,1,0,0.03,3,6,1
CUST-10002,2023-10-01,10,2023,9,60.34,1,0,0.03,2,7,1
CUST-10002,2023-11-01,11,2023,10,71.68,2,0,0.03,5,6,1
CUST-10002,2023-12-01,12,2023,11,71.68,2,0,0.03,1,7,1
CUST-10002,2024-01-01,1,2024,12,60.34,1,0,0.03,1,7,1
CUST-10002,2024-02-01,2,2024,13,60.34,1,0,0.03,1,7,1
CUST-10002,2024-03-01,3,2024,14,60.34,1,0,0.03,3,6,1
CUST-10002,2024-04-01,4,2024,15,60.34,1,0,0.03,3,6,1
CUST-10002,2024-05-01,5,2024,16,60.34,1,0,0.03,0,7,1
CUST-10002,2024-06-01,6,2024,17,60.34,1,0,0.03,1,7,1
CUST-10002,2024-07-01,7,2024,18,60.34,1,0,0.03,0,7,1
CUST-10002,2024-08-01,8,2024,19,60.34,1,0,0.03,1,7,1
CUST-10002,2024-09-01,9,2024,20,60.34,1,0,0.03,0,7,1
CUST-10003,2023-01-01,1,2023,0,563.74,6,1,0.1517,3,9,1
CUST-10003,2023-02-01,2,2023,1,563.74,6,2,0.2785,0,10,1
CUST-10003,2023-03-01,3,2023,2,536.28,5,2,0.3717,0,10,1
CUST-10003,2023-04-01,4,2023,3,536.28,5,2,0.2968,0,10,1
CUST-10003,2023-05-01,5,2023,4,536.28,5,2,0.361,3,10,1
CUST-10003,2023-06-01,6,2023,5,508.82,4,2,0.3327,1,10,1
CUST-10003,2023-07-01,7,2023,6,508.82,4,1,0.3363,0,10,1
CUST-10004,2023-01-01,1,2023,0,5135.0,160,77,0.4453,1,8,1
CUST-10004,2023-02-01,2,2023,1,5342.2,167,63,0.3957,0,8,1
CUST-10004,2023-03-01,3,2023,2,5549.4,174,40,0.24,3,7,1
CUST-10004,2023-04-01,4,2023,3,5460.6,171,38,0.2177,5,7,1
CUST-10004,2023-05-01,5,2023,4,5490.2,172,41,0.2425,3,7,1
CUST-10004,2023-06-01,6,2023,5,5638.2,177,25,0.1434,3,7,1
CUST-10004,2023-07-01,7,2023,6,5993.4,189,54,0.3057,1,8,1
CUST-10004,2023-08-01,8,2023,7,6111.8,193,40,0.2105,1,8,1
CUST-10004,2023-09-01,9,2023,8,6555.8,208,31,0.1596,1,8,1
CUST-10004,2023-10-01,10,2023,9,7147.8,228,19,0.0928,1,8,1
CUST-10004,2023-11-01,11,2023,10,6940.6,221,7,0.03,1,7,1
CUST-10004,2023-12-01,12,2023,11,7207.0,230,7,0.03,2,7,1
CUST-10004,2024-01-01,1,2024,12,6911.0,220,12,0.0515,1,7,1
CUST-10004,2024-02-01,2,2024,13,7207.0,230,7,0.03,7,6,1
CUST-10004,2024-03-01,3,2024,14,7621.4,244,7,0.03,1,7,1
CUST-10004,2024-04-01,4,2024,15,7976.6,256,7,0.03,1,7,1
CUST-10004,2024-05-01,5,2024,16,8035.8,258,8,0.03,3,7,1
CUST-10004,2024-06-01,6,2024,17,8095.0,260,8,0.03,2,7,1
CUST-10004,2024-07-01,7,2024,18,8687.0,280,8,0.03,2,7,1
CUST-10004,2024-08-01,8,2024,19,8657.4,279,8,0.03,4,7,1
CUST-10004,2024-09-01,9,2024,20,8065.4,259,8,0.03,4,7,1
CUST-10004,2024-10-01,10,2024,21,8598.2,277,8,0.03,1,7,1
CUST-10004,2024-11-01,11,2024,22,9367.8,303,8,0.03,3,7,1
CUST-10004,2024-12-01,12,2024,23,9012.6,291,9,0.03,3,7,1
CUST-10005,2023-01-01,1,2023,0,2729.11,82,33,0.3743,2,6,1
CUST-10005,2023-02-01,2,2023,1,2899.61,88,33,0.4024,1,7,1
CUST-10005,2023-03-01,3,2023,2,2984.86,91,37,0.4248,2,7,1
CUST-10005,2023-04-01,4,2023,3,2842.78,86,41,0.446,2,7,1
CUST-10005,2023-05-01,5,2023,4,2871.19,87,43,0.5036,1,7,1
CUST-10005,2023-06-01,6,2023,5,3183.77,98,36,0.4153,1,7,1
CUST-10005,2023-07-01,7,2023,6,3269.02,101,47,0.4804,2,7,1
CUST-10005,2023-08-01,8,2023,7,3496.34,109,41,0.4017,1,7,1
CUST-10005,2023-09-01,9,2023,8,3553.18,111,50,0.4637,0,7,1
CUST-10005,2023-10-01,10,2023,9,3553.18,111,62,0.56,2,7,1
CUST-10005,2023-11-01,11,2023,10,3666.84,115,62,0.5564,1,7,1
CUST-10005,2023-12-01,12,2023,11,3638.42,114,68,0.5931,1,7,1
CUST-10005,2024-01-01,1,2024,12,3411.1,106,59,0.5154,1,7,1
CUST-10005,2024-02-01,2,2024,13,3752.09,118,54,0.5046,0,7,1
CUST-10005,2024-03-01,3,2024,14,3808.92,120,60,0.5054,2,7,1
CUST-10005,2024-04-01,4,2024,15,3524.76,110,67,0.5561,2,7,1
CUST-10006,2023-01-01,1,2023,0,211.17,3,2,0.5212,0,7,1
CUST-10006,2023-02-01,2,2023,1,211.17,3,2,0.6469,1,7,1
CUST-10006,2023-03-01,3,2023,2,211.17,3,2,0.5482,0,7,1
CUST-10006,2023-04-01,4,2023,3,211.17,3,2,0.508,1,7,1
CUST-10006,2023-05-01,5,2023,4,211.17,3,2,0.4714,0,7,1
CUST-10006,2023-06-01,6,2023,5,211.17,3,1,0.3251,0,6,1
CUST-10006,2023-07-01,7,2023,6,211.17,3,1,0.364,0,7,1
CUST-10006,2023-08-01,8,2023,7,211.17,3,1,0.2759,0,6,1
CUST-10006,2023-09-01,9,2023,8,211.17,3,1,0.3764,1,6,1
CUST-10006,2023-10-01,10,2023,9,211.17,3,1,0.283,0,6,1
CUST-10006,2023-11-01,11,2023,10,211.17,3,0,0.0969,0,6,1
CUST-10006,2023-12-01,12,2023,11,211.17,3,0,0.0832,0,6,1
CUST-10006,2024-01-01,1,2024,12,211.17,3,0,0.1836,1,6,1
CUST-10006,2024-02-01,2,2024,13,211.17,3,0,0.0382,0,6,1
CUST-10006,2024-03-01,3,2024,14,211.17,3,0,0.1377,0,6,1
CUST-10006,2024-04-01,4,2024,15,211.17,3,0,0.0725,1,6,1
CUST-10006,2024-05-01,5,2024,16,211.17,3,0,0.0778,3,5,1
CUST-10006,2024-06-01,6,2024,17,211.17,3,0,0.03,0,6,1
CUST-10006,2024-07-01,7,2024,18,211.17,3,0,0.03,1,6,1
CUST-10006,2024-08-01,8,2024,19,211.17,3,0,0.03,2,5,1
CUST-10006,2024-09-01,9,2024,20,211.17,3,0,0.03,1,6,1
CUST-10006,2024-10-01,10,2024,21,211.17,3,0,0.03,0,6,1
CUST-10006,2024-11-01,11,2024,22,211.17,3,0,0.03,1,6,1
CUST-10006,2024-12-01,12,2024,23,211.17,3,0,0.03,1,6,1
CUST-10007,2023-01-01,1,2023,0,303.0,7,5,0.6487,2,10,1
CUST-10007,2023-02-01,2,2023,1,325.0,8,5,0.6827,1,10,1
CUST-10007,2023-03-01,3,2023,2,325.0,8,5,0.6756,0,10,1
CUST-10007,2023-04-01,4,2023,3,325.0,8,6,0.7185,2,10,1
CUST-10007,2023-05-01,5,2023,4,325.0,8,4,0.5359,1,10,1
CUST-10007,2023-06-01,6,2023,5,325.0,8,6,0.6848,0,10,1
CUST-10007,2023-07-01,7,2023,6,325.0,8,6,0.7572,0,10,1
CUST-10007,2023-08-01,8,2023,7,325.0,8,6,0.7448,1,10,1
CUST-10007,2023-09-01,9,2023,8,325.0,8,6,0.7385,2,10,1
CUST-10007,2023-10-01,10,2023,9,325.0,8,5,0.558,0,10,1
CUST-10007,2023-11-01,11,2023,10,303.0,7,5,0.6377,4,9,1
CUST-10007,2023-12-01,12,2023,11,303.0,7,5,0.6744,1,10,1
CUST-10007,2024-01-01,1,2024,12,303.0,7,5,0.7336,0,10,1
CUST-10007,2024-02-01,2,2024,13,281.0,6,5,0.8148,1,10,1
CUST-10007,2024-03-01,3,2024,14,281.0,6,4,0.7048,0,10,1
CUST-10007,2024-04-01,4,2024,15,281.0,6,4,0.6971,1,10,1
CUST-10007,2024-05-01,5,2024,16,259.0,5,5,0.7939,0,10,1
CUST-10007,2024-06-01,6,2024,17,281.0,6,3,0.6298,0,10,1
CUST-10007,2024-07-01,7,2024,18,281.0,6,5,0.7626,1,10,1
CUST-10007,2024-08-01,8,2024,19,281.0,6,4,0.6639,2,10,1
CUST-10007,2024-09-01,9,2024,20,281.0,6,4,0.6771,0,10,1
CUST-10007,2024-10-01,10,2024,21,281.0,6,5,0.7725,1,10,1
CUST-10007,2024-11-01,11,2024,22,281.0,6,5,0.7587,2,10,1
CUST-10007,2024-12-01,12,2024,23,259.0,5,5,0.8763,2,10,1
CUST-10008,2023-01-01,1,2023,0,76.94,3,1,0.313,1,7,1
CUST-10008,2023-02-01,2,2023,1,76.94,3,0,0.1366,5,5,1
CUST-10008,2023-03-01,3,2023,2,76.94,3,0,0.1083,2,6,1
CUST-10008,2023-04-01,4,2023,3,76.94,3,1,0.2287,1,6,1
CUST-10008,2023-05-01,5,2023,4,76.94,3,1,22.7,2,6,1
CUST-10008,2023-06-01,6,2023,5,76.94,3,1,0.2154,3,6,1
CUST-10008,2023-07-01,7,2023,6,76.94,3,0,0.1433,3,6,1
CUST-10008,2023-08-01,8,2023,7,76.94,3,0,0.1498,1,6,1
CUST-10008,2023-09-01,9,2023,8,76.94,3,1,0.1868,1,6,1
CUST-10008,2023-10-01,10,2023,9,76.94,3,1,0.28,0,7,1
CUST-10008,2023-11-01,11,2023,10,76.94,3,1,0.2221,0,7,1
CUST-10008,2023-12-01,12,2023,11,76.94,3,0,0.03,4,5,1
CUST-10008,2024-01-01,1,2024,12,67.62,2,1,0.2218,3,6,1
CUST-10008,2024-02-01,2,2024,13,67.62,2,0,0.03,1,6,1
CUST-10008,2024-03-01,3,2024,14,67.62,2,0,0.1253,1,6,1
CUST-10008,2024-04-01,4,2024,15,67.62,2,1,0.2929,1,7,1
CUST-10008,2024-05-01,5,2024,16,67.62,2,0,0.0436,0,6,1
CUST-10008,2024-06-01,6,2024,17,67.62,2,0,0.0631,1,6,1
CUST-10008,2024-07-01,7,2024,18,67.62,2,0,0.1947,1,6,1
CUST-10008,2024-08-01,8,2024,19,67.62,2,0,0.161,0,7,1
CUST-10008,2024-09-01,9,2024,20,67.62,2,0,0.1382,0,6,1
CUST-10009,2023-01-01,1,2023,0,1926.12,25,15,0.6132,0,10,1
CUST-10009,2023-02-01,2,2023,1,1885.04,24,12,0.4965,1,10,1
CUST-10009,2023-03-01,3,2023,2,1843.95,23,10,0.4217,2,9,1
CUST-10009,2023-04-01,4,2023,3,1802.87,22,14,0.5995,0,10,1
CUST-10009,2023-05-01,5,2023,4,1843.95,23,12,0.5423,0,10,1
CUST-10009,2023-06-01,6,2023,5,1802.87,22,12,0.5111,2,9,1
CUST-10009,2023-07-01,7,2023,6,1802.87,22,11,0.495,1,10,1
CUST-10009,2023-08-01,8,2023,7,1761.79,21,11,0.4909,1,10,1
CUST-10009,2023-09-01,9,2023,8,1802.87,22,9,0.4281,1,9,1
CUST-10009,2023-10-01,10,2023,9,1843.95,23,8,0.3751,1,9,1
CUST-10009,2023-11-01,11,2023,10,1843.95,23,8,0.3633,0,9,1
CUST-10009,2023-12-01,12,2023,11,1967.21,26,9,0.4136,1,9,1
CUST-10009,2024-01-01,1,2024,12,1967.21,26,10,0.3922,0,9,1
CUST-10009,2024-02-01,2,2024,13,1926.12,25,13,0.4867,1,9,1
CUST-10009,2024-03-01,3,2024,14,1967.21,26,8,0.3323,1,9,1
CUST-10009,2024-04-01,4,2024,15,2049.38,28,13,0.5017,1,10,1
CUST-10009,2024-05-01,5,2024,16,2131.55,30,9,0.332,0,9,1
CUST-10009,2024-06-01,6,2024,17,2172.64,31,12,0.4005,2,9,1
CUST-10009,2024-07-01,7,2024,18,2131.55,30,13,0.4302,3,9,1
CUST-10009,2024-08-01,8,2024,19,2090.47,29,15,0.4951,0,10,1
CUST-10009,2024-09-01,9,2024,20,2172.64,31,12,0.4202,0,10,1
CUST-10009,2024-10-01,10,2024,21,2254.81,33,15,0.4704,3,9,1
CUST-10009,2024-11-01,11,2024,22,2254.81,33,13,0.4025,3,9,1
CUST-10009,2024-12-01,12,2024,23,2213.72,32,10,0.3153,0,9,1
CUST-10010,2023-01-01,1,2023,0,788.38,13,1,0.0986,0,7,1
CUST-10010,2023-02-01,2,2023,1,788.38,13,2,0.1662,2,6,1
CUST-10010,2023-03-01,3,2023,2,818.33,14,1,0.0846,2,6,1
CUST-10010,2023-04-01,4,2023,3,848.28,15,2,0.1322,2,6,1
CUST-10010,2023-05-01,5,2023,4,848.28,15,3,0.1772,0,7,1
CUST-10010,2023-06-01,6,2023,5,818.33,14,2,0.103,2,6,1
CUST-10010,2023-07-01,7,2023,6,818.33,14,2,0.146,0,7,1
CUST-10011,2023-01-01,1,2023,0,391.0,11,2,0.1925,1,4,1
CUST-10011,2023-02-01,2,2023,1,413.0,12,4,0.3311,0,5,1
CUST-10011,2023-03-01,3,2023,2,413.0,12,1,0.0511,0,4,1
CUST-10011,2023-04-01,4,2023,3,413.0,12,2,0.1578,3,4,1
CUST-10011,2023-05-01,5,2023,4,413.0,12,2,0.1622,1,4,1
CUST-10011,2023-06-01,6,2023,5,435.0,13,2,0.1373,1,4,1
CUST-10011,2023-07-01,7,2023,6,435.0,13,3,0.2461,3,4,1
CUST-10011,2023-08-01,8,2023,7,457.0,14,3,0.2122,3,4,1
CUST-10011,2023-09-01,9,2023,8,457.0,14,0,0.0322,5,3,1
CUST-10011,2023-10-01,10,2023,9,457.0,14,2,0.1153,3,4,1
CUST-10011,2023-11-01,11,2023,10,457.0,14,3,0.1834,2,4,1
CUST-10011,2023-12-01,12,2023,11,457.0,14,2,0.1641,0,5,1
CUST-10011,2024-01-01,1,2024,12,435.0,13,2,0.1406,2,4,1
CUST-10011,2024-02-01,2,2024,13,457.0,14,1,0.0395,1,4,1
CUST-10011,2024-03-01,3,2024,14,501.0,16,1,0.0773,4,3,1
CUST-10011,2024-04-01,4,2024,15,545.0,18,0,0.03,2,4,1
CUST-10011,2024-05-01,5,2024,16,567.0,19,1,0.044,5,3,1
CUST-10011,2024-06-01,6,2024,17,589.0,20,3,0.1719,1,4,1
CUST-10011,2024-07-01,7,2024,18,545.0,18,2,0.119,2,4,1
CUST-10011,2024-08-01,8,2024,19,589.0,20,1,0.0647,5,3,1
CUST-10011,2024-09-01,9,2024,20,589.0,20,1,0.03,1,4,1
CUST-10011,2024-10-01,10,2024,21,589.0,20,1,0.03,1,4,1
CUST-10011,2024-11-01,11,2024,22,589.0,20,2,0.0977,3,4,1
CUST-10011,2024-12-01,12,2024,23,545.0,18,1,0.03,1,4,1
CUST-10012,2023-01-01,1,2023,0,1726.36,145,93,0.5942,0,8,1
CUST-10012,2023-02-01,2,2023,1,1645.38,138,120,0.8313,0,9,1
CUST-10012,2023-03-01,3,2023,2,1680.09,141,99,0.7141,0,8,1
CUST-10012,2023-04-01,4,2023,3,1460.3,122,96,0.6816,0,8,1
CUST-10012,2023-05-01,5,2023,4,1356.18,113,76,0.6186,0,8,1
CUST-10012,2023-06-01,6,2023,5,1356.18,113,39,0.3438,0,7,1
CUST-10012,2023-07-01,7,2023,6,1356.18,113,57,0.5056,0,8,1
CUST-10012,2023-08-01,8,2023,7,1240.5,103,59,0.523,0,8,1
CUST-10012,2023-09-01,9,2023,8,1217.37,101,49,0.4734,0,8,1
CUST-10012,2023-10-01,10,2023,9,1252.07,104,24,0.2416,0,7,1
CUST-10012,2023-11-01,11,2023,10,1182.66,98,34,0.3317,0,7,1
CUST-10012,2023-12-01,12,2023,11,1078.55,89,15,0.1499,0,7,1
CUST-10012,2024-01-01,1,2024,12,1020.71,84,15,0.1713,0,7,1
CUST-10012,2024-02-01,2,2024,13,928.17,76,12,0.1399,0,7,1
CUST-10012,2024-03-01,3,2024,14,928.17,76,6,0.0798,0,7,1
CUST-10012,2024-04-01,4,2024,15,905.03,74,4,0.0473,0,7,1
CUST-10013,2023-01-01,1,2023,0,2575.51,78,13,0.1629,3,5,1
CUST-10013,2023-02-01,2,2023,1,2491.8,75,3,0.0406,0,6,1
CUST-10013,2023-03-01,3,2023,2,2547.61,77,16,0.2142,1,6,1
CUST-10013,2023-04-01,4,2023,3,2603.42,79,11,0.1444,1,6,1
CUST-10013,2023-05-01,5,2023,4,2547.61,77,5,0.0662,0,6,1
CUST-10013,2023-06-01,6,2023,5,2575.51,78,11,0.1399,1,6,1
CUST-10013,2023-07-01,7,2023,6,2687.13,82,2,0.03,0,6,1
CUST-10013,2023-08-01,8,2023,7,2603.42,79,3,0.0343,1,5,1
CUST-10013,2023-09-01,9,2023,8,2603.42,79,4,0.0474,1,6,1
CUST-10013,2023-10-01,10,2023,9,2659.22,81,2,0.03,2,5,1
CUST-10013,2023-11-01,11,2023,10,2715.03,83,2,0.03,3,5,1
CUST-10013,2023-12-01,12,2023,11,2742.94,84,4,0.0475,1,6,1
CUST-10013,2024-01-01,1,2024,12,2798.74,86,3,0.03,0,6,1
CUST-10013,2024-02-01,2,2024,13,2826.65,87,3,0.03,1,5,1
CUST-10013,2024-03-01,3,2024,14,2687.13,82,3,0.03,0,6,1
CUST-10013,2024-04-01,4,2024,15,2715.03,83,2,0.03,2,5,1
CUST-10013,2024-05-01,5,2024,16,2603.42,79,2,0.03,1,5,1
CUST-10013,2024-06-01,6,2024,17,2631.32,80,2,0.03,2,5,1
CUST-10013,2024-07-01,7,2024,18,2547.61,77,2,0.03,2,5,1
CUST-10013,2024-08-01,8,2024,19,2575.51,78,2,0.03,2,5,1
CUST-10013,2024-09-01,9,2024,20,2659.22,81,2,0.03,2,5,1
CUST-10013,2024-10-01,10,2024,21,2770.84,85,2,0.03,1,5,1
CUST-10013,2024-11-01,11,2024,22,2770.84,85,3,0.03,2,5,1
CUST-10013,2024-12-01,12,2024,23,2854.55,88,3,0.03,1,5,1
CUST-10014,2023-01-01,1,2023,0,709.72,10,5,0.5075,1,8,1
CUST-10014,2023-02-01,2,2023,1,709.72,10,4,0.4626,0,8,1
CUST-10014,2023-03-01,3,2023,2,709.72,10,4,0.3885,1,7,1
CUST-10014,2023-04-01,4,2023,3,709.72,10,4,0.3885,3,7,1
CUST-10014,2023-05-01,5,2023,4,709.72,10,4,0.4409,0,8,1
CUST-10014,2023-06-01,6,2023,5,709.72,10,5,0.4463,2,7,1
CUST-10014,2023-07-01,7,2023,6,709.72,10,4,0.4112,1,7,1
CUST-10014,2023-08-01,8,2023,7,709.72,10,4,0.4373,1,7,1
CUST-10014,2023-09-01,9,2023,8,740.79,11,4,0.4281,0,8,1
CUST-10014,2023-10-01,10,2023,9,740.79,11,4,0.388,1,7,1
CUST-10014,2023-11-01,11,2023,10,771.86,12,4,0.3743,0,7,1
CUST-10014,2023-12-01,12,2023,11,802.94,13,4,0.2862,2,7,1
CUST-10014,2024-01-01,1,2024,12,834.01,14,5,0.3577,1,7,1
CUST-10014,2024-02-01,2,2024,13,834.01,14,7,0.4762,1,7,1
CUST-10014,2024-03-01,3,2024,14,834.01,14,6,0.3955,0,8,1
CUST-10014,2024-04-01,4,2024,15,865.08,15,5,0.3204,2,7,1
CUST-10014,2024-05-01,5,2024,16,865.08,15,5,0.3245,4,6,1
CUST-10014,2024-06-01,6,2024,17,896.15,16,5,32.3,3,7,1
CUST-10014,2024-07-01,7,2024,18,896.15,16,4,0.2393,0,7,1
CUST-10014,2024-08-01,8,2024,19,865.08,15,4,0.2336,2,7,1
CUST-10014,2024-09-01,9,2024,20,896.15,16,3,0.2174,1,7,1
CUST-10014,2024-10-01,10,2024,21,896.15,16,6,0.3781,2,7,1
CUST-10014,2024-11-01,11,2024,22,834.01,14,5,0.2913,5,6,1
CUST-10014,2024-12-01,12,2024,23,834.01,14,3,0.2416,3,6,1
CUST-10015,2023-01-01,1,2023,0,964.38,86,60,0.6069,2,9,1
CUST-10015,2023-02-01,2,2023,1,879.23,78,57,0.6629,0,9,1
CUST-10015,2023-03-01,3,2023,2,868.59,77,49,0.6241,1,9,1
CUST-10015,2023-04-01,4,2023,3,836.66,74,36,0.4686,0,9,1
CUST-10015,2023-05-01,5,2023,4,762.15,67,31,0.4153,2,8,1
CUST-10015,2023-06-01,6,2023,5,815.37,72,31,0.4687,0,9,1
CUST-10015,2023-07-01,7,2023,6,815.37,72,21,0.2972,1,8,1
CUST-10015,2023-08-01,8,2023,7,804.72,71,24,0.3272,0,8,1
CUST-10015,2023-09-01,9,2023,8,772.79,68,23,0.329,1,8,1
CUST-10015,2023-10-01,10,2023,9,751.5,66,10,0.1519,1,8,1
CUST-10016,2023-01-01,1,2023,0,450.28,38,9,0.2079,5,3,1
CUST-10016,2023-02-01,2,2023,1,450.28,38,9,0.2435,1,4,1
CUST-10016,2023-03-01,3,2023,2,460.84,39,14,0.382,2,4,1
CUST-10016,2023-04-01,4,2023,3,450.28,38,10,0.2655,5,3,1
CUST-10016,2023-05-01,5,2023,4,450.28,38,12,0.3038,1,4,1
CUST-10016,2023-06-01,6,2023,5,471.4,40,5,0.1265,2,4,1
CUST-10016,2023-07-01,7,2023,6,439.72,37,11,0.262,0,4,1
CUST-10016,2023-08-01,8,2023,7,471.4,40,4,0.1037,2,4,1
CUST-10016,2023-09-01,9,2023,8,481.96,41,12,0.3123,1,4,1
CUST-10016,2023-10-01,10,2023,9,503.08,43,7,0.1761,1,4,1
CUST-10016,2023-11-01,11,2023,10,471.4,40,4,0.0827,1,4,1
CUST-10016,2023-12-01,12,2023,11,450.28,38,3,8.3,5,3,1
CUST-10016,2024-01-01,1,2024,12,439.72,37,7,0.1806,2,4,1
CUST-10016,2024-02-01,2,2024,13,386.92,32,4,0.0978,3,3,1
CUST-10017,2023-01-01,1,2023,0,1215.0,30,6,0.1875,0,9,1
CUST-10017,2023-02-01,2,2023,1,1242.2,31,6,0.196,1,8,1
CUST-10017,2023-03-01,3,2023,2,1242.2,31,4,0.1131,2,8,1
CUST-10017,2023-04-01,4,2023,3,1296.6,33,8,0.2447,1,9,1
CUST-10017,2023-05-01,5,2023,4,1323.8,34,6,0.1793,0,9,1
CUST-10017,2023-06-01,6,2023,5,1405.4,37,5,0.1338,1,8,1
CUST-10017,2023-07-01,7,2023,6,1459.8,39,1,0.03,3,8,1
CUST-10017,2023-08-01,8,2023,7,1541.4,42,1,0.03,0,8,1
CUST-10018,2023-01-01,1,2023,0,442.92,16,5,0.3312,4,4,1
CUST-10018,2023-02-01,2,2023,1,442.92,16,7,0.4169,1,5,1
CUST-10018,2023-03-01,3,2023,2,442.92,16,5,0.3133,1,5,1
CUST-10018,2023-04-01,4,2023,3,424.55,15,8,49.1,1,5,1
CUST-10018,2023-05-01,5,2023,4,406.18,14,6,0.408,1,5,1
CUST-10018,2023-06-01,6,2023,5,387.81,13,8,0.536,0,6,1
CUST-10018,2023-07-01,7,2023,6,387.81,13,4,0.3215,2,5,1
CUST-10018,2023-08-01,8,2023,7,387.81,13,4,0.3298,2,5,1
CUST-10018,2023-09-01,9,2023,8,369.44,12,4,0.3249,0,5,1
CUST-10018,2023-10-01,10,2023,9,369.44,12,5,0.3872,1,5,1
CUST-10018,2023-11-01,11,2023,10,369.44,12,4,0.3354,1,5,1
CUST-10019,2023-01-01,1,2023,0,702.04,10,2,0.1818,2,3,1
CUST-10019,2023-02-01,2,2023,1,702.04,10,1,0.1365,0,3,1
CUST-10019,2023-03-01,3,2023,2,702.04,10,2,0.219,1,3,1
CUST-10019,2023-04-01,4,2023,3,732.34,11,1,0.1409,2,3,1
CUST-10019,2023-05-01,5,2023,4,762.65,12,2,0.2125,2,3,1
CUST-10019,2023-06-01,6,2023,5,792.95,13,3,0.2328,5,3,1
CUST-10019,2023-07-01,7,2023,6,792.95,13,3,0.2463,2,3,1
CUST-10019,2023-08-01,8,2023,7,762.65,12,4,0.3459,3,3,1
CUST-10019,2023-09-01,9,2023,8,792.95,13,4,0.2999,0,4,1
CUST-10019,2023-10-01,10,2023,9,823.26,14,3,0.2314,2,3,1
CUST-10019,2023-11-01,11,2023,10,823.26,14,3,0.1947,4,3,1
CUST-10019,2023-12-01,12,2023,11,823.26,14,4,0.2925,0,4,1
CUST-10019,2024-01-01,1,2024,12,853.56,15,4,0.3065,0,4,1
CUST-10019,2024-02-01,2,2024,13,853.56,15,4,0.2671,0,4,1
CUST-10019,2024-03-01,3,2024,14,883.86,16,3,0.21,1,3,1
CUST-10019,2024-04-01,4,2024,15,853.56,15,4,0.2739,2,3,1
CUST-10019,2024-05-01,5,2024,16,883.86,16,7,0.436,2,4,1
CUST-10019,2024-06-01,6,2024,17,883.86,16,6,0.3631,2,3,1
CUST-10019,2024-07-01,7,2024,18,883.86,16,6,0.3951,1,4,1
CUST-10019,2024-08-01,8,2024,19,883.86,16,7,0.421,0,4,1
CUST-10019,2024-09-01,9,2024,20,883.86,16,6,0.3771,0,4,1
CUST-10019,2024-10-01,10,2024,21,883.86,16,7,0.4533,0,4,1
CUST-10019,2024-11-01,11,2024,22,914.17,17,7,0.4472,0,4,1
CUST-10019,2024-12-01,12,2024,23,944.47,18,7,0.3765,2,4,1
CUST-10020,2023-01-01,1,2023,0,192.36,13,7,0.4942,0,10,1
CUST-10020,2023-02-01,2,2023,1,203.39,14,6,0.4413,0,10,1
CUST-10020,2023-03-01,3,2023,2,192.36,13,4,0.2597,0,9,1
CUST-10020,2023-04-01,4,2023,3,192.36,13,4,0.3299,0,10,1
CUST-10020,2023-05-01,5,2023,4,181.34,12,4,0.3511,0,10,1
CUST-10020,2023-06-01,6,2023,5,181.34,12,1,0.1136,0,9,1
CUST-10020,2023-07-01,7,2023,6,181.34,12,3,0.2159,0,9,1
CUST-10020,2023-08-01,8,2023,7,181.34,12,2,0.1631,0,9,1
CUST-10020,2023-09-01,9,2023,8,181.34,12,2,0.1417,0,9,1
CUST-10020,2023-10-01,10,2023,9,170.31,11,0,0.03,0,9,1
CUST-10020,2023-11-01,11,2023,10,170.31,11,0,0.03,0,9,1
CUST-10020,2023-12-01,12,2023,11,170.31,11,0,0.03,0,9,1
CUST-10020,2024-01-01,1,2024,12,159.28,10,0,0.03,0,9,1
CUST-10020,2024-02-01,2,2024,13,170.31,11,0,0.03,0,9,1
CUST-10021,2023-01-01,1,2023,0,667.7,9,1,0.0777,2,3,1
CUST-10021,2023-02-01,2,2023,1,667.7,9,0,0.052,0,3,1
CUST-10021,2023-03-01,3,2023,2,667.7,9,1,0.1505,0,4,1
CUST-10021,2023-04-01,4,2023,3,667.7,9,2,0.1798,3,3,1
CUST-10021,2023-05-01,5,2023,4,667.7,9,1,0.094,1,3,1
CUST-10021,2023-06-01,6,2023,5,637.85,8,3,0.346,2,4,1
CUST-10021,2023-07-01,7,2023,6,637.85,8,3,0.3064,2,4,1
CUST-10021,2023-08-01,8,2023,7,637.85,8,3,0.3147,3,3,1
CUST-10021,2023-09-01,9,2023,8,667.7,9,3,0.4098,2,4,1
CUST-10021,2023-10-01,10,2023,9,667.7,9,3,0.3521,4,3,1
CUST-10021,2023-11-01,11,2023,10,667.7,9,3,0.3854,0,4,1
CUST-10021,2023-12-01,12,2023,11,637.85,8,5,0.6165,0,5,1
CUST-10021,2024-01-01,1,2024,12,637.85,8,4,0.46,0,4,1
CUST-10021,2024-02-01,2,2024,13,637.85,8,4,0.4859,0,4,1
CUST-10021,2024-03-01,3,2024,14,637.85,8,4,0.5894,0,5,1
CUST-10021,2024-04-01,4,2024,15,667.7,9,5,0.6196,0,5,1
CUST-10021,2024-05-01,5,2024,16,637.85,8,4,0.4924,1,4,1
CUST-10021,2024-06-01,6,2024,17,637.85,8,5,0.5959,0,5,1
CUST-10021,2024-07-01,7,2024,18,637.85,8,7,0.7952,1,5,1
CUST-10021,2024-08-01,8,2024,19,637.85,8,5,0.6545,2,4,1
CUST-10021,2024-09-01,9,2024,20,607.99,7,5,0.695,1,5,1
CUST-10021,2024-10-01,10,2024,21,607.99,7,6,0.7753,0,5,1
CUST-10021,2024-11-01,11,2024,22,637.85,8,6,0.8689,2,5,1
CUST-10021,2024-12-01,12,2024,23,637.85,8,7,0.8945,1,5,1
CUST-10022,2023-01-01,1,2023,0,1056.16,110,31,0.2862,0,3,1
CUST-10022,2023-02-01,2,2023,1,973.76,101,56,0.5098,4,3,1
CUST-10022,2023-03-01,3,2023,2,946.29,98,40,0.396,2,3,1
CUST-10022,2023-04-01,4,2023,3,863.88,89,31,0.3199,2,3,1
CUST-10022,2023-05-01,5,2023,4,891.35,92,43,0.4814,1,4,1
CUST-10022,2023-06-01,6,2023,5,909.66,94,30,0.3293,2,3,1
CUST-10022,2023-07-01,7,2023,6,891.35,92,44,0.4728,2,4,1
CUST-10022,2023-08-01,8,2023,7,900.51,93,26,0.2788,3,3,1
CUST-10022,2023-09-01,9,2023,8,937.13,97,45,0.4813,1,4,1
CUST-10022,2023-10-01,10,2023,9,918.82,95,38,0.389,2,3,1
CUST-10022,2023-11-01,11,2023,10,909.66,94,48,0.5075,0,4,1
CUST-10022,2023-12-01,12,2023,11,927.98,96,35,0.3743,2,3,1
CUST-10022,2024-01-01,1,2024,12,937.13,97,33,0.339,1,3,1
CUST-10022,2024-02-01,2,2024,13,955.44,99,36,0.3761,1,3,1
CUST-10022,2024-03-01,3,2024,14,1037.85,108,40,0.3989,0,4,1
CUST-10022,2024-04-01,4,2024,15,1056.16,110,38,0.3503,1,3,1
CUST-10022,2024-05-01,5,2024,16,1175.19,123,43,0.3902,1,4,1
CUST-10022,2024-06-01,6,2024,17,1166.03,122,49,0.4001,1,4,1
CUST-10022,2024-07-01,7,2024,18,1202.66,126,44,0.3636,1,3,1
CUST-10022,2024-08-01,8,2024,19,1211.81,127,43,0.3433,2,3,1
CUST-10022,2024-09-01,9,2024,20,1202.66,126,56,0.4439,2,3,1
CUST-10022,2024-10-01,10,2024,21,1129.41,118,55,0.4355,3,3,1
CUST-10022,2024-11-01,11,2024,22,1129.41,118,48,0.4054,3,3,1
CUST-10022,2024-12-01,12,2024,23,1129.41,118,36,0.3085,3,3,1
CUST-10023,2023-01-01,1,2023,0,247.56,5,3,0.5383,0,7,1
CUST-10023,2023-02-01,2,2023,1,247.56,5,2,0.4636,1,6,1
CUST-10023,2023-03-01,3,2023,2,247.56,5,3,0.5592,0,7,1
CUST-10023,2023-04-01,4,2023,3,247.56,5,2,0.4057,1,6,1
CUST-10023,2023-05-01,5,2023,4,227.85,4,3,0.6346,0,7,1
CUST-10023,2023-06-01,6,2023,5,227.85,4,3,0.6316,1,7,1
CUST-10023,2023-07-01,7,2023,6,227.85,4,2,0.4968,3,6,1
CUST-10023,2023-08-01,8,2023,7,227.85,4,2,0.6287,1,7,1
CUST-10023,2023-09-01,9,2023,8,227.85,4,2,0.5897,0,7,1
CUST-10023,2023-10-01,10,2023,9,227.85,4,2,0.5874,0,7,1
CUST-10023,2023-11-01,11,2023,10,227.85,4,2,0.5665,0,7,1
CUST-10023,2023-12-01,12,2023,11,227.85,4,3,0.7849,0,7,1
CUST-10023,2024-01-01,1,2024,12,208.14,3,3,0.7978,0,7,1
CUST-10023,2024-02-01,2,2024,13,208.14,3,3,0.8915,1,7,1
CUST-10023,2024-03-01,3,2024,14,208.14,3,3,0.7585,0,7,1
CUST-10023,2024-04-01,4,2024,15,208.14,3,2,0.7246,0,7,1
CUST-10023,2024-05-01,5,2024,16,208.14,3,2,0.686,2,6,1
CUST-10023,2024-06-01,6,2024,17,208.14,3,2,0.7954,0,7,1
CUST-10023,2024-07-01,7,2024,18,208.14,3,2,0.7901,0,7,1
CUST-10023,2024-08-01,8,2024,19,208.14,3,2,0.7253,0,7,1
CUST-10023,2024-09-01,9,2024,20,208.14,3,2,86.3,1,7,1
CUST-10023,2024-10-01,10,2024,21,208.14,3,3,1.0,0,8,1
CUST-10023,2024-11-01,11,2024,22,208.14,3,3,0.9764,0,8,1
CUST-10023,2024-12-01,12,2024,23,208.14,3,3,1.0,0,8,1
CUST-10024,2023-01-01,1,2023,0,3239.0,52,17,0.3205,1,7,1
CUST-10024,2023-02-01,2,2023,1,3329.0,54,14,0.2747,0,8,1
CUST-10024,2023-03-01,3,2023,2,3104.0,49,5,0.1019,0,7,1
CUST-10024,2023-04-01,4,2023,3,3284.0,53,13,0.2642,0,7,1
CUST-10024,2023-05-01,5,2023,4,3284.0,53,11,0.2036,0,7,1
CUST-10024,2023-06-01,6,2023,5,3374.0,55,5,0.0902,0,7,1
CUST-10024,2023-07-01,7,2023,6,3554.0,59,13,0.2327,1,7,1
CUST-10024,2023-08-01,8,2023,7,3869.0,66,3,0.0522,1,7,1
CUST-10024,2023-09-01,9,2023,8,3779.0,64,13,0.2052,0,7,1
CUST-10024,2023-10-01,10,2023,9,3959.0,68,12,0.1909,1,7,1
CUST-10024,2023-11-01,11,2023,10,4274.0,75,2,0.03,1,7,1
CUST-10024,2023-12-01,12,2023,11,4139.0,72,11,0.1516,2,7,1
CUST-10024,2024-01-01,1,2024,12,4049.0,70,8,0.1063,1,7,1
CUST-10024,2024-02-01,2,2024,13,4274.0,75,2,0.03,1,7,1
CUST-10024,2024-03-01,3,2024,14,4139.0,72,2,0.03,0,7,1
CUST-10024,2024-04-01,4,2024,15,4319.0,76,2,0.03,0,7,1
CUST-10024,2024-05-01,5,2024,16,4274.0,75,6,0.0771,1,7,1
CUST-10024,2024-06-01,6,2024,17,4409.0,78,11,0.1425,0,7,1
CUST-10024,2024-07-01,7,2024,18,4499.0,80,2,0.03,2,6,1
CUST-10024,2024-08-01,8,2024,19,4544.0,81,2,0.03,1,7,1
CUST-10024,2024-09-01,9,2024,20,4589.0,82,5,0.0649,0,7,1
CUST-10024,2024-10-01,10,2024,21,5039.0,92,2,0.03,0,7,1
CUST-10024,2024-11-01,11,2024,22,5264.0,97,3,0.03,2,6,1
CUST-10024,2024-12-01,12,2024,23,5174.0,95,3,0.03,0,7,1
CUST-10025,2023-01-01,1,2023,0,4024.25,75,35,0.431,0,7,1
CUST-10025,2023-02-01,2,2023,1,3899.24,72,41,0.5435,0,7,1
CUST-10025,2023-03-01,3,2023,2,3690.89,67,32,0.4493,2,7,1
CUST-10025,2023-04-01,4,2023,3,3482.54,62,28,0.4172,1,7,1
CUST-10025,2023-05-01,5,2023,4,3399.2,60,37,0.5924,0,7,1
CUST-10025,2023-06-01,6,2023,5,3190.85,55,27,0.4465,1,7,1
CUST-10025,2023-07-01,7,2023,6,3107.51,53,25,0.4523,1,7,1
CUST-10026,2023-01-01,1,2023,0,12833.24,490,446,0.8683,0,8,1
CUST-10026,2023-02-01,2,2023,1,13442.26,514,379,0.7737,0,8,1
CUST-10026,2023-03-01,3,2023,2,13670.65,523,510,0.9921,1,8,1
CUST-10026,2023-04-01,4,2023,3,14000.54,536,426,0.8146,0,8,1
CUST-10026,2023-05-01,5,2023,4,14178.17,543,385,0.719,2,7,1
CUST-10026,2023-06-01,6,2023,5,14102.04,540,478,0.8816,0,8,1
CUST-10027,2023-01-01,1,2023,0,2005.88,55,25,0.4635,1,6,1
CUST-10027,2023-02-01,2,2023,1,1976.66,54,22,0.3939,2,6,1
CUST-10027,2023-03-01,3,2023,2,1976.66,54,16,0.299,0,6,1
CUST-10027,2023-04-01,4,2023,3,2035.1,56,15,0.2734,1,5,1
CUST-10027,2023-05-01,5,2023,4,2005.88,55,13,0.2307,1,5,1
CUST-10027,2023-06-01,6,2023,5,2035.1,56,19,0.3351,0,6,1
CUST-10027,2023-07-01,7,2023,6,2093.53,58,17,0.3102,0,6,1
CUST-10027,2023-08-01,8,2023,7,2122.74,59,20,0.3482,0,6,1
CUST-10027,2023-09-01,9,2023,8,2210.39,62,14,0.2366,2,5,1
CUST-10027,2023-10-01,10,2023,9,2210.39,62,13,0.2055,2,5,1
CUST-10027,2023-11-01,11,2023,10,1976.66,54,18,0.2877,2,5,1
CUST-10027,2023-12-01,12,2023,11,2005.88,55,17,0.3089,0,6,1
CUST-10027,2024-01-01,1,2024,12,2035.1,56,18,0.3251,0,6,1
CUST-10027,2024-02-01,2,2024,13,2035.1,56,20,0.3486,0,6,1
CUST-10027,2024-03-01,3,2024,14,2005.88,55,12,0.2113,0,6,1
CUST-10027,2024-04-01,4,2024,15,2181.18,61,9,0.1716,1,5,1
CUST-10027,2024-05-01,5,2024,16,2005.88,55,15,0.2515,2,5,1
CUST-10027,2024-06-01,6,2024,17,1976.66,54,12,0.2134,2,5,1
CUST-10027,2024-07-01,7,2024,18,1830.58,49,10,0.1796,2,5,1
CUST-10027,2024-08-01,8,2024,19,1859.8,50,8,0.1701,0,5,1
CUST-10027,2024-09-01,9,2024,20,1889.02,51,15,0.2932,4,5,1
CUST-10027,2024-10-01,10,2024,21,1830.58,49,6,0.1253,1,5,1
CUST-10027,2024-11-01,11,2024,22,1801.37,48,5,0.0935,1,5,1
CUST-10027,2024-12-01,12,2024,23,1947.45,53,9,0.1835,0,5,1
CUST-10028,2023-01-01,1,2023,0,281.0,6,1,0.2057,1,7,1
CUST-10028,2023-02-01,2,2023,1,281.0,6,2,0.273,0,7,1
CUST-10028,2023-03-01,3,2023,2,259.0,5,1,0.2015,1,7,1
CUST-10028,2023-04-01,4,2023,3,259.0,5,1,0.2175,1,7,1
CUST-10028,2023-05-01,5,2023,4,259.0,5,2,40.2,1,7,1
CUST-10028,2023-06-01,6,2023,5,281.0,6,1,0.2673,1,7,1
CUST-10028,2023-07-01,7,2023,6,281.0,6,2,0.4411,0,7,1
CUST-10028,2023-08-01,8,2023,7,281.0,6,1,0.2047,0,7,1
CUST-10028,2023-09-01,9,2023,8,281.0,6,1,0.2336,1,7,1
CUST-10028,2023-10-01,10,2023,9,281.0,6,2,0.2587,1,7,1
CUST-10028,2023-11-01,11,2023,10,281.0,6,3,0.4351,0,7,1
CUST-10028,2023-12-01,12,2023,11,281.0,6,2,0.3905,0,7,1
CUST-10028,2024-01-01,1,2024,12,303.0,7,2,0.3105,0,7,1
CUST-10028,2024-02-01,2,2024,13,281.0,6,3,0.3874,0,7,1
CUST-10028,2024-03-01,3,2024,14,281.0,6,3,0.4298,0,7,1
CUST-10028,2024-04-01,4,2024,15,281.0,6,3,0.4284,1,7,1
CUST-10028,2024-05-01,5,2024,16,281.0,6,2,0.3865,1,7,1
CUST-10028,2024-06-01,6,2024,17,281.0,6,3,0.4299,2,7,1
CUST-10028,2024-07-01,7,2024,18,303.0,7,3,0.473,0,8,1
CUST-10028,2024-08-01,8,2024,19,325.0,8,3,0.4488,1,7,1
CUST-10028,2024-09-01,9,2024,20,325.0,8,5,0.6328,0,8,1
CUST-10028,2024-10-01,10,2024,21,325.0,8,4,0.5315,1,7,1
CUST-10028,2024-11-01,11,2024,22,325.0,8,5,0.6221,0,8,1
CUST-10028,2024-12-01,12,2024,23,303.0,7,4,0.5623,2,7,1
CUST-10029,2023-01-01,1,2023,0,687.32,10,10,0.9565,1,4,1
CUST-10029,2023-02-01,2,2023,1,716.15,11,10,0.9568,2,4,1
CUST-10029,2023-03-01,3,2023,2,716.15,11,11,0.9445,0,4,1
CUST-10029,2023-04-01,4,2023,3,716.15,11,9,0.8269,0,4,1
CUST-10029,2023-05-01,5,2023,4,716.15,11,8,0.7736,1,4,1
CUST-10029,2023-06-01,6,2023,5,716.15,11,9,0.8036,3,3,1
CUST-10029,2023-07-01,7,2023,6,716.15,11,11,0.9259,1,4,1
CUST-10029,2023-08-01,8,2023,7,716.15,11,10,0.8415,1,4,1
CUST-10029,2023-09-01,9,2023,8,744.98,12,8,0.7179,0,4,1
CUST-10029,2023-10-01,10,2023,9,744.98,12,10,0.8285,2,3,1
CUST-10029,2023-11-01,11,2023,10,773.82,13,8,0.6728,3,3,1
CUST-10029,2023-12-01,12,2023,11,744.98,12,9,0.7133,0,4,1
CUST-10029,2024-01-01,1,2024,12,773.82,13,9,0.7348,0,4,1
CUST-10029,2024-02-01,2,2024,13,744.98,12,9,0.7409,0,4,1
CUST-10029,2024-03-01,3,2024,14,716.15,11,9,0.7904,1,4,1
CUST-10029,2024-04-01,4,2024,15,716.15,11,7,0.5919,2,3,1
CUST-10029,2024-05-01,5,2024,16,716.15,11,8,0.8035,0,4,1
CUST-10029,2024-06-01,6,2024,17,716.15,11,9,0.8249,1,4,1
CUST-10029,2024-07-01,7,2024,18,744.98,12,9,0.7709,2,3,1
CUST-10029,2024-08-01,8,2024,19,716.15,11,10,0.8155,0,4,1
CUST-10029,2024-09-01,9,2024,20,687.32,10,7,0.6568,0,3,1
CUST-10029,2024-10-01,10,2024,21,687.32,10,8,0.8106,1,4,1
CUST-10029,2024-11-01,11,2024,22,658.49,9,7,0.6693,1,3,1
CUST-10029,2024-12-01,12,2024,23,658.49,9,6,0.6004,0,3,1
CUST-10030,2023-01-01,1,2023,0,201.71,14,3,0.2022,0,9,1
CUST-10031,2023-01-01,1,2023,0,322.88,29,11,0.4038,0,10,1
CUST-10031,2023-02-01,2,2023,1,322.88,29,17,0.583,1,10,1
CUST-10031,2023-03-01,3,2023,2,332.32,30,14,0.4872,1,10,1
CUST-10031,2023-04-01,4,2023,3,341.76,31,17,0.5503,2,10,1
CUST-10031,2023-05-01,5,2023,4,322.88,29,15,0.4842,1,10,1
CUST-10031,2023-06-01,6,2023,5,332.32,30,11,0.3896,2,10,1
CUST-10031,2023-07-01,7,2023,6,351.21,32,7,0.2442,2,9,1
CUST-10032,2023-01-01,1,2023,0,115.46,6,4,0.696,3,9,1
CUST-10032,2023-02-01,2,2023,1,126.53,7,4,0.6207,0,9,1
CUST-10032,2023-03-01,3,2023,2,126.53,7,5,0.7051,0,9,1
CUST-10032,2023-04-01,4,2023,3,126.53,7,5,0.7826,2,9,1
CUST-10032,2023-05-01,5,2023,4,126.53,7,4,0.6359,3,9,1
CUST-10032,2023-06-01,6,2023,5,126.53,7,5,0.7095,0,9,1
CUST-10032,2023-07-01,7,2023,6,126.53,7,4,0.5719,2,9,1
CUST-10032,2023-08-01,8,2023,7,126.53,7,5,0.7687,1,9,1
CUST-10032,2023-09-01,9,2023,8,126.53,7,6,0.7953,1,9,1
CUST-10032,2023-10-01,10,2023,9,126.53,7,5,0.7522,2,9,1
CUST-10032,2023-11-01,11,2023,10,126.53,7,5,0.6191,3,9,1
CUST-10032,2023-12-01,12,2023,11,126.53,7,4,0.5981,0,9,1
CUST-10032,2024-01-01,1,2024,12,126.53,7,5,0.6417,2,9,1
CUST-10032,2024-02-01,2,2024,13,126.53,7,4,0.6137,1,9,1
CUST-10032,2024-03-01,3,2024,14,126.53,7,5,0.7182,2,9,1
CUST-10032,2024-04-01,4,2024,15,126.53,7,6,0.8423,0,10,1
CUST-10032,2024-05-01,5,2024,16,126.53,7,5,0.744,1,9,1
CUST-10032,2024-06-01,6,2024,17,115.46,6,4,0.5438,0,9,1
CUST-10032,2024-07-01,7,2024,18,126.53,7,6,0.9045,0,10,1
CUST-10032,2024-08-01,8,2024,19,115.46,6,5,0.7497,0,10,1
CUST-10032,2024-09-01,9,2024,20,126.53,7,6,0.87,2,9,1
CUST-10032,2024-10-01,10,2024,21,126.53,7,5,82.5,0,10,1
CUST-10032,2024-11-01,11,2024,22,137.61,8,6,0.8242,1,9,1
CUST-10032,2024-12-01,12,2024,23,148.68,9,7,0.8719,0,10,1
CUST-10033,2023-01-01,1,2023,0,1212.89,27,15,57.3,3,9,1
CUST-10033,2023-02-01,2,2023,1,1212.89,27,16,0.6005,2,9,1
CUST-10033,2023-03-01,3,2023,2,1243.03,28,22,0.8068,1,10,1
CUST-10033,2023-04-01,4,2023,3,1243.03,28,26,0.9054,3,10,1
CUST-10033,2023-05-01,5,2023,4,1212.89,27,20,0.7316,0,10,1
CUST-10033,2023-06-01,6,2023,5,1212.89,27,21,0.7755,0,10,1
CUST-10034,2023-01-01,1,2023,0,59.51,1,0,0.2654,1,9,1
CUST-10034,2023-02-01,2,2023,1,59.51,1,0,0.4123,1,10,1
CUST-10034,2023-03-01,3,2023,2,59.51,1,0,0.2776,1,9,1
CUST-10034,2023-04-01,4,2023,3,59.51,1,0,0.0977,0,9,1
CUST-10034,2023-05-01,5,2023,4,59.51,1,0,0.2398,1,9,1
CUST-10034,2023-06-01,6,2023,5,59.51,1,1,0.4497,0,10,1
CUST-10034,2023-07-01,7,2023,6,59.51,1,0,0.1632,0,9,1
CUST-10034,2023-08-01,8,2023,7,59.51,1,1,0.4151,2,10,1
CUST-10034,2023-09-01,9,2023,8,59.51,1,0,0.3358,2,9,1
CUST-10034,2023-10-01,10,2023,9,59.51,1,0,0.2503,1,9,1
CUST-10034,2023-11-01,11,2023,10,59.51,1,0,0.182,0,9,1
CUST-10034,2023-12-01,12,2023,11,59.51,1,0,0.3634,3,9,1
CUST-10034,2024-01-01,1,2024,12,59.51,1,0,0.2383,1,9,1
CUST-10034,2024-02-01,2,2024,13,59.51,1,0,0.1118,0,9,1
CUST-10034,2024-03-01,3,2024,14,59.51,1,0,0.2693,2,9,1
CUST-10035,2023-01-01,1,2023,0,88.79,4,2,0.5174,3,6,1
CUST-10036,2023-01-01,1,2023,0,210.45,3,2,0.7169,1,10,1
CUST-10037,2023-01-01,1,2023,0,758.42,12,7,0.5612,0,7,1
CUST-10038,2023-01-01,1,2023,0,224.86,4,1,0.2943,0,10,1
CUST-10038,2023-02-01,2,2023,1,224.86,4,1,0.2965,0,10,1
CUST-10038,2023-03-01,3,2023,2,224.86,4,2,0.4272,0,10,1
CUST-10038,2023-04-01,4,2023,3,224.86,4,1,0.2282,0,10,1
CUST-10038,2023-05-01,5,2023,4,224.86,4,2,0.3525,0,10,1
CUST-10038,2023-06-01,6,2023,5,224.86,4,1,0.2844,0,10,1
CUST-10038,2023-07-01,7,2023,6,243.82,5,1,0.2712,0,10,1
CUST-10038,2023-08-01,8,2023,7,224.86,4,1,0.2398,0,10,1
CUST-10038,2023-09-01,9,2023,8,224.86,4,1,0.2366,0,10,1
CUST-10038,2023-10-01,10,2023,9,224.86,4,1,0.2935,0,10,1
CUST-10038,2023-11-01,11,2023,10,224.86,4,1,0.2067,0,10,1
CUST-10038,2023-12-01,12,2023,11,224.86,4,2,0.3567,0,10,1
CUST-10038,2024-01-01,1,2024,12,224.86,4,1,0.1962,0,10,1
CUST-10038,2024-02-01,2,2024,13,224.86,4,1,0.2591,0,10,1
CUST-10038,2024-03-01,3,2024,14,224.86,4,2,0.4206,0,10,1
CUST-10038,2024-04-01,4,2024,15,224.86,4,1,0.3511,0,10,1
CUST-10038,2024-05-01,5,2024,16,224.86,4,1,0.2821,0,10,1
CUST-10038,2024-06-01,6,2024,17,224.86,4,1,0.267,0,10,1
CUST-10038,2024-07-01,7,2024,18,224.86,4,1,0.1979,0,10,1
CUST-10038,2024-08-01,8,2024,19,224.86,4,2,0.3771,0,10,1
CUST-10038,2024-09-01,9,2024,20,224.86,4,1,0.3071,0,10,1
CUST-10038,2024-10-01,10,2024,21,224.86,4,1,0.2922,0,10,1
CUST-10038,2024-11-01,11,2024,22,224.86,4,1,0.2009,0,10,1
CUST-10038,2024-12-01,12,2024,23,224.86,4,1,0.2241,0,10,1
CUST-10039,2023-01-01,1,2023,0,94.7,4,1,0.2973,0,6,1
CUST-10039,2023-02-01,2,2023,1,94.7,4,1,0.3588,2,6,1
CUST-10039,2023-03-01,3,2023,2,94.7,4,2,0.4635,0,6,1
CUST-10039,2023-04-01,4,2023,3,94.7,4,2,0.4438,1,6,1
CUST-10039,2023-05-01,5,2023,4,94.7,4,2,0.5136,2,6,1
CUST-10039,2023-06-01,6,2023,5,94.7,4,2,0.4542,1,6,1
CUST-10039,2023-07-01,7,2023,6,94.7,4,2,0.4453,1,6,1
CUST-10039,2023-08-01,8,2023,7,94.7,4,2,0.5254,0,6,1
CUST-10039,2023-09-01,9,2023,8,94.7,4,2,0.5463,1,6,1
CUST-10039,2023-10-01,10,2023,9,106.12,5,2,0.5111,0,6,1
CUST-10039,2023-11-01,11,2023,10,106.12,5,2,0.5424,1,6,1
CUST-10039,2023-12-01,12,2023,11,106.12,5,2,0.5445,1,6,1
CUST-10039,2024-01-01,1,2024,12,106.12,5,2,0.5169,0,6,1
CUST-10039,2024-02-01,2,2024,13,117.54,6,3,0.66,2,6,1
CUST-10039,2024-03-01,3,2024,14,117.54,6,4,0.7187,0,7,1
CUST-10039,2024-04-01,4,2024,15,117.54,6,4,0.7118,0,7,1
CUST-10039,2024-05-01,5,2024,16,117.54,6,3,0.595,0,7,1
CUST-10039,2024-06-01,6,2024,17,117.54,6,5,0.7392,1,7,1
CUST-10039,2024-07-01,7,2024,18,128.97,7,5,0.7766,2,7,1
CUST-10039,2024-08-01,8,2024,19,128.97,7,6,0.864,0,7,1
CUST-10039,2024-09-01,9,2024,20,140.39,8,5,0.6983,0,7,1
CUST-10039,2024-10-01,10,2024,21,140.39,8,6,0.8417,2,7,1
CUST-10039,2024-11-01,11,2024,22,140.39,8,6,0.7688,2,7,1
CUST-10039,2024-12-01,12,2024,23,140.39,8,6,0.746,0,7,1
CUST-10040,2023-01-01,1,2023,0,68.2,2,1,0.381,0,6,1
CUST-10040,2023-02-01,2,2023,1,68.2,2,1,0.379,1,6,1
CUST-10041,2023-02-01,2,2023,0,3477.46,103,41,0.3731,1,4,1
CUST-10041,2023-03-01,3,2023,1,3507.35,104,37,0.358,0,4,1
CUST-10041,2023-04-01,4,2023,2,3537.24,105,58,0.5622,0,4,1
CUST-10041,2023-05-01,5,2023,3,3746.46,112,48,0.4553,2,4,1
CUST-10041,2023-06-01,6,2023,4,3716.57,111,58,0.5169,0,4,1
CUST-10041,2023-07-01,7,2023,5,3806.23,114,51,0.4535,1,4,1
CUST-10041,2023-08-01,8,2023,6,3746.46,112,39,0.3457,2,3,1
CUST-10041,2023-09-01,9,2023,7,3626.9,108,61,0.5435,0,4,1
CUST-10041,2023-10-01,10,2023,8,3716.57,111,53,0.491,0,4,1
CUST-10041,2023-11-01,11,2023,9,3836.12,115,47,0.4286,0,4,1
CUST-10041,2023-12-01,12,2023,10,3925.78,118,49,0.4292,1,4,1
CUST-10041,2024-01-01,1,2024,11,3806.23,114,61,0.5158,0,4,1
CUST-10041,2024-02-01,2,2024,12,3597.02,107,47,0.4146,0,4,1
CUST-10041,2024-03-01,3,2024,13,3597.02,107,40,0.3732,0,4,1
CUST-10041,2024-04-01,4,2024,14,3417.69,101,56,0.529,1,4,1
CUST-10041,2024-05-01,5,2024,15,3626.9,108,51,0.5031,1,4,1
CUST-10041,2024-06-01,6,2024,16,3537.24,105,49,0.4542,0,4,1
CUST-10041,2024-07-01,7,2024,17,3656.79,109,45,0.4268,2,4,1
CUST-10041,2024-08-01,8,2024,18,3656.79,109,52,0.4797,0,4,1
CUST-10041,2024-09-01,9,2024,19,3477.46,103,52,0.4812,0,4,1
CUST-10041,2024-10-01,10,2024,20,3507.35,104,60,0.5874,1,4,1
CUST-10041,2024-11-01,11,2024,21,3477.46,103,46,0.439,1,4,1
CUST-10041,2024-12-01,12,2024,22,3328.02,98,45,0.4383,1,4,1
CUST-10042,2023-02-01,2,2023,0,471.41,15,8,0.5587,0,8,1
CUST-10042,2023-03-01,3,2023,1,471.41,15,9,0.6315,2,8,1
CUST-10042,2023-04-01,4,2023,2,492.9,16,9,0.5977,0,8,1
CUST-10042,2023-05-01,5,2023,3,514.4,17,10,0.6347,0,8,1
CUST-10042,2023-06-01,6,2023,4,492.9,16,11,0.6392,1,8,1
CUST-10042,2023-07-01,7,2023,5,492.9,16,8,0.5195,2,8,1
CUST-10042,2023-08-01,8,2023,6,492.9,16,10,0.6129,1,8,1
CUST-10042,2023-09-01,9,2023,7,492.9,16,9,0.5389,2,8,1
CUST-10042,2023-10-01,10,2023,8,492.9,16,10,0.5969,0,8,1
CUST-10042,2023-11-01,11,2023,9,492.9,16,9,0.5536,0,8,1
CUST-10042,2023-12-01,12,2023,10,514.4,17,8,0.499,2,8,1
CUST-10042,2024-01-01,1,2024,11,535.89,18,9,0.5205,1,8,1
CUST-10042,2024-02-01,2,2024,12,514.4,17,10,0.5398,2,8,1
CUST-10042,2024-03-01,3,2024,13,514.4,17,12,0.6914,0,8,1
CUST-10042,2024-04-01,4,2024,14,514.4,17,10,0.5805,4,7,1
CUST-10042,2024-05-01,5,2024,15,471.41,15,7,0.4308,0,8,1
CUST-10042,2024-06-01,6,2024,16,471.41,15,7,0.4249,1,8,1
CUST-10042,2024-07-01,7,2024,17,471.41,15,7,0.4951,0,8,1
CUST-10042,2024-08-01,8,2024,18,449.92,14,6,0.429,1,8,1
CUST-10042,2024-09-01,9,2024,19,449.92,14,8,0.5666,0,8,1
CUST-10042,2024-10-01,10,2024,20,471.41,15,8,0.5846,1,8,1
CUST-10042,2024-11-01,11,2024,21,449.92,14,6,0.3981,0,8,1
CUST-10042,2024-12-01,12,2024,22,471.41,15,6,0.4143,2,7,1
CUST-10043,2023-02-01,2,2023,0,1570.67,17,6,0.3692,2,7,1
CUST-10043,2023-03-01,3,2023,1,1570.67,17,8,0.4502,0,8,1
CUST-10043,2023-04-01,4,2023,2,1610.18,18,8,0.4963,0,8,1
CUST-10043,2023-05-01,5,2023,3,1610.18,18,8,0.4214,2,7,1
CUST-10043,2023-06-01,6,2023,4,1610.18,18,8,0.4358,1,8,1
CUST-10043,2023-07-01,7,2023,5,1570.67,17,8,0.4254,1,8,1
CUST-10043,2023-08-01,8,2023,6,1531.16,16,10,0.5895,3,8,1
CUST-10043,2023-09-01,9,2023,7,1491.65,15,8,0.512,1,8,1
CUST-10043,2023-10-01,10,2023,8,1531.16,16,9,0.5729,1,8,1
CUST-10043,2023-11-01,11,2023,9,1570.67,17,9,0.5258,2,8,1
CUST-10043,2023-12-01,12,2023,10,1570.67,17,12,0.7278,0,9,1
CUST-10043,2024-01-01,1,2024,11,1491.65,15,8,0.5109,1,8,1
CUST-10043,2024-02-01,2,2024,12,1452.14,14,9,0.6077,2,8,1
CUST-10043,2024-03-01,3,2024,13,1452.14,14,10,0.7484,0,9,1
CUST-10043,2024-04-01,4,2024,14,1452.14,14,9,0.6587,1,8,1
CUST-10043,2024-05-01,5,2024,15,1412.63,13,11,0.8364,1,9,1
CUST-10043,2024-06-01,6,2024,16,1412.63,13,10,0.7518,1,8,1
CUST-10043,2024-07-01,7,2024,17,1452.14,14,11,0.7942,1,8,1
CUST-10043,2024-08-01,8,2024,18,1452.14,14,13,0.9351,1,9,1
CUST-10043,2024-09-01,9,2024,19,1491.65,15,13,0.9175,0,9,1
CUST-10043,2024-10-01,10,2024,20,1531.16,16,12,0.8158,0,9,1
CUST-10044,2023-02-01,2,2023,0,108.11,6,3,0.4879,0,6,1
CUST-10044,2023-03-01,3,2023,1,108.11,6,4,0.6064,3,6,1
CUST-10044,2023-04-01,4,2023,2,108.11,6,4,0.636,5,6,1
CUST-10044,2023-05-01,5,2023,3,108.11,6,3,0.5546,3,6,1
CUST-10045,2023-02-01,2,2023,0,944.92,20,13,0.6567,1,8,1
CUST-10045,2023-03-01,3,2023,1,944.92,20,14,0.7402,0,8,1
CUST-10045,2023-04-01,4,2023,2,917.62,19,11,0.5593,0,8,1
CUST-10045,2023-05-01,5,2023,3,972.22,21,11,0.5969,0,8,1
CUST-10045,2023-06-01,6,2023,4,944.92,20,10,0.4629,1,7,1
CUST-10045,2023-07-01,7,2023,5,944.92,20,12,0.6137,1,8,1
CUST-10045,2023-08-01,8,2023,6,917.62,19,14,0.6863,1,8,1
CUST-10045,2023-09-01,9,2023,7,863.03,17,10,0.5449,0,8,1
CUST-10045,2023-10-01,10,2023,8,890.33,18,10,0.5699,2,8,1
CUST-10045,2023-11-01,11,2023,9,890.33,18,8,0.4431,0,8,1
CUST-10045,2023-12-01,12,2023,10,890.33,18,9,0.5162,0,8,1
CUST-10045,2024-01-01,1,2024,11,890.33,18,10,0.5598,1,8,1
CUST-10045,2024-02-01,2,2024,12,944.92,20,10,0.5277,0,8,1
CUST-10045,2024-03-01,3,2024,13,944.92,20,10,0.4986,2,7,1
CUST-10045,2024-04-01,4,2024,14,944.92,20,9,0.4497,1,7,1
CUST-10045,2024-05-01,5,2024,15,944.92,20,8,0.4016,0,8,1
CUST-10045,2024-06-01,6,2024,16,972.22,21,10,0.509,0,8,1
CUST-10045,2024-07-01,7,2024,17,972.22,21,8,0.36,0,7,1
CUST-10045,2024-08-01,8,2024,18,999.51,22,11,0.516,0,8,1
CUST-10045,2024-09-01,9,2024,19,1026.81,23,9,0.4078,1,7,1
CUST-10045,2024-10-01,10,2024,20,1026.81,23,9,0.4173,0,8,1
CUST-10045,2024-11-01,11,2024,21,1081.4,25,8,0.3538,1,7,1
CUST-10045,2024-12-01,12,2024,22,1081.4,25,10,0.3848,2,7,1
CUST-10046,2023-02-01,2,2023,0,573.53,23,12,0.5448,1,8,1
CUST-10046,2023-03-01,3,2023,1,573.53,23,12,0.5073,1,8,1
CUST-10046,2023-04-01,4,2023,2,555.08,22,12,0.5234,3,7,1
CUST-10046,2023-05-01,5,2023,3,555.08,22,9,0.416,1,7,1
CUST-10046,2023-06-01,6,2023,4,591.99,24,12,0.529,0,8,1
CUST-10046,2023-07-01,7,2023,5,647.37,27,14,0.5834,3,7,1
CUST-10046,2023-08-01,8,2023,6,684.28,29,13,0.47,3,7,1
CUST-10046,2023-09-01,9,2023,7,684.28,29,17,0.5702,2,7,1
CUST-10046,2023-10-01,10,2023,8,665.82,28,16,0.5388,0,8,1
CUST-10046,2023-11-01,11,2023,9,684.28,29,13,0.458,2,7,1
CUST-10046,2023-12-01,12,2023,10,684.28,29,10,0.3542,4,7,1
CUST-10046,2024-01-01,1,2024,11,702.74,30,15,0.5022,4,7,1
CUST-10046,2024-02-01,2,2024,12,702.74,30,16,0.5515,0,8,1
CUST-10046,2024-03-01,3,2024,13,739.66,32,12,0.406,2,7,1
CUST-10046,2024-04-01,4,2024,14,795.03,35,12,0.3893,3,7,1
CUST-10046,2024-05-01,5,2024,15,831.95,37,12,0.3582,3,7,1
CUST-10046,2024-06-01,6,2024,16,831.95,37,14,0.3748,1,7,1
CUST-10046,2024-07-01,7,2024,17,850.4,38,12,0.3303,1,7,1
CUST-10046,2024-08-01,8,2024,18,813.49,36,13,0.3498,1,7,1
CUST-10046,2024-09-01,9,2024,19,758.11,33,14,0.4008,4,7,1
CUST-10046,2024-10-01,10,2024,20,795.03,35,15,0.4612,1,7,1
CUST-10046,2024-11-01,11,2024,21,850.4,38,8,0.2325,1,7,1
CUST-10046,2024-12-01,12,2024,22,850.4,38,16,0.4185,2,7,1
CUST-10047,2023-02-01,2,2023,0,1577.24,16,3,0.1838,1,7,1
CUST-10047,2023-03-01,3,2023,1,1577.24,16,2,0.1573,0,7,1
CUST-10047,2023-04-01,4,2023,2,1577.24,16,2,0.1217,3,6,1
CUST-10047,2023-05-01,5,2023,3,1619.63,17,5,0.2918,2,7,1
CUST-10047,2023-06-01,6,2023,4,1619.63,17,4,0.2605,1,7,1
CUST-10047,2023-07-01,7,2023,5,1619.63,17,3,0.1668,1,7,1
CUST-10047,2023-08-01,8,2023,6,1619.63,17,4,0.2405,1,7,1
CUST-10047,2023-09-01,9,2023,7,1662.02,18,2,0.1066,2,6,1
CUST-10047,2023-10-01,10,2023,8,1662.02,18,2,0.1009,1,7,1
CUST-10047,2023-11-01,11,2023,9,1662.02,18,2,0.0856,0,7,1
CUST-10047,2023-12-01,12,2023,10,1746.8,20,1,0.0392,1,6,1
CUST-10047,2024-01-01,1,2024,11,1746.8,20,3,0.1451,0,7,1
CUST-10047,2024-02-01,2,2024,12,1746.8,20,3,0.1436,1,7,1
CUST-10047,2024-03-01,3,2024,13,1789.19,21,5,0.2644,0,7,1
CUST-10047,2024-04-01,4,2024,14,1831.58,22,2,0.0859,1,7,1
CUST-10047,2024-05-01,5,2024,15,1789.19,21,3,0.1337,2,6,1
CUST-10047,2024-06-01,6,2024,16,1789.19,21,3,0.1532,0,7,1
CUST-10047,2024-07-01,7,2024,17,1873.97,23,3,0.1195,1,7,1
CUST-10047,2024-08-01,8,2024,18,1873.97,23,3,14.5,1,7,1
CUST-10047,2024-09-01,9,2024,19,1831.58,22,2,0.0866,0,7,1
CUST-10047,2024-10-01,10,2024,20,1873.97,23,2,0.1035,0,7,1
CUST-10047,2024-11-01,11,2024,21,1958.75,25,1,0.03,2,6,1
CUST-10047,2024-12-01,12,2024,22,1831.58,22,1,0.03,1,6,1
CUST-10048,2023-02-01,2,2023,0,191.86,2,1,0.3036,0,7,1
CUST-10048,2023-03-01,3,2023,1,191.86,2,1,0.3234,1,7,1
CUST-10049,2023-02-01,2,2023,0,331.38,10,1,0.118,1,9,1
CUST-10049,2023-03-01,3,2023,1,313.14,9,2,0.2245,2,9,1
CUST-10049,2023-04-01,4,2023,2,313.14,9,3,0.3453,0,9,1
CUST-10049,2023-05-01,5,2023,3,313.14,9,3,0.307,0,9,1
CUST-10049,2023-06-01,6,2023,4,313.14,9,2,0.1978,1,9,1
CUST-10049,2023-07-01,7,2023,5,313.14,9,3,0.3332,2,9,1
CUST-10049,2023-08-01,8,2023,6,294.9,8,3,0.3714,0,9,1
CUST-10049,2023-09-01,9,2023,7,313.14,9,2,0.288,2,9,1
CUST-10049,2023-10-01,10,2023,8,294.9,8,4,0.4446,2,9,1
CUST-10049,2023-11-01,11,2023,9,294.9,8,3,0.3695,1,9,1
CUST-10049,2023-12-01,12,2023,10,294.9,8,3,0.3918,1,9,1
CUST-10049,2024-01-01,1,2024,11,276.67,7,4,0.5671,0,10,1
CUST-10049,2024-02-01,2,2024,12,276.67,7,5,0.6572,0,10,1
CUST-10049,2024-03-01,3,2024,13,276.67,7,4,0.5387,1,10,1
CUST-10049,2024-04-01,4,2024,14,276.67,7,4,0.5287,1,9,1
CUST-10049,2024-05-01,5,2024,15,276.67,7,4,0.6062,1,10,1
CUST-10049,2024-06-01,6,2024,16,276.67,7,4,0.5901,0,10,1
CUST-10049,2024-07-01,7,2024,17,258.43,6,5,0.7065,0,10,1
CUST-10049,2024-08-01,8,2024,18,276.67,7,3,0.5004,2,9,1
CUST-10049,2024-09-01,9,2024,19,258.43,6,4,0.6702,0,10,1
CUST-10049,2024-10-01,10,2024,20,258.43,6,5,0.8324,1,10,1
CUST-10049,2024-11-01,11,2024,21,258.43,6,5,0.7578,0,10,1
CUST-10049,2024-12-01,12,2024,22,258.43,6,5,0.776,0,10,1
CUST-10050,2023-02-01,2,2023,0,632.98,8,6,0.7067,2,5,1
CUST-10050,2023-03-01,3,2023,1,632.98,8,5,0.6301,1,5,1
CUST-10050,2023-04-01,4,2023,2,632.98,8,6,0.7603,1,5,1
CUST-10050,2023-05-01,5,2023,3,632.98,8,7,0.7991,1,5,1
CUST-10050,2023-06-01,6,2023,4,632.98,8,6,0.7572,0,6,1
CUST-10050,2023-07-01,7,2023,5,632.98,8,7,0.8552,0,6,1
CUST-10050,2023-08-01,8,2023,6,632.98,8,6,0.8131,1,6,1
CUST-10050,2023-09-01,9,2023,7,632.98,8,7,0.8848,0,6,1
CUST-10050,2023-10-01,10,2023,8,632.98,8,6,0.8114,1,6,1
CUST-10051,2023-02-01,2,2023,0,291.76,7,1,0.2303,1,10,1
CUST-10051,2023-03-01,3,2023,1,291.76,7,1,0.2112,1,10,1
CUST-10051,2023-04-01,4,2023,2,291.76,7,1,0.152,1,10,1
CUST-10051,2023-05-01,5,2023,3,271.36,6,0,0.0683,1,10,1
CUST-10052,2023-02-01,2,2023,0,168.51,1,0,0.2135,0,9,1
CUST-10052,2023-03-01,3,2023,1,168.51,1,0,0.2113,1,9,1
CUST-10052,2023-04-01,4,2023,2,168.51,1,0,0.3436,0,9,1
CUST-10052,2023-05-01,5,2023,3,168.51,1,0,0.2102,0,9,1
CUST-10053,2023-02-01,2,2023,0,751.9,12,4,0.3456,1,6,1
CUST-10053,2023-03-01,3,2023,1,751.9,12,4,0.2994,1,6,1
CUST-10053,2023-04-01,4,2023,2,693.08,10,4,0.302,1,6,1
CUST-10053,2023-05-01,5,2023,3,693.08,10,3,0.3391,4,6,1
CUST-10054,2023-02-01,2,2023,0,1267.95,9,1,0.1404,0,4,1
CUST-10054,2023-03-01,3,2023,1,1267.95,9,1,0.1383,2,4,1
CUST-10054,2023-04-01,4,2023,2,1267.95,9,0,0.051,1,4,1
CUST-10054,2023-05-01,5,2023,3,1267.95,9,1,0.0925,1,4,1
CUST-10054,2023-06-01,6,2023,4,1308.95,10,1,0.0856,1,4,1
CUST-10054,2023-07-01,7,2023,5,1349.94,11,0,0.03,1,4,1
CUST-10054,2023-08-01,8,2023,6,1390.94,12,0,0.03,1,4,1
CUST-10054,2023-09-01,9,2023,7,1431.93,13,0,0.03,1,4,1
CUST-10054,2023-10-01,10,2023,8,1390.94,12,1,0.0798,0,4,1
CUST-10054,2023-11-01,11,2023,9,1390.94,12,0,0.03,2,3,1
CUST-10054,2023-12-01,12,2023,10,1390.94,12,0,0.03,0,4,1
CUST-10054,2024-01-01,1,2024,11,1390.94,12,0,0.03,0,4,1
CUST-10054,2024-02-01,2,2024,12,1431.93,13,0,0.03,0,4,1
CUST-10054,2024-03-01,3,2024,13,1472.93,14,0,0.03,1,4,1
CUST-10054,2024-04-01,4,2024,14,1431.93,13,0,0.03,0,4,1
CUST-10054,2024-05-01,5,2024,15,1390.94,12,0,0.03,4,3,1
CUST-10054,2024-06-01,6,2024,16,1390.94,12,0,0.03,1,4,1
CUST-10054,2024-07-01,7,2024,17,1390.94,12,0,0.03,2,3,1
CUST-10054,2024-08-01,8,2024,18,1390.94,12,0,0.03,0,4,1
CUST-10054,2024-09-01,9,2024,19,1390.94,12,0,0.03,1,4,1
CUST-10054,2024-10-01,10,2024,20,1390.94,12,0,0.03,1,4,1
CUST-10054,2024-11-01,11,2024,21,1390.94,12,0,3.0,1,4,1
CUST-10054,2024-12-01,12,2024,22,1390.94,12,0,0.03,0,4,1
CUST-10055,2023-02-01,2,2023,0,890.63,88,28,0.3259,0,8,1
CUST-10055,2023-03-01,3,2023,1,833.25,82,17,0.1987,0,8,1
CUST-10055,2023-04-01,4,2023,2,890.63,88,23,0.2767,3,7,1
CUST-10055,2023-05-01,5,2023,3,900.2,89,14,0.1642,5,6,1
CUST-10055,2023-06-01,6,2023,4,852.38,84,17,0.1894,1,7,1
CUST-10055,2023-07-01,7,2023,5,852.38,84,12,0.1424,0,7,1
CUST-10055,2023-08-01,8,2023,6,814.12,80,27,0.3199,0,8,1
CUST-10055,2023-09-01,9,2023,7,794.99,78,4,0.049,3,7,1
CUST-10055,2023-10-01,10,2023,8,842.81,83,10,0.1345,0,7,1
CUST-10055,2023-11-01,11,2023,9,814.12,80,12,0.1486,2,7,1
CUST-10055,2023-12-01,12,2023,10,804.56,79,2,0.03,1,7,1
CUST-10055,2024-01-01,1,2024,11,823.68,81,4,0.0506,0,7,1
CUST-10055,2024-02-01,2,2024,12,814.12,80,5,0.0628,1,7,1
CUST-10055,2024-03-01,3,2024,13,804.56,79,2,0.03,1,7,1
CUST-10055,2024-04-01,4,2024,14,756.74,74,2,0.03,3,6,1
CUST-10055,2024-05-01,5,2024,15,747.17,73,2,0.03,3,6,1
CUST-10055,2024-06-01,6,2024,16,766.3,75,2,0.03,1,7,1
CUST-10055,2024-07-01,7,2024,17,775.86,76,2,0.03,0,7,1
CUST-10055,2024-08-01,8,2024,18,775.86,76,2,0.03,2,7,1
CUST-10055,2024-09-01,9,2024,19,747.17,73,2,0.03,2,7,1
CUST-10055,2024-10-01,10,2024,20,680.22,66,2,0.03,2,7,1
CUST-10055,2024-11-01,11,2024,21,661.1,64,2,0.03,4,6,1
CUST-10055,2024-12-01,12,2024,22,670.66,65,2,0.03,2,7,1
CUST-10056,2023-02-01,2,2023,0,92.73,4,0,0.1224,0,3,1
CUST-10056,2023-03-01,3,2023,1,92.73,4,0,0.03,1,2,1
CUST-10056,2023-04-01,4,2023,2,92.73,4,0,0.03,2,2,1
CUST-10056,2023-05-01,5,2023,3,92.73,4,0,0.03,0,2,1
CUST-10056,2023-06-01,6,2023,4,92.73,4,0,0.03,1,2,1
CUST-10057,2023-02-01,2,2023,0,1310.6,64,33,0.5101,1,6,1
CUST-10057,2023-03-01,3,2023,1,1256.15,61,24,0.3698,1,5,1
CUST-10057,2023-04-01,4,2023,2,1346.9,66,29,0.4758,1,6,1
CUST-10057,2023-05-01,5,2023,3,1401.35,69,23,0.3409,0,5,1
CUST-10057,2023-06-01,6,2023,4,1492.1,74,34,0.4898,1,6,1
CUST-10057,2023-07-01,7,2023,5,1510.25,75,39,0.5335,2,5,1
CUST-10058,2023-02-01,2,2023,0,1302.94,33,11,0.3394,2,5,1
CUST-10058,2023-03-01,3,2023,1,1275.54,32,14,0.4309,1,6,1
CUST-10058,2023-04-01,4,2023,2,1248.15,31,15,0.4621,4,5,1
CUST-10058,2023-05-01,5,2023,3,1248.15,31,13,0.4236,4,5,1
CUST-10058,2023-06-01,6,2023,4,1248.15,31,11,0.3412,1,5,1
CUST-10058,2023-07-01,7,2023,5,1275.54,32,15,0.4751,3,5,1
CUST-10058,2023-08-01,8,2023,6,1275.54,32,16,0.4858,2,6,1
CUST-10058,2023-09-01,9,2023,7,1275.54,32,22,0.6835,1,6,1
CUST-10058,2023-10-01,10,2023,8,1330.33,34,18,0.5693,1,6,1
CUST-10058,2023-11-01,11,2023,9,1357.72,35,17,0.5001,1,6,1
CUST-10058,2023-12-01,12,2023,10,1439.9,38,23,0.6413,0,6,1
CUST-10058,2024-01-01,1,2024,11,1467.29,39,31,0.8056,3,6,1
CUST-10058,2024-02-01,2,2024,12,1494.68,40,32,0.8184,1,7,1
CUST-10058,2024-03-01,3,2024,13,1439.9,38,24,0.5952,0,6,1
CUST-10058,2024-04-01,4,2024,14,1412.5,37,33,0.8628,0,7,1
CUST-10058,2024-05-01,5,2024,15,1385.11,36,30,0.8105,2,6,1
CUST-10058,2024-06-01,6,2024,16,1467.29,39,32,0.8794,2,7,1
CUST-10058,2024-07-01,7,2024,17,1549.46,42,31,0.7869,2,6,1
CUST-10058,2024-08-01,8,2024,18,1522.07,41,39,0.946,2,7,1
CUST-10058,2024-09-01,9,2024,19,1549.46,42,38,0.9341,0,7,1
CUST-10058,2024-10-01,10,2024,20,1439.9,38,35,0.8315,1,7,1
CUST-10058,2024-11-01,11,2024,21,1439.9,38,38,0.9874,0,7,1
CUST-10058,2024-12-01,12,2024,22,1467.29,39,38,1.0,0,7,1
CUST-10059,2023-02-01,2,2023,0,2612.28,87,3,0.0404,1,6,1
CUST-10059,2023-03-01,3,2023,1,2637.72,88,6,0.0675,1,6,1
CUST-10059,2023-04-01,4,2023,2,2510.52,83,5,0.0578,1,6,1
CUST-10059,2023-05-01,5,2023,3,2510.52,83,2,0.03,0,6,1
CUST-10059,2023-06-01,6,2023,4,2510.52,83,2,0.03,1,6,1
CUST-10059,2023-07-01,7,2023,5,2612.28,87,16,0.1874,0,6,1
CUST-10059,2023-08-01,8,2023,6,2637.72,88,3,0.035,1,6,1
CUST-10059,2023-09-01,9,2023,7,2663.16,89,19,0.2121,0,6,1
CUST-10059,2023-10-01,10,2023,8,2663.16,89,19,0.2195,0,6,1
CUST-10059,2023-11-01,11,2023,9,2688.6,90,3,0.0322,0,6,1
CUST-10059,2023-12-01,12,2023,10,2663.16,89,20,0.2263,0,6,1
CUST-10059,2024-01-01,1,2024,11,2790.36,94,14,0.1527,0,6,1
CUST-10059,2024-02-01,2,2024,12,2892.12,98,29,0.3062,0,7,1
CUST-10059,2024-03-01,3,2024,13,2993.88,102,24,0.2477,0,6,1
CUST-10059,2024-04-01,4,2024,14,3146.52,108,22,0.2172,0,6,1
CUST-10059,2024-05-01,5,2024,15,3197.4,110,39,0.3571,0,7,1
CUST-10059,2024-06-01,6,2024,16,3400.92,118,20,0.1772,0,6,1
CUST-10059,2024-07-01,7,2024,17,3451.8,120,52,0.4364,0,7,1
CUST-10059,2024-08-01,8,2024,18,3400.92,118,49,0.4062,1,7,1
CUST-10059,2024-09-01,9,2024,19,3604.44,126,33,0.2807,0,7,1
CUST-10059,2024-10-01,10,2024,20,3579.0,125,45,0.3556,1,7,1
CUST-10059,2024-11-01,11,2024,21,3757.08,132,53,0.4195,0,7,1
CUST-10059,2024-12-01,12,2024,22,3782.52,133,49,0.3762,1,7,1
CUST-10060,2023-02-01,2,2023,0,6168.32,123,76,0.63,1,8,1
CUST-10060,2023-03-01,3,2023,1,6511.04,131,84,0.6833,0,9,1
CUST-10060,2023-04-01,4,2023,2,6382.52,128,84,0.6428,1,8,1
CUST-10060,2023-05-01,5,2023,3,5739.92,113,93,0.7271,0,9,1
CUST-10060,2023-06-01,6,2023,4,5568.56,109,72,0.6427,1,8,1
CUST-10060,2023-07-01,7,2023,5,5782.76,114,67,0.6096,1,8,1
CUST-10060,2023-08-01,8,2023,6,5654.24,111,64,0.5577,1,8,1
CUST-10060,2023-09-01,9,2023,7,5611.4,110,53,0.4739,1,8,1
CUST-10060,2023-10-01,10,2023,8,5954.12,118,55,0.4973,2,8,1
CUST-10060,2023-11-01,11,2023,9,6425.36,129,56,0.4775,2,8,1
CUST-10060,2023-12-01,12,2023,10,6596.72,133,68,0.5274,2,8,1
CUST-10060,2024-01-01,1,2024,11,6725.24,136,69,0.5175,6,7,1
CUST-10060,2024-02-01,2,2024,12,6725.24,136,73,0.539,1,8,1
CUST-10060,2024-03-01,3,2024,13,6296.84,126,50,0.3653,0,8,1
CUST-10060,2024-04-01,4,2024,14,6596.72,133,45,0.3596,0,8,1
CUST-10060,2024-05-01,5,2024,15,6682.4,135,53,0.397,1,8,1
CUST-10060,2024-06-01,6,2024,16,7325.0,150,40,0.2995,2,7,1
CUST-10060,2024-07-01,7,2024,17,7539.2,155,47,0.3127,3,7,1
CUST-10060,2024-08-01,8,2024,18,7796.24,161,43,0.2744,1,7,1
CUST-10060,2024-09-01,9,2024,19,7624.88,157,47,0.2914,3,7,1
CUST-10060,2024-10-01,10,2024,20,7582.04,156,43,0.2744,4,7,1
CUST-10060,2024-11-01,11,2024,21,8053.28,167,48,0.3086,2,7,1
CUST-10060,2024-12-01,12,2024,22,7753.4,160,59,0.3548,1,8,1
CUST-10061,2023-02-01,2,2023,0,205.17,3,0,0.1449,2,7,1
CUST-10061,2023-03-01,3,2023,1,205.17,3,0,0.1113,0,7,1
CUST-10061,2023-04-01,4,2023,2,205.17,3,0,0.1347,1,7,1
CUST-10061,2023-05-01,5,2023,3,205.17,3,0,0.0499,1,7,1
CUST-10061,2023-06-01,6,2023,4,205.17,3,0,0.03,1,6,1
CUST-10061,2023-07-01,7,2023,5,205.17,3,0,0.0442,2,6,1
CUST-10061,2023-08-01,8,2023,6,205.17,3,0,0.0604,1,7,1
CUST-10061,2023-09-01,9,2023,7,205.17,3,0,0.03,5,6,1
CUST-10061,2023-10-01,10,2023,8,205.17,3,0,0.03,3,6,1
CUST-10061,2023-11-01,11,2023,9,205.17,3,0,0.03,1,6,1
CUST-10061,2023-12-01,12,2023,10,205.17,3,0,0.03,1,6,1
CUST-10061,2024-01-01,1,2024,11,205.17,3,0,0.03,3,6,1
CUST-10061,2024-02-01,2,2024,12,205.17,3,0,0.03,2,6,1
CUST-10061,2024-03-01,3,2024,13,205.17,3,0,0.03,3,6,1
CUST-10061,2024-04-01,4,2024,14,205.17,3,0,0.03,2,6,1
CUST-10061,2024-05-01,5,2024,15,205.17,3,0,0.03,2,6,1
CUST-10061,2024-06-01,6,2024,16,205.17,3,0,0.03,0,7,1
CUST-10061,2024-07-01,7,2024,17,223.89,4,0,0.03,1,6,1
CUST-10061,2024-08-01,8,2024,18,223.89,4,0,0.03,0,7,1
CUST-10061,2024-09-01,9,2024,19,223.89,4,0,0.03,0,7,1
CUST-10061,2024-10-01,10,2024,20,223.89,4,0,0.03,0,7,1
CUST-10061,2024-11-01,11,2024,21,223.89,4,0,0.03,0,7,1
CUST-10061,2024-12-01,12,2024,22,223.89,4,0,0.03,1,6,1
CUST-10062,2023-02-01,2,2023,0,726.36,11,2,0.1544,0,4,1
CUST-10062,2023-03-01,3,2023,1,726.36,11,2,0.1726,0,4,1
CUST-10063,2023-02-01,2,2023,0,266.22,6,2,0.2721,2,7,1
CUST-10063,2023-03-01,3,2023,1,266.22,6,2,0.3467,0,8,1
CUST-10064,2023-02-01,2,2023,0,10539.54,349,76,0.2216,0,8,1
CUST-10064,2023-03-01,3,2023,1,10219.93,338,41,0.1167,3,7,1
CUST-10064,2023-04-01,4,2023,2,9725.98,321,77,0.2276,2,8,1
CUST-10064,2023-05-01,5,2023,3,10278.04,340,61,0.1891,2,8,1
CUST-10064,2023-06-01,6,2023,4,11062.55,367,89,0.2628,2,8,1
CUST-10064,2023-07-01,7,2023,5,10888.22,361,59,0.1598,2,8,1
CUST-10064,2023-08-01,8,2023,6,11411.22,379,11,0.03,2,7,1
CUST-10064,2023-09-01,9,2023,7,11934.23,397,58,0.1532,3,7,1
CUST-10064,2023-10-01,10,2023,8,13561.37,453,12,0.03,2,7,1
CUST-10064,2023-11-01,11,2023,9,14200.6,475,47,0.1031,2,8,1
CUST-10064,2023-12-01,12,2023,10,14200.6,475,59,0.1238,8,6,1
CUST-10064,2024-01-01,1,2024,11,13561.37,453,14,0.03,5,7,1
CUST-10064,2024-02-01,2,2024,12,13299.86,444,14,0.03,1,8,1
CUST-10064,2024-03-01,3,2024,13,12108.57,403,13,0.03,4,7,1
CUST-10065,2023-02-01,2,2023,0,257.57,5,1,0.2855,1,9,1
CUST-10065,2023-03-01,3,2023,1,257.57,5,1,0.291,0,10,1
CUST-10065,2023-04-01,4,2023,2,257.57,5,1,0.1169,1,9,1
CUST-10065,2023-05-01,5,2023,3,257.57,5,2,47.0,1,10,1
CUST-10065,2023-06-01,6,2023,4,235.86,4,2,0.3976,0,10,1
CUST-10065,2023-07-01,7,2023,5,235.86,4,1,0.29,0,10,1
CUST-10065,2023-08-01,8,2023,6,235.86,4,1,0.2905,1,9,1
CUST-10065,2023-09-01,9,2023,7,235.86,4,2,0.4502,0,10,1
CUST-10065,2023-10-01,10,2023,8,235.86,4,1,0.3562,0,10,1
CUST-10065,2023-11-01,11,2023,9,214.14,3,1,0.3544,1,10,1
CUST-10065,2023-12-01,12,2023,10,214.14,3,1,0.4156,0,10,1
CUST-10066,2023-02-01,2,2023,0,289.0,20,12,0.6285,0,7,1
CUST-10066,2023-03-01,3,2023,1,313.0,22,9,0.4405,0,6,1
CUST-10066,2023-04-01,4,2023,2,301.0,21,10,0.4713,0,6,1
CUST-10066,2023-05-01,5,2023,3,301.0,21,10,0.453,0,6,1
CUST-10066,2023-06-01,6,2023,4,301.0,21,9,0.4531,0,6,1
CUST-10066,2023-07-01,7,2023,5,313.0,22,10,0.4775,0,7,1
CUST-10066,2023-08-01,8,2023,6,337.0,24,8,37.3,0,6,1
CUST-10066,2023-09-01,9,2023,7,361.0,26,8,0.3258,0,6,1
CUST-10066,2023-10-01,10,2023,8,397.0,29,11,0.4196,0,6,1
CUST-10066,2023-11-01,11,2023,9,421.0,31,6,0.2045,0,6,1
CUST-10066,2023-12-01,12,2023,10,421.0,31,12,0.3769,0,6,1
CUST-10066,2024-01-01,1,2024,11,433.0,32,5,0.1693,0,6,1
CUST-10066,2024-02-01,2,2024,12,433.0,32,3,0.1035,1,5,1
CUST-10066,2024-03-01,3,2024,13,397.0,29,3,0.0904,0,6,1
CUST-10066,2024-04-01,4,2024,14,409.0,30,5,0.1621,0,6,1
CUST-10066,2024-05-01,5,2024,15,397.0,29,1,0.0341,0,5,1
CUST-10067,2023-02-01,2,2023,0,826.52,16,3,0.2071,0,8,1
CUST-10067,2023-03-01,3,2023,1,826.52,16,4,0.2463,3,8,1
CUST-10067,2023-04-01,4,2023,2,826.52,16,4,0.2358,3,8,1
CUST-10067,2023-05-01,5,2023,3,799.8,15,4,0.2497,1,8,1
CUST-10067,2023-06-01,6,2023,4,799.8,15,5,0.3297,2,8,1
CUST-10067,2023-07-01,7,2023,5,799.8,15,5,0.34,4,8,1
CUST-10067,2023-08-01,8,2023,6,826.52,16,5,0.3541,1,8,1
CUST-10067,2023-09-01,9,2023,7,799.8,15,5,0.3513,3,8,1
CUST-10067,2023-10-01,10,2023,8,799.8,15,6,0.3673,4,8,1
CUST-10067,2023-11-01,11,2023,9,826.52,16,6,0.3974,2,8,1
CUST-10067,2023-12-01,12,2023,10,799.8,15,8,0.5161,1,9,1
CUST-10067,2024-01-01,1,2024,11,799.8,15,7,0.4452,2,8,1
CUST-10067,2024-02-01,2,2024,12,853.24,17,7,0.4358,1,9,1
CUST-10067,2024-03-01,3,2024,13,879.96,18,8,0.4722,1,9,1
CUST-10067,2024-04-01,4,2024,14,906.68,19,8,0.452,0,9,1
CUST-10067,2024-05-01,5,2024,15,906.68,19,12,0.6371,2,9,1
CUST-10067,2024-06-01,6,2024,16,933.4,20,9,0.4858,0,9,1
CUST-10067,2024-07-01,7,2024,17,879.96,18,9,0.4813,2,9,1
CUST-10067,2024-08-01,8,2024,18,879.96,18,11,0.6119,1,9,1
CUST-10067,2024-09-01,9,2024,19,879.96,18,12,0.6577,2,9,1
CUST-10067,2024-10-01,10,2024,20,879.96,18,11,0.6212,2,9,1
CUST-10067,2024-11-01,11,2024,21,853.24,17,10,0.5801,1,9,1
CUST-10067,2024-12-01,12,2024,22,853.24,17,10,0.608,2,9,1
CUST-10068,2023-02-01,2,2023,0,186.42,14,3,0.1883,1,7,1
CUST-10069,2023-02-01,2,2023,0,104.08,5,2,0.3076,4,7,1
CUST-10069,2023-03-01,3,2023,1,104.08,5,2,0.396,1,8,1
CUST-10069,2023-04-01,4,2023,2,104.08,5,1,0.2638,5,7,1
CUST-10069,2023-05-01,5,2023,3,93.06,4,1,0.2933,6,7,1
CUST-10069,2023-06-01,6,2023,4,93.06,4,1,0.1942,2,7,1
CUST-10069,2023-07-01,7,2023,5,93.06,4,1,0.2762,2,7,1
CUST-10069,2023-08-01,8,2023,6,93.06,4,1,0.1868,2,7,1
CUST-10069,2023-09-01,9,2023,7,93.06,4,0,0.0814,2,7,1
CUST-10069,2023-10-01,10,2023,8,93.06,4,0,0.0388,5,6,1
CUST-10069,2023-11-01,11,2023,9,93.06,4,1,0.2018,0,8,1
CUST-10069,2023-12-01,12,2023,10,82.05,3,0,0.03,5,6,1
CUST-10069,2024-01-01,1,2024,11,82.05,3,0,0.03,3,7,1
CUST-10069,2024-02-01,2,2024,12,82.05,3,0,3.0,1,7,1
CUST-10069,2024-03-01,3,2024,13,82.05,3,0,0.03,3,7,1
CUST-10069,2024-04-01,4,2024,14,82.05,3,0,0.03,5,6,1
CUST-10069,2024-05-01,5,2024,15,82.05,3,0,0.03,3,7,1
CUST-10069,2024-06-01,6,2024,16,82.05,3,0,0.03,1,7,1
CUST-10069,2024-07-01,7,2024,17,82.05,3,0,0.03,0,7,1
CUST-10069,2024-08-01,8,2024,18,82.05,3,0,0.03,6,6,1
CUST-10070,2023-02-01,2,2023,0,1658.04,43,10,0.2265,2,8,1
CUST-10070,2023-03-01,3,2023,1,1745.88,46,16,0.375,0,9,1
CUST-10070,2023-04-01,4,2023,2,1745.88,46,9,0.1986,1,8,1
CUST-10070,2023-05-01,5,2023,3,1892.28,51,6,0.1383,2,8,1
CUST-10070,2023-06-01,6,2023,4,2038.68,56,12,0.2266,1,8,1
CUST-10070,2023-07-01,7,2023,5,1950.84,53,11,0.1953,2,8,1
CUST-10070,2023-08-01,8,2023,6,1980.12,54,2,0.0367,0,8,1
CUST-10070,2023-09-01,9,2023,7,2067.96,57,6,0.1066,1,8,1
CUST-10070,2023-10-01,10,2023,8,2272.92,64,4,0.0726,0,8,1
CUST-10070,2023-11-01,11,2023,9,2331.48,66,4,0.055,0,8,1
CUST-10070,2023-12-01,12,2023,10,2272.92,64,2,0.03,0,8,1
CUST-10070,2024-01-01,1,2024,11,2331.48,66,2,0.03,0,8,1
CUST-10070,2024-02-01,2,2024,12,2595.0,75,3,0.0384,0,8,1
CUST-10070,2024-03-01,3,2024,13,2507.16,72,2,0.03,0,8,1
CUST-10070,2024-04-01,4,2024,14,2624.28,76,2,0.03,2,7,1
CUST-10070,2024-05-01,5,2024,15,2624.28,76,2,0.03,1,7,1
CUST-10070,2024-06-01,6,2024,16,2448.6,70,2,0.03,0,8,1
CUST-10070,2024-07-01,7,2024,17,2507.16,72,2,0.03,2,7,1
CUST-10070,2024-08-01,8,2024,18,2360.76,67,2,0.03,0,8,1
CUST-10070,2024-09-01,9,2024,19,2419.32,69,2,0.03,0,8,1
CUST-10070,2024-10-01,10,2024,20,2507.16,72,2,0.03,1,7,1
CUST-10070,2024-11-01,11,2024,21,2360.76,67,2,0.03,1,7,1
CUST-10070,2024-12-01,12,2024,22,2507.16,72,2,0.03,0,8,1
CUST-10071,2023-02-01,2,2023,0,795.86,13,8,0.6028,3,6,1
CUST-10071,2023-03-01,3,2023,1,765.34,12,5,0.4077,1,6,1
CUST-10071,2023-04-01,4,2023,2,795.86,13,6,0.4933,3,5,1
CUST-10071,2023-05-01,5,2023,3,826.39,14,7,0.5289,2,6,1
CUST-10071,2023-06-01,6,2023,4,826.39,14,8,0.5842,1,6,1
CUST-10071,2023-07-01,7,2023,5,826.39,14,7,0.5294,1,6,1
CUST-10071,2023-08-01,8,2023,6,826.39,14,8,0.5797,0,6,1
CUST-10071,2023-09-01,9,2023,7,856.92,15,7,0.4781,1,6,1
CUST-10071,2023-10-01,10,2023,8,856.92,15,9,0.652,0,6,1
CUST-10071,2023-11-01,11,2023,9,856.92,15,11,0.7473,1,6,1
CUST-10071,2023-12-01,12,2023,10,826.39,14,9,0.6251,1,6,1
CUST-10071,2024-01-01,1,2024,11,826.39,14,12,0.8956,0,7,1
CUST-10071,2024-02-01,2,2024,12,856.92,15,11,0.7844,2,6,1
CUST-10071,2024-03-01,3,2024,13,887.45,16,11,0.7369,1,6,1
CUST-10071,2024-04-01,4,2024,14,887.45,16,12,0.7576,0,7,1
CUST-10071,2024-05-01,5,2024,15,887.45,16,13,0.8183,2,6,1
CUST-10071,2024-06-01,6,2024,16,917.98,17,13,0.8009,3,6,1
CUST-10071,2024-07-01,7,2024,17,917.98,17,13,0.7673,0,7,1
CUST-10071,2024-08-01,8,2024,18,887.45,16,13,0.8139,1,6,1
CUST-10071,2024-09-01,9,2024,19,887.45,16,12,0.7178,2,6,1
CUST-10071,2024-10-01,10,2024,20,917.98,17,16,0.9812,1,7,1
CUST-10071,2024-11-01,11,2024,21,917.98,17,14,0.8294,1,7,1
CUST-10071,2024-12-01,12,2024,22,917.98,17,17,1.0,0,7,1
CUST-10072,2023-02-01,2,2023,0,614.12,22,11,0.4948,1,9,1
CUST-10072,2023-03-01,3,2023,1,635.27,23,11,0.4895,1,9,1
CUST-10072,2023-04-01,4,2023,2,698.69,26,11,0.4879,1,9,1
CUST-10072,2023-05-01,5,2023,3,740.98,28,11,0.4327,2,9,1
CUST-10072,2023-06-01,6,2023,4,740.98,28,9,0.3139,3,8,1
CUST-10072,2023-07-01,7,2023,5,762.12,29,10,0.358,0,9,1
CUST-10072,2023-08-01,8,2023,6,740.98,28,9,0.2987,0,9,1
CUST-10072,2023-09-01,9,2023,7,762.12,29,9,0.3299,1,9,1
CUST-10072,2023-10-01,10,2023,8,804.4,31,7,0.2427,0,9,1
CUST-10072,2023-11-01,11,2023,9,867.83,34,1,0.03,5,7,1
CUST-10072,2023-12-01,12,2023,10,867.83,34,1,0.0303,1,8,1
CUST-10072,2024-01-01,1,2024,11,973.54,39,1,0.03,0,8,1
CUST-10072,2024-02-01,2,2024,12,1100.39,45,1,0.03,1,8,1
CUST-10072,2024-03-01,3,2024,13,1100.39,45,3,0.0706,0,8,1
CUST-10072,2024-04-01,4,2024,14,1100.39,45,1,0.03,0,8,1
CUST-10072,2024-05-01,5,2024,15,1227.24,51,1,0.03,1,8,1
CUST-10072,2024-06-01,6,2024,16,1269.53,53,2,0.03,1,8,1
CUST-10072,2024-07-01,7,2024,17,1332.95,56,2,0.03,0,8,1
CUST-10072,2024-08-01,8,2024,18,1332.95,56,2,0.03,4,7,1
CUST-10072,2024-09-01,9,2024,19,1417.52,60,2,0.03,1,8,1
CUST-10072,2024-10-01,10,2024,20,1459.8,62,2,0.03,0,8,1
CUST-10072,2024-11-01,11,2024,21,1586.66,68,2,0.03,1,8,1
CUST-10072,2024-12-01,12,2024,22,1671.22,72,2,0.03,0,8,1
CUST-10073,2023-02-01,2,2023,0,61.0,1,0,0.1546,0,8,1
CUST-10073,2023-03-01,3,2023,1,61.0,1,0,0.0403,4,7,1
CUST-10073,2023-04-01,4,2023,2,61.0,1,0,0.1788,3,8,1
CUST-10073,2023-05-01,5,2023,3,61.0,1,0,0.0867,1,8,1
CUST-10073,2023-06-01,6,2023,4,61.0,1,0,0.0922,0,8,1
CUST-10073,2023-07-01,7,2023,5,61.0,1,0,0.03,2,8,1
CUST-10073,2023-08-01,8,2023,6,61.0,1,0,0.03,0,8,1
CUST-10073,2023-09-01,9,2023,7,61.0,1,0,0.03,2,8,1
CUST-10073,2023-10-01,10,2023,8,61.0,1,0,0.03,1,8,1
CUST-10073,2023-11-01,11,2023,9,61.0,1,0,0.03,3,7,1
CUST-10073,2023-12-01,12,2023,10,61.0,1,0,0.03,2,8,1
CUST-10073,2024-01-01,1,2024,11,61.0,1,0,0.03,2,8,1
CUST-10073,2024-02-01,2,2024,12,61.0,1,0,0.03,0,8,1
CUST-10073,2024-03-01,3,2024,13,61.0,1,0,0.03,0,8,1
CUST-10073,2024-04-01,4,2024,14,61.0,1,0,0.03,0,8,1
CUST-10073,2024-05-01,5,2024,15,61.0,1,0,0.03,0,8,1
CUST-10073,2024-06-01,6,2024,16,61.0,1,0,0.03,2,8,1
CUST-10073,2024-07-01,7,2024,17,61.0,1,0,0.03,0,8,1
CUST-10073,2024-08-01,8,2024,18,61.0,1,0,0.03,2,8,1
CUST-10073,2024-09-01,9,2024,19,61.0,1,0,0.03,1,8,1
CUST-10073,2024-10-01,10,2024,20,61.0,1,0,0.03,1,8,1
CUST-10073,2024-11-01,11,2024,21,61.0,1,0,0.03,0,8,1
CUST-10073,2024-12-01,12,2024,22,61.0,1,0,0.03,0,8,1
CUST-10074,2023-02-01,2,2023,0,405.16,35,20,0.5627,1,9,1
CUST-10074,2023-03-01,3,2023,1,384.81,33,14,0.4101,0,9,1
CUST-10074,2023-04-01,4,2023,2,415.34,36,13,0.3796,0,9,1
CUST-10074,2023-05-01,5,2023,3,425.51,37,18,0.5048,0,9,1
CUST-10074,2023-06-01,6,2023,4,405.16,35,15,0.4062,0,9,1
CUST-10074,2023-07-01,7,2023,5,405.16,35,15,0.4298,0,9,1
CUST-10074,2023-08-01,8,2023,6,415.34,36,17,0.4821,0,9,1
CUST-10074,2023-09-01,9,2023,7,405.16,35,15,0.4111,1,8,1
CUST-10074,2023-10-01,10,2023,8,394.98,34,12,0.332,0,8,1
CUST-10074,2023-11-01,11,2023,9,405.16,35,16,0.4602,0,9,1
CUST-10074,2023-12-01,12,2023,10,405.16,35,16,0.4598,0,9,1
CUST-10074,2024-01-01,1,2024,11,394.98,34,17,0.4868,0,9,1
CUST-10074,2024-02-01,2,2024,12,394.98,34,20,0.5956,0,9,1
CUST-10074,2024-03-01,3,2024,13,384.81,33,12,0.357,0,8,1
CUST-10074,2024-04-01,4,2024,14,384.81,33,16,0.489,1,9,1
CUST-10074,2024-05-01,5,2024,15,405.16,35,17,0.5214,0,9,1
CUST-10074,2024-06-01,6,2024,16,415.34,36,13,0.3707,0,8,1
CUST-10074,2024-07-01,7,2024,17,394.98,34,20,0.574,0,9,1
CUST-10074,2024-08-01,8,2024,18,374.63,32,16,0.4749,0,9,1
CUST-10074,2024-09-01,9,2024,19,394.98,34,17,0.5231,1,9,1
CUST-10074,2024-10-01,10,2024,20,394.98,34,16,0.4773,0,9,1
CUST-10074,2024-11-01,11,2024,21,364.46,31,15,0.4462,0,9,1
CUST-10074,2024-12-01,12,2024,22,374.63,32,14,0.4415,0,9,1
CUST-10075,2023-02-01,2,2023,0,608.87,54,2,0.03,1,3,1
CUST-10075,2023-03-01,3,2023,1,629.61,56,2,0.03,1,3,1
CUST-10075,2023-04-01,4,2023,2,629.61,56,3,0.0587,2,3,1
CUST-10075,2023-05-01,5,2023,3,608.87,54,5,0.0816,0,4,1
CUST-10075,2023-06-01,6,2023,4,619.24,55,2,0.03,2,3,1
CUST-10075,2023-07-01,7,2023,5,619.24,55,2,0.03,2,3,1
CUST-10075,2023-08-01,8,2023,6,629.61,56,2,0.03,2,3,1
CUST-10075,2023-09-01,9,2023,7,619.24,55,2,0.03,2,3,1
CUST-10075,2023-10-01,10,2023,8,639.98,57,2,0.03,0,4,1
CUST-10075,2023-11-01,11,2023,9,598.5,53,2,0.03,1,3,1
CUST-10075,2023-12-01,12,2023,10,577.77,51,2,0.03,1,3,1
CUST-10075,2024-01-01,1,2024,11,588.14,52,2,0.03,0,4,1
CUST-10075,2024-02-01,2,2024,12,577.77,51,2,0.03,2,3,1
CUST-10075,2024-03-01,3,2024,13,577.77,51,2,0.03,0,4,1
CUST-10075,2024-04-01,4,2024,14,557.03,49,2,0.03,0,4,1
CUST-10075,2024-05-01,5,2024,15,588.14,52,1,0.03,0,4,1
CUST-10075,2024-06-01,6,2024,16,588.14,52,2,0.03,0,4,1
CUST-10075,2024-07-01,7,2024,17,588.14,52,2,0.03,0,4,1
CUST-10075,2024-08-01,8,2024,18,608.87,54,2,0.03,1,3,1
CUST-10075,2024-09-01,9,2024,19,660.71,59,2,0.03,2,3,1
CUST-10075,2024-10-01,10,2024,20,629.61,56,2,0.03,1,3,1
CUST-10075,2024-11-01,11,2024,21,629.61,56,2,0.03,2,3,1
CUST-10075,2024-12-01,12,2024,22,650.34,58,2,0.03,1,3,1
CUST-10076,2023-02-01,2,2023,0,432.18,36,4,0.11,2,8,1
CUST-10076,2023-03-01,3,2023,1,432.18,36,5,0.1247,2,8,1
CUST-10076,2023-04-01,4,2023,2,442.83,37,9,0.2448,2,8,1
CUST-10076,2023-05-01,5,2023,3,464.12,39,4,0.113,1,8,1
CUST-10076,2023-06-01,6,2023,4,506.69,43,4,0.1068,0,8,1
CUST-10076,2023-07-01,7,2023,5,506.69,43,7,0.1626,0,8,1
CUST-10076,2023-08-01,8,2023,6,485.4,41,4,0.0999,1,8,1
CUST-10076,2023-09-01,9,2023,7,485.4,41,9,0.2169,0,8,1
CUST-10076,2023-10-01,10,2023,8,517.34,44,12,0.2881,2,8,1
CUST-10076,2023-11-01,11,2023,9,527.98,45,3,0.0611,1,8,1
CUST-10076,2023-12-01,12,2023,10,549.27,47,7,0.1495,1,8,1
CUST-10076,2024-01-01,1,2024,11,559.91,48,6,0.1284,5,7,1
CUST-10076,2024-02-01,2,2024,12,517.34,44,7,0.1378,2,8,1
CUST-10076,2024-03-01,3,2024,13,506.69,43,8,0.1746,0,8,1
CUST-10076,2024-04-01,4,2024,14,517.34,44,7,0.1572,2,8,1
CUST-10076,2024-05-01,5,2024,15,559.91,48,4,0.0863,3,7,1
CUST-10076,2024-06-01,6,2024,16,538.62,46,12,0.256,1,8,1
CUST-10076,2024-07-01,7,2024,17,527.98,45,11,0.251,0,8,1
CUST-10076,2024-08-01,8,2024,18,549.27,47,5,0.1164,2,8,1
CUST-10076,2024-09-01,9,2024,19,570.56,49,14,0.2932,1,8,1
CUST-10076,2024-10-01,10,2024,20,570.56,49,13,0.2553,1,8,1
CUST-10076,2024-11-01,11,2024,21,538.62,46,7,0.1454,0,8,1
CUST-10076,2024-12-01,12,2024,22,602.49,52,10,0.2096,3,8,1
CUST-10077,2023-02-01,2,2023,0,696.4,29,9,0.3206,2,8,1
CUST-10077,2023-03-01,3,2023,1,696.4,29,14,0.4803,3,8,1
CUST-10077,2023-04-01,4,2023,2,734.16,31,8,0.2847,1,8,1
CUST-10077,2023-05-01,5,2023,3,715.28,30,11,0.3436,1,8,1
CUST-10077,2023-06-01,6,2023,4,639.78,26,10,0.3258,0,9,1
CUST-10077,2023-07-01,7,2023,5,658.65,27,9,0.3528,1,8,1
CUST-10077,2023-08-01,8,2023,6,639.78,26,10,0.3587,1,8,1
CUST-10077,2023-09-01,9,2023,7,639.78,26,12,0.4501,0,9,1
CUST-10077,2023-10-01,10,2023,8,677.53,28,4,0.1713,0,8,1
CUST-10077,2023-11-01,11,2023,9,715.28,30,6,0.2185,1,8,1
CUST-10077,2023-12-01,12,2023,10,771.91,33,9,0.2927,3,8,1
CUST-10077,2024-01-01,1,2024,11,790.78,34,7,0.2046,1,8,1
CUST-10077,2024-02-01,2,2024,12,809.66,35,13,0.3903,0,9,1
CUST-10077,2024-03-01,3,2024,13,866.29,38,13,0.3785,0,9,1
CUST-10077,2024-04-01,4,2024,14,885.16,39,11,0.2964,3,8,1
CUST-10077,2024-05-01,5,2024,15,922.92,41,10,0.2458,0,8,1
CUST-10077,2024-06-01,6,2024,16,960.67,43,8,0.1983,2,8,1
CUST-10077,2024-07-01,7,2024,17,1017.3,46,5,0.1181,1,8,1
CUST-10077,2024-08-01,8,2024,18,1092.8,50,9,0.1909,0,8,1
CUST-10077,2024-09-01,9,2024,19,1168.3,54,9,0.1829,0,8,1
CUST-10077,2024-10-01,10,2024,20,1243.81,58,11,0.2002,2,8,1
CUST-10077,2024-11-01,11,2024,21,1319.31,62,11,0.1935,0,8,1
CUST-10077,2024-12-01,12,2024,22,1451.44,69,10,0.161,0,8,1
CUST-10078,2023-02-01,2,2023,0,421.1,34,14,0.4308,2,5,1
CUST-10078,2023-03-01,3,2023,1,421.1,34,12,0.3512,2,5,1
CUST-10078,2023-04-01,4,2023,2,421.1,34,11,0.3067,0,5,1
CUST-10078,2023-05-01,5,2023,3,432.04,35,14,0.4169,1,5,1
CUST-10078,2023-06-01,6,2023,4,464.87,38,13,0.367,2,5,1
CUST-10078,2023-07-01,7,2023,5,475.82,39,16,0.4243,0,5,1
CUST-10078,2023-08-01,8,2023,6,519.59,43,23,0.5771,2,5,1
CUST-10078,2023-09-01,9,2023,7,585.26,49,20,0.4685,0,6,1
CUST-10078,2023-10-01,10,2023,8,607.14,51,31,0.6334,2,6,1
CUST-10078,2023-11-01,11,2023,9,639.98,54,37,0.7275,1,6,1
CUST-10078,2023-12-01,12,2023,10,639.98,54,38,0.6988,0,6,1
CUST-10078,2024-01-01,1,2024,11,672.81,57,29,0.543,3,5,1
CUST-10078,2024-02-01,2,2024,12,639.98,54,40,0.6928,0,6,1
CUST-10078,2024-03-01,3,2024,13,629.03,53,42,0.7707,1,6,1
CUST-10078,2024-04-01,4,2024,14,596.2,50,44,0.8282,2,6,1
CUST-10078,2024-05-01,5,2024,15,596.2,50,40,0.8118,0,6,1
CUST-10078,2024-06-01,6,2024,16,607.14,51,38,0.7547,1,6,1
CUST-10078,2024-07-01,7,2024,17,574.31,48,46,0.9064,1,6,1
CUST-10078,2024-08-01,8,2024,18,596.2,50,44,0.9141,0,7,1
CUST-10078,2024-09-01,9,2024,19,596.2,50,41,0.8344,1,6,1
CUST-10078,2024-10-01,10,2024,20,650.92,55,45,0.8991,1,6,1
CUST-10078,2024-11-01,11,2024,21,661.86,56,55,1.0,0,7,1
CUST-10078,2024-12-01,12,2024,22,694.7,59,56,1.0,1,7,1
CUST-10079,2023-02-01,2,2023,0,1917.07,89,47,0.5851,1,10,1
CUST-10079,2023-03-01,3,2023,1,2016.4,94,67,0.7503,1,10,1
CUST-10079,2023-04-01,4,2023,2,2095.87,98,69,0.7294,1,10,1
CUST-10079,2023-05-01,5,2023,3,2314.39,109,82,0.8368,0,10,1
CUST-10079,2023-06-01,6,2023,4,2473.32,117,84,0.7771,0,10,1
CUST-10079,2023-07-01,7,2023,5,2532.92,120,95,0.8125,2,10,1
CUST-10079,2023-08-01,8,2023,6,2652.12,126,86,0.7149,1,10,1
CUST-10079,2023-09-01,9,2023,7,2632.25,125,94,0.7488,0,10,1
CUST-10079,2023-10-01,10,2023,8,2671.98,127,112,0.8979,0,10,1
CUST-10079,2023-11-01,11,2023,9,2711.71,129,116,0.9107,0,10,1
CUST-10079,2023-12-01,12,2023,10,2811.04,134,96,0.7455,0,10,1
CUST-10079,2024-01-01,1,2024,11,2870.64,137,126,0.9437,0,10,1
CUST-10079,2024-02-01,2,2024,12,3148.77,151,115,0.8362,1,10,1
CUST-10079,2024-03-01,3,2024,13,3248.1,156,105,0.6981,0,10,1
CUST-10079,2024-04-01,4,2024,14,3426.89,165,113,0.7256,1,10,1
CUST-10079,2024-05-01,5,2024,15,3585.82,173,139,0.8387,0,10,1
CUST-10079,2024-06-01,6,2024,16,3585.82,173,136,0.7858,0,10,1
CUST-10079,2024-07-01,7,2024,17,3466.62,167,149,0.8601,0,10,1
CUST-10079,2024-08-01,8,2024,18,3585.82,173,134,0.7991,0,10,1
CUST-10079,2024-09-01,9,2024,19,3546.09,171,162,0.9352,0,10,1
CUST-10079,2024-10-01,10,2024,20,4022.87,195,130,0.7588,3,10,1
CUST-10079,2024-11-01,11,2024,21,4142.07,201,149,0.7672,1,10,1
CUST-10079,2024-12-01,12,2024,22,4142.07,201,135,0.6697,0,10,1
CUST-10080,2023-02-01,2,2023,0,616.32,51,10,0.21,1,5,1
CUST-10080,2023-03-01,3,2023,1,582.95,48,11,0.2182,0,5,1
CUST-10080,2023-04-01,4,2023,2,571.83,47,8,0.1681,1,5,1
CUST-10080,2023-05-01,5,2023,3,594.08,49,10,0.2148,0,5,1
CUST-10080,2023-06-01,6,2023,4,683.07,57,13,0.2736,3,5,1
CUST-10080,2023-07-01,7,2023,5,727.56,61,15,0.2654,1,5,1
CUST-10080,2023-08-01,8,2023,6,738.69,62,11,0.1789,2,5,1
CUST-10080,2023-09-01,9,2023,7,783.18,66,16,0.2638,0,5,1
CUST-10080,2023-10-01,10,2023,8,794.31,67,16,0.2363,0,5,1
CUST-10080,2023-11-01,11,2023,9,883.3,75,15,21.8,1,5,1
CUST-10080,2023-12-01,12,2023,10,938.92,80,29,0.3908,0,6,1
CUST-10080,2024-01-01,1,2024,11,983.42,84,17,0.2146,0,5,1
CUST-10080,2024-02-01,2,2024,12,994.54,85,26,0.3056,0,6,1
CUST-10080,2024-03-01,3,2024,13,950.04,81,30,0.352,0,6,1
CUST-10080,2024-04-01,4,2024,14,961.17,82,25,0.3039,1,5,1
CUST-10080,2024-05-01,5,2024,15,883.3,75,23,0.281,0,6,1
CUST-10080,2024-06-01,6,2024,16,927.8,79,21,0.2804,1,5,1
CUST-10080,2024-07-01,7,2024,17,938.92,80,25,0.3165,2,5,1
CUST-10080,2024-08-01,8,2024,18,994.54,85,24,0.3005,0,6,1
CUST-10080,2024-09-01,9,2024,19,950.04,81,29,0.3427,0,6,1
CUST-10080,2024-10-01,10,2024,20,1050.16,90,21,0.257,0,5,1
CUST-10080,2024-11-01,11,2024,21,1105.78,95,27,0.2979,0,6,1
CUST-10080,2024-12-01,12,2024,22,1150.28,99,42,0.4405,0,6,1
CUST-10081,2023-02-01,2,2023,0,116.79,7,5,0.6591,3,8,1
CUST-10081,2023-03-01,3,2023,1,126.47,8,5,0.6622,0,9,1
CUST-10081,2023-04-01,4,2023,2,116.79,7,6,0.7192,1,9,1
CUST-10081,2023-05-01,5,2023,3,126.47,8,5,0.6989,2,9,1
CUST-10081,2023-06-01,6,2023,4,126.47,8,6,0.805,0,9,1
CUST-10081,2023-07-01,7,2023,5,116.79,7,5,0.6729,0,9,1
CUST-10081,2023-08-01,8,2023,6,116.79,7,6,0.789,2,9,1
CUST-10081,2023-09-01,9,2023,7,107.1,6,6,0.8167,0,9,1
CUST-10081,2023-10-01,10,2023,8,107.1,6,5,0.7805,2,9,1
CUST-10081,2023-11-01,11,2023,9,107.1,6,4,0.6509,0,9,1
CUST-10081,2023-12-01,12,2023,10,107.1,6,5,0.7551,1,9,1
CUST-10081,2024-01-01,1,2024,11,107.1,6,5,0.7435,2,9,1
CUST-10081,2024-02-01,2,2024,12,107.1,6,4,0.7039,1,9,1
CUST-10081,2024-03-01,3,2024,13,97.42,5,5,0.8179,0,9,1
CUST-10081,2024-04-01,4,2024,14,97.42,5,4,0.6661,2,9,1
CUST-10081,2024-05-01,5,2024,15,107.1,6,4,0.7078,2,9,1
CUST-10081,2024-06-01,6,2024,16,107.1,6,5,0.8821,1,9,1
CUST-10081,2024-07-01,7,2024,17,97.42,5,5,0.8933,1,9,1
CUST-10082,2023-02-01,2,2023,0,856.26,38,9,0.2482,2,8,1
CUST-10082,2023-03-01,3,2023,1,912.09,41,14,0.3535,1,9,1
CUST-10082,2023-04-01,4,2023,2,930.7,42,14,0.3348,1,9,1
CUST-10082,2023-05-01,5,2023,3,949.32,43,13,0.3211,0,9,1
CUST-10082,2023-06-01,6,2023,4,930.7,42,11,0.2584,2,8,1
CUST-10082,2023-07-01,7,2023,5,967.93,44,13,0.3168,3,8,1
CUST-10082,2023-08-01,8,2023,6,967.93,44,13,0.3016,2,8,1
CUST-10082,2023-09-01,9,2023,7,1005.15,46,11,0.2563,3,8,1
CUST-10082,2023-10-01,10,2023,8,1042.38,48,11,0.2375,3,8,1
CUST-10082,2023-11-01,11,2023,9,1079.6,50,11,0.2191,1,8,1
CUST-10082,2023-12-01,12,2023,10,1116.82,52,11,0.2159,0,9,1
CUST-10082,2024-01-01,1,2024,11,1116.82,52,16,0.3043,2,8,1
CUST-10082,2024-02-01,2,2024,12,1191.27,56,13,0.2563,2,8,1
CUST-10082,2024-03-01,3,2024,13,1154.05,54,16,0.2812,0,9,1
CUST-10082,2024-04-01,4,2024,14,1228.5,58,5,0.0917,1,8,1
CUST-10082,2024-05-01,5,2024,15,1284.33,61,13,0.2314,1,8,1
CUST-10082,2024-06-01,6,2024,16,1358.78,65,9,0.1446,4,8,1
CUST-10082,2024-07-01,7,2024,17,1340.17,64,8,0.1196,2,8,1
CUST-10082,2024-08-01,8,2024,18,1377.39,66,9,0.142,3,8,1
CUST-10082,2024-09-01,9,2024,19,1507.68,73,14,0.2185,2,8,1
CUST-10082,2024-10-01,10,2024,20,1600.74,78,14,0.196,1,8,1
CUST-10082,2024-11-01,11,2024,21,1582.12,77,24,0.3139,1,9,1
CUST-10082,2024-12-01,12,2024,22,1675.18,82,12,0.1544,1,8,1
CUST-10083,2023-02-01,2,2023,0,204.11,3,1,0.2861,1,3,1
CUST-10083,2023-03-01,3,2023,1,204.11,3,1,0.2423,2,3,1
CUST-10083,2023-04-01,4,2023,2,204.11,3,0,0.1152,3,2,1
CUST-10083,2023-05-01,5,2023,3,204.11,3,1,0.1843,1,3,1
CUST-10083,2023-06-01,6,2023,4,185.74,2,0,0.0309,2,2,1
CUST-10083,2023-07-01,7,2023,5,185.74,2,0,0.03,2,2,1
CUST-10083,2023-08-01,8,2023,6,204.11,3,0,0.0424,2,2,1
CUST-10083,2023-09-01,9,2023,7,204.11,3,0,0.03,3,2,1
CUST-10083,2023-10-01,10,2023,8,204.11,3,0,0.0393,4,2,1
CUST-10083,2023-11-01,11,2023,9,204.11,3,0,0.03,1,2,1
CUST-10084,2023-02-01,2,2023,0,4307.08,99,62,0.5412,1,7,1
CUST-10084,2023-03-01,3,2023,1,4238.23,97,42,0.4245,0,7,1
CUST-10084,2023-04-01,4,2023,2,4238.23,97,57,0.5813,1,7,1
CUST-10084,2023-05-01,5,2023,3,3997.25,90,52,0.5308,0,7,1
CUST-10084,2023-06-01,6,2023,4,3859.55,86,43,0.4756,0,7,1
CUST-10084,2023-07-01,7,2023,5,4031.68,91,41,0.4747,0,7,1
CUST-10084,2023-08-01,8,2023,6,3825.12,85,48,0.5228,2,7,1
CUST-10084,2023-09-01,9,2023,7,3825.12,85,39,0.4638,2,7,1
CUST-10084,2023-10-01,10,2023,8,3721.85,82,32,0.3768,1,7,1
CUST-10084,2023-11-01,11,2023,9,3653.0,80,44,0.5355,0,7,1
CUST-10084,2023-12-01,12,2023,10,3549.72,77,55,0.6889,0,8,1
CUST-10084,2024-01-01,1,2024,11,3790.7,84,39,0.5034,0,7,1
CUST-10084,2024-02-01,2,2024,12,3825.12,85,50,0.6013,0,7,1
CUST-10084,2024-03-01,3,2024,13,3549.72,77,48,0.5651,0,7,1
CUST-10084,2024-04-01,4,2024,14,3618.58,79,41,0.5246,1,7,1
CUST-10084,2024-05-01,5,2024,15,3653.0,80,41,0.5241,1,7,1
CUST-10084,2024-06-01,6,2024,16,3721.85,82,46,0.5794,0,7,1
CUST-10084,2024-07-01,7,2024,17,3687.43,81,48,0.5868,1,7,1
CUST-10084,2024-08-01,8,2024,18,3618.58,79,52,0.6475,0,7,1
CUST-10084,2024-09-01,9,2024,19,3308.75,70,54,0.6804,0,8,1
CUST-10084,2024-10-01,10,2024,20,3377.6,72,47,0.6807,1,7,1
CUST-10084,2024-11-01,11,2024,21,3171.05,66,49,0.6797,0,8,1
CUST-10084,2024-12-01,12,2024,22,2792.38,55,39,0.5973,1,7,1
CUST-10085,2023-02-01,2,2023,0,1367.27,11,4,0.3314,0,8,1
CUST-10085,2023-03-01,3,2023,1,1409.84,12,3,0.2446,1,8,1
CUST-10085,2023-04-01,4,2023,2,1409.84,12,3,0.2165,0,8,1
CUST-10085,2023-05-01,5,2023,3,1367.27,11,1,0.1006,1,7,1
CUST-10085,2023-06-01,6,2023,4,1367.27,11,1,0.105,1,7,1
CUST-10085,2023-07-01,7,2023,5,1367.27,11,0,0.0339,0,7,1
CUST-10085,2023-08-01,8,2023,6,1409.84,12,1,0.1155,2,7,1
CUST-10085,2023-09-01,9,2023,7,1409.84,12,1,0.0862,5,6,1
CUST-10085,2023-10-01,10,2023,8,1367.27,11,1,0.1066,2,7,1
CUST-10085,2023-11-01,11,2023,9,1367.27,11,0,0.03,0,7,1
CUST-10085,2023-12-01,12,2023,10,1367.27,11,0,0.03,1,7,1
CUST-10085,2024-01-01,1,2024,11,1324.7,10,0,0.03,2,7,1
CUST-10085,2024-02-01,2,2024,12,1282.13,9,0,0.03,1,7,1
CUST-10085,2024-03-01,3,2024,13,1324.7,10,0,3.0,2,7,1
CUST-10085,2024-04-01,4,2024,14,1282.13,9,0,0.03,2,7,1
CUST-10085,2024-05-01,5,2024,15,1282.13,9,0,0.03,0,7,1
CUST-10085,2024-06-01,6,2024,16,1282.13,9,0,0.03,1,7,1
CUST-10085,2024-07-01,7,2024,17,1282.13,9,0,0.03,1,7,1
CUST-10085,2024-08-01,8,2024,18,1282.13,9,0,0.03,0,7,1
CUST-10085,2024-09-01,9,2024,19,1282.13,9,0,0.03,2,7,1
CUST-10085,2024-10-01,10,2024,20,1324.7,10,0,0.03,2,7,1
CUST-10085,2024-11-01,11,2024,21,1324.7,10,0,0.03,0,7,1
CUST-10085,2024-12-01,12,2024,22,1282.13,9,0,0.03,0,7,1
CUST-10086,2023-02-01,2,2023,0,556.0,20,11,0.6042,0,10,1
CUST-10086,2023-03-01,3,2023,1,596.7,22,12,0.5925,0,10,1
CUST-10086,2023-04-01,4,2023,2,596.7,22,12,0.5532,0,10,1
CUST-10086,2023-05-01,5,2023,3,617.05,23,12,0.5202,1,10,1
CUST-10086,2023-06-01,6,2023,4,637.4,24,17,0.715,0,10,1
CUST-10087,2023-02-01,2,2023,0,97.0,4,2,0.4818,3,7,1
CUST-10087,2023-03-01,3,2023,1,97.0,4,2,0.4494,2,7,1
CUST-10087,2023-04-01,4,2023,2,97.0,4,2,0.5261,3,7,1
CUST-10087,2023-05-01,5,2023,3,85.0,3,1,0.4157,2,7,1
CUST-10087,2023-06-01,6,2023,4,85.0,3,2,0.5538,0,8,1
CUST-10087,2023-07-01,7,2023,5,85.0,3,2,0.5253,1,8,1
CUST-10087,2023-08-01,8,2023,6,85.0,3,2,0.5999,4,7,1
CUST-10087,2023-09-01,9,2023,7,85.0,3,1,0.4766,2,7,1
CUST-10087,2023-10-01,10,2023,8,73.0,2,2,0.7761,2,8,1
CUST-10087,2023-11-01,11,2023,9,85.0,3,2,0.6732,0,8,1
CUST-10087,2023-12-01,12,2023,10,85.0,3,2,0.7066,1,8,1
CUST-10087,2024-01-01,1,2024,11,85.0,3,2,0.6617,3,8,1
CUST-10087,2024-02-01,2,2024,12,85.0,3,2,0.7907,3,8,1
CUST-10087,2024-03-01,3,2024,13,73.0,2,2,0.6817,0,8,1
CUST-10087,2024-04-01,4,2024,14,85.0,3,2,0.6318,0,8,1
CUST-10087,2024-05-01,5,2024,15,85.0,3,2,0.7182,1,8,1
CUST-10087,2024-06-01,6,2024,16,73.0,2,2,0.597,3,8,1
CUST-10087,2024-07-01,7,2024,17,73.0,2,2,0.752,2,8,1
CUST-10087,2024-08-01,8,2024,18,73.0,2,2,0.6357,3,8,1
CUST-10088,2023-02-01,2,2023,0,1634.93,17,11,0.6967,1,8,1
CUST-10088,2023-03-01,3,2023,1,1591.64,16,14,0.814,0,8,1
CUST-10088,2023-04-01,4,2023,2,1591.64,16,12,0.7322,0,8,1
CUST-10088,2023-05-01,5,2023,3,1634.93,17,13,0.8038,1,8,1
CUST-10088,2023-06-01,6,2023,4,1678.22,18,12,0.7084,0,8,1
CUST-10088,2023-07-01,7,2023,5,1764.8,20,12,0.6829,1,8,1
CUST-10088,2023-08-01,8,2023,6,1851.38,22,9,0.477,0,7,1
CUST-10088,2023-09-01,9,2023,7,1851.38,22,16,0.7232,0,8,1
CUST-10088,2023-10-01,10,2023,8,1894.67,23,17,0.7607,0,8,1
CUST-10088,2023-11-01,11,2023,9,1894.67,23,15,0.6793,1,8,1
CUST-10088,2023-12-01,12,2023,10,1981.25,25,16,0.7262,1,8,1
CUST-10088,2024-01-01,1,2024,11,2024.54,26,15,0.6264,1,7,1
CUST-10088,2024-02-01,2,2024,12,2067.83,27,18,0.6849,1,8,1
CUST-10088,2024-03-01,3,2024,13,2111.12,28,19,0.7102,1,8,1
CUST-10088,2024-04-01,4,2024,14,2240.99,31,18,0.62,0,8,1
CUST-10088,2024-05-01,5,2024,15,2154.41,29,20,0.6477,0,8,1
CUST-10088,2024-06-01,6,2024,16,2111.12,28,18,0.6142,0,8,1
CUST-10088,2024-07-01,7,2024,17,2154.41,29,18,0.6421,1,8,1
CUST-10088,2024-08-01,8,2024,18,2370.86,34,18,0.6258,0,8,1
CUST-10088,2024-09-01,9,2024,19,2414.15,35,19,0.5635,0,8,1
CUST-10088,2024-10-01,10,2024,20,2327.57,33,25,0.7182,0,8,1
CUST-10088,2024-11-01,11,2024,21,2500.73,37,18,0.5302,2,7,1
CUST-10088,2024-12-01,12,2024,22,2630.6,40,22,0.6024,2,7,1
CUST-10089,2023-02-01,2,2023,0,103.9,5,2,0.3619,2,10,1
CUST-10089,2023-03-01,3,2023,1,103.9,5,3,0.4862,0,10,1
CUST-10089,2023-04-01,4,2023,2,103.9,5,3,0.4912,1,10,1
CUST-10089,2023-05-01,5,2023,3,103.9,5,2,0.4241,1,10,1
CUST-10089,2023-06-01,6,2023,4,103.9,5,2,0.3098,0,10,1
CUST-10089,2023-07-01,7,2023,5,103.9,5,2,0.3882,1,10,1
CUST-10089,2023-08-01,8,2023,6,103.9,5,2,0.4046,1,10,1
CUST-10089,2023-09-01,9,2023,7,103.9,5,3,0.4807,2,10,1
CUST-10089,2023-10-01,10,2023,8,103.9,5,2,0.4542,1,10,1
CUST-10089,2023-11-01,11,2023,9,103.9,5,2,0.4347,1,10,1
CUST-10089,2023-12-01,12,2023,10,103.9,5,2,0.4513,2,10,1
CUST-10089,2024-01-01,1,2024,11,103.9,5,2,0.5241,2,10,1
CUST-10089,2024-02-01,2,2024,12,103.9,5,3,0.6422,0,10,1
CUST-10089,2024-03-01,3,2024,13,103.9,5,2,0.3793,1,10,1
CUST-10089,2024-04-01,4,2024,14,103.9,5,2,0.4258,2,10,1
CUST-10089,2024-05-01,5,2024,15,103.9,5,3,0.5612,3,10,1
CUST-10089,2024-06-01,6,2024,16,103.9,5,3,0.4807,1,10,1
CUST-10090,2023-02-01,2,2023,0,90.62,4,1,0.1784,1,6,1
CUST-10090,2023-03-01,3,2023,1,90.62,4,1,0.2679,0,7,1
CUST-10090,2023-04-01,4,2023,2,90.62,4,1,0.2771,0,7,1
CUST-10090,2023-05-01,5,2023,3,90.62,4,1,0.2813,0,7,1
CUST-10090,2023-06-01,6,2023,4,90.62,4,1,0.1466,2,6,1
CUST-10091,2023-02-01,2,2023,0,855.0,15,10,0.6002,1,6,1
CUST-10091,2023-03-01,3,2023,1,855.0,15,9,0.5866,2,6,1
CUST-10091,2023-04-01,4,2023,2,855.0,15,9,0.5936,2,6,1
CUST-10091,2023-05-01,5,2023,3,824.6,14,11,0.7417,1,6,1
CUST-10091,2023-06-01,6,2023,4,794.2,13,11,0.7604,2,6,1
CUST-10091,2023-07-01,7,2023,5,824.6,14,10,0.752,2,6,1
CUST-10091,2023-08-01,8,2023,6,794.2,13,10,0.7409,0,7,1
CUST-10091,2023-09-01,9,2023,7,794.2,13,9,0.704,3,6,1
CUST-10091,2023-10-01,10,2023,8,763.8,12,10,0.7748,0,7,1
CUST-10091,2023-11-01,11,2023,9,733.4,11,11,0.9096,3,6,1
CUST-10091,2023-12-01,12,2023,10,733.4,11,10,0.8577,1,7,1
CUST-10091,2024-01-01,1,2024,11,733.4,11,10,0.9045,1,7,1
CUST-10091,2024-02-01,2,2024,12,733.4,11,11,0.9259,2,7,1
CUST-10091,2024-03-01,3,2024,13,733.4,11,10,0.8963,1,7,1
CUST-10091,2024-04-01,4,2024,14,703.0,10,11,0.9823,2,7,1
CUST-10091,2024-05-01,5,2024,15,703.0,10,10,1.0,1,7,1
CUST-10091,2024-06-01,6,2024,16,703.0,10,9,0.9458,0,7,1
CUST-10091,2024-07-01,7,2024,17,672.6,9,9,0.8878,4,6,1
CUST-10091,2024-08-01,8,2024,18,672.6,9,9,1.0,1,7,1
CUST-10091,2024-09-01,9,2024,19,703.0,10,9,1.0,2,7,1
CUST-10091,2024-10-01,10,2024,20,703.0,10,10,1.0,2,7,1
CUST-10091,2024-11-01,11,2024,21,672.6,9,10,1.0,0,7,1
CUST-10091,2024-12-01,12,2024,22,672.6,9,9,1.0,2,7,1
CUST-10092,2023-02-01,2,2023,0,97.0,4,2,0.3999,2,5,1
CUST-10092,2023-03-01,3,2023,1,97.0,4,1,0.2451,1,5,1
CUST-10093,2023-02-01,2,2023,0,778.09,35,13,0.3192,2,10,1
CUST-10093,2023-03-01,3,2023,1,742.14,33,8,0.2443,0,10,1
CUST-10093,2023-04-01,4,2023,2,778.09,35,6,0.1731,1,10,1
CUST-10093,2023-05-01,5,2023,3,760.12,34,7,0.1989,2,10,1
CUST-10093,2023-06-01,6,2023,4,796.06,36,4,0.1239,2,10,1
CUST-10094,2023-03-01,3,2023,0,240.19,5,3,0.5316,1,8,1
CUST-10094,2023-04-01,4,2023,1,221.95,4,3,0.6096,0,9,1
CUST-10094,2023-05-01,5,2023,2,240.19,5,2,0.5536,0,9,1
CUST-10094,2023-06-01,6,2023,3,240.19,5,2,0.5145,0,8,1
CUST-10094,2023-07-01,7,2023,4,240.19,5,3,0.5568,0,9,1
CUST-10095,2023-03-01,3,2023,0,231.63,19,9,0.4621,0,5,1
CUST-10095,2023-04-01,4,2023,1,212.4,17,6,0.2946,1,4,1
CUST-10095,2023-05-01,5,2023,2,222.02,18,5,31.8,1,5,1
CUST-10095,2023-06-01,6,2023,3,222.02,18,6,0.3372,1,5,1
CUST-10095,2023-07-01,7,2023,4,212.4,17,6,0.3172,1,5,1
CUST-10095,2023-08-01,8,2023,5,202.79,16,5,0.2969,2,4,1
CUST-10095,2023-09-01,9,2023,6,193.18,15,3,0.1797,1,4,1
CUST-10095,2023-10-01,10,2023,7,193.18,15,2,0.1587,1,4,1
CUST-10095,2023-11-01,11,2023,8,183.57,14,3,0.198,0,4,1
CUST-10095,2023-12-01,12,2023,9,193.18,15,2,0.1198,2,4,1
CUST-10095,2024-01-01,1,2024,10,193.18,15,2,0.1278,1,4,1
CUST-10095,2024-02-01,2,2024,11,193.18,15,1,0.0925,0,4,1
CUST-10095,2024-03-01,3,2024,12,183.57,14,0,0.03,2,4,1
CUST-10095,2024-04-01,4,2024,13,183.57,14,3,0.2339,1,4,1
CUST-10095,2024-05-01,5,2024,14,183.57,14,0,0.0347,0,4,1
CUST-10095,2024-06-01,6,2024,15,173.96,13,0,0.03,2,4,1
CUST-10095,2024-07-01,7,2024,16,173.96,13,1,0.0653,3,3,1
CUST-10095,2024-08-01,8,2024,17,164.34,12,0,0.03,1,4,1
CUST-10095,2024-09-01,9,2024,18,154.73,11,0,0.03,3,3,1
CUST-10095,2024-10-01,10,2024,19,154.73,11,0,0.03,5,3,1
CUST-10095,2024-11-01,11,2024,20,145.12,10,0,0.03,3,3,1
CUST-10095,2024-12-01,12,2024,21,145.12,10,0,0.03,0,4,1
CUST-10096,2023-03-01,3,2023,0,209.72,3,1,0.411,1,9,1
CUST-10096,2023-04-01,4,2023,1,209.72,3,1,0.2994,1,8,1
CUST-10096,2023-05-01,5,2023,2,209.72,3,1,0.2943,0,9,1
CUST-10096,2023-06-01,6,2023,3,209.72,3,1,0.2634,0,9,1
CUST-10096,2023-07-01,7,2023,4,209.72,3,1,0.2821,2,8,1
CUST-10096,2023-08-01,8,2023,5,209.72,3,0,0.03,1,8,1
CUST-10096,2023-09-01,9,2023,6,229.96,4,0,0.1442,0,8,1
CUST-10096,2023-10-01,10,2023,7,229.96,4,0,0.1195,0,8,1
CUST-10096,2023-11-01,11,2023,8,229.96,4,1,0.1403,0,8,1
CUST-10096,2023-12-01,12,2023,9,229.96,4,0,0.03,3,7,1
CUST-10096,2024-01-01,1,2024,10,229.96,4,0,0.03,0,8,1
CUST-10096,2024-02-01,2,2024,11,250.2,5,0,0.03,0,8,1
CUST-10096,2024-03-01,3,2024,12,229.96,4,0,0.03,0,8,1
CUST-10096,2024-04-01,4,2024,13,229.96,4,0,0.03,0,8,1
CUST-10096,2024-05-01,5,2024,14,229.96,4,0,0.03,1,8,1
CUST-10096,2024-06-01,6,2024,15,229.96,4,0,0.03,1,8,1
CUST-10096,2024-07-01,7,2024,16,229.96,4,0,0.03,1,8,1
CUST-10096,2024-08-01,8,2024,17,229.96,4,0,0.03,0,8,1
CUST-10096,2024-09-01,9,2024,18,229.96,4,0,0.03,1,8,1
CUST-10096,2024-10-01,10,2024,19,250.2,5,0,0.03,3,7,1
CUST-10096,2024-11-01,11,2024,20,250.2,5,0,0.03,1,8,1
CUST-10096,2024-12-01,12,2024,21,229.96,4,0,0.03,0,8,1
CUST-10097,2023-03-01,3,2023,0,82.84,3,1,0.386,1,8,1
CUST-10097,2023-04-01,4,2023,1,94.12,4,1,0.4306,1,8,1
CUST-10097,2023-05-01,5,2023,2,82.84,3,2,0.422,0,9,1
CUST-10097,2023-06-01,6,2023,3,94.12,4,1,0.3767,1,8,1
CUST-10097,2023-07-01,7,2023,4,94.12,4,1,0.3315,2,8,1
CUST-10097,2023-08-01,8,2023,5,94.12,4,2,0.4566,3,8,1
CUST-10097,2023-09-01,9,2023,6,94.12,4,1,0.3607,1,8,1
CUST-10098,2023-03-01,3,2023,0,753.85,13,3,0.222,1,8,1
CUST-10098,2023-04-01,4,2023,1,726.55,12,0,0.03,1,8,1
CUST-10098,2023-05-01,5,2023,2,753.85,13,4,0.3084,0,8,1
CUST-10098,2023-06-01,6,2023,3,726.55,12,6,0.4514,4,8,1
CUST-10099,2023-03-01,3,2023,0,853.0,32,20,0.6534,2,4,1
CUST-10099,2023-04-01,4,2023,1,853.0,32,24,0.7642,0,5,1
CUST-10099,2023-05-01,5,2023,2,919.0,35,22,0.677,2,4,1
CUST-10099,2023-06-01,6,2023,3,919.0,35,20,0.5858,0,5,1
CUST-10099,2023-07-01,7,2023,4,941.0,36,16,0.4757,0,4,1
CUST-10099,2023-08-01,8,2023,5,941.0,36,20,0.5543,1,4,1
CUST-10099,2023-09-01,9,2023,6,985.0,38,19,0.5406,2,4,1
CUST-10099,2023-10-01,10,2023,7,941.0,36,22,0.573,3,4,1
CUST-10099,2023-11-01,11,2023,8,985.0,38,21,0.5826,1,4,1
CUST-10099,2023-12-01,12,2023,9,1007.0,39,18,0.4675,2,4,1
CUST-10099,2024-01-01,1,2024,10,963.0,37,22,0.5591,1,4,1
CUST-10099,2024-02-01,2,2024,11,985.0,38,18,0.5046,2,4,1
CUST-10099,2024-03-01,3,2024,12,963.0,37,19,0.5008,1,4,1
CUST-10099,2024-04-01,4,2024,13,1073.0,42,18,0.4874,4,3,1
CUST-10099,2024-05-01,5,2024,14,1007.0,39,19,0.4481,3,4,1
CUST-10099,2024-06-01,6,2024,15,1051.0,41,16,0.4066,1,4,1
CUST-10099,2024-07-01,7,2024,16,1051.0,41,17,0.408,2,4,1
CUST-10099,2024-08-01,8,2024,17,1073.0,42,19,0.449,0,4,1
CUST-10099,2024-09-01,9,2024,18,1161.0,46,16,0.3836,0,4,1
CUST-10099,2024-10-01,10,2024,19,1293.0,52,15,0.3332,1,4,1
CUST-10099,2024-11-01,11,2024,20,1249.0,50,19,0.3742,4,3,1
CUST-10099,2024-12-01,12,2024,21,1271.0,51,20,0.4052,4,3,1
CUST-10100,2023-03-01,3,2023,0,561.82,6,3,0.5424,0,7,1
CUST-10100,2023-04-01,4,2023,1,588.95,7,4,0.6842,1,7,1
CUST-10100,2023-05-01,5,2023,2,588.95,7,4,0.6019,0,7,1
CUST-10100,2023-06-01,6,2023,3,588.95,7,4,0.5711,0,7,1
CUST-10100,2023-07-01,7,2023,4,616.09,8,6,0.8075,1,7,1
CUST-10100,2023-08-01,8,2023,5,616.09,8,5,0.7019,0,7,1
CUST-10100,2023-09-01,9,2023,6,616.09,8,6,0.8446,1,7,1
CUST-10100,2023-10-01,10,2023,7,643.22,9,7,0.8922,1,7,1
CUST-10100,2023-11-01,11,2023,8,643.22,9,8,0.9338,0,8,1
CUST-10100,2023-12-01,12,2023,9,643.22,9,8,0.8598,1,7,1
CUST-10100,2024-01-01,1,2024,10,643.22,9,9,0.9869,0,8,1
CUST-10100,2024-02-01,2,2024,11,643.22,9,9,1.0,0,8,1
CUST-10100,2024-03-01,3,2024,12,643.22,9,9,0.9858,1,7,1
CUST-10100,2024-04-01,4,2024,13,643.22,9,9,1.0,1,7,1
CUST-10100,2024-05-01,5,2024,14,643.22,9,9,1.0,0,8,1
CUST-10100,2024-06-01,6,2024,15,643.22,9,9,1.0,0,8,1
CUST-10100,2024-07-01,7,2024,16,643.22,9,9,1.0,0,8,1
CUST-10100,2024-08-01,8,2024,17,643.22,9,9,1.0,0,8,1
CUST-10100,2024-09-01,9,2024,18,643.22,9,9,1.0,0,8,1
CUST-10100,2024-10-01,10,2024,19,643.22,9,9,1.0,0,8,1
CUST-10100,2024-11-01,11,2024,20,643.22,9,9,1.0,0,8,1
CUST-10100,2024-12-01,12,2024,21,670.36,10,9,1.0,0,8,1
CUST-10101,2023-03-01,3,2023,0,1328.5,31,25,0.8622,0,9,1
CUST-10102,2023-03-01,3,2023,0,3171.27,162,131,0.839,1,10,1
CUST-10102,2023-04-01,4,2023,1,2947.4,150,128,79.0,0,10,1
CUST-10102,2023-05-01,5,2023,2,2891.43,147,123,0.8158,0,10,1
CUST-10102,2023-06-01,6,2023,3,2574.28,130,95,0.6458,1,9,1
CUST-10102,2023-07-01,7,2023,4,2275.78,114,89,0.6896,0,10,1
CUST-10102,2023-08-01,8,2023,5,2163.85,108,79,0.6959,2,9,1
CUST-10102,2023-09-01,9,2023,6,2070.57,103,70,0.6524,0,9,1
CUST-10102,2023-10-01,10,2023,7,1846.7,91,63,0.6096,0,9,1
CUST-10102,2023-11-01,11,2023,8,1809.38,89,59,0.6549,0,9,1
CUST-10102,2023-12-01,12,2023,9,1622.82,79,52,0.5811,2,9,1
CUST-10102,2024-01-01,1,2024,10,1716.1,84,53,0.6686,0,9,1
CUST-10102,2024-02-01,2,2024,11,1716.1,84,54,0.6436,1,9,1
CUST-10102,2024-03-01,3,2024,12,1660.14,81,48,0.5782,1,9,1
CUST-10102,2024-04-01,4,2024,13,1604.17,78,49,0.6007,1,9,1
CUST-10102,2024-05-01,5,2024,14,1566.86,76,41,0.5275,0,9,1
CUST-10102,2024-06-01,6,2024,15,1529.54,74,43,0.5678,1,9,1
CUST-10102,2024-07-01,7,2024,16,1492.23,72,43,0.5777,1,9,1
CUST-10102,2024-08-01,8,2024,17,1436.26,69,37,0.5158,0,9,1
CUST-10102,2024-09-01,9,2024,18,1305.67,62,35,0.5002,1,9,1
CUST-10102,2024-10-01,10,2024,19,1305.67,62,38,0.6188,0,9,1
CUST-10102,2024-11-01,11,2024,20,1324.33,63,35,0.5606,1,9,1
CUST-10102,2024-12-01,12,2024,21,1268.36,60,40,0.6388,1,9,1
CUST-10103,2023-03-01,3,2023,0,851.16,15,4,0.2724,2,9,1
CUST-10104,2023-03-01,3,2023,0,2073.82,61,35,0.6194,3,8,1
CUST-10104,2023-04-01,4,2023,1,2073.82,61,40,0.655,0,9,1
CUST-10104,2023-05-01,5,2023,2,2101.27,62,39,0.6298,0,9,1
CUST-10104,2023-06-01,6,2023,3,2183.64,65,32,0.5104,2,8,1
CUST-10104,2023-07-01,7,2023,4,2238.55,67,38,0.577,0,9,1
CUST-10104,2023-08-01,8,2023,5,2211.1,66,30,0.4464,0,8,1
CUST-10104,2023-09-01,9,2023,6,2156.18,64,27,0.4117,2,8,1
CUST-10104,2023-10-01,10,2023,7,2128.73,63,35,0.554,0,9,1
CUST-10104,2023-11-01,11,2023,8,2018.9,59,29,0.4681,0,8,1
CUST-10104,2023-12-01,12,2023,9,2156.18,64,20,0.332,0,8,1
CUST-10104,2024-01-01,1,2024,10,2211.1,66,19,0.2928,0,8,1
CUST-10104,2024-02-01,2,2024,11,2211.1,66,11,0.1698,3,7,1
CUST-10104,2024-03-01,3,2024,12,2183.64,65,13,0.1966,1,7,1
CUST-10104,2024-04-01,4,2024,13,2320.92,70,6,0.0956,0,7,1
CUST-10104,2024-05-01,5,2024,14,2348.38,71,12,0.1744,2,7,1
CUST-10104,2024-06-01,6,2024,15,2540.57,78,2,0.03,3,7,1
CUST-10105,2023-03-01,3,2023,0,491.46,44,29,0.6767,3,10,1
CUST-10105,2023-04-01,4,2023,1,471.35,42,21,0.4788,2,10,1
CUST-10105,2023-05-01,5,2023,2,491.46,44,23,0.5379,0,10,1
CUST-10105,2023-06-01,6,2023,3,521.63,47,22,0.5023,0,10,1
CUST-10105,2023-07-01,7,2023,4,531.69,48,32,0.6907,0,10,1
CUST-10105,2023-08-01,8,2023,5,511.58,46,25,0.5204,2,10,1
CUST-10105,2023-09-01,9,2023,6,501.52,45,28,0.6028,3,10,1
CUST-10106,2023-03-01,3,2023,0,224.33,4,3,0.6555,0,5,1
CUST-10106,2023-04-01,4,2023,1,224.33,4,3,0.6678,1,4,1
CUST-10106,2023-05-01,5,2023,2,224.33,4,3,0.6325,0,4,1
CUST-10106,2023-06-01,6,2023,3,224.33,4,3,0.6411,0,4,1
CUST-10106,2023-07-01,7,2023,4,224.33,4,2,0.6061,3,4,1
CUST-10106,2023-08-01,8,2023,5,224.33,4,3,0.6549,0,5,1
CUST-10106,2023-09-01,9,2023,6,224.33,4,2,0.5602,1,4,1
CUST-10106,2023-10-01,10,2023,7,224.33,4,2,0.6195,0,4,1
CUST-10106,2023-11-01,11,2023,8,224.33,4,3,0.6492,1,4,1
CUST-10106,2023-12-01,12,2023,9,224.33,4,2,0.5112,1,4,1
CUST-10106,2024-01-01,1,2024,10,224.33,4,2,0.5699,1,4,1
CUST-10106,2024-02-01,2,2024,11,243.16,5,2,0.5484,0,4,1
CUST-10106,2024-03-01,3,2024,12,243.16,5,3,0.6099,1,4,1
CUST-10106,2024-04-01,4,2024,13,243.16,5,3,0.5996,1,4,1
CUST-10106,2024-05-01,5,2024,14,243.16,5,3,0.5382,0,4,1
CUST-10107,2023-03-01,3,2023,0,706.84,10,0,0.03,1,9,1
CUST-10107,2023-04-01,4,2023,1,737.62,11,2,0.2174,0,9,1
CUST-10107,2023-05-01,5,2023,2,737.62,11,0,0.03,0,9,1
CUST-10107,2023-06-01,6,2023,3,706.84,10,0,0.0432,1,9,1
CUST-10107,2023-07-01,7,2023,4,706.84,10,1,0.0499,1,9,1
CUST-10107,2023-08-01,8,2023,5,737.62,11,0,0.03,0,9,1
CUST-10107,2023-09-01,9,2023,6,706.84,10,0,0.03,0,9,1
CUST-10107,2023-10-01,10,2023,7,737.62,11,1,0.0674,0,9,1
CUST-10107,2023-11-01,11,2023,8,737.62,11,0,0.03,0,9,1
CUST-10107,2023-12-01,12,2023,9,737.62,11,0,0.03,0,9,1
CUST-10107,2024-01-01,1,2024,10,706.84,10,0,0.03,1,9,1
CUST-10107,2024-02-01,2,2024,11,737.62,11,0,0.03,0,9,1
CUST-10107,2024-03-01,3,2024,12,737.62,11,0,0.03,0,9,1
CUST-10107,2024-04-01,4,2024,13,706.84,10,0,0.03,0,9,1
CUST-10107,2024-05-01,5,2024,14,706.84,10,0,0.03,1,9,1
CUST-10107,2024-06-01,6,2024,15,706.84,10,0,0.03,0,9,1
CUST-10107,2024-07-01,7,2024,16,737.62,11,0,0.03,1,9,1
CUST-10107,2024-08-01,8,2024,17,706.84,10,0,0.03,0,9,1
CUST-10107,2024-09-01,9,2024,18,645.27,8,0,0.03,0,9,1
CUST-10107,2024-10-01,10,2024,19,676.06,9,0,0.03,1,9,1
CUST-10107,2024-11-01,11,2024,20,645.27,8,0,0.03,0,9,1
CUST-10107,2024-12-01,12,2024,21,645.27,8,0,0.03,0,9,1
CUST-10108,2023-03-01,3,2023,0,846.55,14,7,0.5041,1,8,1
CUST-10108,2023-04-01,4,2023,1,814.58,13,9,0.6228,0,9,1
CUST-10108,2023-05-01,5,2023,2,846.55,14,8,0.6346,0,9,1
CUST-10108,2023-06-01,6,2023,3,846.55,14,7,0.4996,1,8,1
CUST-10108,2023-07-01,7,2023,4,910.49,16,9,0.6373,0,9,1
CUST-10108,2023-08-01,8,2023,5,878.52,15,10,0.6111,1,9,1
CUST-10108,2023-09-01,9,2023,6,910.49,16,6,0.3819,1,8,1
CUST-10108,2023-10-01,10,2023,7,910.49,16,9,0.5605,3,8,1
CUST-10108,2023-11-01,11,2023,8,846.55,14,8,0.5094,5,7,1
CUST-10108,2023-12-01,12,2023,9,910.49,16,5,0.3222,2,8,1
CUST-10108,2024-01-01,1,2024,10,878.52,15,6,0.3891,1,8,1
CUST-10108,2024-02-01,2,2024,11,910.49,16,6,0.3875,1,8,1
CUST-10108,2024-03-01,3,2024,12,942.46,17,5,0.274,0,8,1
CUST-10108,2024-04-01,4,2024,13,910.49,16,4,0.2117,2,7,1
CUST-10108,2024-05-01,5,2024,14,942.46,17,2,0.1321,0,8,1
CUST-10108,2024-06-01,6,2024,15,974.42,18,4,0.2435,1,8,1
CUST-10108,2024-07-01,7,2024,16,974.42,18,3,0.1716,2,7,1
CUST-10108,2024-08-01,8,2024,17,974.42,18,4,0.2008,2,7,1
CUST-10108,2024-09-01,9,2024,18,974.42,18,3,0.1624,2,7,1
CUST-10108,2024-10-01,10,2024,19,974.42,18,4,0.2452,3,7,1
CUST-10108,2024-11-01,11,2024,20,1006.39,19,1,0.0637,2,7,1
CUST-10108,2024-12-01,12,2024,21,974.42,18,4,0.1948,2,7,1
CUST-10109,2023-03-01,3,2023,0,405.26,13,8,0.6422,1,8,1
CUST-10109,2023-04-01,4,2023,1,405.26,13,7,0.5627,2,8,1
CUST-10109,2023-05-01,5,2023,2,385.54,12,9,0.7158,0,8,1
CUST-10110,2023-03-01,3,2023,0,273.74,7,2,0.2244,0,9,1
CUST-10110,2023-04-01,4,2023,1,273.74,7,1,0.1167,0,8,1
CUST-10110,2023-05-01,5,2023,2,273.74,7,1,0.1886,2,8,1
CUST-10110,2023-06-01,6,2023,3,273.74,7,1,22.0,2,8,1
CUST-10110,2023-07-01,7,2023,4,273.74,7,2,0.2914,2,8,1
CUST-10110,2023-08-01,8,2023,5,273.74,7,1,0.1801,1,8,1
CUST-10110,2023-09-01,9,2023,6,291.56,8,1,0.171,1,8,1
CUST-10110,2023-10-01,10,2023,7,291.56,8,2,0.2715,0,9,1
CUST-10110,2023-11-01,11,2023,8,291.56,8,2,0.3008,0,9,1
CUST-10110,2023-12-01,12,2023,9,309.38,9,1,0.1371,0,8,1
CUST-10110,2024-01-01,1,2024,10,309.38,9,3,0.314,2,8,1
CUST-10110,2024-02-01,2,2024,11,327.2,10,4,0.4541,0,9,1
CUST-10110,2024-03-01,3,2024,12,327.2,10,2,0.2206,1,8,1
CUST-10110,2024-04-01,4,2024,13,327.2,10,2,0.2322,1,8,1
CUST-10110,2024-05-01,5,2024,14,309.38,9,4,0.3754,1,9,1
CUST-10110,2024-06-01,6,2024,15,309.38,9,3,0.2762,2,8,1
CUST-10110,2024-07-01,7,2024,16,309.38,9,2,0.262,0,9,1
CUST-10110,2024-08-01,8,2024,17,327.2,10,3,0.3525,1,9,1
CUST-10110,2024-09-01,9,2024,18,327.2,10,3,0.3174,1,9,1
CUST-10111,2023-03-01,3,2023,0,890.78,17,12,0.7682,2,8,1
CUST-10111,2023-04-01,4,2023,1,890.78,17,8,0.4649,1,7,1
CUST-10111,2023-05-01,5,2023,2,861.85,16,13,0.7484,0,8,1
CUST-10111,2023-06-01,6,2023,3,861.85,16,9,0.5707,0,8,1
CUST-10111,2023-07-01,7,2023,4,861.85,16,12,0.7322,0,8,1
CUST-10111,2023-08-01,8,2023,5,803.99,14,10,0.6013,1,8,1
CUST-10111,2023-09-01,9,2023,6,832.92,15,9,0.669,0,8,1
CUST-10111,2023-10-01,10,2023,7,803.99,14,8,0.5167,1,8,1
CUST-10111,2023-11-01,11,2023,8,803.99,14,8,0.5631,1,8,1
CUST-10111,2023-12-01,12,2023,9,832.92,15,6,0.4322,2,7,1
CUST-10111,2024-01-01,1,2024,10,861.85,16,8,0.5548,4,7,1
CUST-10111,2024-02-01,2,2024,11,919.7,18,8,0.4726,0,8,1
CUST-10111,2024-03-01,3,2024,12,890.78,17,10,0.5668,4,7,1
CUST-10111,2024-04-01,4,2024,13,890.78,17,7,0.3967,3,7,1
CUST-10111,2024-05-01,5,2024,14,919.7,18,5,0.3241,2,7,1
CUST-10111,2024-06-01,6,2024,15,890.78,17,6,0.3206,2,7,1
CUST-10111,2024-07-01,7,2024,16,890.78,17,7,0.4221,1,7,1
CUST-10111,2024-08-01,8,2024,17,919.7,18,7,0.4221,0,8,1
CUST-10111,2024-09-01,9,2024,18,948.63,19,9,0.4726,2,7,1
CUST-10112,2023-03-01,3,2023,0,316.2,8,2,0.2879,1,5,1
CUST-10112,2023-04-01,4,2023,1,295.3,7,2,0.2458,1,5,1
CUST-10112,2023-05-01,5,2023,2,295.3,7,2,0.289,2,5,1
CUST-10112,2023-06-01,6,2023,3,295.3,7,1,0.1115,1,5,1
CUST-10112,2023-07-01,7,2023,4,295.3,7,2,0.2261,2,5,1
CUST-10112,2023-08-01,8,2023,5,295.3,7,1,0.1309,0,5,1
CUST-10112,2023-09-01,9,2023,6,295.3,7,1,0.1758,0,5,1
CUST-10112,2023-10-01,10,2023,7,295.3,7,0,0.0522,2,4,1
CUST-10112,2023-11-01,11,2023,8,295.3,7,0,0.07,0,5,1
CUST-10112,2023-12-01,12,2023,9,295.3,7,0,0.03,1,5,1
CUST-10112,2024-01-01,1,2024,10,316.2,8,0,0.0662,1,5,1
CUST-10113,2023-03-01,3,2023,0,2134.68,98,60,0.6802,0,10,1
CUST-10113,2023-04-01,4,2023,1,2053.63,94,58,0.5938,0,10,1
CUST-10113,2023-05-01,5,2023,2,2073.89,95,64,0.6738,0,10,1
CUST-10113,2023-06-01,6,2023,3,2114.41,97,69,0.7287,0,10,1
CUST-10113,2023-07-01,7,2023,4,2094.15,96,65,0.6661,0,10,1
CUST-10113,2023-08-01,8,2023,5,2154.94,99,62,0.6432,0,10,1
CUST-10113,2023-09-01,9,2023,6,2175.2,100,72,0.7324,0,10,1
CUST-10113,2023-10-01,10,2023,7,2094.15,96,80,0.8034,1,10,1
CUST-10113,2023-11-01,11,2023,8,2134.68,98,56,0.5766,0,10,1
CUST-10113,2023-12-01,12,2023,9,2053.63,94,80,0.815,0,10,1
CUST-10113,2024-01-01,1,2024,10,2235.99,103,62,0.6621,1,10,1
CUST-10113,2024-02-01,2,2024,11,2317.03,107,69,0.6661,0,10,1
CUST-10113,2024-03-01,3,2024,12,2357.56,109,89,0.8266,1,10,1
CUST-10113,2024-04-01,4,2024,13,2418.34,112,84,0.7652,0,10,1
CUST-10113,2024-05-01,5,2024,14,2438.61,113,92,0.8211,0,10,1
CUST-10113,2024-06-01,6,2024,15,2256.25,104,99,0.8712,2,10,1
CUST-10113,2024-07-01,7,2024,16,2317.03,107,77,0.7371,0,10,1
CUST-10113,2024-08-01,8,2024,17,2398.08,111,93,0.8763,0,10,1
CUST-10113,2024-09-01,9,2024,18,2519.65,117,96,0.8667,1,10,1
CUST-10113,2024-10-01,10,2024,19,2458.87,114,112,0.9558,0,10,1
CUST-10113,2024-11-01,11,2024,20,2600.7,121,114,1.0,0,10,1
CUST-10113,2024-12-01,12,2024,21,2783.06,130,103,0.8527,1,10,1
CUST-10114,2023-03-01,3,2023,0,280.87,6,0,0.03,3,7,1
CUST-10114,2023-04-01,4,2023,1,280.87,6,0,0.0805,2,7,1
CUST-10114,2023-05-01,5,2023,2,302.85,7,0,0.061,5,7,1
CUST-10114,2023-06-01,6,2023,3,302.85,7,0,0.0382,4,7,1
CUST-10114,2023-07-01,7,2023,4,324.82,8,1,0.1424,0,8,1
CUST-10114,2023-08-01,8,2023,5,324.82,8,1,0.0869,2,7,1
CUST-10114,2023-09-01,9,2023,6,346.8,9,0,0.03,3,7,1
CUST-10114,2023-10-01,10,2023,7,368.78,10,1,0.0636,0,8,1
CUST-10114,2023-11-01,11,2023,8,390.76,11,1,0.122,3,7,1
CUST-10114,2023-12-01,12,2023,9,390.76,11,0,0.03,2,7,1
CUST-10114,2024-01-01,1,2024,10,412.74,12,0,0.03,3,7,1
CUST-10114,2024-02-01,2,2024,11,412.74,12,0,0.03,4,7,1
CUST-10114,2024-03-01,3,2024,12,434.71,13,1,0.0752,0,8,1
CUST-10114,2024-04-01,4,2024,13,456.69,14,0,0.03,4,7,1
CUST-10114,2024-05-01,5,2024,14,478.67,15,0,0.0345,3,7,1
CUST-10114,2024-06-01,6,2024,15,478.67,15,0,0.03,4,7,1
CUST-10114,2024-07-01,7,2024,16,500.65,16,0,0.03,3,7,1
CUST-10114,2024-08-01,8,2024,17,544.6,18,0,0.03,8,6,1
CUST-10114,2024-09-01,9,2024,18,588.56,20,1,0.03,5,7,1
CUST-10114,2024-10-01,10,2024,19,588.56,20,1,0.0586,2,7,1
CUST-10114,2024-11-01,11,2024,20,632.52,22,1,0.03,3,7,1
CUST-10114,2024-12-01,12,2024,21,654.49,23,1,0.03,3,7,1
CUST-10115,2023-03-01,3,2023,0,527.0,4,2,0.4668,1,9,1
CUST-10115,2023-04-01,4,2023,1,527.0,4,1,0.4042,2,8,1
CUST-10115,2023-05-01,5,2023,2,527.0,4,1,0.3009,2,8,1
CUST-10115,2023-06-01,6,2023,3,527.0,4,2,0.4602,0,9,1
CUST-10115,2023-07-01,7,2023,4,527.0,4,2,0.4167,1,9,1
CUST-10115,2023-08-01,8,2023,5,527.0,4,1,0.3557,0,9,1
CUST-10115,2023-09-01,9,2023,6,527.0,4,2,0.5364,0,9,1
CUST-10115,2023-10-01,10,2023,7,527.0,4,2,0.3865,0,9,1
CUST-10115,2023-11-01,11,2023,8,527.0,4,2,0.4771,1,9,1
CUST-10115,2023-12-01,12,2023,9,527.0,4,2,48.5,1,9,1
CUST-10115,2024-01-01,1,2024,10,527.0,4,2,0.4865,0,9,1
CUST-10115,2024-02-01,2,2024,11,559.0,5,1,0.3404,2,8,1
CUST-10115,2024-03-01,3,2024,12,559.0,5,1,0.3072,0,9,1
CUST-10115,2024-04-01,4,2024,13,559.0,5,2,0.3052,0,9,1
CUST-10115,2024-05-01,5,2024,14,559.0,5,2,0.43,2,8,1
CUST-10115,2024-06-01,6,2024,15,559.0,5,2,0.4489,1,9,1
CUST-10115,2024-07-01,7,2024,16,559.0,5,2,0.3396,4,8,1
CUST-10115,2024-08-01,8,2024,17,559.0,5,2,0.4141,2,8,1
CUST-10115,2024-09-01,9,2024,18,591.0,6,1,0.2688,2,8,1
CUST-10115,2024-10-01,10,2024,19,591.0,6,3,0.5748,1,9,1
CUST-10115,2024-11-01,11,2024,20,591.0,6,3,0.4741,0,9,1
CUST-10115,2024-12-01,12,2024,21,591.0,6,2,0.2591,1,8,1
CUST-10116,2023-03-01,3,2023,0,1159.7,28,13,0.497,1,10,1
CUST-10117,2023-03-01,3,2023,0,187.1,2,1,0.453,0,6,1
CUST-10117,2023-04-01,4,2023,1,187.1,2,1,0.5607,1,6,1
CUST-10117,2023-05-01,5,2023,2,187.1,2,1,0.4371,3,5,1
CUST-10117,2023-06-01,6,2023,3,187.1,2,1,0.5301,0,6,1
CUST-10117,2023-07-01,7,2023,4,187.1,2,1,0.5663,1,6,1
CUST-10117,2023-08-01,8,2023,5,187.1,2,1,0.6149,1,6,1
CUST-10117,2023-09-01,9,2023,6,187.1,2,1,0.557,2,6,1
CUST-10117,2023-10-01,10,2023,7,187.1,2,1,0.647,2,6,1
CUST-10117,2023-11-01,11,2023,8,187.1,2,1,0.7091,0,6,1
CUST-10117,2023-12-01,12,2023,9,187.1,2,1,0.6163,3,6,1
CUST-10117,2024-01-01,1,2024,10,187.1,2,1,0.7141,0,6,1
CUST-10117,2024-02-01,2,2024,11,187.1,2,1,0.5696,0,6,1
CUST-10117,2024-03-01,3,2024,12,187.1,2,1,0.6449,1,6,1
CUST-10117,2024-04-01,4,2024,13,187.1,2,1,0.6721,1,6,1
CUST-10117,2024-05-01,5,2024,14,168.05,1,1,0.731,0,7,1
CUST-10117,2024-06-01,6,2024,15,168.05,1,1,0.631,1,6,1
CUST-10117,2024-07-01,7,2024,16,168.05,1,1,0.6314,0,6,1
CUST-10117,2024-08-01,8,2024,17,168.05,1,1,0.8624,1,7,1
CUST-10118,2023-03-01,3,2023,0,1652.56,161,85,0.4882,0,10,1
CUST-10118,2023-04-01,4,2023,1,1801.96,176,58,0.358,0,10,1
CUST-10118,2023-05-01,5,2023,2,1811.92,177,88,0.4974,0,10,1
CUST-10118,2023-06-01,6,2023,3,1772.08,173,93,0.5239,0,10,1
CUST-10118,2023-07-01,7,2023,4,1732.24,169,98,0.5661,0,10,1
CUST-10118,2023-08-01,8,2023,5,1692.4,165,103,0.6123,1,10,1
CUST-10118,2023-09-01,9,2023,6,1881.64,184,90,0.543,0,10,1
CUST-10118,2023-10-01,10,2023,7,1971.28,193,103,0.5559,1,10,1
CUST-10118,2023-11-01,11,2023,8,2021.08,198,96,0.4969,2,10,1
CUST-10118,2023-12-01,12,2023,9,2060.92,202,127,0.644,0,10,1
CUST-10118,2024-01-01,1,2024,10,1851.76,181,83,0.4118,0,10,1
CUST-10118,2024-02-01,2,2024,11,1831.84,179,83,0.4565,0,10,1
CUST-10118,2024-03-01,3,2024,12,1762.12,172,93,0.5185,0,10,1
CUST-10118,2024-04-01,4,2024,13,1692.4,165,77,0.4462,0,10,1
CUST-10118,2024-05-01,5,2024,14,1622.68,158,108,0.6564,0,10,1
CUST-10118,2024-06-01,6,2024,15,1602.76,156,79,0.499,0,10,1
CUST-10118,2024-07-01,7,2024,16,1562.92,152,97,0.6226,1,10,1
CUST-10118,2024-08-01,8,2024,17,1592.8,155,64,0.4224,0,10,1
CUST-10118,2024-09-01,9,2024,18,1562.92,152,85,0.5521,0,10,1
CUST-10118,2024-10-01,10,2024,19,1543.0,150,82,0.536,0,10,1
CUST-10118,2024-11-01,11,2024,20,1572.88,153,99,0.658,0,10,1
CUST-10118,2024-12-01,12,2024,21,1702.36,166,111,0.727,1,10,1
CUST-10119,2023-03-01,3,2023,0,161.68,10,3,0.2927,3,3,1
CUST-10119,2023-04-01,4,2023,1,161.68,10,2,0.1793,1,3,1
CUST-10119,2023-05-01,5,2023,2,172.95,11,3,0.2675,3,3,1
CUST-10119,2023-06-01,6,2023,3,172.95,11,4,0.3368,1,3,1
CUST-10119,2023-07-01,7,2023,4,172.95,11,2,0.2092,1,3,1
CUST-10119,2023-08-01,8,2023,5,161.68,10,3,0.2831,0,4,1
CUST-10119,2023-09-01,9,2023,6,161.68,10,2,0.2009,2,3,1
CUST-10119,2023-10-01,10,2023,7,161.68,10,2,0.1833,2,3,1
CUST-10119,2023-11-01,11,2023,8,161.68,10,2,0.1783,2,3,1
CUST-10119,2023-12-01,12,2023,9,172.95,11,1,0.0498,1,3,1
CUST-10120,2023-03-01,3,2023,0,294.55,8,5,0.5779,0,10,1
CUST-10120,2023-04-01,4,2023,1,294.55,8,5,0.6443,0,10,1
CUST-10120,2023-05-01,5,2023,2,312.75,9,4,0.5576,0,10,1
CUST-10120,2023-06-01,6,2023,3,312.75,9,6,0.6784,1,10,1
CUST-10120,2023-07-01,7,2023,4,330.94,10,4,0.487,1,10,1
CUST-10120,2023-08-01,8,2023,5,330.94,10,4,0.4305,1,10,1
CUST-10120,2023-09-01,9,2023,6,330.94,10,6,0.5614,1,10,1
CUST-10120,2023-10-01,10,2023,7,330.94,10,6,0.5853,1,10,1
CUST-10120,2023-11-01,11,2023,8,349.13,11,5,0.4976,3,10,1
CUST-10120,2023-12-01,12,2023,9,367.33,12,6,60.8,0,10,1
CUST-10120,2024-01-01,1,2024,10,367.33,12,8,0.6603,0,10,1
CUST-10120,2024-02-01,2,2024,11,367.33,12,8,0.6805,0,10,1
CUST-10120,2024-03-01,3,2024,12,367.33,12,7,0.5781,3,10,1
CUST-10120,2024-04-01,4,2024,13,367.33,12,8,0.6428,1,10,1
CUST-10120,2024-05-01,5,2024,14,385.52,13,7,0.5954,0,10,1
CUST-10120,2024-06-01,6,2024,15,349.13,11,8,0.5998,0,10,1
CUST-10120,2024-07-01,7,2024,16,367.33,12,7,65.0,1,10,1
CUST-10120,2024-08-01,8,2024,17,367.33,12,8,0.673,1,10,1
CUST-10120,2024-09-01,9,2024,18,367.33,12,6,0.4932,0,10,1
CUST-10120,2024-10-01,10,2024,19,385.52,13,9,0.7074,0,10,1
CUST-10120,2024-11-01,11,2024,20,403.72,14,7,0.5777,0,10,1
CUST-10120,2024-12-01,12,2024,21,403.72,14,8,0.6033,0,10,1
CUST-10121,2023-03-01,3,2023,0,106.17,6,1,0.2474,1,9,1
CUST-10121,2023-04-01,4,2023,1,106.17,6,1,0.2372,1,9,1
CUST-10121,2023-05-01,5,2023,2,106.17,6,2,0.3161,1,9,1
CUST-10121,2023-06-01,6,2023,3,115.7,7,2,0.3169,2,9,1
CUST-10121,2023-07-01,7,2023,4,115.7,7,2,0.3015,1,9,1
CUST-10121,2023-08-01,8,2023,5,115.7,7,1,0.1476,1,9,1
CUST-10121,2023-09-01,9,2023,6,115.7,7,1,0.1061,0,9,1
CUST-10121,2023-10-01,10,2023,7,125.22,8,2,0.3006,1,9,1
CUST-10121,2023-11-01,11,2023,8,125.22,8,1,0.1797,0,9,1
CUST-10121,2023-12-01,12,2023,9,125.22,8,1,0.0816,1,9,1
CUST-10121,2024-01-01,1,2024,10,125.22,8,1,0.0856,1,9,1
CUST-10121,2024-02-01,2,2024,11,134.75,9,0,0.03,3,8,1
CUST-10121,2024-03-01,3,2024,12,134.75,9,0,0.03,0,9,1
CUST-10121,2024-04-01,4,2024,13,125.22,8,0,0.03,1,8,1
CUST-10121,2024-05-01,5,2024,14,134.75,9,0,0.03,2,8,1
CUST-10121,2024-06-01,6,2024,15,125.22,8,0,0.03,2,8,1
CUST-10122,2023-03-01,3,2023,0,1934.0,23,6,0.282,4,4,1
CUST-10122,2023-04-01,4,2023,1,1934.0,23,8,0.3424,0,5,1
CUST-10122,2023-05-01,5,2023,2,1934.0,23,7,0.3175,2,4,1
CUST-10122,2023-06-01,6,2023,3,1889.0,22,5,0.2283,1,4,1
CUST-10122,2023-07-01,7,2023,4,1799.0,20,8,0.3753,2,4,1
CUST-10122,2023-08-01,8,2023,5,1844.0,21,6,0.2942,2,4,1
CUST-10122,2023-09-01,9,2023,6,1754.0,19,7,0.3507,2,4,1
CUST-10122,2023-10-01,10,2023,7,1754.0,19,6,0.3087,3,4,1
CUST-10122,2023-11-01,11,2023,8,1709.0,18,7,0.3924,1,5,1
CUST-10122,2023-12-01,12,2023,9,1664.0,17,7,0.417,2,4,1
CUST-10122,2024-01-01,1,2024,10,1709.0,18,6,35.3,2,4,1
CUST-10122,2024-02-01,2,2024,11,1664.0,17,7,0.391,6,3,1
CUST-10122,2024-03-01,3,2024,12,1574.0,15,7,0.4476,0,5,1
CUST-10122,2024-04-01,4,2024,13,1484.0,13,7,0.4709,1,5,1
CUST-10122,2024-05-01,5,2024,14,1439.0,12,5,0.4016,3,4,1
CUST-10122,2024-06-01,6,2024,15,1439.0,12,3,0.2118,5,3,1
CUST-10122,2024-07-01,7,2024,16,1394.0,11,6,0.4598,2,4,1
CUST-10122,2024-08-01,8,2024,17,1394.0,11,5,0.4805,2,5,1
CUST-10122,2024-09-01,9,2024,18,1394.0,11,5,0.4915,1,5,1
CUST-10122,2024-10-01,10,2024,19,1349.0,10,4,0.3942,0,5,1
CUST-10122,2024-11-01,11,2024,20,1304.0,9,5,0.4879,2,5,1
CUST-10122,2024-12-01,12,2024,21,1349.0,10,4,0.4489,3,4,1
CUST-10123,2023-03-01,3,2023,0,1877.75,25,7,0.2977,0,8,1
CUST-10123,2023-04-01,4,2023,1,1799.45,23,11,0.4442,1,9,1
CUST-10123,2023-05-01,5,2023,2,1838.6,24,9,0.413,1,8,1
CUST-10123,2023-06-01,6,2023,3,1838.6,24,12,0.5191,1,9,1
CUST-10123,2023-07-01,7,2023,4,1799.45,23,8,0.3281,2,8,1
CUST-10123,2023-08-01,8,2023,5,1799.45,23,7,0.3309,1,8,1
CUST-10123,2023-09-01,9,2023,6,1838.6,24,4,0.1805,1,8,1
CUST-10123,2023-10-01,10,2023,7,1916.9,26,8,0.3391,1,8,1
CUST-10123,2023-11-01,11,2023,8,1995.2,28,9,0.3476,3,8,1
CUST-10123,2023-12-01,12,2023,9,2073.5,30,10,0.3483,5,7,1
CUST-10123,2024-01-01,1,2024,10,2112.65,31,7,0.2182,1,8,1
CUST-10123,2024-02-01,2,2024,11,2034.35,29,9,0.2923,4,8,1
CUST-10123,2024-03-01,3,2024,12,2034.35,29,12,0.4241,1,8,1
CUST-10123,2024-04-01,4,2024,13,2034.35,29,1,0.0449,1,8,1
CUST-10123,2024-05-01,5,2024,14,1995.2,28,2,0.057,1,8,1
CUST-10123,2024-06-01,6,2024,15,1956.05,27,7,0.2327,1,8,1
CUST-10123,2024-07-01,7,2024,16,1877.75,25,5,0.1935,1,8,1
CUST-10123,2024-08-01,8,2024,17,1995.2,28,4,0.1684,2,8,1
CUST-10123,2024-09-01,9,2024,18,1956.05,27,7,0.268,0,8,1
CUST-10123,2024-10-01,10,2024,19,1916.9,26,4,0.1583,2,8,1
CUST-10124,2023-03-01,3,2023,0,192.82,2,2,0.8494,0,10,1
CUST-10124,2023-04-01,4,2023,1,192.82,2,2,0.8588,0,10,1
CUST-10124,2023-05-01,5,2023,2,192.82,2,1,0.6916,1,10,1
CUST-10124,2023-06-01,6,2023,3,192.82,2,1,0.7413,0,10,1
CUST-10124,2023-07-01,7,2023,4,192.82,2,2,0.8485,0,10,1
CUST-10124,2023-08-01,8,2023,5,192.82,2,2,0.7865,1,10,1
CUST-10124,2023-09-01,9,2023,6,192.82,2,2,0.7956,4,9,1
CUST-10124,2023-10-01,10,2023,7,192.82,2,2,0.798,0,10,1
CUST-10124,2023-11-01,11,2023,8,192.82,2,2,0.7586,0,10,1
CUST-10124,2023-12-01,12,2023,9,192.82,2,2,0.8424,0,10,1
CUST-10124,2024-01-01,1,2024,10,192.82,2,2,0.6781,1,10,1
CUST-10124,2024-02-01,2,2024,11,192.82,2,2,0.7169,4,9,1
CUST-10124,2024-03-01,3,2024,12,192.82,2,2,0.8438,0,10,1
CUST-10124,2024-04-01,4,2024,13,192.82,2,2,0.8485,3,10,1
CUST-10124,2024-05-01,5,2024,14,192.82,2,2,0.8645,1,10,1
CUST-10124,2024-06-01,6,2024,15,192.82,2,2,0.8064,1,10,1
CUST-10124,2024-07-01,7,2024,16,192.82,2,2,0.8223,1,10,1
CUST-10124,2024-08-01,8,2024,17,214.74,3,2,0.8274,0,10,1
CUST-10124,2024-09-01,9,2024,18,214.74,3,2,0.8541,1,10,1
CUST-10124,2024-10-01,10,2024,19,214.74,3,3,1.0,0,10,1
CUST-10124,2024-11-01,11,2024,20,214.74,3,2,0.9121,1,10,1
CUST-10124,2024-12-01,12,2024,21,192.82,2,2,0.8424,0,10,1
CUST-10125,2023-03-01,3,2023,0,606.65,7,2,0.2316,1,5,1
CUST-10125,2023-04-01,4,2023,1,636.31,8,1,0.1438,1,5,1
CUST-10125,2023-05-01,5,2023,2,665.98,9,1,0.1671,0,5,1
CUST-10125,2023-06-01,6,2023,3,665.98,9,3,0.2994,3,5,1
CUST-10125,2023-07-01,7,2023,4,665.98,9,3,0.2984,1,5,1
CUST-10125,2023-08-01,8,2023,5,665.98,9,3,0.2958,0,6,1
CUST-10125,2023-09-01,9,2023,6,636.31,8,3,0.3046,1,5,1
CUST-10125,2023-10-01,10,2023,7,665.98,9,3,0.3538,1,6,1
CUST-10125,2023-11-01,11,2023,8,665.98,9,3,0.3613,4,5,1
CUST-10125,2023-12-01,12,2023,9,636.31,8,3,0.3631,5,5,1
CUST-10125,2024-01-01,1,2024,10,636.31,8,3,0.4175,2,5,1
CUST-10125,2024-02-01,2,2024,11,636.31,8,4,0.4849,0,6,1
CUST-10125,2024-03-01,3,2024,12,636.31,8,4,0.4765,4,5,1
CUST-10125,2024-04-01,4,2024,13,636.31,8,4,0.551,0,6,1
CUST-10125,2024-05-01,5,2024,14,636.31,8,5,0.6003,0,6,1
CUST-10125,2024-06-01,6,2024,15,606.65,7,4,0.4801,0,6,1
CUST-10126,2023-03-01,3,2023,0,2247.97,31,17,0.5491,0,10,1
CUST-10126,2023-04-01,4,2023,1,2204.45,30,19,0.6158,1,10,1
CUST-10126,2023-05-01,5,2023,2,2160.93,29,15,0.4926,0,10,1
CUST-10126,2023-06-01,6,2023,3,2204.45,30,15,0.5007,0,10,1
CUST-10126,2023-07-01,7,2023,4,2204.45,30,18,0.5852,1,10,1
CUST-10126,2023-08-01,8,2023,5,2247.97,31,16,0.5117,1,10,1
CUST-10126,2023-09-01,9,2023,6,2204.45,30,16,0.5028,1,10,1
CUST-10126,2023-10-01,10,2023,7,2247.97,31,23,0.762,0,10,1
CUST-10126,2023-11-01,11,2023,8,2247.97,31,20,0.6324,1,10,1
CUST-10126,2023-12-01,12,2023,9,2160.93,29,19,0.5965,1,10,1
CUST-10126,2024-01-01,1,2024,10,2247.97,31,15,0.5194,2,10,1
CUST-10126,2024-02-01,2,2024,11,2204.45,30,19,0.6094,0,10,1
CUST-10126,2024-03-01,3,2024,12,2247.97,31,21,0.7015,0,10,1
CUST-10126,2024-04-01,4,2024,13,2247.97,31,19,0.5955,0,10,1
CUST-10126,2024-05-01,5,2024,14,2247.97,31,22,0.6993,1,10,1
CUST-10126,2024-06-01,6,2024,15,2160.93,29,21,0.6778,1,10,1
CUST-10126,2024-07-01,7,2024,16,2204.45,30,16,0.5553,0,10,1
CUST-10126,2024-08-01,8,2024,17,2204.45,30,14,0.4733,1,10,1
CUST-10126,2024-09-01,9,2024,18,2204.45,30,14,0.4636,0,10,1
CUST-10126,2024-10-01,10,2024,19,2247.97,31,18,0.5958,2,10,1
CUST-10126,2024-11-01,11,2024,20,2291.48,32,20,0.6397,1,10,1
CUST-10126,2024-12-01,12,2024,21,2422.02,35,20,0.6158,0,10,1
CUST-10127,2023-03-01,3,2023,0,2725.11,136,49,0.3365,0,6,1
CUST-10127,2023-04-01,4,2023,1,2706.17,135,51,0.3784,0,6,1
CUST-10127,2023-05-01,5,2023,2,2687.23,134,42,0.3088,1,5,1
CUST-10127,2023-06-01,6,2023,3,2440.98,121,39,0.2892,2,5,1
CUST-10127,2023-07-01,7,2023,4,2308.39,114,49,0.4016,2,5,1
CUST-10127,2023-08-01,8,2023,5,2232.62,110,35,0.3091,2,5,1
CUST-10127,2023-09-01,9,2023,6,2024.26,99,44,0.4016,1,6,1
CUST-10127,2023-10-01,10,2023,7,1929.55,94,37,0.3769,1,6,1
CUST-10127,2023-11-01,11,2023,8,1645.42,79,39,0.4113,2,5,1
CUST-10127,2023-12-01,12,2023,9,1607.53,77,31,0.3878,2,5,1
CUST-10127,2024-01-01,1,2024,10,1702.24,82,29,0.3718,1,6,1
CUST-10127,2024-02-01,2,2024,11,1607.53,77,33,0.4061,2,5,1
CUST-10127,2024-03-01,3,2024,12,1512.82,72,33,0.4294,1,6,1
CUST-10127,2024-04-01,4,2024,13,1493.88,71,25,0.3444,1,5,1
CUST-10127,2024-05-01,5,2024,14,1493.88,71,31,0.4409,2,6,1
CUST-10127,2024-06-01,6,2024,15,1512.82,72,37,0.5137,0,6,1
CUST-10127,2024-07-01,7,2024,16,1493.88,71,29,0.4094,0,6,1
CUST-10127,2024-08-01,8,2024,17,1569.65,75,29,0.4122,0,6,1
CUST-10127,2024-09-01,9,2024,18,1531.77,73,41,0.5466,1,6,1
CUST-10127,2024-10-01,10,2024,19,1361.29,64,31,0.4254,1,6,1
CUST-10127,2024-11-01,11,2024,20,1209.75,56,27,0.4221,1,6,1
CUST-10127,2024-12-01,12,2024,21,1209.75,56,24,0.4221,1,6,1
CUST-10128,2023-03-01,3,2023,0,1050.9,22,10,0.4942,1,9,1
CUST-10128,2023-04-01,4,2023,1,1110.17,24,10,0.474,1,9,1
CUST-10128,2023-05-01,5,2023,2,1080.54,23,7,0.2763,2,8,1
CUST-10128,2023-06-01,6,2023,3,1110.17,24,7,0.3017,3,8,1
CUST-10128,2023-07-01,7,2023,4,1110.17,24,11,0.4581,2,9,1
CUST-10128,2023-08-01,8,2023,5,1169.43,26,13,0.5514,1,9,1
CUST-10128,2023-09-01,9,2023,6,1139.8,25,16,0.6001,0,9,1
CUST-10128,2023-10-01,10,2023,7,1110.17,24,14,0.5703,0,9,1
CUST-10128,2023-11-01,11,2023,8,1139.8,25,13,0.5329,1,9,1
CUST-10128,2023-12-01,12,2023,9,1110.17,24,17,0.6903,0,10,1
CUST-10128,2024-01-01,1,2024,10,1110.17,24,17,0.6988,1,9,1
CUST-10128,2024-02-01,2,2024,11,1080.54,23,11,0.4717,1,9,1
CUST-10128,2024-03-01,3,2024,12,991.64,20,15,0.6446,1,9,1
CUST-10128,2024-04-01,4,2024,13,1021.27,21,15,0.7172,0,10,1
CUST-10128,2024-05-01,5,2024,14,991.64,20,14,0.6814,1,9,1
CUST-10128,2024-06-01,6,2024,15,991.64,20,13,0.6461,2,9,1
CUST-10128,2024-07-01,7,2024,16,1021.27,21,15,0.7524,2,9,1
CUST-10128,2024-08-01,8,2024,17,1050.9,22,15,0.686,3,9,1
CUST-10128,2024-09-01,9,2024,18,991.64,20,19,0.8703,0,10,1
CUST-10128,2024-10-01,10,2024,19,991.64,20,19,0.9589,1,10,1
CUST-10128,2024-11-01,11,2024,20,1021.27,21,17,0.882,3,9,1
CUST-10128,2024-12-01,12,2024,21,1050.9,22,18,0.8811,1,10,1
CUST-10129,2023-03-01,3,2023,0,685.88,11,3,0.2298,3,7,1
CUST-10129,2023-04-01,4,2023,1,685.88,11,3,0.235,0,8,1
CUST-10129,2023-05-01,5,2023,2,685.88,11,4,0.3548,3,8,1
CUST-10129,2023-06-01,6,2023,3,685.88,11,3,0.2782,2,8,1
CUST-10129,2023-07-01,7,2023,4,685.88,11,3,0.2707,1,8,1
CUST-10129,2023-08-01,8,2023,5,685.88,11,4,0.3405,2,8,1
CUST-10129,2023-09-01,9,2023,6,685.88,11,2,0.1732,1,8,1
CUST-10129,2023-10-01,10,2023,7,685.88,11,4,0.3694,2,8,1
CUST-10129,2023-11-01,11,2023,8,659.8,10,3,0.3298,3,8,1
CUST-10129,2023-12-01,12,2023,9,659.8,10,4,0.416,2,8,1
CUST-10129,2024-01-01,1,2024,10,685.88,11,4,0.3985,1,8,1
CUST-10129,2024-02-01,2,2024,11,685.88,11,5,0.4246,2,8,1
CUST-10129,2024-03-01,3,2024,12,685.88,11,2,0.1823,3,7,1
CUST-10129,2024-04-01,4,2024,13,711.96,12,5,0.4484,0,9,1
CUST-10129,2024-05-01,5,2024,14,685.88,11,5,0.4229,3,8,1
CUST-10129,2024-06-01,6,2024,15,659.8,10,4,0.3908,0,8,1
CUST-10130,2023-03-01,3,2023,0,60.42,1,1,0.7041,0,8,1
CUST-10131,2023-03-01,3,2023,0,322.0,25,6,0.2271,1,5,1
CUST-10131,2023-04-01,4,2023,1,311.08,24,8,0.3182,1,6,1
CUST-10131,2023-05-01,5,2023,2,311.08,24,4,0.1651,2,5,1
CUST-10131,2023-06-01,6,2023,3,332.92,26,7,0.2986,1,5,1
CUST-10131,2023-07-01,7,2023,4,332.92,26,6,0.2278,0,6,1
CUST-10131,2023-08-01,8,2023,5,343.84,27,8,0.3191,2,5,1
CUST-10131,2023-09-01,9,2023,6,365.68,29,3,0.1035,3,5,1
CUST-10131,2023-10-01,10,2023,7,343.84,27,8,0.2768,0,6,1
CUST-10131,2023-11-01,11,2023,8,365.68,29,3,0.1098,0,5,1
CUST-10131,2023-12-01,12,2023,9,376.6,30,2,0.0742,0,5,1
CUST-10131,2024-01-01,1,2024,10,398.44,32,4,0.138,0,5,1
CUST-10131,2024-02-01,2,2024,11,420.28,34,1,0.034,2,5,1
CUST-10131,2024-03-01,3,2024,12,431.2,35,4,0.1203,1,5,1
CUST-10131,2024-04-01,4,2024,13,463.96,38,5,0.1382,1,5,1
CUST-10131,2024-05-01,5,2024,14,463.96,38,1,0.03,2,5,1
CUST-10131,2024-06-01,6,2024,15,474.88,39,4,0.0956,0,5,1
CUST-10131,2024-07-01,7,2024,16,518.56,43,1,0.03,4,4,1
CUST-10131,2024-08-01,8,2024,17,540.4,45,1,0.03,0,5,1
CUST-10131,2024-09-01,9,2024,18,507.64,42,1,0.03,1,5,1
CUST-10131,2024-10-01,10,2024,19,518.56,43,1,0.03,0,5,1
CUST-10131,2024-11-01,11,2024,20,507.64,42,1,0.03,1,5,1
CUST-10131,2024-12-01,12,2024,21,496.72,41,1,0.03,1,5,1
CUST-10132,2023-03-01,3,2023,0,301.0,21,11,0.5339,0,9,1
CUST-10132,2023-04-01,4,2023,1,301.0,21,9,0.4334,0,9,1
CUST-10132,2023-05-01,5,2023,2,313.0,22,12,0.5971,0,9,1
CUST-10132,2023-06-01,6,2023,3,313.0,22,11,0.4873,0,9,1
CUST-10132,2023-07-01,7,2023,4,325.0,23,8,0.3684,2,8,1
CUST-10132,2023-08-01,8,2023,5,349.0,25,11,0.4767,0,9,1
CUST-10132,2023-09-01,9,2023,6,349.0,25,12,0.469,1,8,1
CUST-10132,2023-10-01,10,2023,7,361.0,26,11,0.4408,1,8,1
CUST-10132,2023-11-01,11,2023,8,373.0,27,10,0.3878,0,8,1
CUST-10132,2023-12-01,12,2023,9,373.0,27,15,0.5675,0,9,1
CUST-10132,2024-01-01,1,2024,10,385.0,28,15,0.554,0,9,1
CUST-10132,2024-02-01,2,2024,11,409.0,30,10,0.3659,1,8,1
CUST-10132,2024-03-01,3,2024,12,373.0,27,11,0.3624,1,8,1
CUST-10132,2024-04-01,4,2024,13,409.0,30,11,0.4005,2,8,1
CUST-10132,2024-05-01,5,2024,14,433.0,32,12,0.399,3,8,1
CUST-10132,2024-06-01,6,2024,15,409.0,30,8,0.2594,1,8,1
CUST-10133,2023-03-01,3,2023,0,2283.16,64,14,0.2291,0,3,1
CUST-10134,2023-03-01,3,2023,0,32323.67,782,681,0.9271,1,9,1
CUST-10134,2023-04-01,4,2023,1,34694.58,841,748,0.9558,0,10,1
CUST-10134,2023-05-01,5,2023,2,32042.38,775,814,0.9675,0,10,1
CUST-10134,2023-06-01,6,2023,3,31560.15,763,775,1.0,1,10,1
CUST-10134,2023-07-01,7,2023,4,32363.85,783,725,0.9502,0,10,1
CUST-10134,2023-08-01,8,2023,5,28988.31,699,746,0.9536,0,10,1
CUST-10134,2023-09-01,9,2023,6,28867.76,696,677,0.9687,0,10,1
CUST-10134,2023-10-01,10,2023,7,29952.76,723,670,0.9628,1,9,1
CUST-10134,2023-11-01,11,2023,8,30394.79,734,723,0.9998,0,10,1
CUST-10134,2023-12-01,12,2023,9,31439.6,760,734,1.0,0,10,1
CUST-10134,2024-01-01,1,2024,10,28827.58,695,708,0.9316,1,9,1
CUST-10134,2024-02-01,2,2024,11,26737.96,643,626,0.9004,0,10,1
CUST-10134,2024-03-01,3,2024,12,26577.22,639,643,1.0,1,10,1
CUST-10134,2024-04-01,4,2024,13,27059.44,651,540,0.8446,0,9,1
CUST-10134,2024-05-01,5,2024,14,26537.03,638,651,1.0,0,10,1
CUST-10134,2024-06-01,6,2024,15,27220.17,655,585,0.9169,0,10,1
CUST-10134,2024-07-01,7,2024,16,27822.95,670,655,1.0,1,10,1
CUST-10134,2024-08-01,8,2024,17,29309.8,707,593,0.8847,0,10,1
CUST-10134,2024-09-01,9,2024,18,28264.99,681,707,1.0,0,10,1
CUST-10134,2024-10-01,10,2024,19,27782.76,669,681,1.0,0,10,1
CUST-10134,2024-11-01,11,2024,20,25733.33,618,570,0.8526,0,9,1
CUST-10134,2024-12-01,12,2024,21,23442.78,561,618,1.0,1,10,1
CUST-10135,2023-03-01,3,2023,0,523.91,51,13,0.2612,0,8,1
CUST-10135,2023-04-01,4,2023,1,561.16,55,8,0.1477,1,8,1
CUST-10135,2023-05-01,5,2023,2,579.78,57,4,0.0646,0,8,1
CUST-10135,2023-06-01,6,2023,3,561.16,55,4,0.0678,0,8,1
CUST-10135,2023-07-01,7,2023,4,551.85,54,2,0.034,0,8,1
CUST-10135,2023-08-01,8,2023,5,598.41,59,2,0.03,0,8,1
CUST-10135,2023-09-01,9,2023,6,635.66,63,2,0.03,1,7,1
CUST-10135,2023-10-01,10,2023,7,626.34,62,2,0.03,1,7,1
CUST-10135,2023-11-01,11,2023,8,617.03,61,2,0.03,0,8,1
CUST-10136,2023-03-01,3,2023,0,210.58,3,0,0.1268,0,8,1
CUST-10136,2023-04-01,4,2023,1,210.58,3,0,0.1582,1,8,1
CUST-10136,2023-05-01,5,2023,2,210.58,3,0,0.0316,0,8,1
CUST-10136,2023-06-01,6,2023,3,190.05,2,1,0.2165,1,8,1
CUST-10136,2023-07-01,7,2023,4,190.05,2,0,0.1955,0,9,1
CUST-10136,2023-08-01,8,2023,5,190.05,2,1,0.2374,0,9,1
CUST-10136,2023-09-01,9,2023,6,190.05,2,0,0.1576,0,9,1
CUST-10136,2023-10-01,10,2023,7,190.05,2,0,0.1156,1,8,1
CUST-10136,2023-11-01,11,2023,8,190.05,2,0,0.0639,0,8,1
CUST-10136,2023-12-01,12,2023,9,190.05,2,0,0.156,0,9,1
CUST-10136,2024-01-01,1,2024,10,190.05,2,0,0.187,0,9,1
CUST-10136,2024-02-01,2,2024,11,190.05,2,0,0.0849,0,8,1
CUST-10136,2024-03-01,3,2024,12,190.05,2,0,0.1865,0,9,1
CUST-10136,2024-04-01,4,2024,13,190.05,2,0,0.1314,0,9,1
CUST-10136,2024-05-01,5,2024,14,190.05,2,0,0.074,0,8,1
CUST-10136,2024-06-01,6,2024,15,190.05,2,0,0.0448,1,8,1
CUST-10136,2024-07-01,7,2024,16,190.05,2,0,11.9,0,8,1
CUST-10137,2023-03-01,3,2023,0,102.58,5,3,0.6232,3,9,1
CUST-10137,2023-04-01,4,2023,1,102.58,5,3,0.6117,2,9,1
CUST-10137,2023-05-01,5,2023,2,102.58,5,3,0.568,0,10,1
CUST-10137,2023-06-01,6,2023,3,102.58,5,3,0.6174,2,9,1
CUST-10137,2023-07-01,7,2023,4,113.3,6,3,0.4742,1,9,1
CUST-10137,2023-08-01,8,2023,5,113.3,6,3,0.59,1,9,1
CUST-10137,2023-09-01,9,2023,6,113.3,6,3,0.5144,0,10,1
CUST-10137,2023-10-01,10,2023,7,113.3,6,3,0.5327,1,9,1
CUST-10137,2023-11-01,11,2023,8,113.3,6,3,0.4673,1,9,1
CUST-10137,2023-12-01,12,2023,9,113.3,6,3,0.476,0,9,1
CUST-10138,2023-03-01,3,2023,0,724.48,29,17,0.5997,1,6,1
CUST-10138,2023-04-01,4,2023,1,724.48,29,17,0.6099,1,6,1
CUST-10138,2023-05-01,5,2023,2,784.01,32,8,0.2837,2,5,1
CUST-10139,2023-03-01,3,2023,0,84.75,3,2,0.5628,0,6,1
CUST-10139,2023-04-01,4,2023,1,84.75,3,2,0.5391,0,6,1
CUST-10139,2023-05-01,5,2023,2,84.75,3,2,0.4668,0,5,1
CUST-10139,2023-06-01,6,2023,3,96.66,4,2,0.5912,0,6,1
CUST-10139,2023-07-01,7,2023,4,96.66,4,2,0.5854,2,5,1
CUST-10140,2023-03-01,3,2023,0,82.05,3,1,0.4806,3,10,1
CUST-10141,2023-03-01,3,2023,0,5554.52,122,41,0.3325,1,4,1
CUST-10141,2023-04-01,4,2023,1,5592.68,123,38,0.3115,1,4,1
CUST-10141,2023-05-01,5,2023,2,5478.2,120,38,0.3091,3,3,1
CUST-10141,2023-06-01,6,2023,3,5478.2,120,21,0.1719,2,3,1
CUST-10141,2023-07-01,7,2023,4,5401.88,118,22,0.1829,3,3,1
CUST-10141,2023-08-01,8,2023,5,5707.16,126,26,0.2227,1,3,1
CUST-10141,2023-09-01,9,2023,6,6050.6,135,33,0.2633,1,3,1
CUST-10141,2023-10-01,10,2023,7,6279.56,141,51,0.3779,0,4,1
CUST-10141,2023-11-01,11,2023,8,5707.16,126,45,0.3198,4,3,1
CUST-10141,2023-12-01,12,2023,9,5974.28,133,47,0.372,2,3,1
CUST-10141,2024-01-01,1,2024,10,6241.4,140,46,0.3481,2,3,1
CUST-10141,2024-02-01,2,2024,11,6355.88,143,43,0.3102,4,3,1
CUST-10141,2024-03-01,3,2024,12,6317.72,142,55,0.3836,0,4,1
CUST-10141,2024-04-01,4,2024,13,6546.68,148,73,0.5148,0,4,1
CUST-10141,2024-05-01,5,2024,14,6203.24,139,73,0.4962,1,4,1
CUST-10141,2024-06-01,6,2024,15,6088.76,136,63,0.4486,3,3,1
CUST-10141,2024-07-01,7,2024,16,5936.12,132,63,0.4622,0,4,1
CUST-10141,2024-08-01,8,2024,17,5974.28,133,71,0.537,1,4,1
CUST-10141,2024-09-01,9,2024,18,6050.6,135,68,0.5106,4,3,1
CUST-10141,2024-10-01,10,2024,19,5974.28,133,56,0.418,1,4,1
CUST-10141,2024-11-01,11,2024,20,5630.84,124,57,0.4316,5,3,1
CUST-10141,2024-12-01,12,2024,21,5669.0,125,64,0.5142,2,4,1
CUST-10142,2023-03-01,3,2023,0,754.97,12,1,0.0619,1,8,1
CUST-10142,2023-04-01,4,2023,1,754.97,12,1,0.1157,0,8,1
CUST-10142,2023-05-01,5,2023,2,754.97,12,1,0.0837,1,8,1
CUST-10142,2023-06-01,6,2023,3,784.63,13,0,0.03,1,8,1
CUST-10142,2023-07-01,7,2023,4,754.97,12,0,0.03,0,8,1
CUST-10142,2023-08-01,8,2023,5,754.97,12,1,0.0494,2,7,1
CUST-10142,2023-09-01,9,2023,6,754.97,12,0,0.03,3,7,1
CUST-10142,2023-10-01,10,2023,7,754.97,12,0,0.03,1,8,1
CUST-10142,2023-11-01,11,2023,8,754.97,12,0,0.03,2,7,1
CUST-10142,2023-12-01,12,2023,9,754.97,12,0,0.03,0,8,1
CUST-10142,2024-01-01,1,2024,10,754.97,12,0,0.03,0,8,1
CUST-10142,2024-02-01,2,2024,11,784.63,13,0,3.0,2,7,1
CUST-10142,2024-03-01,3,2024,12,814.3,14,0,0.03,1,8,1
CUST-10142,2024-04-01,4,2024,13,784.63,13,0,0.03,1,8,1
CUST-10142,2024-05-01,5,2024,14,784.63,13,0,0.03,2,7,1
CUST-10142,2024-06-01,6,2024,15,843.96,15,0,0.03,1,8,1
CUST-10142,2024-07-01,7,2024,16,814.3,14,0,0.03,0,8,1
CUST-10142,2024-08-01,8,2024,17,814.3,14,0,0.03,1,8,1
CUST-10142,2024-09-01,9,2024,18,814.3,14,0,0.03,2,7,1
CUST-10142,2024-10-01,10,2024,19,843.96,15,0,0.03,4,7,1
CUST-10142,2024-11-01,11,2024,20,814.3,14,0,0.03,1,8,1
CUST-10142,2024-12-01,12,2024,21,873.62,16,0,0.03,1,8,1
CUST-10143,2023-03-01,3,2023,0,134.92,8,5,0.701,0,10,1
CUST-10143,2023-04-01,4,2023,1,134.92,8,5,0.6974,0,10,1
CUST-10143,2023-05-01,5,2023,2,145.66,9,4,0.4874,0,9,1
CUST-10143,2023-06-01,6,2023,3,145.66,9,6,0.6661,1,9,1
CUST-10143,2023-07-01,7,2023,4,156.4,10,6,0.6573,0,10,1
CUST-10143,2023-08-01,8,2023,5,156.4,10,5,0.509,0,9,1
CUST-10143,2023-09-01,9,2023,6,156.4,10,4,0.4107,0,9,1
CUST-10143,2023-10-01,10,2023,7,156.4,10,5,0.4323,0,9,1
CUST-10143,2023-11-01,11,2023,8,156.4,10,4,0.4101,1,9,1
CUST-10143,2023-12-01,12,2023,9,167.14,11,4,0.4194,0,9,1
CUST-10143,2024-01-01,1,2024,10,177.88,12,4,0.3372,0,9,1
CUST-10143,2024-02-01,2,2024,11,177.88,12,3,0.2384,1,8,1
CUST-10143,2024-03-01,3,2024,12,177.88,12,1,0.0623,0,8,1
CUST-10143,2024-04-01,4,2024,13,199.36,14,1,0.0491,0,8,1
CUST-10143,2024-05-01,5,2024,14,199.36,14,0,0.03,0,8,1
CUST-10143,2024-06-01,6,2024,15,220.84,16,0,0.03,2,8,1
CUST-10143,2024-07-01,7,2024,16,220.84,16,0,0.03,0,8,1
CUST-10144,2023-03-01,3,2023,0,119.2,6,1,0.1401,4,5,1
CUST-10144,2023-04-01,4,2023,1,119.2,6,2,0.2865,2,6,1
CUST-10144,2023-05-01,5,2023,2,107.5,5,2,0.324,5,5,1
CUST-10144,2023-06-01,6,2023,3,107.5,5,1,0.2467,2,6,1
CUST-10144,2023-07-01,7,2023,4,95.8,4,2,0.3389,2,6,1
CUST-10144,2023-08-01,8,2023,5,95.8,4,2,0.44,1,7,1
CUST-10144,2023-09-01,9,2023,6,95.8,4,2,0.4524,0,7,1
CUST-10144,2023-10-01,10,2023,7,95.8,4,1,0.3402,3,6,1
CUST-10145,2023-03-01,3,2023,0,264.0,23,8,0.3757,0,9,1
CUST-10145,2023-04-01,4,2023,1,273.35,24,5,0.2026,2,8,1
CUST-10145,2023-05-01,5,2023,2,273.35,24,8,0.3237,1,8,1
CUST-10145,2023-06-01,6,2023,3,282.7,25,8,0.3371,0,9,1
CUST-10145,2023-07-01,7,2023,4,282.7,25,8,0.3246,2,8,1
CUST-10145,2023-08-01,8,2023,5,282.7,25,7,0.2814,1,8,1
CUST-10145,2023-09-01,9,2023,6,273.35,24,7,0.264,3,8,1
CUST-10145,2023-10-01,10,2023,7,273.35,24,4,0.1779,2,8,1
CUST-10145,2023-11-01,11,2023,8,273.35,24,4,0.1766,0,8,1
CUST-10145,2023-12-01,12,2023,9,292.05,26,6,0.2449,2,8,1
CUST-10145,2024-01-01,1,2024,10,264.0,23,3,0.1097,1,8,1
CUST-10145,2024-02-01,2,2024,11,264.0,23,7,0.2823,2,8,1
CUST-10145,2024-03-01,3,2024,12,254.66,22,3,0.137,3,7,1
CUST-10145,2024-04-01,4,2024,13,273.35,24,4,0.1758,2,8,1
CUST-10145,2024-05-01,5,2024,14,273.35,24,3,0.1061,0,8,1
CUST-10145,2024-06-01,6,2024,15,254.66,22,3,0.1072,1,8,1
CUST-10145,2024-07-01,7,2024,16,264.0,23,2,0.1018,2,8,1
CUST-10145,2024-08-01,8,2024,17,264.0,23,5,0.1974,0,8,1
CUST-10145,2024-09-01,9,2024,18,264.0,23,2,0.0738,0,8,1
CUST-10145,2024-10-01,10,2024,19,273.35,24,2,0.0967,0,8,1
CUST-10145,2024-11-01,11,2024,20,264.0,23,3,0.1116,4,7,1
CUST-10145,2024-12-01,12,2024,21,245.31,21,3,0.1207,2,8,1
CUST-10146,2023-03-01,3,2023,0,225.74,4,1,0.3667,0,7,1
CUST-10146,2023-04-01,4,2023,1,225.74,4,1,0.2432,1,6,1
CUST-10146,2023-05-01,5,2023,2,225.74,4,1,0.3364,2,6,1
CUST-10146,2023-06-01,6,2023,3,225.74,4,1,0.3763,1,7,1
CUST-10146,2023-07-01,7,2023,4,206.55,3,1,0.3075,0,7,1
CUST-10146,2023-08-01,8,2023,5,206.55,3,1,0.3354,3,6,1
CUST-10146,2023-09-01,9,2023,6,206.55,3,1,0.4268,0,7,1
CUST-10146,2023-10-01,10,2023,7,225.74,4,1,0.3177,3,6,1
CUST-10146,2023-11-01,11,2023,8,225.74,4,1,0.3151,0,7,1
CUST-10146,2023-12-01,12,2023,9,225.74,4,1,0.2922,0,7,1
CUST-10146,2024-01-01,1,2024,10,225.74,4,1,0.3173,0,7,1
CUST-10146,2024-02-01,2,2024,11,244.92,5,1,0.3231,0,7,1
CUST-10146,2024-03-01,3,2024,12,225.74,4,2,0.4522,1,7,1
CUST-10146,2024-04-01,4,2024,13,225.74,4,2,0.4596,0,7,1
CUST-10146,2024-05-01,5,2024,14,225.74,4,2,0.4404,0,7,1
CUST-10146,2024-06-01,6,2024,15,225.74,4,2,0.4094,0,7,1
CUST-10146,2024-07-01,7,2024,16,225.74,4,1,0.2642,3,6,1
CUST-10146,2024-08-01,8,2024,17,225.74,4,2,0.4659,0,7,1
CUST-10146,2024-09-01,9,2024,18,225.74,4,1,0.2624,0,7,1
CUST-10147,2023-03-01,3,2023,0,584.6,24,8,0.3078,0,6,1
CUST-10148,2023-03-01,3,2023,0,276.51,6,2,0.3593,0,6,1
CUST-10148,2023-04-01,4,2023,1,276.51,6,1,0.1888,4,4,1
CUST-10148,2023-05-01,5,2023,2,255.26,5,1,0.1398,1,5,1
CUST-10148,2023-06-01,6,2023,3,255.26,5,1,0.1737,1,5,1
CUST-10148,2023-07-01,7,2023,4,276.51,6,1,0.1259,4,4,1
CUST-10148,2023-08-01,8,2023,5,276.51,6,0,0.0442,3,4,1
CUST-10148,2023-09-01,9,2023,6,276.51,6,0,0.03,2,5,1
CUST-10148,2023-10-01,10,2023,7,276.51,6,0,0.03,2,5,1
CUST-10148,2023-11-01,11,2023,8,276.51,6,0,0.03,3,4,1
CUST-10148,2023-12-01,12,2023,9,255.26,5,0,0.03,0,5,1
CUST-10148,2024-01-01,1,2024,10,255.26,5,0,0.03,1,5,1
CUST-10148,2024-02-01,2,2024,11,276.51,6,0,0.03,2,5,1
CUST-10148,2024-03-01,3,2024,12,255.26,5,0,0.03,1,5,1
CUST-10148,2024-04-01,4,2024,13,276.51,6,0,0.03,2,5,1
CUST-10148,2024-05-01,5,2024,14,276.51,6,0,0.03,2,5,1
CUST-10148,2024-06-01,6,2024,15,276.51,6,0,0.03,1,5,1
CUST-10149,2023-03-01,3,2023,0,91.38,4,1,0.1321,0,7,1
CUST-10149,2023-04-01,4,2023,1,91.38,4,0,0.0968,1,6,1
CUST-10149,2023-05-01,5,2023,2,91.38,4,1,0.1344,0,7,1
CUST-10149,2023-06-01,6,2023,3,91.38,4,0,0.03,5,5,1
CUST-10149,2023-07-01,7,2023,4,91.38,4,0,0.03,3,6,1
CUST-10149,2023-08-01,8,2023,5,91.38,4,0,0.03,1,6,1
CUST-10149,2023-09-01,9,2023,6,91.38,4,0,0.03,0,6,1
CUST-10149,2023-10-01,10,2023,7,80.79,3,0,0.03,3,6,1
CUST-10149,2023-11-01,11,2023,8,80.79,3,0,0.03,3,6,1
CUST-10149,2023-12-01,12,2023,9,80.79,3,0,0.03,3,6,1
CUST-10149,2024-01-01,1,2024,10,91.38,4,0,0.03,2,6,1
CUST-10149,2024-02-01,2,2024,11,91.38,4,0,0.03,2,6,1
CUST-10149,2024-03-01,3,2024,12,91.38,4,0,0.03,0,6,1
CUST-10149,2024-04-01,4,2024,13,91.38,4,0,0.03,2,6,1
CUST-10149,2024-05-01,5,2024,14,91.38,4,0,0.03,2,6,1
CUST-10149,2024-06-01,6,2024,15,91.38,4,0,0.03,1,6,1
CUST-10150,2023-03-01,3,2023,0,309.38,9,3,0.3749,1,6,1
CUST-10150,2023-04-01,4,2023,1,309.38,9,4,0.4197,1,6,1
CUST-10150,2023-05-01,5,2023,2,327.2,10,3,0.3587,0,6,1
CUST-10150,2023-06-01,6,2023,3,327.2,10,5,0.5396,1,7,1
CUST-10150,2023-07-01,7,2023,4,309.38,9,5,0.4732,2,6,1
CUST-10150,2023-08-01,8,2023,5,309.38,9,4,0.456,2,6,1
CUST-10150,2023-09-01,9,2023,6,309.38,9,5,0.5261,0,7,1
CUST-10150,2023-10-01,10,2023,7,291.56,8,4,0.4905,1,6,1
CUST-10150,2023-11-01,11,2023,8,291.56,8,4,0.4491,0,7,1
CUST-10150,2023-12-01,12,2023,9,291.56,8,4,0.478,0,7,1
CUST-10150,2024-01-01,1,2024,10,309.38,9,5,0.5634,1,7,1
CUST-10150,2024-02-01,2,2024,11,309.38,9,5,0.6156,3,6,1
CUST-10151,2023-03-01,3,2023,0,188.34,2,0,0.129,2,5,1
CUST-10151,2023-04-01,4,2023,1,188.34,2,0,0.1411,1,6,1
CUST-10151,2023-05-01,5,2023,2,188.34,2,0,0.1186,7,4,1
CUST-10151,2023-06-01,6,2023,3,188.34,2,0,0.2213,4,5,1
CUST-10151,2023-07-01,7,2023,4,208.0,3,0,0.1204,1,6,1
CUST-10151,2023-08-01,8,2023,5,208.0,3,0,0.1868,2,6,1
CUST-10151,2023-09-01,9,2023,6,208.0,3,0,0.1285,1,6,1
CUST-10151,2023-10-01,10,2023,7,208.0,3,0,0.1358,2,5,1
CUST-10151,2023-11-01,11,2023,8,208.0,3,0,0.03,3,5,1
CUST-10151,2023-12-01,12,2023,9,208.0,3,0,0.0996,5,5,1
CUST-10151,2024-01-01,1,2024,10,208.0,3,0,0.0584,4,5,1
CUST-10151,2024-02-01,2,2024,11,208.0,3,0,0.087,5,5,1
CUST-10151,2024-03-01,3,2024,12,208.0,3,0,0.0691,2,5,1
CUST-10151,2024-04-01,4,2024,13,208.0,3,0,0.1603,2,6,1
CUST-10152,2023-03-01,3,2023,0,137.13,9,3,0.2976,2,8,1
CUST-10152,2023-04-01,4,2023,1,137.13,9,3,0.2728,1,8,1
CUST-10152,2023-05-01,5,2023,2,146.92,10,3,0.2785,1,8,1
CUST-10152,2023-06-01,6,2023,3,137.13,9,3,0.3082,1,8,1
CUST-10152,2023-07-01,7,2023,4,127.34,8,2,0.174,4,7,1
CUST-10152,2023-08-01,8,2023,5,127.34,8,2,0.3199,1,8,1
CUST-10152,2023-09-01,9,2023,6,127.34,8,2,0.2802,1,8,1
CUST-10152,2023-10-01,10,2023,7,127.34,8,3,0.3635,0,8,1
CUST-10152,2023-11-01,11,2023,8,127.34,8,2,0.2893,2,8,1
CUST-10152,2023-12-01,12,2023,9,137.13,9,2,0.2649,2,8,1
CUST-10152,2024-01-01,1,2024,10,137.13,9,4,0.4229,1,8,1
CUST-10152,2024-02-01,2,2024,11,137.13,9,2,0.194,1,8,1
CUST-10152,2024-03-01,3,2024,12,127.34,8,3,0.3098,2,8,1
CUST-10152,2024-04-01,4,2024,13,127.34,8,2,0.2961,1,8,1
CUST-10152,2024-05-01,5,2024,14,137.13,9,2,0.2979,2,8,1
CUST-10152,2024-06-01,6,2024,15,137.13,9,2,0.2517,2,8,1
CUST-10152,2024-07-01,7,2024,16,137.13,9,3,0.2875,1,8,1
CUST-10152,2024-08-01,8,2024,17,137.13,9,3,0.3683,1,8,1
CUST-10152,2024-09-01,9,2024,18,137.13,9,2,0.2264,0,8,1
CUST-10152,2024-10-01,10,2024,19,127.34,8,2,0.2025,1,8,1
CUST-10152,2024-11-01,11,2024,20,127.34,8,2,0.2792,0,8,1
CUST-10152,2024-12-01,12,2024,21,117.54,7,3,0.3621,1,8,1
CUST-10153,2023-03-01,3,2023,0,694.82,30,10,0.308,1,7,1
CUST-10153,2023-04-01,4,2023,1,713.01,31,8,0.2684,2,6,1
CUST-10153,2023-05-01,5,2023,2,694.82,30,11,0.3511,1,7,1
CUST-10153,2023-06-01,6,2023,3,694.82,30,7,0.236,2,6,1
CUST-10153,2023-07-01,7,2023,4,658.43,28,7,0.2322,1,6,1
CUST-10154,2023-03-01,3,2023,0,897.23,77,28,0.3755,0,9,1
CUST-10154,2023-04-01,4,2023,1,941.3,81,29,0.3788,4,8,1
CUST-10154,2023-05-01,5,2023,2,974.34,84,34,0.4164,0,9,1
CUST-10154,2023-06-01,6,2023,3,974.34,84,44,0.5185,0,9,1
CUST-10154,2023-07-01,7,2023,4,996.38,86,37,0.4375,2,9,1
CUST-10154,2023-08-01,8,2023,5,1018.41,88,48,0.5612,0,9,1
CUST-10154,2023-09-01,9,2023,6,996.38,86,55,0.6236,0,9,1
CUST-10154,2023-10-01,10,2023,7,1062.47,92,46,0.5338,1,9,1
CUST-10154,2023-11-01,11,2023,8,1051.46,91,54,0.5873,1,9,1
CUST-10154,2023-12-01,12,2023,9,1117.55,97,55,0.599,1,9,1
CUST-10154,2024-01-01,1,2024,10,1084.5,94,71,0.7328,0,10,1
CUST-10154,2024-02-01,2,2024,11,1084.5,94,66,0.7005,1,9,1
CUST-10154,2024-03-01,3,2024,12,1095.52,95,67,0.7059,3,9,1
CUST-10154,2024-04-01,4,2024,13,1139.58,99,76,0.7972,0,10,1
CUST-10154,2024-05-01,5,2024,14,1172.63,102,72,0.727,2,9,1
CUST-10154,2024-06-01,6,2024,15,1194.66,104,97,0.9549,4,9,1
CUST-10154,2024-07-01,7,2024,16,1271.78,111,91,0.8714,1,10,1
CUST-10154,2024-08-01,8,2024,17,1271.78,111,90,0.8134,1,10,1
CUST-10154,2024-09-01,9,2024,18,1271.78,111,102,0.9148,1,10,1
CUST-10154,2024-10-01,10,2024,19,1304.82,114,111,1.0,2,10,1
CUST-10154,2024-11-01,11,2024,20,1359.9,119,112,0.9784,0,10,1
CUST-10154,2024-12-01,12,2024,21,1414.98,124,119,1.0,2,10,1
CUST-10155,2023-04-01,4,2023,0,1321.24,11,8,0.7074,0,8,1
CUST-10155,2023-05-01,5,2023,1,1321.24,11,7,0.5889,0,7,1
CUST-10155,2023-06-01,6,2023,2,1321.24,11,7,0.5959,2,7,1
CUST-10155,2023-07-01,7,2023,3,1359.62,12,7,0.6153,3,7,1
CUST-10155,2023-08-01,8,2023,4,1398.01,13,7,0.555,2,7,1
CUST-10155,2023-09-01,9,2023,5,1398.01,13,8,0.6307,1,7,1
CUST-10155,2023-10-01,10,2023,6,1474.78,15,9,0.6536,1,7,1
CUST-10155,2023-11-01,11,2023,7,1436.39,14,10,0.7056,1,7,1
CUST-10155,2023-12-01,12,2023,8,1398.01,13,7,0.5222,3,6,1
CUST-10155,2024-01-01,1,2024,9,1398.01,13,7,0.5707,2,7,1
CUST-10155,2024-02-01,2,2024,10,1436.39,14,10,0.7315,0,8,1
CUST-10155,2024-03-01,3,2024,11,1474.78,15,10,0.7276,2,7,1
CUST-10155,2024-04-01,4,2024,12,1474.78,15,9,0.5868,0,7,1
CUST-10155,2024-05-01,5,2024,13,1474.78,15,9,0.6482,0,7,1
CUST-10155,2024-06-01,6,2024,14,1436.39,14,10,0.6849,1,7,1
CUST-10155,2024-07-01,7,2024,15,1436.39,14,9,0.6204,1,7,1
CUST-10155,2024-08-01,8,2024,16,1398.01,13,8,0.5669,1,7,1
CUST-10155,2024-09-01,9,2024,17,1436.39,14,8,0.6283,0,7,1
CUST-10155,2024-10-01,10,2024,18,1436.39,14,8,0.5939,1,7,1
CUST-10155,2024-11-01,11,2024,19,1474.78,15,8,0.5512,2,7,1
CUST-10155,2024-12-01,12,2024,20,1513.16,16,10,0.6632,0,7,1
CUST-10156,2023-04-01,4,2023,0,304.85,23,14,0.6894,2,5,1
CUST-10156,2023-05-01,5,2023,1,338.22,26,14,0.6114,1,5,1
CUST-10156,2023-06-01,6,2023,2,349.35,27,22,0.8384,0,6,1
CUST-10156,2023-07-01,7,2023,3,338.22,26,17,0.6456,2,5,1
CUST-10156,2023-08-01,8,2023,4,371.6,29,16,0.6079,1,5,1
CUST-10156,2023-09-01,9,2023,5,416.09,33,20,0.699,1,5,1
CUST-10156,2023-10-01,10,2023,6,427.22,34,21,0.6514,0,6,1
CUST-10156,2023-11-01,11,2023,7,449.46,36,20,0.6001,0,5,1
CUST-10156,2023-12-01,12,2023,8,471.71,38,24,0.6709,2,5,1
CUST-10156,2024-01-01,1,2024,9,538.46,44,20,0.5219,2,5,1
CUST-10156,2024-02-01,2,2024,10,527.33,43,28,0.6395,1,5,1
CUST-10156,2024-03-01,3,2024,11,549.58,45,28,0.6566,1,5,1
CUST-10156,2024-04-01,4,2024,12,549.58,45,28,0.6345,1,5,1
CUST-10156,2024-05-01,5,2024,13,505.08,41,25,0.5614,2,5,1
CUST-10156,2024-06-01,6,2024,14,527.33,43,23,0.5525,1,5,1
CUST-10156,2024-07-01,7,2024,15,560.7,46,21,0.4766,3,4,1
CUST-10156,2024-08-01,8,2024,16,549.58,45,18,0.3976,2,4,1
CUST-10156,2024-09-01,9,2024,17,582.95,48,21,0.4536,2,5,1
CUST-10156,2024-10-01,10,2024,18,605.2,50,25,0.5181,1,5,1
CUST-10156,2024-11-01,11,2024,19,649.7,54,29,0.5763,0,5,1
CUST-10156,2024-12-01,12,2024,20,660.82,55,17,0.3232,0,5,1
CUST-10157,2023-04-01,4,2023,0,1602.04,17,7,39.9,0,8,1
CUST-10157,2023-05-01,5,2023,1,1643.39,18,7,0.4278,1,8,1
CUST-10157,2023-06-01,6,2023,2,1602.04,17,8,0.4327,0,8,1
CUST-10157,2023-07-01,7,2023,3,1602.04,17,7,0.3847,0,8,1
CUST-10157,2023-08-01,8,2023,4,1602.04,17,5,0.2874,0,8,1
CUST-10157,2023-09-01,9,2023,5,1602.04,17,6,0.3894,1,8,1
CUST-10157,2023-10-01,10,2023,6,1602.04,17,5,0.2914,2,7,1
CUST-10157,2023-11-01,11,2023,7,1602.04,17,6,0.3476,0,8,1
CUST-10157,2023-12-01,12,2023,8,1643.39,18,5,29.9,1,8,1
CUST-10157,2024-01-01,1,2024,9,1643.39,18,8,0.4323,1,8,1
CUST-10157,2024-02-01,2,2024,10,1560.68,16,8,0.4218,0,8,1
CUST-10157,2024-03-01,3,2024,11,1519.33,15,6,0.3581,1,8,1
CUST-10157,2024-04-01,4,2024,12,1477.97,14,3,0.1976,1,7,1
CUST-10157,2024-05-01,5,2024,13,1395.26,12,4,0.2795,1,8,1
CUST-10157,2024-06-01,6,2024,14,1395.26,12,2,0.1896,2,7,1
CUST-10157,2024-07-01,7,2024,15,1395.26,12,4,0.3005,0,8,1
CUST-10157,2024-08-01,8,2024,16,1395.26,12,4,0.3344,1,8,1
CUST-10157,2024-09-01,9,2024,17,1395.26,12,1,0.1114,0,7,1
CUST-10157,2024-10-01,10,2024,18,1395.26,12,1,0.098,4,7,1
CUST-10157,2024-11-01,11,2024,19,1395.26,12,3,0.2503,0,8,1
CUST-10157,2024-12-01,12,2024,20,1353.9,11,3,0.2675,2,7,1
CUST-10158,2023-04-01,4,2023,0,1028.28,23,7,0.2878,1,10,1
CUST-10158,2023-05-01,5,2023,1,1000.92,22,4,0.1746,2,9,1
CUST-10158,2023-06-01,6,2023,2,1055.64,24,3,0.1171,0,10,1
CUST-10158,2023-07-01,7,2023,3,1028.28,23,3,0.1056,1,9,1
CUST-10158,2023-08-01,8,2023,4,1000.92,22,2,0.0847,4,9,1
CUST-10158,2023-09-01,9,2023,5,1000.92,22,1,0.03,4,8,1
CUST-10158,2023-10-01,10,2023,6,1000.92,22,5,0.2061,3,9,1
CUST-10159,2023-04-01,4,2023,0,60.92,1,0,0.0727,0,6,1
CUST-10159,2023-05-01,5,2023,1,60.92,1,0,0.03,2,6,1
CUST-10159,2023-06-01,6,2023,2,60.92,1,0,0.03,0,6,1
CUST-10159,2023-07-01,7,2023,3,60.92,1,0,0.03,0,6,1
CUST-10159,2023-08-01,8,2023,4,60.92,1,0,0.03,0,6,1
CUST-10159,2023-09-01,9,2023,5,60.92,1,0,0.03,0,6,1
CUST-10159,2023-10-01,10,2023,6,60.92,1,0,0.03,2,6,1
CUST-10159,2023-11-01,11,2023,7,60.92,1,0,0.03,1,6,1
CUST-10159,2023-12-01,12,2023,8,60.92,1,0,0.03,1,6,1
CUST-10159,2024-01-01,1,2024,9,60.92,1,0,0.03,1,6,1
CUST-10159,2024-02-01,2,2024,10,60.92,1,0,0.03,1,6,1
CUST-10159,2024-03-01,3,2024,11,60.92,1,0,0.03,0,6,1
CUST-10159,2024-04-01,4,2024,12,60.92,1,0,0.03,2,6,1
CUST-10159,2024-05-01,5,2024,13,60.92,1,0,0.03,0,6,1
CUST-10159,2024-06-01,6,2024,14,60.92,1,0,0.03,1,6,1
CUST-10159,2024-07-01,7,2024,15,60.92,1,0,0.03,0,6,1
CUST-10159,2024-08-01,8,2024,16,60.92,1,0,0.03,0,6,1
CUST-10159,2024-09-01,9,2024,17,60.92,1,0,0.03,2,6,1
CUST-10159,2024-10-01,10,2024,18,60.92,1,0,0.03,0,6,1
CUST-10159,2024-11-01,11,2024,19,60.92,1,0,0.03,1,6,1
CUST-10159,2024-12-01,12,2024,20,60.92,1,0,0.03,0,6,1
CUST-10160,2023-04-01,4,2023,0,2681.86,145,85,0.5545,0,7,1
CUST-10160,2023-05-01,5,2023,1,2542.12,137,80,0.5535,1,6,1
CUST-10161,2023-04-01,4,2023,0,108.54,6,3,0.6356,2,9,1
CUST-10161,2023-05-01,5,2023,1,98.62,5,3,0.5468,2,9,1
CUST-10161,2023-06-01,6,2023,2,108.54,6,4,0.7185,2,9,1
CUST-10161,2023-07-01,7,2023,3,108.54,6,2,0.4308,0,9,1
CUST-10161,2023-08-01,8,2023,4,108.54,6,4,0.6223,3,9,1
CUST-10161,2023-09-01,9,2023,5,118.47,7,2,0.3782,2,9,1
CUST-10161,2023-10-01,10,2023,6,108.54,6,4,0.5633,1,9,1
CUST-10161,2023-11-01,11,2023,7,108.54,6,3,0.4193,1,9,1
CUST-10161,2023-12-01,12,2023,8,118.47,7,2,0.3553,0,9,1
CUST-10161,2024-01-01,1,2024,9,118.47,7,3,0.4261,1,9,1
CUST-10161,2024-02-01,2,2024,10,118.47,7,3,0.4891,0,9,1
CUST-10162,2023-04-01,4,2023,0,2198.26,59,26,0.4611,2,4,1
CUST-10162,2023-05-01,5,2023,1,2198.26,59,33,0.559,3,4,1
CUST-10162,2023-06-01,6,2023,2,2137.27,57,43,0.7287,3,4,1
CUST-10162,2023-07-01,7,2023,3,2198.26,59,29,0.5014,2,4,1
CUST-10162,2023-08-01,8,2023,4,2198.26,59,35,0.5966,0,5,1
CUST-10162,2023-09-01,9,2023,5,2289.75,62,28,0.4689,3,4,1
CUST-10162,2023-10-01,10,2023,6,2411.74,66,31,0.493,1,4,1
CUST-10162,2023-11-01,11,2023,7,2320.25,63,41,0.6215,1,4,1
CUST-10162,2023-12-01,12,2023,8,2381.24,65,40,0.6285,1,4,1
CUST-10162,2024-01-01,1,2024,9,2289.75,62,33,0.5139,2,4,1
CUST-10162,2024-02-01,2,2024,10,2106.78,56,36,0.5862,2,4,1
CUST-10162,2024-03-01,3,2024,11,2137.27,57,25,0.4477,3,4,1
CUST-10162,2024-04-01,4,2024,12,2137.27,57,27,0.4711,2,4,1
CUST-10162,2024-05-01,5,2024,13,2167.77,58,28,0.482,2,4,1
CUST-10162,2024-06-01,6,2024,14,2320.25,63,39,0.6761,3,4,1
CUST-10162,2024-07-01,7,2024,15,2594.71,72,37,0.5853,0,5,1
CUST-10162,2024-08-01,8,2024,16,2625.21,73,37,0.5079,1,4,1
CUST-10162,2024-09-01,9,2024,17,2655.7,74,34,0.4634,0,4,1
CUST-10162,2024-10-01,10,2024,18,2655.7,74,22,0.3006,2,3,1
CUST-10162,2024-11-01,11,2024,19,2716.7,76,30,0.4133,1,4,1
CUST-10162,2024-12-01,12,2024,20,2838.68,80,41,0.5424,2,4,1
CUST-10163,2023-04-01,4,2023,0,3471.0,120,69,0.6363,0,7,1
CUST-10163,2023-05-01,5,2023,1,3803.8,133,81,0.6748,1,7,1
CUST-10163,2023-06-01,6,2023,2,3906.2,137,59,0.4482,1,7,1
CUST-10163,2023-07-01,7,2023,3,3778.2,132,66,0.4802,2,7,1
CUST-10163,2023-08-01,8,2023,4,4034.2,142,53,0.4007,2,6,1
CUST-10163,2023-09-01,9,2023,5,4367.0,155,52,0.3666,0,7,1
CUST-10163,2023-10-01,10,2023,6,4571.8,163,44,0.2836,0,7,1
CUST-10163,2023-11-01,11,2023,7,5032.6,181,47,0.2888,0,7,1
CUST-10163,2023-12-01,12,2023,8,5467.8,198,35,0.1955,1,6,1
CUST-10163,2024-01-01,1,2024,9,5749.4,209,46,0.2298,0,6,1
CUST-10163,2024-02-01,2,2024,10,5877.4,214,21,0.0998,3,5,1
CUST-10163,2024-03-01,3,2024,11,6005.4,219,6,0.03,1,6,1
CUST-10163,2024-04-01,4,2024,12,6235.8,228,7,0.03,6,5,1
CUST-10163,2024-05-01,5,2024,13,5928.6,216,7,0.03,1,6,1
CUST-10163,2024-06-01,6,2024,14,6210.2,227,6,0.03,3,5,1
CUST-10163,2024-07-01,7,2024,15,6415.0,235,7,0.03,4,5,1
CUST-10163,2024-08-01,8,2024,16,7131.8,263,7,0.03,2,5,1
CUST-10163,2024-09-01,9,2024,17,7259.8,268,8,0.03,2,5,1
CUST-10163,2024-10-01,10,2024,18,7823.0,290,8,0.03,6,5,1
CUST-10163,2024-11-01,11,2024,19,7925.4,294,9,0.03,4,5,1
CUST-10163,2024-12-01,12,2024,20,8360.6,311,9,0.03,3,5,1
CUST-10164,2023-04-01,4,2023,0,571.4,20,7,0.3343,1,8,1
CUST-10164,2023-05-01,5,2023,1,550.28,19,5,0.2602,1,8,1
CUST-10164,2023-06-01,6,2023,2,529.16,18,3,0.1479,0,8,1
CUST-10164,2023-07-01,7,2023,3,508.04,17,5,0.2906,3,7,1
CUST-10164,2023-08-01,8,2023,4,508.04,17,4,0.2299,1,8,1
CUST-10164,2023-09-01,9,2023,5,550.28,19,4,0.2198,1,7,1
CUST-10164,2023-10-01,10,2023,6,508.04,17,4,0.2113,1,7,1
CUST-10164,2023-11-01,11,2023,7,529.16,18,1,0.0732,1,7,1
CUST-10164,2023-12-01,12,2023,8,508.04,17,3,0.1433,3,7,1
CUST-10164,2024-01-01,1,2024,9,486.92,16,4,0.2444,2,7,1
CUST-10164,2024-02-01,2,2024,10,486.92,16,3,0.1867,1,7,1
CUST-10164,2024-03-01,3,2024,11,486.92,16,2,0.1557,0,8,1
CUST-10164,2024-04-01,4,2024,12,465.8,15,2,0.15,1,7,1
CUST-10164,2024-05-01,5,2024,13,465.8,15,2,0.1295,0,7,1
CUST-10164,2024-06-01,6,2024,14,486.92,16,3,0.1823,2,7,1
CUST-10164,2024-07-01,7,2024,15,465.8,15,4,0.222,1,7,1
CUST-10164,2024-08-01,8,2024,16,444.68,14,1,0.0752,0,7,1
CUST-10164,2024-09-01,9,2024,17,465.8,15,0,0.03,2,7,1
CUST-10164,2024-10-01,10,2024,18,465.8,15,1,0.0962,1,7,1
CUST-10164,2024-11-01,11,2024,19,486.92,16,0,0.03,1,7,1
CUST-10164,2024-12-01,12,2024,20,465.8,15,0,0.03,3,7,1
CUST-10165,2023-04-01,4,2023,0,232.6,4,2,0.5397,0,10,1
CUST-10165,2023-05-01,5,2023,1,232.6,4,2,0.4917,0,9,1
CUST-10165,2023-06-01,6,2023,2,253.5,5,1,0.3516,1,9,1
CUST-10165,2023-07-01,7,2023,3,232.6,4,2,0.5107,2,9,1
CUST-10165,2023-08-01,8,2023,4,232.6,4,2,0.4793,0,9,1
CUST-10165,2023-09-01,9,2023,5,232.6,4,2,0.4609,0,9,1
CUST-10165,2023-10-01,10,2023,6,232.6,4,2,0.474,1,9,1
CUST-10166,2023-04-01,4,2023,0,186.4,2,1,0.2804,4,8,1
CUST-10166,2023-05-01,5,2023,1,186.4,2,0,0.2309,2,8,1
CUST-10166,2023-06-01,6,2023,2,186.4,2,0,0.1236,0,8,1
CUST-10166,2023-07-01,7,2023,3,186.4,2,0,0.147,2,8,1
CUST-10166,2023-08-01,8,2023,4,186.4,2,0,0.109,3,8,1
CUST-10166,2023-09-01,9,2023,5,186.4,2,0,0.1522,1,8,1
CUST-10166,2023-10-01,10,2023,6,205.1,3,0,0.1796,4,8,1
CUST-10166,2023-11-01,11,2023,7,205.1,3,0,0.03,2,8,1
CUST-10166,2023-12-01,12,2023,8,186.4,2,0,0.03,1,8,1
CUST-10166,2024-01-01,1,2024,9,186.4,2,0,0.0579,1,8,1
CUST-10166,2024-02-01,2,2024,10,205.1,3,0,0.03,1,8,1
CUST-10166,2024-03-01,3,2024,11,205.1,3,0,0.1421,1,8,1
CUST-10166,2024-04-01,4,2024,12,205.1,3,0,0.1489,5,7,1
CUST-10167,2023-04-01,4,2023,0,549.44,19,12,0.5737,2,7,1
CUST-10167,2023-05-01,5,2023,1,570.52,20,13,0.6605,1,7,1
CUST-10167,2023-06-01,6,2023,2,549.44,19,12,0.6001,0,7,1
CUST-10167,2023-07-01,7,2023,3,549.44,19,11,0.5967,2,7,1
CUST-10167,2023-08-01,8,2023,4,591.6,21,13,0.6728,1,7,1
CUST-10167,2023-09-01,9,2023,5,591.6,21,13,0.6261,3,7,1
CUST-10167,2023-10-01,10,2023,6,612.67,22,14,0.6734,4,7,1
CUST-10167,2023-11-01,11,2023,7,654.82,24,13,0.5918,0,7,1
CUST-10167,2023-12-01,12,2023,8,654.82,24,18,0.7466,1,8,1
CUST-10167,2024-01-01,1,2024,9,675.9,25,16,0.6816,3,7,1
CUST-10167,2024-02-01,2,2024,10,675.9,25,17,0.6809,1,7,1
CUST-10167,2024-03-01,3,2024,11,675.9,25,16,0.6155,0,7,1
CUST-10167,2024-04-01,4,2024,12,675.9,25,16,0.6418,1,7,1
CUST-10167,2024-05-01,5,2024,13,696.98,26,18,0.7297,2,7,1
CUST-10167,2024-06-01,6,2024,14,718.05,27,18,0.6963,1,7,1
CUST-10167,2024-07-01,7,2024,15,718.05,27,19,0.7152,2,7,1
CUST-10167,2024-08-01,8,2024,16,739.13,28,22,0.7909,1,8,1
CUST-10167,2024-09-01,9,2024,17,696.98,26,17,0.6116,3,7,1
CUST-10167,2024-10-01,10,2024,18,696.98,26,17,0.6554,0,8,1
CUST-10167,2024-11-01,11,2024,19,675.9,25,18,0.6891,0,8,1
CUST-10167,2024-12-01,12,2024,20,739.13,28,16,0.6653,0,8,1
CUST-10168,2023-04-01,4,2023,0,250.86,5,2,0.4843,2,10,1
CUST-10168,2023-05-01,5,2023,1,250.86,5,2,0.4861,1,10,1
CUST-10168,2023-06-01,6,2023,2,250.86,5,3,0.5714,2,10,1
CUST-10168,2023-07-01,7,2023,3,250.86,5,3,0.5886,1,10,1
CUST-10168,2023-08-01,8,2023,4,250.86,5,2,0.4513,0,10,1
CUST-10168,2023-09-01,9,2023,5,250.86,5,3,0.5913,1,10,1
CUST-10168,2023-10-01,10,2023,6,250.86,5,3,0.6868,1,10,1
CUST-10168,2023-11-01,11,2023,7,250.86,5,3,0.5964,1,10,1
CUST-10168,2023-12-01,12,2023,8,250.86,5,3,0.6662,2,10,1
CUST-10168,2024-01-01,1,2024,9,250.86,5,4,0.7506,4,10,1
CUST-10168,2024-02-01,2,2024,10,250.86,5,4,0.7818,1,10,1
CUST-10168,2024-03-01,3,2024,11,250.86,5,4,0.7457,1,10,1
CUST-10168,2024-04-01,4,2024,12,250.86,5,4,0.8253,2,10,1
CUST-10168,2024-05-01,5,2024,13,250.86,5,5,0.9119,2,10,1
CUST-10168,2024-06-01,6,2024,14,271.23,6,4,0.8183,0,10,1
CUST-10168,2024-07-01,7,2024,15,250.86,5,5,84.5,0,10,1
CUST-10168,2024-08-01,8,2024,16,250.86,5,5,1.0,1,10,1
CUST-10168,2024-09-01,9,2024,17,250.86,5,5,0.947,1,10,1
CUST-10168,2024-10-01,10,2024,18,250.86,5,5,1.0,0,10,1
CUST-10168,2024-11-01,11,2024,19,250.86,5,5,1.0,2,10,1
CUST-10168,2024-12-01,12,2024,20,250.86,5,5,1.0,2,10,1
CUST-10169,2023-04-01,4,2023,0,1988.67,29,13,0.4294,1,3,1
CUST-10169,2023-05-01,5,2023,1,1951.1,28,12,0.4184,1,3,1
CUST-10169,2023-06-01,6,2023,2,1988.67,29,14,0.5027,0,4,1
CUST-10169,2023-07-01,7,2023,3,1988.67,29,15,0.5195,0,4,1
CUST-10169,2023-08-01,8,2023,4,2063.82,31,17,0.5907,0,4,1
CUST-10169,2023-09-01,9,2023,5,2101.4,32,18,0.5943,0,4,1
CUST-10169,2023-10-01,10,2023,6,2101.4,32,17,0.5327,1,4,1
CUST-10169,2023-11-01,11,2023,7,2176.55,34,21,0.6771,0,4,1
CUST-10169,2023-12-01,12,2023,8,2138.97,33,19,0.5621,1,4,1
CUST-10169,2024-01-01,1,2024,9,2138.97,33,19,0.5864,0,4,1
CUST-10169,2024-02-01,2,2024,10,2214.12,35,19,0.5789,0,4,1
CUST-10169,2024-03-01,3,2024,11,2251.7,36,24,0.694,0,4,1
CUST-10169,2024-04-01,4,2024,12,2214.12,35,25,0.705,0,4,1
CUST-10169,2024-05-01,5,2024,13,2326.85,38,19,0.5363,0,4,1
CUST-10169,2024-06-01,6,2024,14,2364.43,39,25,0.6484,0,4,1
CUST-10169,2024-07-01,7,2024,15,2402.0,40,29,0.7522,1,4,1
CUST-10169,2024-08-01,8,2024,16,2477.15,42,26,0.6507,2,4,1
CUST-10169,2024-09-01,9,2024,17,2514.72,43,35,0.8276,1,4,1
CUST-10169,2024-10-01,10,2024,18,2627.45,46,33,0.7646,0,5,1
CUST-10170,2023-04-01,4,2023,0,237.0,4,2,0.472,2,6,1
CUST-10170,2023-05-01,5,2023,1,237.0,4,2,0.5039,0,6,1
CUST-10170,2023-06-01,6,2023,2,237.0,4,1,0.3364,1,5,1
CUST-10170,2023-07-01,7,2023,3,237.0,4,2,0.4147,1,6,1
CUST-10170,2023-08-01,8,2023,4,237.0,4,1,0.2941,0,6,1
CUST-10170,2023-09-01,9,2023,5,215.0,3,2,0.4527,0,6,1
CUST-10170,2023-10-01,10,2023,6,215.0,3,1,0.2734,3,5,1
CUST-10170,2023-11-01,11,2023,7,215.0,3,1,0.4216,0,6,1
CUST-10170,2023-12-01,12,2023,8,237.0,4,1,0.3974,0,6,1
CUST-10170,2024-01-01,1,2024,9,215.0,3,1,0.1763,1,5,1
CUST-10170,2024-02-01,2,2024,10,215.0,3,1,0.3605,2,5,1
CUST-10170,2024-03-01,3,2024,11,215.0,3,1,0.2754,1,5,1
CUST-10170,2024-04-01,4,2024,12,215.0,3,1,0.275,0,6,1
CUST-10170,2024-05-01,5,2024,13,215.0,3,1,0.3084,1,5,1
CUST-10170,2024-06-01,6,2024,14,215.0,3,1,0.3103,0,6,1
CUST-10170,2024-07-01,7,2024,15,215.0,3,1,0.2865,2,5,1
CUST-10170,2024-08-01,8,2024,16,215.0,3,1,0.2777,0,6,1
CUST-10170,2024-09-01,9,2024,17,215.0,3,1,0.3037,0,6,1
CUST-10170,2024-10-01,10,2024,18,215.0,3,1,0.3687,0,6,1
CUST-10170,2024-11-01,11,2024,19,215.0,3,1,0.3758,0,6,1
CUST-10170,2024-12-01,12,2024,20,215.0,3,1,0.3952,1,6,1
CUST-10171,2023-04-01,4,2023,0,214.21,3,1,0.4835,0,9,1
CUST-10171,2023-05-01,5,2023,1,214.21,3,1,0.2277,1,8,1
CUST-10171,2023-06-01,6,2023,2,214.21,3,1,0.2988,0,8,1
CUST-10171,2023-07-01,7,2023,3,214.21,3,1,0.2159,3,8,1
CUST-10171,2023-08-01,8,2023,4,235.94,4,1,0.3108,1,8,1
CUST-10171,2023-09-01,9,2023,5,235.94,4,1,0.3118,1,8,1
CUST-10171,2023-10-01,10,2023,6,235.94,4,1,0.2622,2,8,1
CUST-10171,2023-11-01,11,2023,7,235.94,4,1,0.1684,1,8,1
CUST-10171,2023-12-01,12,2023,8,235.94,4,1,0.2767,1,8,1
CUST-10171,2024-01-01,1,2024,9,235.94,4,1,0.2132,1,8,1
CUST-10171,2024-02-01,2,2024,10,235.94,4,0,0.0642,3,7,1
CUST-10171,2024-03-01,3,2024,11,235.94,4,1,0.2318,2,8,1
CUST-10171,2024-04-01,4,2024,12,235.94,4,1,0.1319,6,7,1
CUST-10171,2024-05-01,5,2024,13,235.94,4,0,0.0594,6,7,1
CUST-10171,2024-06-01,6,2024,14,214.21,3,0,0.03,2,7,1
CUST-10171,2024-07-01,7,2024,15,235.94,4,0,0.03,1,8,1
CUST-10171,2024-08-01,8,2024,16,235.94,4,0,0.03,3,7,1
CUST-10171,2024-09-01,9,2024,17,235.94,4,0,0.03,2,7,1
CUST-10171,2024-10-01,10,2024,18,235.94,4,0,0.03,1,8,1
CUST-10171,2024-11-01,11,2024,19,235.94,4,0,0.03,2,7,1
CUST-10171,2024-12-01,12,2024,20,235.94,4,0,0.03,0,8,1
CUST-10172,2023-04-01,4,2023,0,1655.67,19,15,0.7752,0,8,1
CUST-10172,2023-05-01,5,2023,1,1655.67,19,16,0.8678,1,8,1
CUST-10172,2023-06-01,6,2023,2,1655.67,19,16,0.8453,0,8,1
CUST-10172,2023-07-01,7,2023,3,1615.85,18,12,0.6429,2,8,1
CUST-10172,2023-08-01,8,2023,4,1576.03,17,13,0.719,1,8,1
CUST-10172,2023-09-01,9,2023,5,1655.67,19,11,0.6416,1,8,1
CUST-10172,2023-10-01,10,2023,6,1615.85,18,13,0.7176,3,8,1
CUST-10172,2023-11-01,11,2023,7,1576.03,17,11,0.6426,0,8,1
CUST-10172,2023-12-01,12,2023,8,1576.03,17,12,0.6662,1,8,1
CUST-10172,2024-01-01,1,2024,9,1576.03,17,10,0.5927,3,7,1
CUST-10172,2024-02-01,2,2024,10,1576.03,17,11,0.6474,0,8,1
CUST-10172,2024-03-01,3,2024,11,1576.03,17,12,0.7236,0,8,1
CUST-10172,2024-04-01,4,2024,12,1655.67,19,10,0.601,0,8,1
CUST-10172,2024-05-01,5,2024,13,1655.67,19,10,0.553,3,7,1
CUST-10172,2024-06-01,6,2024,14,1655.67,19,10,0.5324,2,7,1
CUST-10172,2024-07-01,7,2024,15,1576.03,17,11,0.5858,4,7,1
CUST-10172,2024-08-01,8,2024,16,1536.2,16,8,0.4502,0,8,1
CUST-10172,2024-09-01,9,2024,17,1536.2,16,8,0.4823,0,8,1
CUST-10173,2023-04-01,4,2023,0,432.04,35,24,0.7204,0,10,1
CUST-10173,2023-05-01,5,2023,1,442.98,36,25,0.7072,0,10,1
CUST-10173,2023-06-01,6,2023,2,486.76,40,28,0.7619,1,9,1
CUST-10173,2023-07-01,7,2023,3,497.7,41,30,0.7365,0,10,1
CUST-10173,2023-08-01,8,2023,4,519.59,43,29,0.7054,1,9,1
CUST-10173,2023-09-01,9,2023,5,563.37,47,31,0.7314,0,10,1
CUST-10173,2023-10-01,10,2023,6,574.31,48,35,0.7395,0,10,1
CUST-10173,2023-11-01,11,2023,7,629.03,53,34,0.6996,1,9,1
CUST-10173,2023-12-01,12,2023,8,661.86,56,49,0.9284,1,10,1
CUST-10173,2024-01-01,1,2024,9,705.64,60,40,0.7175,0,10,1
CUST-10173,2024-02-01,2,2024,10,694.7,59,49,0.8089,1,10,1
CUST-10173,2024-03-01,3,2024,11,694.7,59,53,0.9093,0,10,1
CUST-10173,2024-04-01,4,2024,12,705.64,60,45,0.7655,0,10,1
CUST-10173,2024-05-01,5,2024,13,705.64,60,47,0.7942,0,10,1
CUST-10173,2024-06-01,6,2024,14,705.64,60,50,0.8263,1,10,1
CUST-10173,2024-07-01,7,2024,15,727.53,62,45,0.7438,0,10,1
CUST-10173,2024-08-01,8,2024,16,760.36,65,54,0.8705,0,10,1
CUST-10173,2024-09-01,9,2024,17,760.36,65,54,0.832,0,10,1
CUST-10173,2024-10-01,10,2024,18,760.36,65,63,0.9733,0,10,1
CUST-10173,2024-11-01,11,2024,19,793.19,68,56,0.863,1,10,1
CUST-10173,2024-12-01,12,2024,20,858.86,74,61,0.8885,0,10,1
CUST-10174,2023-04-01,4,2023,0,694.68,10,4,0.3855,0,8,1
CUST-10174,2023-05-01,5,2023,1,665.11,9,4,0.379,0,8,1
CUST-10174,2023-06-01,6,2023,2,665.11,9,3,0.3035,0,8,1
CUST-10174,2023-07-01,7,2023,3,665.11,9,3,0.3562,2,8,1
CUST-10174,2023-08-01,8,2023,4,694.68,10,3,0.315,0,8,1
CUST-10174,2023-09-01,9,2023,5,694.68,10,5,0.4807,1,8,1
CUST-10174,2023-10-01,10,2023,6,694.68,10,3,0.2716,1,8,1
CUST-10174,2023-11-01,11,2023,7,694.68,10,3,0.3152,0,8,1
CUST-10174,2023-12-01,12,2023,8,724.25,11,5,0.5084,1,8,1
CUST-10174,2024-01-01,1,2024,9,694.68,10,3,0.3216,5,7,1
CUST-10174,2024-02-01,2,2024,10,724.25,11,4,0.3701,1,8,1
CUST-10174,2024-03-01,3,2024,11,724.25,11,4,0.414,3,8,1
CUST-10174,2024-04-01,4,2024,12,753.82,12,5,0.5109,1,8,1
CUST-10174,2024-05-01,5,2024,13,753.82,12,6,0.5347,2,8,1
CUST-10174,2024-06-01,6,2024,14,783.38,13,5,0.4343,2,8,1
CUST-10174,2024-07-01,7,2024,15,812.95,14,6,0.4987,0,8,1
CUST-10174,2024-08-01,8,2024,16,812.95,14,7,0.545,0,9,1
CUST-10174,2024-09-01,9,2024,17,842.52,15,7,0.5285,2,8,1
CUST-10174,2024-10-01,10,2024,18,872.09,16,9,0.6063,0,9,1
CUST-10174,2024-11-01,11,2024,19,872.09,16,11,0.6905,1,9,1
CUST-10174,2024-12-01,12,2024,20,901.66,17,9,0.5241,0,9,1
CUST-10175,2023-04-01,4,2023,0,11931.42,422,111,0.2402,0,10,1
CUST-10175,2023-05-01,5,2023,1,11740.12,415,71,0.1675,1,10,1
CUST-10175,2023-06-01,6,2023,2,11302.87,399,107,0.2581,3,10,1
CUST-10175,2023-07-01,7,2023,3,11849.43,419,70,0.1752,2,10,1
CUST-10175,2023-08-01,8,2023,4,11138.9,393,87,0.2077,1,10,1
CUST-10175,2023-09-01,9,2023,5,10155.1,357,92,0.2351,1,10,1
CUST-10175,2023-10-01,10,2023,6,10537.69,371,62,0.1746,1,10,1
CUST-10175,2023-11-01,11,2023,7,9608.54,337,96,0.2587,1,10,1
CUST-10175,2023-12-01,12,2023,8,9444.57,331,79,0.2349,3,10,1
CUST-10175,2024-01-01,1,2024,9,8515.42,297,73,0.2207,4,10,1
CUST-10175,2024-02-01,2,2024,10,8652.06,302,70,0.2349,1,10,1
CUST-10175,2024-03-01,3,2024,11,9007.32,315,77,0.2552,2,10,1
CUST-10175,2024-04-01,4,2024,12,8734.04,305,102,0.3233,2,10,1
CUST-10175,2024-05-01,5,2024,13,8788.7,307,65,0.2118,2,10,1
CUST-10175,2024-06-01,6,2024,14,9171.29,321,87,28.4,1,10,1
CUST-10175,2024-07-01,7,2024,15,8242.14,287,126,0.3916,3,10,1
CUST-10175,2024-08-01,8,2024,16,8296.79,289,68,0.2387,4,10,1
CUST-10175,2024-09-01,9,2024,17,8979.99,314,92,0.3201,1,10,1
CUST-10175,2024-10-01,10,2024,18,7804.89,271,114,0.362,0,10,1
CUST-10175,2024-11-01,11,2024,19,7668.25,266,74,0.2732,3,10,1
CUST-10175,2024-12-01,12,2024,20,7914.2,275,100,0.3746,3,10,1
CUST-10176,2023-04-01,4,2023,0,135.3,8,6,0.7221,0,8,1
CUST-10176,2023-05-01,5,2023,1,124.52,7,5,0.7073,1,8,1
CUST-10176,2023-06-01,6,2023,2,135.3,8,6,0.7726,0,8,1
CUST-10176,2023-07-01,7,2023,3,135.3,8,5,0.7049,2,8,1
CUST-10176,2023-08-01,8,2023,4,135.3,8,5,0.6758,2,7,1
CUST-10176,2023-09-01,9,2023,5,135.3,8,5,0.641,1,8,1
CUST-10176,2023-10-01,10,2023,6,135.3,8,5,0.6352,2,7,1
CUST-10176,2023-11-01,11,2023,7,135.3,8,7,0.8224,0,8,1
CUST-10176,2023-12-01,12,2023,8,146.09,9,7,0.7905,3,8,1
CUST-10176,2024-01-01,1,2024,9,146.09,9,7,0.7672,0,8,1
CUST-10176,2024-02-01,2,2024,10,146.09,9,6,0.7381,0,8,1
CUST-10176,2024-03-01,3,2024,11,156.88,10,7,0.7652,4,7,1
CUST-10176,2024-04-01,4,2024,12,156.88,10,8,0.8607,1,8,1
CUST-10176,2024-05-01,5,2024,13,156.88,10,9,0.9158,3,8,1
CUST-10176,2024-06-01,6,2024,14,156.88,10,7,0.6921,0,8,1
CUST-10176,2024-07-01,7,2024,15,156.88,10,8,0.7929,3,8,1
CUST-10176,2024-08-01,8,2024,16,167.67,11,8,0.7482,1,8,1
CUST-10176,2024-09-01,9,2024,17,178.46,12,8,0.7576,1,8,1
CUST-10176,2024-10-01,10,2024,18,178.46,12,9,0.7274,1,8,1
CUST-10176,2024-11-01,11,2024,19,167.67,11,9,0.7398,1,8,1
CUST-10176,2024-12-01,12,2024,20,167.67,11,7,0.6956,3,7,1
CUST-10177,2023-04-01,4,2023,0,4784.92,140,79,0.5794,0,8,1
CUST-10177,2023-05-01,5,2023,1,5035.54,148,60,0.4294,0,7,1
CUST-10177,2023-06-01,6,2023,2,4690.94,137,70,0.4712,0,7,1
CUST-10177,2023-07-01,7,2023,3,4502.97,131,73,0.5285,0,7,1
CUST-10177,2023-08-01,8,2023,4,4408.98,128,65,0.4999,0,7,1
CUST-10177,2023-09-01,9,2023,5,4221.02,122,76,0.5926,0,8,1
CUST-10177,2023-10-01,10,2023,6,4001.72,115,69,0.5713,0,8,1
CUST-10177,2023-11-01,11,2023,7,4001.72,115,71,61.5,0,8,1
CUST-10177,2023-12-01,12,2023,8,3907.74,112,63,0.5467,0,8,1
CUST-10177,2024-01-01,1,2024,9,3469.14,98,63,0.5646,0,8,1
CUST-10177,2024-02-01,2,2024,10,3375.16,95,49,0.4996,0,7,1
CUST-10177,2024-03-01,3,2024,11,3312.5,93,59,0.6186,0,8,1
CUST-10177,2024-04-01,4,2024,12,3218.52,90,59,0.6312,0,8,1
CUST-10177,2024-05-01,5,2024,13,3563.13,101,42,0.4634,0,7,1
CUST-10177,2024-06-01,6,2024,14,3813.75,109,55,0.5424,0,7,1
CUST-10177,2024-07-01,7,2024,15,3751.1,107,76,0.7035,0,8,1
CUST-10177,2024-08-01,8,2024,16,3531.8,100,66,0.6156,0,8,1
CUST-10177,2024-09-01,9,2024,17,3594.46,102,69,0.6872,0,8,1
CUST-10177,2024-10-01,10,2024,18,3343.83,94,55,0.5386,0,7,1
CUST-10177,2024-11-01,11,2024,19,3218.52,90,60,0.6404,0,8,1
CUST-10177,2024-12-01,12,2024,20,3124.54,87,50,0.5614,0,8,1
CUST-10178,2023-04-01,4,2023,0,1753.75,48,14,0.3287,2,4,1
CUST-10178,2023-05-01,5,2023,1,1753.75,48,20,0.4101,1,4,1
CUST-10178,2023-06-01,6,2023,2,1866.65,52,29,0.6029,1,5,1
CUST-10178,2023-07-01,7,2023,3,1951.32,55,28,0.5338,1,5,1
CUST-10178,2023-08-01,8,2023,4,1979.54,56,23,0.4105,7,3,1
CUST-10178,2023-09-01,9,2023,5,2148.89,62,24,0.4316,2,4,1
CUST-10178,2023-10-01,10,2023,6,2177.11,63,42,0.6741,0,5,1
CUST-10178,2023-11-01,11,2023,7,2120.66,61,33,0.5304,2,5,1
CUST-10178,2023-12-01,12,2023,8,2148.89,62,44,0.7228,2,5,1
CUST-10178,2024-01-01,1,2024,9,2007.77,57,53,0.8423,2,5,1
CUST-10178,2024-02-01,2,2024,10,1951.32,55,31,0.5416,3,4,1
CUST-10178,2024-03-01,3,2024,11,2092.44,60,39,0.7077,1,5,1
CUST-10178,2024-04-01,4,2024,12,2261.78,66,45,0.7448,1,5,1
CUST-10178,2024-05-01,5,2024,13,2318.23,68,41,0.62,3,5,1
CUST-10178,2024-06-01,6,2024,14,2318.23,68,56,0.8256,1,5,1
CUST-10178,2024-07-01,7,2024,15,2261.78,66,50,0.7335,1,5,1
CUST-10178,2024-08-01,8,2024,16,2177.11,63,50,0.7672,6,4,1
CUST-10178,2024-09-01,9,2024,17,2148.89,62,52,0.8213,0,6,1
CUST-10178,2024-10-01,10,2024,18,2205.34,64,57,0.9199,0,6,1
CUST-10178,2024-11-01,11,2024,19,2318.23,68,61,0.9557,1,6,1
CUST-10178,2024-12-01,12,2024,20,2431.13,72,66,0.9686,0,6,1
CUST-10179,2023-04-01,4,2023,0,841.37,16,5,0.3592,4,4,1
CUST-10179,2023-05-01,5,2023,1,841.37,16,6,0.3896,2,4,1
CUST-10179,2023-06-01,6,2023,2,813.72,15,4,0.2487,4,4,1
CUST-10179,2023-07-01,7,2023,3,869.02,17,4,0.2657,2,4,1
CUST-10179,2023-08-01,8,2023,4,869.02,17,6,0.3624,1,5,1
CUST-10179,2023-09-01,9,2023,5,924.31,19,3,0.1955,1,4,1
CUST-10179,2023-10-01,10,2023,6,924.31,19,4,0.1946,2,4,1
CUST-10179,2023-11-01,11,2023,7,1007.26,22,3,0.1579,5,3,1
CUST-10179,2023-12-01,12,2023,8,1062.55,24,5,0.2456,1,4,1
CUST-10180,2023-04-01,4,2023,0,913.08,17,6,0.432,1,7,1
CUST-10180,2023-05-01,5,2023,1,913.08,17,6,0.3704,3,6,1
CUST-10180,2023-06-01,6,2023,2,882.84,16,5,0.2636,4,6,1
CUST-10180,2023-07-01,7,2023,3,913.08,17,5,0.2947,1,7,1
CUST-10180,2023-08-01,8,2023,4,913.08,17,4,0.2342,2,6,1
CUST-10180,2023-09-01,9,2023,5,973.56,19,2,0.1424,2,6,1
CUST-10180,2023-10-01,10,2023,6,1003.8,20,2,0.0949,4,5,1
CUST-10180,2023-11-01,11,2023,7,1003.8,20,4,0.1984,0,7,1
CUST-10180,2023-12-01,12,2023,8,973.56,19,1,0.03,1,6,1
CUST-10180,2024-01-01,1,2024,9,943.32,18,2,0.1041,1,6,1
CUST-10180,2024-02-01,2,2024,10,943.32,18,1,0.03,1,6,1
CUST-10180,2024-03-01,3,2024,11,973.56,19,1,0.03,3,5,1
CUST-10180,2024-04-01,4,2024,12,943.32,18,1,0.03,3,5,1
CUST-10180,2024-05-01,5,2024,13,973.56,19,1,0.03,0,6,1
CUST-10180,2024-06-01,6,2024,14,973.56,19,1,0.03,0,6,1
CUST-10180,2024-07-01,7,2024,15,1003.8,20,1,0.03,1,6,1
CUST-10180,2024-08-01,8,2024,16,1034.04,21,1,0.03,3,5,1
CUST-10180,2024-09-01,9,2024,17,1064.28,22,1,0.03,2,6,1
CUST-10180,2024-10-01,10,2024,18,1094.52,23,1,0.03,1,6,1
CUST-10180,2024-11-01,11,2024,19,1003.8,20,1,0.03,1,6,1
CUST-10180,2024-12-01,12,2024,20,1064.28,22,1,0.03,0,6,1
CUST-10181,2023-04-01,4,2023,0,168.46,11,1,0.1094,1,8,1
CUST-10181,2023-05-01,5,2023,1,179.32,12,4,0.3309,0,8,1
CUST-10181,2023-06-01,6,2023,2,168.46,11,2,0.1255,2,7,1
CUST-10181,2023-07-01,7,2023,3,157.6,10,3,0.294,1,8,1
CUST-10181,2023-08-01,8,2023,4,168.46,11,2,0.1599,1,8,1
CUST-10181,2023-09-01,9,2023,5,168.46,11,3,0.2903,1,8,1
CUST-10181,2023-10-01,10,2023,6,168.46,11,2,0.1566,2,8,1
CUST-10181,2023-11-01,11,2023,7,179.32,12,2,0.1698,4,7,1
CUST-10181,2023-12-01,12,2023,8,168.46,11,4,0.3557,0,8,1
CUST-10181,2024-01-01,1,2024,9,168.46,11,4,0.3353,0,8,1
CUST-10181,2024-02-01,2,2024,10,179.32,12,4,0.3972,0,9,1
CUST-10181,2024-03-01,3,2024,11,179.32,12,4,0.3648,0,8,1
CUST-10181,2024-04-01,4,2024,12,190.18,13,5,0.4461,0,9,1
CUST-10181,2024-05-01,5,2024,13,201.04,14,5,0.4,2,8,1
CUST-10181,2024-06-01,6,2024,14,211.9,15,4,0.3013,0,8,1
CUST-10181,2024-07-01,7,2024,15,222.76,16,5,0.3648,1,8,1
CUST-10181,2024-08-01,8,2024,16,244.48,18,7,0.468,0,9,1
CUST-10181,2024-09-01,9,2024,17,255.34,19,7,0.3819,1,8,1
CUST-10181,2024-10-01,10,2024,18,277.06,21,9,0.4951,1,9,1
CUST-10181,2024-11-01,11,2024,19,287.92,22,9,0.459,1,8,1
CUST-10181,2024-12-01,12,2024,20,298.78,23,12,0.5412,1,9,1
CUST-10182,2023-04-01,4,2023,0,244.48,5,3,0.6012,0,9,1
CUST-10182,2023-05-01,5,2023,1,263.58,6,4,0.7108,3,9,1
CUST-10182,2023-06-01,6,2023,2,263.58,6,4,0.7042,4,8,1
CUST-10182,2023-07-01,7,2023,3,263.58,6,4,0.6224,1,9,1
CUST-10182,2023-08-01,8,2023,4,263.58,6,3,0.5874,3,8,1
CUST-10182,2023-09-01,9,2023,5,263.58,6,4,0.6748,7,8,1
CUST-10183,2023-04-01,4,2023,0,59.58,1,1,0.5059,1,10,1
CUST-10183,2023-05-01,5,2023,1,59.58,1,0,0.4703,2,9,1
CUST-10183,2023-06-01,6,2023,2,59.58,1,1,0.5288,1,10,1
CUST-10183,2023-07-01,7,2023,3,59.58,1,0,0.418,0,10,1
CUST-10183,2023-08-01,8,2023,4,59.58,1,1,0.4866,0,10,1
CUST-10183,2023-09-01,9,2023,5,59.58,1,1,0.5114,2,9,1
CUST-10183,2023-10-01,10,2023,6,59.58,1,1,0.5555,1,10,1
CUST-10183,2023-11-01,11,2023,7,59.58,1,1,0.5848,1,10,1
CUST-10183,2023-12-01,12,2023,8,59.58,1,1,0.6315,1,10,1
CUST-10183,2024-01-01,1,2024,9,59.58,1,1,0.5943,4,9,1
CUST-10183,2024-02-01,2,2024,10,59.58,1,1,0.5547,1,10,1
CUST-10183,2024-03-01,3,2024,11,59.58,1,1,0.574,0,10,1
CUST-10183,2024-04-01,4,2024,12,59.58,1,1,0.6501,2,10,1
CUST-10183,2024-05-01,5,2024,13,59.58,1,1,0.7239,1,10,1
CUST-10183,2024-06-01,6,2024,14,59.58,1,1,0.6951,0,10,1
CUST-10183,2024-07-01,7,2024,15,59.58,1,1,0.6488,1,10,1
CUST-10183,2024-08-01,8,2024,16,59.58,1,1,0.8172,1,10,1
CUST-10183,2024-09-01,9,2024,17,59.58,1,1,0.8085,0,10,1
CUST-10183,2024-10-01,10,2024,18,59.58,1,1,0.7778,0,10,1
CUST-10183,2024-11-01,11,2024,19,59.58,1,1,0.733,0,10,1
CUST-10183,2024-12-01,12,2024,20,59.58,1,1,0.8318,0,10,1
CUST-10184,2023-04-01,4,2023,0,887.27,74,26,0.3624,3,6,1
CUST-10184,2023-05-01,5,2023,1,932.58,78,18,0.2365,4,6,1
CUST-10184,2023-06-01,6,2023,2,853.29,71,20,0.2556,2,6,1
CUST-10184,2023-07-01,7,2023,3,819.3,68,23,0.3228,3,6,1
CUST-10184,2023-08-01,8,2023,4,773.99,64,21,0.3066,0,7,1
CUST-10184,2023-09-01,9,2023,5,785.32,65,12,0.1806,3,6,1
CUST-10184,2023-10-01,10,2023,6,830.63,69,21,0.319,1,6,1
CUST-10184,2023-11-01,11,2023,7,728.68,60,23,0.3273,0,7,1
CUST-10184,2023-12-01,12,2023,8,694.7,57,21,0.3501,3,6,1
CUST-10184,2024-01-01,1,2024,9,694.7,57,29,0.5137,3,6,1
CUST-10184,2024-02-01,2,2024,10,728.68,60,21,0.3745,2,6,1
CUST-10184,2024-03-01,3,2024,11,717.35,59,17,0.2861,2,6,1
CUST-10184,2024-04-01,4,2024,12,751.34,62,26,0.4321,1,7,1
CUST-10184,2024-05-01,5,2024,13,773.99,64,22,0.3622,4,6,1
CUST-10184,2024-06-01,6,2024,14,773.99,64,16,0.2511,4,6,1
CUST-10184,2024-07-01,7,2024,15,740.01,61,19,0.2884,2,6,1
CUST-10184,2024-08-01,8,2024,16,785.32,65,29,0.4714,2,7,1
CUST-10184,2024-09-01,9,2024,17,762.66,63,25,0.3851,2,6,1
CUST-10184,2024-10-01,10,2024,18,751.34,62,19,0.3052,1,6,1
CUST-10184,2024-11-01,11,2024,19,717.35,59,24,0.3949,1,7,1
CUST-10184,2024-12-01,12,2024,20,717.35,59,25,0.4178,2,6,1
CUST-10185,2023-04-01,4,2023,0,150.9,11,9,0.7849,0,10,1
CUST-10185,2023-05-01,5,2023,1,150.9,11,9,0.7703,1,10,1
CUST-10185,2023-06-01,6,2023,2,150.9,11,10,0.8637,0,10,1
CUST-10185,2023-07-01,7,2023,3,150.9,11,9,0.7555,0,10,1
CUST-10185,2023-08-01,8,2023,4,150.9,11,9,0.826,1,10,1
CUST-10185,2023-09-01,9,2023,5,150.9,11,10,0.9038,0,10,1
CUST-10185,2023-10-01,10,2023,6,150.9,11,10,0.9504,0,10,1
CUST-10185,2023-11-01,11,2023,7,160.17,12,11,0.9778,1,10,1
CUST-10185,2023-12-01,12,2023,8,160.17,12,12,1.0,0,10,1
CUST-10185,2024-01-01,1,2024,9,169.43,13,12,1.0,1,10,1
CUST-10185,2024-02-01,2,2024,10,169.43,13,13,1.0,0,10,1
CUST-10185,2024-03-01,3,2024,11,178.7,14,13,1.0,0,10,1
CUST-10185,2024-04-01,4,2024,12,197.22,16,14,1.0,0,10,1
CUST-10185,2024-05-01,5,2024,13,187.96,15,16,1.0,1,10,1
CUST-10185,2024-06-01,6,2024,14,197.22,16,15,1.0,0,10,1
CUST-10185,2024-07-01,7,2024,15,206.49,17,16,1.0,0,10,1
CUST-10185,2024-08-01,8,2024,16,215.75,18,17,1.0,1,10,1
CUST-10185,2024-09-01,9,2024,17,225.02,19,18,1.0,0,10,1
CUST-10185,2024-10-01,10,2024,18,243.54,21,19,1.0,2,10,1
CUST-10185,2024-11-01,11,2024,19,243.54,21,21,1.0,0,10,1
CUST-10185,2024-12-01,12,2024,20,243.54,21,21,1.0,0,10,1
CUST-10186,2023-04-01,4,2023,0,343.83,12,5,0.3977,3,6,1
CUST-10186,2023-05-01,5,2023,1,343.83,12,7,0.6093,1,7,1
CUST-10186,2023-06-01,6,2023,2,360.07,13,7,0.5621,1,7,1
CUST-10186,2023-07-01,7,2023,3,343.83,12,8,0.5996,0,7,1
CUST-10186,2023-08-01,8,2023,4,360.07,13,7,0.5754,1,7,1
CUST-10186,2023-09-01,9,2023,5,343.83,12,8,0.5861,0,7,1
CUST-10186,2023-10-01,10,2023,6,343.83,12,9,0.6834,1,7,1
CUST-10186,2023-11-01,11,2023,7,343.83,12,8,0.6598,0,7,1
CUST-10186,2023-12-01,12,2023,8,343.83,12,10,0.8061,0,7,1
CUST-10186,2024-01-01,1,2024,9,360.07,13,10,0.8381,0,8,1
CUST-10186,2024-02-01,2,2024,10,360.07,13,10,0.7953,0,7,1
CUST-10186,2024-03-01,3,2024,11,360.07,13,9,0.6998,1,7,1
CUST-10186,2024-04-01,4,2024,12,343.83,12,11,0.8734,1,7,1
CUST-10186,2024-05-01,5,2024,13,343.83,12,10,0.8417,0,8,1
CUST-10186,2024-06-01,6,2024,14,360.07,13,12,0.972,0,8,1
CUST-10186,2024-07-01,7,2024,15,360.07,13,12,0.8619,0,8,1
CUST-10186,2024-08-01,8,2024,16,392.54,15,13,1.0,0,8,1
CUST-10186,2024-09-01,9,2024,17,392.54,15,14,0.9948,0,8,1
CUST-10186,2024-10-01,10,2024,18,392.54,15,15,0.9838,0,8,1
CUST-10186,2024-11-01,11,2024,19,392.54,15,15,1.0,0,8,1
CUST-10186,2024-12-01,12,2024,20,392.54,15,15,1.0,2,8,1
CUST-10187,2023-04-01,4,2023,0,1594.74,43,22,0.5205,2,4,1
CUST-10187,2023-05-01,5,2023,1,1594.74,43,16,0.3699,0,4,1
CUST-10187,2023-06-01,6,2023,2,1566.94,42,21,0.474,0,4,1
CUST-10187,2023-07-01,7,2023,3,1622.55,44,19,0.4433,0,4,1
CUST-10187,2023-08-01,8,2023,4,1761.59,49,20,0.446,0,4,1
CUST-10187,2023-09-01,9,2023,5,1928.44,55,25,0.4988,0,4,1
CUST-10187,2023-10-01,10,2023,6,2039.67,59,16,0.2875,1,4,1
CUST-10187,2023-11-01,11,2023,7,1956.25,56,20,0.344,1,4,1
CUST-10187,2023-12-01,12,2023,8,2039.67,59,21,0.3831,1,4,1
CUST-10187,2024-01-01,1,2024,9,2123.1,62,21,0.3638,0,4,1
CUST-10187,2024-02-01,2,2024,10,2011.86,58,27,0.4417,0,4,1
CUST-10187,2024-03-01,3,2024,11,2123.1,62,22,0.3792,1,4,1
CUST-10187,2024-04-01,4,2024,12,2178.71,64,26,0.4197,0,4,1
CUST-10187,2024-05-01,5,2024,13,2123.1,62,23,0.3543,3,3,1
CUST-10187,2024-06-01,6,2024,14,2206.52,65,25,0.4082,1,4,1
CUST-10187,2024-07-01,7,2024,15,2234.33,66,22,0.3384,0,4,1
CUST-10187,2024-08-01,8,2024,16,2289.94,68,17,0.2631,0,4,1
CUST-10187,2024-09-01,9,2024,17,2262.14,67,18,0.266,1,4,1
CUST-10187,2024-10-01,10,2024,18,2206.52,65,20,0.2965,1,4,1
CUST-10187,2024-11-01,11,2024,19,2206.52,65,29,0.4423,1,4,1
CUST-10187,2024-12-01,12,2024,20,2178.71,64,25,0.3859,0,4,1
CUST-10188,2023-04-01,4,2023,0,159.04,10,5,0.5059,0,7,1
CUST-10188,2023-05-01,5,2023,1,159.04,10,6,0.5406,0,7,1
CUST-10188,2023-06-01,6,2023,2,170.04,11,5,0.4619,0,7,1
CUST-10188,2023-07-01,7,2023,3,159.04,10,3,0.3233,0,6,1
CUST-10188,2023-08-01,8,2023,4,159.04,10,3,0.342,1,6,1
CUST-10188,2023-09-01,9,2023,5,159.04,10,4,0.3587,0,6,1
CUST-10189,2023-04-01,4,2023,0,1333.12,11,8,0.687,3,8,1
CUST-10189,2023-05-01,5,2023,1,1372.58,12,7,0.5711,0,8,1
CUST-10189,2023-06-01,6,2023,2,1372.58,12,9,0.7076,1,8,1
CUST-10189,2023-07-01,7,2023,3,1412.05,13,6,0.4597,1,8,1
CUST-10189,2023-08-01,8,2023,4,1412.05,13,8,0.6084,1,8,1
CUST-10189,2023-09-01,9,2023,5,1451.51,14,8,0.5949,2,8,1
CUST-10189,2023-10-01,10,2023,6,1490.97,15,7,0.4813,2,8,1
CUST-10189,2023-11-01,11,2023,7,1490.97,15,7,0.4498,1,8,1
CUST-10189,2023-12-01,12,2023,8,1530.44,16,8,0.5347,1,8,1
CUST-10189,2024-01-01,1,2024,9,1569.9,17,10,0.65,3,8,1
CUST-10189,2024-02-01,2,2024,10,1530.44,16,7,0.4064,0,8,1
CUST-10189,2024-03-01,3,2024,11,1569.9,17,8,0.5146,1,8,1
CUST-10189,2024-04-01,4,2024,12,1609.37,18,8,0.4376,2,8,1
CUST-10189,2024-05-01,5,2024,13,1648.84,19,7,0.4064,2,8,1
CUST-10189,2024-06-01,6,2024,14,1688.3,20,10,0.5405,1,8,1
CUST-10189,2024-07-01,7,2024,15,1688.3,20,7,0.3595,2,7,1
CUST-10189,2024-08-01,8,2024,16,1806.7,23,8,0.4123,1,8,1
CUST-10189,2024-09-01,9,2024,17,1806.7,23,11,0.4733,1,8,1
CUST-10189,2024-10-01,10,2024,18,1846.16,24,7,0.3286,1,8,1
CUST-10189,2024-11-01,11,2024,19,1767.23,22,11,0.46,0,8,1
CUST-10189,2024-12-01,12,2024,20,1846.16,24,9,0.4002,0,8,1
CUST-10190,2023-04-01,4,2023,0,172.29,11,3,0.3125,0,6,1
CUST-10190,2023-05-01,5,2023,1,161.08,10,3,0.2888,2,5,1
CUST-10190,2023-06-01,6,2023,2,172.29,11,5,0.4626,1,6,1
CUST-10190,2023-07-01,7,2023,3,183.5,12,5,0.4676,1,6,1
CUST-10190,2023-08-01,8,2023,4,183.5,12,4,0.3436,0,6,1
CUST-10191,2023-04-01,4,2023,0,70.53,2,1,0.381,0,8,1
CUST-10191,2023-05-01,5,2023,1,70.53,2,0,0.1792,0,8,1
CUST-10191,2023-06-01,6,2023,2,70.53,2,1,0.3077,0,8,1
CUST-10191,2023-07-01,7,2023,3,70.53,2,0,0.1023,0,8,1
CUST-10191,2023-08-01,8,2023,4,70.53,2,0,0.0464,0,8,1
CUST-10191,2023-09-01,9,2023,5,70.53,2,0,0.0846,0,8,1
CUST-10191,2023-10-01,10,2023,6,70.53,2,0,0.03,0,7,1
CUST-10191,2023-11-01,11,2023,7,70.53,2,0,0.03,0,7,1
CUST-10191,2023-12-01,12,2023,8,70.53,2,0,0.03,0,7,1
CUST-10191,2024-01-01,1,2024,9,59.76,1,0,0.03,0,7,1
CUST-10191,2024-02-01,2,2024,10,59.76,1,0,3.0,0,7,1
CUST-10191,2024-03-01,3,2024,11,59.76,1,0,0.03,0,7,1
CUST-10191,2024-04-01,4,2024,12,59.76,1,0,0.03,0,7,1
CUST-10191,2024-05-01,5,2024,13,59.76,1,0,0.03,0,7,1
CUST-10191,2024-06-01,6,2024,14,59.76,1,0,0.03,0,7,1
CUST-10191,2024-07-01,7,2024,15,59.76,1,0,0.03,0,7,1
CUST-10191,2024-08-01,8,2024,16,59.76,1,0,0.03,1,7,1
CUST-10191,2024-09-01,9,2024,17,59.76,1,0,0.03,0,7,1
CUST-10192,2023-04-01,4,2023,0,113.94,6,5,0.7813,0,8,1
CUST-10192,2023-05-01,5,2023,1,124.77,7,5,0.7412,0,8,1
CUST-10192,2023-06-01,6,2023,2,124.77,7,4,0.5736,0,7,1
CUST-10192,2023-07-01,7,2023,3,135.59,8,5,0.702,3,7,1
CUST-10192,2023-08-01,8,2023,4,135.59,8,6,0.7666,1,8,1
CUST-10193,2023-04-01,4,2023,0,530.2,5,1,0.1683,1,3,1
CUST-10193,2023-05-01,5,2023,1,530.2,5,0,0.0418,1,2,1
CUST-10193,2023-06-01,6,2023,2,503.96,4,0,0.0794,3,2,1
CUST-10193,2023-07-01,7,2023,3,503.96,4,1,0.1529,1,2,1
CUST-10193,2023-08-01,8,2023,4,503.96,4,0,0.03,1,2,1
CUST-10193,2023-09-01,9,2023,5,503.96,4,0,0.03,5,1,1
CUST-10193,2023-10-01,10,2023,6,503.96,4,1,0.1536,0,3,1
CUST-10193,2023-11-01,11,2023,7,530.2,5,1,0.2119,2,2,1
CUST-10193,2023-12-01,12,2023,8,530.2,5,1,0.1613,1,3,1
CUST-10193,2024-01-01,1,2024,9,530.2,5,0,0.0634,1,2,1
CUST-10193,2024-02-01,2,2024,10,530.2,5,0,0.0624,3,2,1
CUST-10193,2024-03-01,3,2024,11,530.2,5,2,0.3301,2,3,1
CUST-10193,2024-04-01,4,2024,12,530.2,5,1,0.1131,2,2,1
CUST-10193,2024-05-01,5,2024,13,556.44,6,1,0.1764,0,3,1
CUST-10194,2023-04-01,4,2023,0,587.16,6,2,0.3547,2,8,1
CUST-10194,2023-05-01,5,2023,1,618.52,7,3,0.44,1,8,1
CUST-10195,2023-04-01,4,2023,0,300.69,7,4,0.6129,2,9,1
CUST-10195,2023-05-01,5,2023,1,300.69,7,5,0.7321,2,9,1
CUST-10195,2023-06-01,6,2023,2,300.69,7,6,0.8361,2,9,1
CUST-10195,2023-07-01,7,2023,3,300.69,7,7,0.9404,0,10,1
CUST-10195,2023-08-01,8,2023,4,300.69,7,5,0.7399,2,9,1
CUST-10195,2023-09-01,9,2023,5,300.69,7,7,1.0,0,10,1
CUST-10195,2023-10-01,10,2023,6,300.69,7,5,0.7625,1,9,1
CUST-10195,2023-11-01,11,2023,7,279.02,6,6,0.8818,1,10,1
CUST-10195,2023-12-01,12,2023,8,300.69,7,6,1.0,0,10,1
CUST-10195,2024-01-01,1,2024,9,300.69,7,6,0.8829,2,9,1
CUST-10195,2024-02-01,2,2024,10,300.69,7,7,1.0,0,10,1
CUST-10195,2024-03-01,3,2024,11,300.69,7,7,1.0,1,10,1
CUST-10195,2024-04-01,4,2024,12,322.36,8,7,1.0,0,10,1
CUST-10195,2024-05-01,5,2024,13,322.36,8,8,1.0,0,10,1
CUST-10195,2024-06-01,6,2024,14,344.03,9,8,1.0,1,10,1
CUST-10195,2024-07-01,7,2024,15,344.03,9,9,1.0,1,10,1
CUST-10195,2024-08-01,8,2024,16,365.7,10,9,1.0,0,10,1
CUST-10195,2024-09-01,9,2024,17,365.7,10,10,1.0,1,10,1
CUST-10195,2024-10-01,10,2024,18,365.7,10,10,1.0,3,10,1
CUST-10195,2024-11-01,11,2024,19,365.7,10,10,1.0,0,10,1
CUST-10195,2024-12-01,12,2024,20,387.37,11,10,1.0,2,10,1
CUST-10196,2023-04-01,4,2023,0,94.5,4,2,0.4997,0,9,1
CUST-10196,2023-05-01,5,2023,1,94.5,4,2,0.4015,3,8,1
CUST-10196,2023-06-01,6,2023,2,94.5,4,1,0.2711,2,8,1
CUST-10196,2023-07-01,7,2023,3,94.5,4,1,0.3682,1,9,1
CUST-10196,2023-08-01,8,2023,4,94.5,4,2,0.4302,3,8,1
CUST-10196,2023-09-01,9,2023,5,94.5,4,1,0.3026,2,8,1
CUST-10196,2023-10-01,10,2023,6,83.13,3,1,0.3043,5,8,1
CUST-10196,2023-11-01,11,2023,7,83.13,3,1,38.0,0,9,1
CUST-10196,2023-12-01,12,2023,8,83.13,3,1,0.2039,2,8,1
CUST-10196,2024-01-01,1,2024,9,94.5,4,1,0.2403,6,7,1
CUST-10196,2024-02-01,2,2024,10,83.13,3,1,0.1475,4,7,1
CUST-10196,2024-03-01,3,2024,11,83.13,3,1,0.1633,4,7,1
CUST-10196,2024-04-01,4,2024,12,94.5,4,0,0.0389,2,8,1
CUST-10196,2024-05-01,5,2024,13,94.5,4,0,0.0657,1,8,1
CUST-10197,2023-04-01,4,2023,0,206.08,14,9,0.6951,0,10,1
CUST-10197,2023-05-01,5,2023,1,217.3,15,9,0.6105,0,10,1
CUST-10197,2023-06-01,6,2023,2,228.52,16,8,0.5215,2,10,1
CUST-10197,2023-07-01,7,2023,3,217.3,15,8,0.5249,2,10,1
CUST-10197,2023-08-01,8,2023,4,228.52,16,8,0.5092,1,10,1
CUST-10198,2023-04-01,4,2023,0,2583.0,75,36,0.4861,0,10,1
CUST-10198,2023-05-01,5,2023,1,2583.0,75,41,0.5524,0,10,1
CUST-10198,2023-06-01,6,2023,2,2553.88,74,43,0.5751,0,10,1
CUST-10198,2023-07-01,7,2023,3,2495.64,72,29,0.3989,3,10,1
CUST-10198,2023-08-01,8,2023,4,2757.72,81,44,0.6169,1,10,1
CUST-10198,2023-09-01,9,2023,5,2874.2,85,45,0.5635,1,10,1
CUST-10198,2023-10-01,10,2023,6,2845.08,84,44,0.5165,1,10,1
CUST-10198,2023-11-01,11,2023,7,2786.84,82,42,0.5005,3,10,1
CUST-10198,2023-12-01,12,2023,8,2990.68,89,43,0.5202,1,10,1
CUST-10198,2024-01-01,1,2024,9,2815.96,83,57,0.6403,1,10,1
CUST-10198,2024-02-01,2,2024,10,2961.56,88,50,0.599,2,10,1
CUST-10198,2024-03-01,3,2024,11,2728.6,80,51,0.5805,1,10,1
CUST-10198,2024-04-01,4,2024,12,2728.6,80,43,0.5348,2,10,1
CUST-10198,2024-05-01,5,2024,13,2757.72,81,57,0.7078,0,10,1
CUST-10198,2024-06-01,6,2024,14,2845.08,84,65,0.8017,0,10,1
CUST-10198,2024-07-01,7,2024,15,2670.36,78,54,0.6379,0,10,1
CUST-10198,2024-08-01,8,2024,16,2699.48,79,42,0.542,1,10,1
CUST-10198,2024-09-01,9,2024,17,2786.84,82,46,0.5868,2,10,1
CUST-10198,2024-10-01,10,2024,18,2874.2,85,57,0.7029,1,10,1
CUST-10198,2024-11-01,11,2024,19,2874.2,85,63,0.7437,0,10,1
CUST-10198,2024-12-01,12,2024,20,2786.84,82,59,0.6889,0,10,1
CUST-10199,2023-04-01,4,2023,0,357.12,11,3,0.283,2,8,1
CUST-10199,2023-05-01,5,2023,1,357.12,11,2,0.1587,2,7,1
CUST-10199,2023-06-01,6,2023,2,376.04,12,1,0.0634,1,7,1
CUST-10199,2023-07-01,7,2023,3,376.04,12,2,0.1707,2,8,1
CUST-10199,2023-08-01,8,2023,4,357.12,11,2,0.1917,0,8,1
CUST-10199,2023-09-01,9,2023,5,376.04,12,1,0.0529,1,7,1
CUST-10199,2023-10-01,10,2023,6,376.04,12,0,0.03,0,8,1
CUST-10199,2023-11-01,11,2023,7,376.04,12,0,0.0338,2,7,1
CUST-10199,2023-12-01,12,2023,8,394.96,13,0,0.03,1,7,1
CUST-10199,2024-01-01,1,2024,9,432.8,15,0,0.03,3,7,1
CUST-10199,2024-02-01,2,2024,10,432.8,15,0,0.03,3,7,1
CUST-10199,2024-03-01,3,2024,11,451.72,16,0,0.03,3,7,1
CUST-10199,2024-04-01,4,2024,12,470.64,17,0,0.03,2,7,1
CUST-10199,2024-05-01,5,2024,13,489.56,18,1,0.03,0,8,1
CUST-10199,2024-06-01,6,2024,14,508.48,19,1,0.03,1,7,1
CUST-10199,2024-07-01,7,2024,15,527.4,20,1,0.03,1,7,1
CUST-10199,2024-08-01,8,2024,16,565.24,22,1,0.03,2,7,1
CUST-10199,2024-09-01,9,2024,17,584.16,23,1,0.03,2,7,1
CUST-10199,2024-10-01,10,2024,18,622.0,25,1,0.03,1,7,1
CUST-10199,2024-11-01,11,2024,19,659.84,27,1,0.03,2,7,1
CUST-10199,2024-12-01,12,2024,20,622.0,25,1,0.03,1,7,1
CUST-10200,2023-04-01,4,2023,0,206.35,3,1,0.2798,2,10,1
CUST-10200,2023-05-01,5,2023,1,206.35,3,0,0.0874,1,9,1
CUST-10200,2023-06-01,6,2023,2,206.35,3,0,0.131,1,9,1
CUST-10200,2023-07-01,7,2023,3,206.35,3,0,0.0661,2,9,1
CUST-10200,2023-08-01,8,2023,4,206.35,3,0,0.1279,1,9,1
CUST-10200,2023-09-01,9,2023,5,206.35,3,0,0.1813,2,9,1
CUST-10200,2023-10-01,10,2023,6,206.35,3,0,0.1727,1,10,1
CUST-10200,2023-11-01,11,2023,7,206.35,3,0,0.0702,1,9,1
CUST-10200,2023-12-01,12,2023,8,206.35,3,0,0.0355,1,9,1
CUST-10200,2024-01-01,1,2024,9,206.35,3,0,0.1107,1,9,1
CUST-10200,2024-02-01,2,2024,10,187.24,2,0,0.03,2,9,1
CUST-10200,2024-03-01,3,2024,11,206.35,3,0,0.1383,2,9,1
CUST-10200,2024-04-01,4,2024,12,206.35,3,0,0.0393,1,9,1
CUST-10200,2024-05-01,5,2024,13,206.35,3,0,0.1565,3,9,1
CUST-10200,2024-06-01,6,2024,14,206.35,3,0,0.0407,2,9,1
CUST-10200,2024-07-01,7,2024,15,206.35,3,0,0.0682,1,9,1
CUST-10200,2024-08-01,8,2024,16,206.35,3,1,0.2842,2,10,1
CUST-10200,2024-09-01,9,2024,17,206.35,3,0,0.03,4,9,1
CUST-10200,2024-10-01,10,2024,18,206.35,3,0,0.03,4,9,1
CUST-10200,2024-11-01,11,2024,19,206.35,3,0,3.0,1,9,1
CUST-10200,2024-12-01,12,2024,20,206.35,3,0,0.0336,0,9,1
CUST-10201,2023-04-01,4,2023,0,1509.88,15,4,0.2617,0,10,1
CUST-10201,2023-05-01,5,2023,1,1591.33,17,4,0.2398,0,10,1
CUST-10201,2023-06-01,6,2023,2,1550.6,16,6,0.3538,0,10,1
CUST-10201,2023-07-01,7,2023,3,1550.6,16,5,0.3285,0,10,1
CUST-10201,2023-08-01,8,2023,4,1632.05,18,5,0.299,1,10,1
CUST-10201,2023-09-01,9,2023,5,1632.05,18,6,0.3134,0,10,1
CUST-10201,2023-10-01,10,2023,6,1672.78,19,6,0.335,0,10,1
CUST-10201,2023-11-01,11,2023,7,1713.5,20,9,0.4801,0,10,1
CUST-10201,2023-12-01,12,2023,8,1754.22,21,7,0.3711,0,10,1
CUST-10201,2024-01-01,1,2024,9,1794.95,22,7,0.3162,0,10,1
CUST-10201,2024-02-01,2,2024,10,1794.95,22,6,0.2781,0,10,1
CUST-10201,2024-03-01,3,2024,11,1876.4,24,7,0.3084,1,10,1
CUST-10201,2024-04-01,4,2024,12,1917.12,25,10,0.4034,1,10,1
CUST-10201,2024-05-01,5,2024,13,1998.58,27,12,0.4604,0,10,1
CUST-10201,2024-06-01,6,2024,14,1876.4,24,9,0.33,0,10,1
CUST-10201,2024-07-01,7,2024,15,1876.4,24,12,0.4864,0,10,1
CUST-10201,2024-08-01,8,2024,16,1917.12,25,10,0.4109,0,10,1
CUST-10201,2024-09-01,9,2024,17,1876.4,24,9,0.3575,0,10,1
CUST-10201,2024-10-01,10,2024,18,1835.68,23,9,0.3895,0,10,1
CUST-10201,2024-11-01,11,2024,19,1876.4,24,9,0.3921,0,10,1
CUST-10201,2024-12-01,12,2024,20,1917.12,25,12,0.492,0,10,1
CUST-10202,2023-04-01,4,2023,0,232.78,4,1,0.297,1,8,1
CUST-10202,2023-05-01,5,2023,1,232.78,4,1,0.3372,0,8,1
CUST-10202,2023-06-01,6,2023,2,232.78,4,2,0.373,1,8,1
CUST-10202,2023-07-01,7,2023,3,232.78,4,1,0.336,3,8,1
CUST-10202,2023-08-01,8,2023,4,232.78,4,1,0.3318,0,8,1
CUST-10202,2023-09-01,9,2023,5,232.78,4,1,0.2233,0,8,1
CUST-10202,2023-10-01,10,2023,6,232.78,4,0,0.0727,2,7,1
CUST-10202,2023-11-01,11,2023,7,232.78,4,1,0.2216,3,7,1
CUST-10202,2023-12-01,12,2023,8,232.78,4,1,0.2289,2,8,1
CUST-10202,2024-01-01,1,2024,9,211.83,3,0,0.0804,1,7,1
CUST-10202,2024-02-01,2,2024,10,211.83,3,0,0.1195,2,7,1
CUST-10202,2024-03-01,3,2024,11,211.83,3,0,0.1373,3,7,1
CUST-10202,2024-04-01,4,2024,12,211.83,3,0,0.1395,1,8,1
CUST-10202,2024-05-01,5,2024,13,211.83,3,0,0.1028,1,8,1
CUST-10202,2024-06-01,6,2024,14,211.83,3,0,0.03,4,7,1
CUST-10202,2024-07-01,7,2024,15,211.83,3,1,0.1797,3,7,1
CUST-10202,2024-08-01,8,2024,16,211.83,3,0,0.0692,1,7,1
CUST-10202,2024-09-01,9,2024,17,211.83,3,0,0.03,0,8,1
CUST-10202,2024-10-01,10,2024,18,211.83,3,0,0.03,1,7,1
CUST-10202,2024-11-01,11,2024,19,211.83,3,0,0.03,0,8,1
CUST-10202,2024-12-01,12,2024,20,211.83,3,0,0.03,1,7,1
CUST-10203,2023-04-01,4,2023,0,875.11,35,2,0.067,4,5,1
CUST-10203,2023-05-01,5,2023,1,854.36,34,3,0.0917,6,5,1
CUST-10203,2023-06-01,6,2023,2,771.38,30,1,0.03,2,5,1
CUST-10203,2023-07-01,7,2023,3,812.87,32,1,0.03,2,5,1
CUST-10203,2023-08-01,8,2023,4,854.36,34,1,0.03,2,5,1
CUST-10203,2023-09-01,9,2023,5,875.11,35,1,0.03,0,6,1
CUST-10203,2023-10-01,10,2023,6,937.35,38,1,0.03,4,5,1
CUST-10204,2023-04-01,4,2023,0,9325.72,317,157,0.5427,1,10,1
CUST-10204,2023-05-01,5,2023,1,9917.08,338,182,0.574,2,9,1
CUST-10204,2023-06-01,6,2023,2,9945.24,339,222,0.6574,1,10,1
CUST-10204,2023-07-01,7,2023,3,10170.52,347,193,0.5679,3,9,1
CUST-10204,2023-08-01,8,2023,4,10480.28,358,158,0.4552,3,9,1
CUST-10204,2023-09-01,9,2023,5,10564.76,361,219,0.6102,0,10,1
CUST-10204,2023-10-01,10,2023,6,11071.64,379,213,0.591,0,10,1
CUST-10204,2023-11-01,11,2023,7,11691.16,401,197,0.5211,1,10,1
CUST-10204,2023-12-01,12,2023,8,12676.76,436,181,0.4519,4,9,1
CUST-10204,2024-01-01,1,2024,9,13352.6,460,246,0.5645,1,10,1
CUST-10204,2024-02-01,2,2024,10,13380.76,461,255,0.5549,2,9,1
CUST-10204,2024-03-01,3,2024,11,13324.44,459,256,0.5551,1,10,1
CUST-10204,2024-04-01,4,2024,12,13493.4,465,261,0.5677,2,9,1
CUST-10204,2024-05-01,5,2024,13,14422.68,498,258,0.5552,1,10,1
CUST-10204,2024-06-01,6,2024,14,15126.68,523,232,0.4662,2,9,1
CUST-10204,2024-07-01,7,2024,15,15943.32,552,245,0.4691,2,9,1
CUST-10204,2024-08-01,8,2024,16,17238.68,598,264,0.4783,1,9,1
CUST-10204,2024-09-01,9,2024,17,16985.24,589,306,0.5115,1,10,1
CUST-10204,2024-10-01,10,2024,18,18618.52,647,302,0.5124,3,9,1
CUST-10204,2024-11-01,11,2024,19,18928.28,658,227,0.3513,3,9,1
CUST-10204,2024-12-01,12,2024,20,19209.88,668,288,0.4386,3,9,1
CUST-10205,2023-04-01,4,2023,0,102.22,5,1,0.2547,2,9,1
CUST-10205,2023-05-01,5,2023,1,91.58,4,2,0.4226,1,9,1
CUST-10205,2023-06-01,6,2023,2,91.58,4,2,0.3898,3,9,1
CUST-10205,2023-07-01,7,2023,3,91.58,4,1,0.3848,1,9,1
CUST-10205,2023-08-01,8,2023,4,91.58,4,2,0.381,0,9,1
CUST-10206,2023-04-01,4,2023,0,606.42,7,3,0.4291,3,10,1
CUST-10206,2023-05-01,5,2023,1,636.06,8,2,0.3096,1,10,1
CUST-10206,2023-06-01,6,2023,2,665.69,9,3,0.3426,3,10,1
CUST-10207,2023-04-01,4,2023,0,553.88,5,1,0.1857,1,9,1
CUST-10207,2023-05-01,5,2023,1,553.88,5,1,0.2263,1,9,1
CUST-10207,2023-06-01,6,2023,2,584.86,6,1,0.2509,1,9,1
CUST-10207,2023-07-01,7,2023,3,584.86,6,2,0.3952,0,9,1
CUST-10207,2023-08-01,8,2023,4,615.83,7,2,0.4078,0,9,1
CUST-10207,2023-09-01,9,2023,5,584.86,6,2,0.307,0,9,1
CUST-10207,2023-10-01,10,2023,6,584.86,6,3,0.4183,0,9,1
CUST-10207,2023-11-01,11,2023,7,615.83,7,3,0.447,0,9,1
CUST-10207,2023-12-01,12,2023,8,615.83,7,2,0.3679,0,9,1
CUST-10207,2024-01-01,1,2024,9,584.86,6,2,0.3587,1,9,1
CUST-10207,2024-02-01,2,2024,10,584.86,6,2,0.4245,0,9,1
CUST-10207,2024-03-01,3,2024,11,615.83,7,2,0.3821,2,9,1
CUST-10207,2024-04-01,4,2024,12,615.83,7,2,0.3595,2,9,1
CUST-10207,2024-05-01,5,2024,13,615.83,7,3,0.4278,1,9,1
CUST-10207,2024-06-01,6,2024,14,615.83,7,3,0.4527,0,9,1
CUST-10207,2024-07-01,7,2024,15,615.83,7,3,0.3894,2,9,1
CUST-10207,2024-08-01,8,2024,16,615.83,7,4,0.5529,0,10,1
CUST-10207,2024-09-01,9,2024,17,646.81,8,3,0.405,0,9,1
CUST-10207,2024-10-01,10,2024,18,646.81,8,4,0.493,1,9,1
CUST-10207,2024-11-01,11,2024,19,677.78,9,4,0.529,0,10,1
CUST-10207,2024-12-01,12,2024,20,677.78,9,4,0.4838,0,9,1
CUST-10208,2023-04-01,4,2023,0,1698.87,49,48,0.9209,1,9,1
CUST-10208,2023-05-01,5,2023,1,1751.93,51,39,0.8061,2,8,1
CUST-10208,2023-06-01,6,2023,2,1751.93,51,36,0.7029,1,8,1
CUST-10208,2023-07-01,7,2023,3,1751.93,51,51,1.0,0,9,1
CUST-10208,2023-08-01,8,2023,4,1672.34,48,45,0.8865,0,9,1
CUST-10208,2023-09-01,9,2023,5,1645.82,47,47,0.9709,1,9,1
CUST-10208,2023-10-01,10,2023,6,1672.34,48,44,0.9426,1,9,1
CUST-10208,2023-11-01,11,2023,7,1645.82,47,46,0.9668,2,9,1
CUST-10209,2023-04-01,4,2023,0,1217.69,26,19,0.7487,2,4,1
CUST-10209,2023-05-01,5,2023,1,1280.66,28,15,0.5641,2,4,1
CUST-10209,2023-06-01,6,2023,2,1312.15,29,17,0.5935,1,4,1
CUST-10209,2023-07-01,7,2023,3,1375.13,31,22,0.7622,1,5,1
CUST-10209,2023-08-01,8,2023,4,1501.08,35,21,0.6625,1,4,1
CUST-10209,2023-09-01,9,2023,5,1564.06,37,26,0.7435,0,5,1
CUST-10209,2023-10-01,10,2023,6,1627.03,39,29,0.7943,0,5,1
CUST-10209,2023-11-01,11,2023,7,1752.98,43,25,0.6379,1,4,1
CUST-10209,2023-12-01,12,2023,8,1941.91,49,30,0.7058,0,5,1
CUST-10209,2024-01-01,1,2024,9,2067.86,53,34,0.6939,2,4,1
CUST-10209,2024-02-01,2,2024,10,2225.3,58,37,0.6904,1,4,1
CUST-10209,2024-03-01,3,2024,11,2508.7,67,40,0.6883,2,4,1
CUST-10209,2024-04-01,4,2024,12,2729.11,74,46,0.689,2,4,1
CUST-10209,2024-05-01,5,2024,13,2918.04,80,55,0.7511,0,5,1
CUST-10209,2024-06-01,6,2024,14,3232.92,90,61,0.7584,2,4,1
CUST-10209,2024-07-01,7,2024,15,3453.34,97,74,0.8278,2,4,1
CUST-10209,2024-08-01,8,2024,16,3610.78,102,66,0.6809,0,5,1
CUST-10209,2024-09-01,9,2024,17,3705.24,105,83,0.8187,2,4,1
CUST-10209,2024-10-01,10,2024,18,3673.75,104,79,0.7465,3,4,1
CUST-10209,2024-11-01,11,2024,19,3957.14,113,75,0.7183,0,5,1
CUST-10209,2024-12-01,12,2024,20,4272.02,123,96,0.8458,0,5,1
CUST-10210,2023-04-01,4,2023,0,195.33,14,6,0.4334,1,7,1
CUST-10211,2023-04-01,4,2023,0,80.82,3,1,0.4298,3,8,1
CUST-10211,2023-05-01,5,2023,1,80.82,3,2,0.5211,1,9,1
CUST-10211,2023-06-01,6,2023,2,80.82,3,1,0.4927,1,9,1
CUST-10211,2023-07-01,7,2023,3,80.82,3,1,0.5183,0,9,1
CUST-10211,2023-08-01,8,2023,4,80.82,3,2,0.5648,2,9,1
CUST-10211,2023-09-01,9,2023,5,80.82,3,2,0.7621,2,9,1
CUST-10211,2023-10-01,10,2023,6,80.82,3,1,0.5013,1,9,1
CUST-10211,2023-11-01,11,2023,7,80.82,3,2,0.631,0,9,1
CUST-10211,2023-12-01,12,2023,8,80.82,3,2,0.5845,1,9,1
CUST-10211,2024-01-01,1,2024,9,80.82,3,1,0.5561,3,8,1
CUST-10211,2024-02-01,2,2024,10,80.82,3,2,0.6622,1,9,1
CUST-10211,2024-03-01,3,2024,11,80.82,3,2,0.5814,0,9,1
CUST-10211,2024-04-01,4,2024,12,80.82,3,2,0.5763,1,9,1
CUST-10211,2024-05-01,5,2024,13,80.82,3,2,0.7066,1,9,1
CUST-10211,2024-06-01,6,2024,14,80.82,3,2,0.7633,0,10,1
CUST-10211,2024-07-01,7,2024,15,80.82,3,2,0.7323,1,9,1
CUST-10211,2024-08-01,8,2024,16,80.82,3,2,0.7161,3,9,1
CUST-10211,2024-09-01,9,2024,17,80.82,3,2,0.7967,1,9,1
CUST-10211,2024-10-01,10,2024,18,80.82,3,2,0.8378,0,10,1
CUST-10211,2024-11-01,11,2024,19,70.22,2,2,0.788,0,10,1
CUST-10211,2024-12-01,12,2024,20,70.22,2,2,0.8641,1,10,1
CUST-10212,2023-04-01,4,2023,0,1994.91,97,7,0.0702,1,5,1
CUST-10212,2023-05-01,5,2023,1,1975.88,96,32,0.3325,0,6,1
CUST-10212,2023-06-01,6,2023,2,1880.73,91,33,0.3484,0,6,1
CUST-10212,2023-07-01,7,2023,3,1842.67,89,33,0.3647,1,6,1
CUST-10212,2023-08-01,8,2023,4,1823.64,88,22,0.2486,1,5,1
CUST-10212,2023-09-01,9,2023,5,1728.49,83,24,0.2776,0,6,1
CUST-10212,2023-10-01,10,2023,6,1671.4,80,23,0.2739,1,5,1
CUST-10212,2023-11-01,11,2023,7,1614.31,77,21,0.258,0,6,1
CUST-10212,2023-12-01,12,2023,8,1671.4,80,19,0.248,0,6,1
CUST-10212,2024-01-01,1,2024,9,1633.34,78,25,0.3057,1,6,1
CUST-10212,2024-02-01,2,2024,10,1595.28,76,18,0.2242,0,6,1
CUST-10212,2024-03-01,3,2024,11,1500.13,71,14,0.1892,2,5,1
CUST-10212,2024-04-01,4,2024,12,1557.22,74,13,0.1777,1,5,1
CUST-10212,2024-05-01,5,2024,13,1404.98,66,22,0.2988,1,6,1
CUST-10212,2024-06-01,6,2024,14,1424.01,67,17,0.2583,1,5,1
CUST-10213,2023-04-01,4,2023,0,150.2,9,3,0.3308,1,5,1
CUST-10213,2023-05-01,5,2023,1,150.2,9,3,0.3951,1,5,1
CUST-10213,2023-06-01,6,2023,2,150.2,9,5,0.4933,0,5,1
CUST-10213,2023-07-01,7,2023,3,161.44,10,4,0.4328,0,5,1
CUST-10213,2023-08-01,8,2023,4,150.2,9,5,0.4684,1,5,1
CUST-10213,2023-09-01,9,2023,5,161.44,10,4,0.3904,3,4,1
CUST-10213,2023-10-01,10,2023,6,172.68,11,4,0.4391,2,5,1
CUST-10213,2023-11-01,11,2023,7,172.68,11,3,0.2696,1,4,1
CUST-10213,2023-12-01,12,2023,8,183.93,12,6,0.5216,3,5,1
CUST-10213,2024-01-01,1,2024,9,206.42,14,6,0.4699,3,4,1
CUST-10213,2024-02-01,2,2024,10,206.42,14,7,0.508,1,5,1
CUST-10213,2024-03-01,3,2024,11,217.66,15,6,0.3942,1,5,1
CUST-10213,2024-04-01,4,2024,12,217.66,15,6,0.3703,0,5,1
CUST-10213,2024-05-01,5,2024,13,217.66,15,8,0.493,2,5,1
CUST-10213,2024-06-01,6,2024,14,228.9,16,6,0.4239,0,5,1
CUST-10214,2023-04-01,4,2023,0,341.72,10,6,0.5755,2,6,1
CUST-10214,2023-05-01,5,2023,1,341.72,10,6,0.6037,2,6,1
CUST-10215,2023-04-01,4,2023,0,1179.74,52,25,0.4805,3,9,1
CUST-10215,2023-05-01,5,2023,1,1199.57,53,31,0.5882,2,9,1
CUST-10215,2023-06-01,6,2023,2,1278.85,57,25,0.4707,1,9,1
CUST-10215,2023-07-01,7,2023,3,1239.21,55,35,0.618,6,8,1
CUST-10215,2023-08-01,8,2023,4,1219.39,54,22,0.3937,1,9,1
CUST-10215,2023-09-01,9,2023,5,1219.39,54,23,0.4351,3,8,1
CUST-10215,2023-10-01,10,2023,6,1219.39,54,17,0.3141,1,9,1
CUST-10216,2023-04-01,4,2023,0,308.79,9,2,0.2742,0,8,1
CUST-10216,2023-05-01,5,2023,1,291.03,8,2,0.2569,0,8,1
CUST-10216,2023-06-01,6,2023,2,291.03,8,2,0.2447,0,8,1
CUST-10216,2023-07-01,7,2023,3,291.03,8,3,0.3168,0,8,1
CUST-10216,2023-08-01,8,2023,4,291.03,8,2,0.2079,0,8,1
CUST-10216,2023-09-01,9,2023,5,273.28,7,2,0.3129,1,8,1
CUST-10216,2023-10-01,10,2023,6,291.03,8,3,0.3846,0,8,1
CUST-10216,2023-11-01,11,2023,7,273.28,7,2,0.2663,1,7,1
CUST-10216,2023-12-01,12,2023,8,273.28,7,2,0.3396,0,8,1
CUST-10216,2024-01-01,1,2024,9,273.28,7,2,0.2519,2,7,1
CUST-10216,2024-02-01,2,2024,10,273.28,7,1,0.1782,0,7,1
CUST-10217,2023-04-01,4,2023,0,692.93,28,18,0.6054,3,4,1
CUST-10217,2023-05-01,5,2023,1,634.65,25,18,0.6436,0,5,1
CUST-10217,2023-06-01,6,2023,2,634.65,25,15,0.6037,0,5,1
CUST-10217,2023-07-01,7,2023,3,654.08,26,16,0.6498,0,5,1
CUST-10217,2023-08-01,8,2023,4,712.35,29,13,0.4947,2,4,1
CUST-10217,2023-09-01,9,2023,5,712.35,29,14,0.5013,1,5,1
CUST-10217,2023-10-01,10,2023,6,673.5,27,13,0.4487,0,5,1
CUST-10217,2023-11-01,11,2023,7,654.08,26,13,0.4813,2,4,1
CUST-10217,2023-12-01,12,2023,8,692.93,28,11,0.4273,1,5,1
CUST-10217,2024-01-01,1,2024,9,673.5,27,12,0.4343,2,4,1
CUST-10217,2024-02-01,2,2024,10,692.93,28,12,0.4432,3,4,1
CUST-10217,2024-03-01,3,2024,11,673.5,27,10,0.3528,2,4,1
CUST-10217,2024-04-01,4,2024,12,654.08,26,9,0.3307,3,4,1
CUST-10217,2024-05-01,5,2024,13,634.65,25,7,0.2598,0,4,1
CUST-10217,2024-06-01,6,2024,14,634.65,25,6,0.2393,1,4,1
CUST-10217,2024-07-01,7,2024,15,634.65,25,1,0.0569,1,4,1
CUST-10217,2024-08-01,8,2024,16,634.65,25,2,0.092,2,3,1
CUST-10217,2024-09-01,9,2024,17,692.93,28,3,0.1125,1,4,1
CUST-10217,2024-10-01,10,2024,18,692.93,28,1,0.03,4,3,1
CUST-10217,2024-11-01,11,2024,19,673.5,27,1,0.03,1,4,1
CUST-10217,2024-12-01,12,2024,20,673.5,27,1,0.03,3,3,1
CUST-10218,2023-04-01,4,2023,0,91.29,4,1,0.2674,0,7,1
CUST-10218,2023-05-01,5,2023,1,91.29,4,0,0.1174,2,7,1
CUST-10218,2023-06-01,6,2023,2,91.29,4,0,0.1026,0,7,1
CUST-10218,2023-07-01,7,2023,3,91.29,4,1,0.1782,2,7,1
CUST-10218,2023-08-01,8,2023,4,91.29,4,1,0.2228,1,7,1
CUST-10218,2023-09-01,9,2023,5,91.29,4,1,0.2088,0,7,1
CUST-10219,2023-04-01,4,2023,0,807.93,13,5,0.3841,2,7,1
CUST-10219,2023-05-01,5,2023,1,807.93,13,5,0.389,0,7,1
CUST-10219,2023-06-01,6,2023,2,807.93,13,5,0.3731,1,7,1
CUST-10219,2023-07-01,7,2023,3,807.93,13,5,0.4137,0,7,1
CUST-10219,2023-08-01,8,2023,4,745.02,11,6,0.5148,1,7,1
CUST-10219,2023-09-01,9,2023,5,745.02,11,5,0.4305,5,6,1
CUST-10219,2023-10-01,10,2023,6,776.47,12,4,0.3397,1,7,1
CUST-10219,2023-11-01,11,2023,7,776.47,12,5,0.4144,1,7,1
CUST-10219,2023-12-01,12,2023,8,776.47,12,5,0.3793,0,7,1
CUST-10220,2023-04-01,4,2023,0,5597.59,168,39,0.2255,4,4,1
CUST-10220,2023-05-01,5,2023,1,5721.37,172,26,0.1574,1,5,1
CUST-10220,2023-06-01,6,2023,2,5102.49,152,7,0.0407,0,5,1
CUST-10220,2023-07-01,7,2023,3,4762.1,141,12,0.082,3,4,1
CUST-10220,2023-08-01,8,2023,4,4545.5,134,4,0.03,4,4,1
CUST-10220,2023-09-01,9,2023,5,4978.71,148,4,0.03,3,4,1
CUST-10220,2023-10-01,10,2023,6,4731.16,140,4,0.03,1,5,1
CUST-10220,2023-11-01,11,2023,7,5071.54,151,5,0.0354,1,5,1
CUST-10220,2023-12-01,12,2023,8,5071.54,151,5,0.03,0,5,1
CUST-10220,2024-01-01,1,2024,9,4669.27,138,5,0.03,2,4,1
CUST-10220,2024-02-01,2,2024,10,4452.66,131,4,0.03,1,5,1
CUST-10220,2024-03-01,3,2024,11,4205.11,123,4,0.03,0,5,1
CUST-10220,2024-04-01,4,2024,12,4452.66,131,4,0.03,2,4,1
CUST-10220,2024-05-01,5,2024,13,4267.0,125,4,0.03,2,4,1
CUST-10220,2024-06-01,6,2024,14,4205.11,123,4,0.03,0,5,1
CUST-10220,2024-07-01,7,2024,15,4143.22,121,4,0.03,2,4,1
CUST-10220,2024-08-01,8,2024,16,4390.78,129,4,0.03,2,4,1
CUST-10220,2024-09-01,9,2024,17,4390.78,129,4,0.03,5,4,1
CUST-10220,2024-10-01,10,2024,18,4421.72,130,4,0.03,1,5,1
CUST-10220,2024-11-01,11,2024,19,4050.39,118,4,0.03,1,5,1
CUST-10220,2024-12-01,12,2024,20,3895.67,113,4,0.03,4,4,1
CUST-10221,2023-04-01,4,2023,0,991.0,20,5,0.2684,0,6,1
CUST-10221,2023-05-01,5,2023,1,991.0,20,5,0.2604,0,6,1
CUST-10221,2023-06-01,6,2023,2,1020.6,21,5,0.2268,0,6,1
CUST-10221,2023-07-01,7,2023,3,1050.2,22,7,0.3628,0,6,1
CUST-10221,2023-08-01,8,2023,4,1079.8,23,5,0.2345,0,6,1
CUST-10221,2023-09-01,9,2023,5,1109.4,24,10,0.4251,0,7,1
CUST-10221,2023-10-01,10,2023,6,1079.8,23,7,0.301,0,6,1
CUST-10221,2023-11-01,11,2023,7,1109.4,24,11,0.4714,0,7,1
CUST-10221,2023-12-01,12,2023,8,1050.2,22,8,0.356,0,6,1
CUST-10221,2024-01-01,1,2024,9,1020.6,21,7,0.3056,1,6,1
CUST-10221,2024-02-01,2,2024,10,1050.2,22,8,0.4132,1,6,1
CUST-10221,2024-03-01,3,2024,11,991.0,20,10,0.464,1,6,1
CUST-10221,2024-04-01,4,2024,12,1050.2,22,10,0.5115,2,6,1
CUST-10221,2024-05-01,5,2024,13,1050.2,22,11,0.4948,0,7,1
CUST-10221,2024-06-01,6,2024,14,1050.2,22,11,0.4868,1,7,1
CUST-10221,2024-07-01,7,2024,15,1020.6,21,10,0.4375,0,7,1
CUST-10221,2024-08-01,8,2024,16,961.4,19,11,0.5301,0,7,1
CUST-10221,2024-09-01,9,2024,17,1020.6,21,10,0.5354,0,7,1
CUST-10221,2024-10-01,10,2024,18,1079.8,23,10,0.4834,0,7,1
CUST-10221,2024-11-01,11,2024,19,1109.4,24,13,0.5594,0,7,1
CUST-10221,2024-12-01,12,2024,20,1139.0,25,16,0.6934,1,7,1
CUST-10222,2023-05-01,5,2023,0,4000.62,75,26,0.3581,4,5,1
CUST-10222,2023-06-01,6,2023,1,3835.2,71,14,0.1867,5,4,1
CUST-10222,2023-07-01,7,2023,2,4166.05,79,25,0.3507,3,5,1
CUST-10222,2023-08-01,8,2023,3,4083.34,77,24,0.3003,2,5,1
CUST-10222,2023-09-01,9,2023,4,4166.05,79,5,0.0688,4,4,1
CUST-10222,2023-10-01,10,2023,5,4124.69,78,16,0.2043,0,5,1
CUST-10222,2023-11-01,11,2023,6,4166.05,79,12,0.1497,3,5,1
CUST-10222,2023-12-01,12,2023,7,4290.11,82,11,0.1346,2,5,1
CUST-10222,2024-01-01,1,2024,8,4248.76,81,5,0.06,2,5,1
CUST-10222,2024-02-01,2,2024,9,4455.53,86,2,3.0,7,3,1
CUST-10222,2024-03-01,3,2024,10,4455.53,86,6,0.0734,8,3,1
CUST-10222,2024-04-01,4,2024,11,4248.76,81,3,0.03,5,4,1
CUST-10222,2024-05-01,5,2024,12,4248.76,81,2,0.03,2,5,1
CUST-10222,2024-06-01,6,2024,13,4083.34,77,2,0.03,3,4,1
CUST-10222,2024-07-01,7,2024,14,4083.34,77,2,0.03,3,4,1
CUST-10222,2024-08-01,8,2024,15,4166.05,79,2,0.03,6,4,1
CUST-10222,2024-09-01,9,2024,16,4620.95,90,2,0.03,5,4,1
CUST-10222,2024-10-01,10,2024,17,4496.89,87,3,0.03,2,5,1
CUST-10222,2024-11-01,11,2024,18,4620.95,90,3,0.03,4,4,1
CUST-10222,2024-12-01,12,2024,19,4538.24,88,3,0.03,2,5,1
CUST-10223,2023-05-01,5,2023,0,109.0,5,3,0.5983,1,7,1
CUST-10223,2023-06-01,6,2023,1,109.0,5,3,0.6563,2,7,1
CUST-10223,2023-07-01,7,2023,2,109.0,5,3,0.5418,1,7,1
CUST-10223,2023-08-01,8,2023,3,109.0,5,3,0.5579,3,6,1
CUST-10223,2023-09-01,9,2023,4,109.0,5,3,0.5768,0,7,1
CUST-10223,2023-10-01,10,2023,5,109.0,5,3,0.5235,4,6,1
CUST-10224,2023-05-01,5,2023,0,609.34,7,6,0.8542,1,5,1
CUST-10224,2023-06-01,6,2023,1,609.34,7,6,0.8627,1,5,1
CUST-10224,2023-07-01,7,2023,2,609.34,7,5,0.8042,0,6,1
CUST-10224,2023-08-01,8,2023,3,579.29,6,5,0.7541,2,5,1
CUST-10224,2023-09-01,9,2023,4,579.29,6,5,0.8031,0,6,1
CUST-10224,2023-10-01,10,2023,5,579.29,6,5,0.7098,3,5,1
CUST-10224,2023-11-01,11,2023,6,609.34,7,6,1.0,1,6,1
CUST-10224,2023-12-01,12,2023,7,579.29,6,6,0.8632,1,5,1
CUST-10224,2024-01-01,1,2024,8,579.29,6,6,0.9212,1,6,1
CUST-10224,2024-02-01,2,2024,9,579.29,6,5,0.795,1,5,1
CUST-10224,2024-03-01,3,2024,10,579.29,6,4,0.7529,1,5,1
CUST-10225,2023-05-01,5,2023,0,61.0,1,0,0.4044,1,8,1
CUST-10225,2023-06-01,6,2023,1,61.0,1,0,0.213,1,7,1
CUST-10225,2023-07-01,7,2023,2,61.0,1,0,0.2223,1,7,1
CUST-10225,2023-08-01,8,2023,3,61.0,1,0,0.0889,2,7,1
CUST-10225,2023-09-01,9,2023,4,61.0,1,0,0.0485,0,7,1
CUST-10225,2023-10-01,10,2023,5,61.0,1,0,0.03,2,6,1
CUST-10225,2023-11-01,11,2023,6,61.0,1,0,0.03,2,6,1
CUST-10225,2023-12-01,12,2023,7,61.0,1,0,0.03,3,6,1
CUST-10225,2024-01-01,1,2024,8,61.0,1,0,0.03,1,7,1
CUST-10225,2024-02-01,2,2024,9,61.0,1,0,0.03,4,6,1
CUST-10225,2024-03-01,3,2024,10,61.0,1,0,0.03,0,7,1
CUST-10225,2024-04-01,4,2024,11,61.0,1,0,0.03,2,6,1
CUST-10225,2024-05-01,5,2024,12,61.0,1,0,0.03,0,7,1
CUST-10225,2024-06-01,6,2024,13,61.0,1,0,0.03,1,7,1
CUST-10225,2024-07-01,7,2024,14,61.0,1,0,0.03,0,7,1
CUST-10225,2024-08-01,8,2024,15,61.0,1,0,0.03,0,7,1
CUST-10225,2024-09-01,9,2024,16,61.0,1,0,0.03,1,7,1
CUST-10225,2024-10-01,10,2024,17,61.0,1,0,0.03,1,7,1
CUST-10225,2024-11-01,11,2024,18,61.0,1,0,0.03,2,6,1
CUST-10225,2024-12-01,12,2024,19,61.0,1,0,0.03,0,7,1
CUST-10226,2023-05-01,5,2023,0,702.04,10,4,0.4155,2,4,1
CUST-10226,2023-06-01,6,2023,1,702.04,10,3,0.3139,0,4,1
CUST-10226,2023-07-01,7,2023,2,702.04,10,2,0.2417,0,4,1
CUST-10226,2023-08-01,8,2023,3,732.34,11,3,0.2626,2,3,1
CUST-10226,2023-09-01,9,2023,4,762.65,12,2,0.1745,1,3,1
CUST-10226,2023-10-01,10,2023,5,762.65,12,1,0.1242,0,3,1
CUST-10226,2023-11-01,11,2023,6,792.95,13,2,0.1761,5,2,1
CUST-10226,2023-12-01,12,2023,7,792.95,13,0,0.03,0,3,1
CUST-10226,2024-01-01,1,2024,8,823.26,14,0,0.03,1,3,1
CUST-10226,2024-02-01,2,2024,9,883.86,16,0,0.03,1,3,1
CUST-10226,2024-03-01,3,2024,10,914.17,17,0,0.03,1,3,1
CUST-10226,2024-04-01,4,2024,11,944.47,18,1,0.03,3,2,1
CUST-10226,2024-05-01,5,2024,12,974.78,19,1,0.03,2,3,1
CUST-10226,2024-06-01,6,2024,13,944.47,18,1,0.03,1,3,1
CUST-10226,2024-07-01,7,2024,14,974.78,19,1,0.03,0,3,1
CUST-10226,2024-08-01,8,2024,15,974.78,19,1,0.03,1,3,1
CUST-10226,2024-09-01,9,2024,16,974.78,19,1,0.03,1,3,1
CUST-10226,2024-10-01,10,2024,17,974.78,19,1,0.03,1,3,1
CUST-10226,2024-11-01,11,2024,18,944.47,18,1,0.03,0,3,1
CUST-10226,2024-12-01,12,2024,19,974.78,19,1,0.03,0,3,1
CUST-10227,2023-05-01,5,2023,0,8211.29,297,48,0.1633,2,7,1
CUST-10227,2023-06-01,6,2023,1,8658.46,314,69,0.2338,0,7,1
CUST-10227,2023-07-01,7,2023,2,8263.9,299,51,0.1629,1,7,1
CUST-10227,2023-08-01,8,2023,3,8316.5,301,64,0.213,3,7,1
CUST-10227,2023-09-01,9,2023,4,8553.24,310,72,0.2398,3,7,1
CUST-10227,2023-10-01,10,2023,5,9105.62,331,36,0.1159,3,6,1
CUST-10227,2023-11-01,11,2023,6,9210.84,335,83,0.2502,2,7,1
CUST-10227,2023-12-01,12,2023,7,9605.4,350,130,0.3866,1,7,1
CUST-10227,2024-01-01,1,2024,8,10157.78,371,120,0.3444,2,7,1
CUST-10227,2024-02-01,2,2024,9,10341.91,378,92,0.2475,5,6,1
CUST-10227,2024-03-01,3,2024,10,9789.53,357,80,0.212,0,7,1
CUST-10227,2024-04-01,4,2024,11,10157.78,371,94,0.2635,1,7,1
CUST-10227,2024-05-01,5,2024,12,10236.7,374,107,0.2892,1,7,1
CUST-10227,2024-06-01,6,2024,13,9736.92,355,104,0.2787,2,7,1
CUST-10227,2024-07-01,7,2024,14,9815.83,358,103,0.29,4,7,1
CUST-10227,2024-08-01,8,2024,15,10157.78,371,91,0.2539,6,6,1
CUST-10227,2024-09-01,9,2024,16,9999.96,365,108,0.2898,0,7,1
CUST-10227,2024-10-01,10,2024,17,10683.86,391,94,0.2589,1,7,1
CUST-10227,2024-11-01,11,2024,18,10131.48,370,178,0.456,0,8,1
CUST-10227,2024-12-01,12,2024,19,10499.74,384,104,0.2794,2,7,1
CUST-10228,2023-05-01,5,2023,0,682.84,10,6,0.5631,1,6,1
CUST-10228,2023-06-01,6,2023,1,711.22,11,6,0.5434,0,6,1
CUST-10228,2023-07-01,7,2023,2,711.22,11,6,0.5683,3,6,1
CUST-10228,2023-08-01,8,2023,3,711.22,11,6,0.5008,1,6,1
CUST-10228,2023-09-01,9,2023,4,654.46,9,5,0.4744,0,6,1
CUST-10228,2023-10-01,10,2023,5,654.46,9,4,0.4341,0,6,1
CUST-10228,2023-11-01,11,2023,6,654.46,9,3,0.3669,0,6,1
CUST-10228,2023-12-01,12,2023,7,654.46,9,2,0.2556,1,6,1
CUST-10228,2024-01-01,1,2024,8,682.84,10,2,0.2481,2,5,1
CUST-10228,2024-02-01,2,2024,9,654.46,9,3,0.3237,1,6,1
CUST-10228,2024-03-01,3,2024,10,654.46,9,2,0.1825,3,5,1
CUST-10228,2024-04-01,4,2024,11,682.84,10,1,0.1356,1,5,1
CUST-10228,2024-05-01,5,2024,12,682.84,10,0,0.03,0,5,1
CUST-10228,2024-06-01,6,2024,13,654.46,9,0,0.03,0,5,1
CUST-10228,2024-07-01,7,2024,14,626.07,8,0,0.0369,2,5,1
CUST-10228,2024-08-01,8,2024,15,597.69,7,0,0.03,1,5,1
CUST-10228,2024-09-01,9,2024,16,597.69,7,0,0.03,0,5,1
CUST-10228,2024-10-01,10,2024,17,597.69,7,0,0.0487,0,5,1
CUST-10228,2024-11-01,11,2024,18,597.69,7,0,0.03,1,5,1
CUST-10228,2024-12-01,12,2024,19,569.3,6,0,0.03,3,5,1
CUST-10229,2023-05-01,5,2023,0,3736.78,181,60,0.3273,1,8,1
CUST-10229,2023-06-01,6,2023,1,3677.32,178,76,0.4183,1,9,1
CUST-10229,2023-07-01,7,2023,2,3677.32,178,77,0.4328,1,9,1
CUST-10229,2023-08-01,8,2023,3,3598.03,174,69,0.3851,0,9,1
CUST-10229,2023-09-01,9,2023,4,3657.49,177,73,0.4162,0,9,1
CUST-10229,2023-10-01,10,2023,5,3538.56,171,63,0.3572,3,8,1
CUST-10229,2023-11-01,11,2023,6,3697.14,179,84,0.4916,2,9,1
CUST-10229,2023-12-01,12,2023,7,3736.78,181,59,0.3277,0,9,1
CUST-10229,2024-01-01,1,2024,8,3835.89,186,50,0.2754,2,8,1
CUST-10229,2024-02-01,2,2024,9,3538.56,171,67,0.3573,1,8,1
CUST-10229,2024-03-01,3,2024,10,3399.81,164,65,0.3811,1,9,1
CUST-10229,2024-04-01,4,2024,11,3320.52,160,53,0.3218,2,8,1
CUST-10229,2024-05-01,5,2024,12,3498.92,169,40,0.2484,2,8,1
CUST-10229,2024-06-01,6,2024,13,3340.34,161,47,0.2803,2,8,1
CUST-10229,2024-07-01,7,2024,14,3340.34,161,42,0.2627,2,8,1
CUST-10229,2024-08-01,8,2024,15,3439.45,166,27,0.1693,2,8,1
CUST-10229,2024-09-01,9,2024,16,3320.52,160,42,0.2525,3,8,1
CUST-10229,2024-10-01,10,2024,17,3142.12,151,35,0.2173,1,8,1
CUST-10229,2024-11-01,11,2024,18,3360.16,162,24,0.1573,0,8,1
CUST-10229,2024-12-01,12,2024,19,3340.34,161,14,0.0854,1,8,1
CUST-10230,2023-05-01,5,2023,0,619.16,8,3,0.4069,0,4,1
CUST-10230,2023-06-01,6,2023,1,591.64,7,1,0.1301,1,3,1
CUST-10230,2023-07-01,7,2023,2,619.16,8,2,0.277,1,3,1
CUST-10230,2023-08-01,8,2023,3,619.16,8,1,0.1553,3,3,1
CUST-10230,2023-09-01,9,2023,4,619.16,8,1,0.1645,2,3,1
CUST-10231,2023-05-01,5,2023,0,59.1,1,1,0.7758,3,10,1
CUST-10231,2023-06-01,6,2023,1,59.1,1,1,0.7819,0,10,1
CUST-10231,2023-07-01,7,2023,2,59.1,1,1,0.7893,0,10,1
CUST-10231,2023-08-01,8,2023,3,59.1,1,1,0.8738,2,10,1
CUST-10231,2023-09-01,9,2023,4,59.1,1,1,0.8385,0,10,1
CUST-10231,2023-10-01,10,2023,5,59.1,1,1,0.7557,1,10,1
CUST-10231,2023-11-01,11,2023,6,59.1,1,1,0.9794,0,10,1
CUST-10231,2023-12-01,12,2023,7,59.1,1,1,0.925,0,10,1
CUST-10231,2024-01-01,1,2024,8,59.1,1,1,0.9906,1,10,1
CUST-10231,2024-02-01,2,2024,9,59.1,1,1,0.9276,0,10,1
CUST-10231,2024-03-01,3,2024,10,59.1,1,1,0.9766,2,10,1
CUST-10231,2024-04-01,4,2024,11,59.1,1,1,1.0,0,10,1
CUST-10231,2024-05-01,5,2024,12,59.1,1,1,1.0,2,10,1
CUST-10231,2024-06-01,6,2024,13,59.1,1,1,0.9437,2,10,1
CUST-10231,2024-07-01,7,2024,14,59.1,1,1,1.0,1,10,1
CUST-10231,2024-08-01,8,2024,15,59.1,1,1,1.0,2,10,1
CUST-10231,2024-09-01,9,2024,16,59.1,1,1,1.0,1,10,1
CUST-10231,2024-10-01,10,2024,17,59.1,1,1,1.0,1,10,1
CUST-10231,2024-11-01,11,2024,18,59.1,1,1,1.0,1,10,1
CUST-10231,2024-12-01,12,2024,19,59.1,1,1,1.0,0,10,1
CUST-10232,2023-05-01,5,2023,0,260.28,6,1,0.1531,2,7,1
CUST-10232,2023-06-01,6,2023,1,278.82,7,0,0.047,2,7,1
CUST-10232,2023-07-01,7,2023,2,278.82,7,0,0.03,1,7,1
CUST-10232,2023-08-01,8,2023,3,278.82,7,0,0.03,2,7,1
CUST-10232,2023-09-01,9,2023,4,278.82,7,0,0.0422,0,8,1
CUST-10232,2023-10-01,10,2023,5,260.28,6,0,0.0716,0,8,1
CUST-10232,2023-11-01,11,2023,6,278.82,7,0,0.03,1,7,1
CUST-10232,2023-12-01,12,2023,7,260.28,6,0,0.03,2,7,1
CUST-10232,2024-01-01,1,2024,8,241.73,5,0,0.03,3,7,1
CUST-10232,2024-02-01,2,2024,9,260.28,6,0,0.03,1,7,1
CUST-10232,2024-03-01,3,2024,10,260.28,6,0,0.03,0,7,1
CUST-10232,2024-04-01,4,2024,11,241.73,5,0,0.03,3,7,1
CUST-10232,2024-05-01,5,2024,12,241.73,5,0,0.03,1,7,1
CUST-10232,2024-06-01,6,2024,13,241.73,5,0,0.03,3,7,1
CUST-10233,2023-05-01,5,2023,0,746.65,34,25,0.7931,0,7,1
CUST-10233,2023-06-01,6,2023,1,711.5,32,34,1.0,1,7,1
CUST-10233,2023-07-01,7,2023,2,693.92,31,29,0.9078,0,7,1
CUST-10233,2023-08-01,8,2023,3,641.18,28,31,1.0,0,7,1
CUST-10233,2023-09-01,9,2023,4,676.34,30,27,0.9662,2,7,1
CUST-10233,2023-10-01,10,2023,5,658.76,29,30,1.0,0,7,1
CUST-10233,2023-11-01,11,2023,6,658.76,29,29,1.0,1,7,1
CUST-10233,2023-12-01,12,2023,7,658.76,29,28,0.9815,0,7,1
CUST-10233,2024-01-01,1,2024,8,658.76,29,29,1.0,0,7,1
CUST-10233,2024-02-01,2,2024,9,658.76,29,29,1.0,0,7,1
CUST-10233,2024-03-01,3,2024,10,676.34,30,29,1.0,2,7,1
CUST-10234,2023-05-01,5,2023,0,244.59,5,2,0.452,1,8,1
CUST-10234,2023-06-01,6,2023,1,244.59,5,1,0.2603,1,7,1
CUST-10234,2023-07-01,7,2023,2,244.59,5,3,0.5251,1,8,1
CUST-10234,2023-08-01,8,2023,3,244.59,5,2,0.4205,0,8,1
CUST-10234,2023-09-01,9,2023,4,244.59,5,2,0.4729,0,8,1
CUST-10234,2023-10-01,10,2023,5,263.71,6,1,0.2584,1,7,1
CUST-10234,2023-11-01,11,2023,6,263.71,6,2,0.3149,1,7,1
CUST-10234,2023-12-01,12,2023,7,263.71,6,2,0.2873,2,7,1
CUST-10234,2024-01-01,1,2024,8,263.71,6,2,0.2886,2,7,1
CUST-10234,2024-02-01,2,2024,9,263.71,6,2,0.2926,0,7,1
CUST-10234,2024-03-01,3,2024,10,263.71,6,1,0.1189,0,7,1
CUST-10234,2024-04-01,4,2024,11,282.83,7,1,0.1654,1,7,1
CUST-10234,2024-05-01,5,2024,12,282.83,7,1,0.0957,2,6,1
CUST-10234,2024-06-01,6,2024,13,282.83,7,1,0.1895,0,7,1
CUST-10234,2024-07-01,7,2024,14,282.83,7,0,0.0735,0,7,1
CUST-10234,2024-08-01,8,2024,15,282.83,7,0,0.0649,2,6,1
CUST-10234,2024-09-01,9,2024,16,282.83,7,0,0.0643,1,7,1
CUST-10234,2024-10-01,10,2024,17,282.83,7,0,0.03,2,6,1
CUST-10234,2024-11-01,11,2024,18,282.83,7,0,0.03,0,7,1
CUST-10234,2024-12-01,12,2024,19,282.83,7,0,0.03,1,7,1
CUST-10235,2023-05-01,5,2023,0,1203.51,31,7,0.2355,0,9,1
CUST-10236,2023-05-01,5,2023,0,107.2,5,2,49.3,0,9,1
CUST-10236,2023-06-01,6,2023,1,107.2,5,3,0.6386,0,9,1
CUST-10236,2023-07-01,7,2023,2,107.2,5,3,0.5492,0,9,1
CUST-10236,2023-08-01,8,2023,3,95.56,4,2,0.4093,1,8,1
CUST-10236,2023-09-01,9,2023,4,95.56,4,2,0.3893,0,8,1
CUST-10236,2023-10-01,10,2023,5,107.2,5,2,0.5609,2,8,1
CUST-10236,2023-11-01,11,2023,6,107.2,5,2,0.4643,1,8,1
CUST-10236,2023-12-01,12,2023,7,107.2,5,3,0.5705,1,9,1
CUST-10236,2024-01-01,1,2024,8,95.56,4,2,0.5282,0,9,1
CUST-10236,2024-02-01,2,2024,9,95.56,4,2,0.5108,0,9,1
CUST-10236,2024-03-01,3,2024,10,95.56,4,2,0.3846,0,8,1
CUST-10236,2024-04-01,4,2024,11,107.2,5,1,0.3113,1,8,1
CUST-10236,2024-05-01,5,2024,12,95.56,4,2,0.387,2,8,1
CUST-10236,2024-06-01,6,2024,13,95.56,4,2,0.4329,1,8,1
CUST-10236,2024-07-01,7,2024,14,95.56,4,1,0.3134,0,8,1
CUST-10236,2024-08-01,8,2024,15,95.56,4,2,0.4107,2,8,1
CUST-10236,2024-09-01,9,2024,16,83.92,3,1,0.3549,2,8,1
CUST-10236,2024-10-01,10,2024,17,83.92,3,1,0.3733,2,8,1
CUST-10237,2023-05-01,5,2023,0,73.0,2,1,0.7399,1,7,1
CUST-10238,2023-05-01,5,2023,0,522.78,4,4,0.8947,1,10,1
CUST-10238,2023-06-01,6,2023,1,522.78,4,3,0.8409,0,10,1
CUST-10238,2023-07-01,7,2023,2,522.78,4,3,0.7527,1,10,1
CUST-10238,2023-08-01,8,2023,3,522.78,4,3,0.7978,0,10,1
CUST-10238,2023-09-01,9,2023,4,522.78,4,3,0.6379,0,10,1
CUST-10238,2023-10-01,10,2023,5,553.72,5,3,0.7119,0,10,1
CUST-10238,2023-11-01,11,2023,6,522.78,4,3,0.6693,1,10,1
CUST-10238,2023-12-01,12,2023,7,553.72,5,3,0.6021,2,10,1
CUST-10238,2024-01-01,1,2024,8,553.72,5,2,0.5518,0,10,1
CUST-10238,2024-02-01,2,2024,9,553.72,5,2,0.4611,0,10,1
CUST-10238,2024-03-01,3,2024,10,584.66,6,3,0.576,0,10,1
CUST-10238,2024-04-01,4,2024,11,584.66,6,3,0.5431,0,10,1
CUST-10238,2024-05-01,5,2024,12,584.66,6,3,0.5388,0,10,1
CUST-10238,2024-06-01,6,2024,13,584.66,6,2,0.3497,0,10,1
CUST-10238,2024-07-01,7,2024,14,615.61,7,2,0.2785,0,10,1
CUST-10238,2024-08-01,8,2024,15,615.61,7,2,0.2812,1,10,1
CUST-10238,2024-09-01,9,2024,16,615.61,7,2,0.2611,0,10,1
CUST-10238,2024-10-01,10,2024,17,615.61,7,2,0.231,1,9,1
CUST-10238,2024-11-01,11,2024,18,615.61,7,2,0.2245,0,10,1
CUST-10238,2024-12-01,12,2024,19,615.61,7,2,0.2487,0,10,1
CUST-10239,2023-05-01,5,2023,0,1095.26,22,9,0.4486,0,8,1
CUST-10239,2023-06-01,6,2023,1,1126.9,23,8,0.3782,0,8,1
CUST-10239,2023-07-01,7,2023,2,1126.9,23,11,0.5064,1,8,1
CUST-10239,2023-08-01,8,2023,3,1126.9,23,9,0.4072,1,8,1
CUST-10239,2023-09-01,9,2023,4,1095.26,22,9,0.3686,2,8,1
CUST-10239,2023-10-01,10,2023,5,1063.61,21,6,0.259,2,8,1
CUST-10239,2023-11-01,11,2023,6,1031.96,20,6,26.5,2,8,1
CUST-10239,2023-12-01,12,2023,7,1031.96,20,6,0.2724,2,8,1
CUST-10239,2024-01-01,1,2024,8,1000.31,19,4,0.1977,1,8,1
CUST-10239,2024-02-01,2,2024,9,1031.96,20,5,0.2723,0,8,1
CUST-10239,2024-03-01,3,2024,10,1000.31,19,5,0.271,6,7,1
CUST-10239,2024-04-01,4,2024,11,1000.31,19,5,0.2374,0,8,1
CUST-10239,2024-05-01,5,2024,12,968.66,18,4,0.2073,1,8,1
CUST-10239,2024-06-01,6,2024,13,968.66,18,3,0.1652,2,7,1
CUST-10239,2024-07-01,7,2024,14,937.02,17,1,0.0748,0,8,1
CUST-10239,2024-08-01,8,2024,15,968.66,18,3,0.1897,2,7,1
CUST-10239,2024-09-01,9,2024,16,937.02,17,2,0.1027,0,8,1
CUST-10239,2024-10-01,10,2024,17,937.02,17,1,0.0699,1,7,1
CUST-10239,2024-11-01,11,2024,18,937.02,17,3,0.1934,1,8,1
CUST-10239,2024-12-01,12,2024,19,937.02,17,1,0.0584,2,7,1
CUST-10240,2023-05-01,5,2023,0,1511.79,65,32,0.5181,2,6,1
CUST-10240,2023-06-01,6,2023,1,1448.89,62,40,0.6154,0,7,1
CUST-10240,2023-07-01,7,2023,2,1406.96,60,31,0.5051,0,6,1
CUST-10240,2023-08-01,8,2023,3,1239.23,52,40,0.6587,0,7,1
CUST-10240,2023-09-01,9,2023,4,1218.27,51,26,0.4918,1,6,1
CUST-10240,2023-10-01,10,2023,5,1176.33,49,29,0.5603,0,6,1
CUST-10240,2023-11-01,11,2023,6,1176.33,49,25,0.5061,0,6,1
CUST-10240,2023-12-01,12,2023,7,1134.4,47,25,0.5152,2,6,1
CUST-10240,2024-01-01,1,2024,8,1155.37,48,22,0.4659,0,6,1
CUST-10240,2024-02-01,2,2024,9,1134.4,47,24,0.5103,0,6,1
CUST-10240,2024-03-01,3,2024,10,1134.4,47,27,0.5799,1,6,1
CUST-10240,2024-04-01,4,2024,11,1071.5,44,27,0.5634,0,6,1
CUST-10240,2024-05-01,5,2024,12,1071.5,44,18,0.4221,0,6,1
CUST-10240,2024-06-01,6,2024,13,1092.47,45,23,0.519,0,6,1
CUST-10240,2024-07-01,7,2024,14,1092.47,45,20,0.4525,0,6,1
CUST-10240,2024-08-01,8,2024,15,1092.47,45,19,0.4286,1,6,1
CUST-10240,2024-09-01,9,2024,16,1050.54,43,20,0.437,0,6,1
CUST-10240,2024-10-01,10,2024,17,1092.47,45,15,0.335,0,6,1
CUST-10240,2024-11-01,11,2024,18,1071.5,44,21,0.475,1,6,1
CUST-10240,2024-12-01,12,2024,19,1029.57,42,15,0.3368,0,6,1
CUST-10241,2023-05-01,5,2023,0,917.61,87,45,0.5093,0,6,1
CUST-10241,2023-06-01,6,2023,1,907.62,86,49,0.5606,0,6,1
CUST-10241,2023-07-01,7,2023,2,947.56,90,45,0.5189,0,6,1
CUST-10241,2023-08-01,8,2023,3,937.58,89,53,0.5917,1,6,1
CUST-10241,2023-09-01,9,2023,4,967.53,92,54,0.6036,0,6,1
CUST-10241,2023-10-01,10,2023,5,857.7,81,55,0.6029,0,6,1
CUST-10241,2023-11-01,11,2023,6,827.75,78,53,0.65,1,6,1
CUST-10241,2023-12-01,12,2023,7,857.7,81,52,0.6642,0,6,1
CUST-10241,2024-01-01,1,2024,8,817.77,77,66,0.8082,0,6,1
CUST-10241,2024-02-01,2,2024,9,827.75,78,56,0.7268,0,6,1
CUST-10241,2024-03-01,3,2024,10,827.75,78,58,0.736,0,6,1
CUST-10241,2024-04-01,4,2024,11,797.8,75,51,0.6643,0,6,1
CUST-10241,2024-05-01,5,2024,12,807.78,76,64,0.8437,0,6,1
CUST-10241,2024-06-01,6,2024,13,737.9,69,60,0.8006,0,6,1
CUST-10241,2024-07-01,7,2024,14,668.01,62,59,0.8463,0,6,1
CUST-10241,2024-08-01,8,2024,15,648.04,60,52,0.8292,1,6,1
CUST-10241,2024-09-01,9,2024,16,638.06,59,53,0.8808,0,7,1
CUST-10241,2024-10-01,10,2024,17,598.12,55,45,0.7664,0,6,1
CUST-10241,2024-11-01,11,2024,18,528.23,48,49,0.8867,1,6,1
CUST-10241,2024-12-01,12,2024,19,518.25,47,39,0.8035,2,6,1
CUST-10242,2023-05-01,5,2023,0,321.66,8,3,0.3751,0,6,1
CUST-10242,2023-06-01,6,2023,1,321.66,8,3,0.3972,1,6,1
CUST-10242,2023-07-01,7,2023,2,321.66,8,2,0.2772,2,6,1
CUST-10242,2023-08-01,8,2023,3,321.66,8,2,0.2804,2,6,1
CUST-10242,2023-09-01,9,2023,4,321.66,8,3,0.3202,1,6,1
CUST-10242,2023-10-01,10,2023,5,343.24,9,2,0.2292,0,6,1
CUST-10242,2023-11-01,11,2023,6,364.82,10,2,0.2481,4,5,1
CUST-10242,2023-12-01,12,2023,7,364.82,10,2,0.1834,0,6,1
CUST-10242,2024-01-01,1,2024,8,364.82,10,1,0.1109,1,5,1
CUST-10242,2024-02-01,2,2024,9,364.82,10,2,0.1783,2,5,1
CUST-10242,2024-03-01,3,2024,10,407.98,12,1,0.0801,2,5,1
CUST-10242,2024-04-01,4,2024,11,386.4,11,0,0.03,0,6,1
CUST-10242,2024-05-01,5,2024,12,407.98,12,0,0.03,2,5,1
CUST-10242,2024-06-01,6,2024,13,429.57,13,2,0.1333,2,5,1
CUST-10242,2024-07-01,7,2024,14,429.57,13,0,0.0355,0,6,1
CUST-10243,2023-05-01,5,2023,0,5176.86,163,7,0.0458,3,5,1
CUST-10243,2023-06-01,6,2023,1,5206.17,164,9,0.0582,3,5,1
CUST-10243,2023-07-01,7,2023,2,5440.66,172,5,0.03,0,6,1
CUST-10243,2023-08-01,8,2023,3,5235.48,165,5,0.03,3,5,1
CUST-10243,2023-09-01,9,2023,4,5352.73,169,5,0.03,2,5,1
CUST-10243,2023-10-01,10,2023,5,5235.48,165,5,0.03,1,6,1
CUST-10243,2023-11-01,11,2023,6,5645.85,179,5,0.03,3,5,1
CUST-10243,2023-12-01,12,2023,7,5675.16,180,5,0.03,5,5,1
CUST-10243,2024-01-01,1,2024,8,5469.98,173,5,0.03,0,6,1
CUST-10243,2024-02-01,2,2024,9,5616.54,178,5,0.03,4,5,1
CUST-10243,2024-03-01,3,2024,10,5704.47,181,5,0.03,3,5,1
CUST-10243,2024-04-01,4,2024,11,5616.54,178,5,0.03,1,6,1
CUST-10243,2024-05-01,5,2024,12,5440.66,172,5,0.03,1,6,1
CUST-10244,2023-05-01,5,2023,0,172.55,13,7,0.5687,1,7,1
CUST-10244,2023-06-01,6,2023,1,172.55,13,7,0.5306,0,7,1
CUST-10244,2023-07-01,7,2023,2,172.55,13,8,0.6077,0,7,1
CUST-10244,2023-08-01,8,2023,3,163.05,12,7,0.5531,0,7,1
CUST-10244,2023-09-01,9,2023,4,163.05,12,8,0.6253,0,7,1
CUST-10244,2023-10-01,10,2023,5,163.05,12,7,59.8,1,7,1
CUST-10244,2023-11-01,11,2023,6,172.55,13,5,0.46,1,6,1
CUST-10244,2023-12-01,12,2023,7,163.05,12,7,0.557,0,7,1
CUST-10244,2024-01-01,1,2024,8,172.55,13,6,0.5266,1,6,1
CUST-10244,2024-02-01,2,2024,9,182.06,14,9,0.7075,1,7,1
CUST-10244,2024-03-01,3,2024,10,191.56,15,7,0.519,1,6,1
CUST-10244,2024-04-01,4,2024,11,191.56,15,8,0.5569,2,6,1
CUST-10244,2024-05-01,5,2024,12,182.06,14,8,0.5172,2,6,1
CUST-10244,2024-06-01,6,2024,13,191.56,15,7,0.4841,0,7,1
CUST-10244,2024-07-01,7,2024,14,201.06,16,6,0.4236,4,5,1
CUST-10245,2023-05-01,5,2023,0,463.0,2,1,0.4474,0,7,1
CUST-10245,2023-06-01,6,2023,1,463.0,2,1,0.4225,0,7,1
CUST-10245,2023-07-01,7,2023,2,463.0,2,1,0.287,0,7,1
CUST-10245,2023-08-01,8,2023,3,463.0,2,1,0.5795,1,7,1
CUST-10245,2023-09-01,9,2023,4,463.0,2,1,0.5694,0,8,1
CUST-10245,2023-10-01,10,2023,5,463.0,2,1,0.6555,0,8,1
CUST-10245,2023-11-01,11,2023,6,463.0,2,1,0.5175,2,7,1
CUST-10245,2023-12-01,12,2023,7,463.0,2,1,0.5826,0,8,1
CUST-10245,2024-01-01,1,2024,8,463.0,2,1,0.7553,0,8,1
CUST-10245,2024-02-01,2,2024,9,463.0,2,1,0.6521,0,8,1
CUST-10246,2023-05-01,5,2023,0,4951.7,95,68,0.7587,0,9,1
CUST-10246,2023-06-01,6,2023,1,5250.32,102,71,0.7431,0,9,1
CUST-10246,2023-07-01,7,2023,2,5378.3,105,61,0.5952,0,9,1
CUST-10246,2023-08-01,8,2023,3,5463.62,107,83,0.7857,0,9,1
CUST-10246,2023-09-01,9,2023,4,5634.26,111,82,0.7695,0,9,1
CUST-10246,2023-10-01,10,2023,5,5420.96,106,80,0.7264,0,9,1
CUST-10246,2023-11-01,11,2023,6,5292.98,103,67,0.6297,0,9,1
CUST-10246,2023-12-01,12,2023,7,4823.72,92,68,0.6592,0,9,1
CUST-10246,2024-01-01,1,2024,8,4823.72,92,70,0.7618,0,9,1
CUST-10246,2024-02-01,2,2024,9,5037.02,97,68,0.7353,1,9,1
CUST-10246,2024-03-01,3,2024,10,4738.4,90,74,0.7661,1,9,1
CUST-10246,2024-04-01,4,2024,11,4610.42,87,66,0.7353,0,9,1
CUST-10246,2024-05-01,5,2024,12,4781.06,91,57,0.6573,1,9,1
CUST-10246,2024-06-01,6,2024,13,4781.06,91,56,0.6125,1,8,1
CUST-10246,2024-07-01,7,2024,14,4823.72,92,65,0.7106,0,9,1
CUST-10246,2024-08-01,8,2024,15,4866.38,93,63,0.6824,1,9,1
CUST-10246,2024-09-01,9,2024,16,5420.96,106,62,0.6682,0,9,1
CUST-10246,2024-10-01,10,2024,17,5165.0,100,60,0.5647,0,9,1
CUST-10246,2024-11-01,11,2024,18,5079.68,98,71,0.7113,1,9,1
CUST-10246,2024-12-01,12,2024,19,5335.64,104,68,0.6907,0,9,1
CUST-10247,2023-05-01,5,2023,0,730.01,12,3,0.2645,0,6,1
CUST-10247,2023-06-01,6,2023,1,702.42,11,0,0.03,1,5,1
CUST-10247,2023-07-01,7,2023,2,730.01,12,3,0.2188,1,5,1
CUST-10247,2023-08-01,8,2023,3,730.01,12,3,0.2467,0,6,1
CUST-10247,2023-09-01,9,2023,4,730.01,12,2,0.1854,0,6,1
CUST-10247,2023-10-01,10,2023,5,730.01,12,2,0.1908,0,6,1
CUST-10247,2023-11-01,11,2023,6,702.42,11,2,0.1771,0,6,1
CUST-10247,2023-12-01,12,2023,7,674.84,10,3,0.2499,1,6,1
CUST-10248,2023-05-01,5,2023,0,1202.97,7,3,0.3692,1,5,1
CUST-10248,2023-06-01,6,2023,1,1202.97,7,2,0.3485,0,6,1
CUST-10249,2023-05-01,5,2023,0,203.65,3,1,0.1935,2,8,1
CUST-10249,2023-06-01,6,2023,1,221.86,4,1,0.2175,0,8,1
CUST-10249,2023-07-01,7,2023,2,221.86,4,1,0.1848,3,7,1
CUST-10249,2023-08-01,8,2023,3,203.65,3,1,0.171,2,8,1
CUST-10249,2023-09-01,9,2023,4,203.65,3,1,0.2891,1,8,1
CUST-10249,2023-10-01,10,2023,5,203.65,3,1,0.2397,1,8,1
CUST-10249,2023-11-01,11,2023,6,203.65,3,1,0.2899,1,8,1
CUST-10249,2023-12-01,12,2023,7,203.65,3,1,0.418,1,8,1
CUST-10249,2024-01-01,1,2024,8,203.65,3,1,0.2912,3,8,1
CUST-10249,2024-02-01,2,2024,9,203.65,3,1,0.3095,0,8,1
CUST-10249,2024-03-01,3,2024,10,185.43,2,1,0.2567,4,7,1
CUST-10249,2024-04-01,4,2024,11,185.43,2,1,0.3099,3,8,1
CUST-10249,2024-05-01,5,2024,12,185.43,2,1,0.3609,3,8,1
CUST-10249,2024-06-01,6,2024,13,185.43,2,1,0.2948,0,8,1
CUST-10249,2024-07-01,7,2024,14,185.43,2,1,0.4155,0,9,1
CUST-10249,2024-08-01,8,2024,15,185.43,2,1,0.3273,1,8,1
CUST-10249,2024-09-01,9,2024,16,185.43,2,1,0.3962,1,8,1
CUST-10250,2023-05-01,5,2023,0,337.54,10,0,0.0397,2,6,1
CUST-10251,2023-05-01,5,2023,0,258.99,19,6,0.3106,0,9,1
CUST-10251,2023-06-01,6,2023,1,258.99,19,3,0.157,0,9,1
CUST-10251,2023-07-01,7,2023,2,270.04,20,5,0.2661,0,9,1
CUST-10252,2023-05-01,5,2023,0,69.57,2,1,0.3585,0,8,1
CUST-10252,2023-06-01,6,2023,1,69.57,2,1,0.5252,0,9,1
CUST-10252,2023-07-01,7,2023,2,69.57,2,1,0.4331,1,8,1
CUST-10252,2023-08-01,8,2023,3,69.57,2,1,0.3829,1,8,1
CUST-10252,2023-09-01,9,2023,4,69.57,2,1,0.4426,1,8,1
CUST-10252,2023-10-01,10,2023,5,69.57,2,1,0.4449,1,8,1
CUST-10252,2023-11-01,11,2023,6,69.57,2,1,0.37,1,8,1
CUST-10252,2023-12-01,12,2023,7,69.57,2,1,0.5716,1,9,1
CUST-10252,2024-01-01,1,2024,8,69.57,2,1,0.5522,0,9,1
CUST-10253,2023-05-01,5,2023,0,492.9,16,0,0.03,1,9,1
CUST-10253,2023-06-01,6,2023,1,514.4,17,2,0.1013,1,9,1
CUST-10253,2023-07-01,7,2023,2,514.4,17,3,0.1765,1,9,1
CUST-10253,2023-08-01,8,2023,3,514.4,17,0,0.03,0,9,1
CUST-10253,2023-09-01,9,2023,4,492.9,16,1,0.03,0,9,1
CUST-10253,2023-10-01,10,2023,5,471.41,15,0,0.03,0,9,1
CUST-10253,2023-11-01,11,2023,6,471.41,15,0,0.03,0,9,1
CUST-10253,2023-12-01,12,2023,7,471.41,15,0,0.03,0,9,1
CUST-10253,2024-01-01,1,2024,8,471.41,15,0,0.03,1,9,1
CUST-10253,2024-02-01,2,2024,9,471.41,15,0,0.03,0,9,1
CUST-10253,2024-03-01,3,2024,10,471.41,15,0,0.03,1,9,1
CUST-10253,2024-04-01,4,2024,11,449.92,14,0,0.03,0,9,1
CUST-10253,2024-05-01,5,2024,12,471.41,15,0,0.03,1,9,1
CUST-10253,2024-06-01,6,2024,13,471.41,15,0,0.03,1,9,1
CUST-10253,2024-07-01,7,2024,14,449.92,14,0,0.03,1,9,1
CUST-10253,2024-08-01,8,2024,15,471.41,15,0,0.03,0,9,1
CUST-10253,2024-09-01,9,2024,16,492.9,16,0,0.03,1,9,1
CUST-10253,2024-10-01,10,2024,17,492.9,16,0,0.03,0,9,1
CUST-10253,2024-11-01,11,2024,18,492.9,16,0,0.03,0,9,1
CUST-10253,2024-12-01,12,2024,19,492.9,16,0,0.03,1,9,1
CUST-10254,2023-05-01,5,2023,0,191.11,2,2,0.8451,1,10,1
CUST-10254,2023-06-01,6,2023,1,191.11,2,1,0.7462,0,10,1
CUST-10254,2023-07-01,7,2023,2,191.11,2,1,0.7569,1,10,1
CUST-10254,2023-08-01,8,2023,3,191.11,2,2,0.9247,0,10,1
CUST-10254,2023-09-01,9,2023,4,191.11,2,1,0.7323,1,10,1
CUST-10254,2023-10-01,10,2023,5,191.11,2,1,0.7471,3,10,1
CUST-10254,2023-11-01,11,2023,6,191.11,2,2,0.8299,0,10,1
CUST-10254,2023-12-01,12,2023,7,191.11,2,1,0.6764,1,10,1
CUST-10254,2024-01-01,1,2024,8,191.11,2,2,0.8558,0,10,1
CUST-10254,2024-02-01,2,2024,9,191.11,2,1,0.7124,0,10,1
CUST-10254,2024-03-01,3,2024,10,191.11,2,2,0.8541,2,10,1
CUST-10254,2024-04-01,4,2024,11,191.11,2,1,0.7202,0,10,1
CUST-10254,2024-05-01,5,2024,12,191.11,2,2,0.774,1,10,1
CUST-10254,2024-06-01,6,2024,13,191.11,2,1,0.713,1,10,1
CUST-10254,2024-07-01,7,2024,14,191.11,2,2,0.799,1,10,1
CUST-10254,2024-08-01,8,2024,15,191.11,2,1,0.6036,0,10,1
CUST-10254,2024-09-01,9,2024,16,191.11,2,1,0.617,0,10,1
CUST-10254,2024-10-01,10,2024,17,191.11,2,2,0.7202,3,10,1
CUST-10254,2024-11-01,11,2024,18,191.11,2,2,0.881,4,10,1
CUST-10254,2024-12-01,12,2024,19,191.11,2,2,0.7693,0,10,1
CUST-10255,2023-05-01,5,2023,0,1335.68,60,7,0.12,0,7,1
CUST-10255,2023-06-01,6,2023,1,1454.35,66,17,0.2861,2,7,1
CUST-10255,2023-07-01,7,2023,2,1454.35,66,13,0.1977,0,7,1
CUST-10255,2023-08-01,8,2023,3,1533.46,70,17,0.2566,2,7,1
CUST-10255,2023-09-01,9,2023,4,1474.13,67,19,0.2739,0,8,1
CUST-10255,2023-10-01,10,2023,5,1434.57,65,17,0.2506,0,8,1
CUST-10255,2023-11-01,11,2023,6,1355.46,61,12,0.1817,2,7,1
CUST-10255,2023-12-01,12,2023,7,1355.46,61,20,0.3229,0,8,1
CUST-10255,2024-01-01,1,2024,8,1296.12,58,24,0.3857,0,8,1
CUST-10255,2024-02-01,2,2024,9,1236.79,55,25,0.4341,0,8,1
CUST-10255,2024-03-01,3,2024,10,1236.79,55,14,0.2658,1,7,1
CUST-10255,2024-04-01,4,2024,11,1177.46,52,22,0.4084,2,8,1
CUST-10255,2024-05-01,5,2024,12,1137.9,50,25,0.4806,1,8,1
CUST-10255,2024-06-01,6,2024,13,1098.34,48,26,0.5236,1,8,1
CUST-10255,2024-07-01,7,2024,14,1137.9,50,28,0.5805,0,8,1
CUST-10255,2024-08-01,8,2024,15,1177.46,52,16,0.3218,0,8,1
CUST-10255,2024-09-01,9,2024,16,1098.34,48,23,0.4368,1,8,1
CUST-10255,2024-10-01,10,2024,17,1098.34,48,26,0.5514,2,8,1
CUST-10255,2024-11-01,11,2024,18,1078.57,47,24,0.5113,0,8,1
CUST-10255,2024-12-01,12,2024,19,1118.12,49,23,0.4873,4,7,1
CUST-10256,2023-05-01,5,2023,0,523.0,17,6,0.3188,4,7,1
CUST-10256,2023-06-01,6,2023,1,545.0,18,6,0.321,6,6,1
CUST-10256,2023-07-01,7,2023,2,523.0,17,9,0.5112,0,8,1
CUST-10256,2023-08-01,8,2023,3,523.0,17,7,0.4361,0,8,1
CUST-10256,2023-09-01,9,2023,4,501.0,16,10,0.5844,0,8,1
CUST-10256,2023-10-01,10,2023,5,523.0,17,10,0.6263,2,8,1
CUST-10256,2023-11-01,11,2023,6,523.0,17,9,0.5196,2,8,1
CUST-10256,2023-12-01,12,2023,7,523.0,17,12,0.7068,0,9,1
CUST-10256,2024-01-01,1,2024,8,501.0,16,12,0.707,1,8,1
CUST-10256,2024-02-01,2,2024,9,523.0,17,12,0.7571,1,8,1
CUST-10256,2024-03-01,3,2024,10,479.0,15,12,0.7445,1,8,1
CUST-10257,2023-05-01,5,2023,0,8325.08,191,27,0.1475,1,5,1
CUST-10257,2023-06-01,6,2023,1,8208.44,188,31,0.1616,0,5,1
CUST-10257,2023-07-01,7,2023,2,8014.04,183,34,0.1805,0,5,1
CUST-10257,2023-08-01,8,2023,3,8752.76,202,42,0.2283,1,5,1
CUST-10257,2023-09-01,9,2023,4,8325.08,191,25,0.1222,0,5,1
CUST-10257,2023-10-01,10,2023,5,7936.28,181,40,0.2105,1,5,1
CUST-10257,2023-11-01,11,2023,6,7275.32,164,18,0.0983,0,5,1
CUST-10257,2023-12-01,12,2023,7,7042.04,158,18,0.1066,0,5,1
CUST-10257,2024-01-01,1,2024,8,7586.36,172,14,0.0875,1,5,1
CUST-10257,2024-02-01,2,2024,9,7975.16,182,27,0.1549,0,5,1
CUST-10257,2024-03-01,3,2024,10,8325.08,191,14,0.0796,0,5,1
CUST-10257,2024-04-01,4,2024,11,7625.24,173,18,0.0926,1,5,1
CUST-10257,2024-05-01,5,2024,12,7508.6,170,9,5.3,0,5,1
CUST-10257,2024-06-01,6,2024,13,7508.6,170,37,0.2152,1,5,1
CUST-10257,2024-07-01,7,2024,14,8091.8,185,30,0.1752,0,5,1
CUST-10257,2024-08-01,8,2024,15,7936.28,181,17,0.0913,0,5,1
CUST-10257,2024-09-01,9,2024,16,7975.16,182,21,0.1166,0,5,1
CUST-10257,2024-10-01,10,2024,17,7703.0,175,5,0.03,0,5,1
CUST-10257,2024-11-01,11,2024,18,8052.92,184,15,0.0854,0,5,1
CUST-10257,2024-12-01,12,2024,19,8169.56,187,45,0.2462,1,5,1
CUST-10258,2023-05-01,5,2023,0,215.0,3,1,0.3428,1,9,1
CUST-10258,2023-06-01,6,2023,1,215.0,3,1,0.3835,1,9,1
CUST-10258,2023-07-01,7,2023,2,215.0,3,2,0.4952,1,9,1
CUST-10258,2023-08-01,8,2023,3,215.0,3,1,0.4471,1,9,1
CUST-10258,2023-09-01,9,2023,4,215.0,3,1,0.3935,1,9,1
CUST-10258,2023-10-01,10,2023,5,215.0,3,1,0.286,0,9,1
CUST-10258,2023-11-01,11,2023,6,215.0,3,1,0.4047,0,9,1
CUST-10258,2023-12-01,12,2023,7,193.0,2,1,0.3104,0,9,1
CUST-10258,2024-01-01,1,2024,8,193.0,2,1,0.3167,0,9,1
CUST-10258,2024-02-01,2,2024,9,193.0,2,1,0.3437,0,9,1
CUST-10259,2023-05-01,5,2023,0,105.46,5,3,0.6788,0,4,1
CUST-10259,2023-06-01,6,2023,1,105.46,5,3,0.5228,0,4,1
CUST-10259,2023-07-01,7,2023,2,105.46,5,3,0.5575,1,4,1
CUST-10259,2023-08-01,8,2023,3,105.46,5,2,0.3287,2,3,1
CUST-10259,2023-09-01,9,2023,4,105.46,5,3,0.5129,2,4,1
CUST-10259,2023-10-01,10,2023,5,105.46,5,2,0.3482,0,4,1
CUST-10259,2023-11-01,11,2023,6,105.46,5,2,0.4152,2,3,1
CUST-10259,2023-12-01,12,2023,7,105.46,5,1,0.2477,3,3,1
CUST-10259,2024-01-01,1,2024,8,116.75,6,2,0.3246,1,3,1
CUST-10259,2024-02-01,2,2024,9,116.75,6,2,0.4079,2,3,1
CUST-10259,2024-03-01,3,2024,10,116.75,6,1,0.1729,2,3,1
CUST-10259,2024-04-01,4,2024,11,116.75,6,1,0.2459,1,3,1
CUST-10259,2024-05-01,5,2024,12,116.75,6,2,0.3043,1,3,1
CUST-10259,2024-06-01,6,2024,13,116.75,6,1,0.2166,3,3,1
CUST-10259,2024-07-01,7,2024,14,116.75,6,0,0.081,2,3,1
CUST-10259,2024-08-01,8,2024,15,116.75,6,1,0.1201,0,3,1
CUST-10259,2024-09-01,9,2024,16,116.75,6,1,0.1484,0,3,1
CUST-10259,2024-10-01,10,2024,17,116.75,6,0,0.03,1,3,1
CUST-10259,2024-11-01,11,2024,18,128.04,7,2,0.2788,1,3,1
CUST-10259,2024-12-01,12,2024,19,116.75,6,1,0.0986,1,3,1
CUST-10260,2023-05-01,5,2023,0,13629.14,446,210,0.4767,1,7,1
CUST-10260,2023-06-01,6,2023,1,13925.78,456,175,0.3921,1,7,1
CUST-10260,2023-07-01,7,2023,2,15231.0,500,114,0.2505,4,6,1
CUST-10260,2023-08-01,8,2023,3,15112.34,496,106,0.2116,2,6,1
CUST-10260,2023-09-01,9,2023,4,16387.9,539,114,0.2292,2,6,1
CUST-10260,2023-10-01,10,2023,5,17544.79,578,22,0.0399,3,6,1
CUST-10260,2023-11-01,11,2023,6,17782.1,586,62,0.1077,3,6,1
CUST-10260,2023-12-01,12,2023,7,18405.05,607,63,0.1074,3,6,1
CUST-10260,2024-01-01,1,2024,8,18523.7,611,18,0.03,4,5,1
CUST-10260,2024-02-01,2,2024,9,16506.55,543,27,0.0436,3,6,1
CUST-10260,2024-03-01,3,2024,10,16684.54,549,16,0.03,7,5,1
CUST-10260,2024-04-01,4,2024,11,16595.54,546,16,0.03,2,6,1
CUST-10260,2024-05-01,5,2024,12,16773.53,552,16,0.03,3,6,1
CUST-10260,2024-06-01,6,2024,13,17663.45,582,17,0.03,0,6,1
CUST-10260,2024-07-01,7,2024,14,17811.77,587,17,0.03,5,5,1
CUST-10260,2024-08-01,8,2024,15,16981.18,559,18,0.03,0,6,1
CUST-10260,2024-09-01,9,2024,16,16684.54,549,17,0.03,3,6,1
CUST-10260,2024-10-01,10,2024,17,17129.5,564,16,0.03,1,6,1
CUST-10260,2024-11-01,11,2024,18,16862.52,555,17,0.03,4,5,1
CUST-10260,2024-12-01,12,2024,19,17129.5,564,17,0.03,0,6,1
CUST-10261,2023-05-01,5,2023,0,775.01,35,9,0.2656,2,8,1
CUST-10261,2023-06-01,6,2023,1,739.24,33,12,0.3329,0,8,1
CUST-10261,2023-07-01,7,2023,2,739.24,33,13,0.3921,0,8,1
CUST-10261,2023-08-01,8,2023,3,703.47,31,9,0.263,2,8,1
CUST-10261,2023-09-01,9,2023,4,667.69,29,13,0.4143,0,8,1
CUST-10261,2023-10-01,10,2023,5,667.69,29,9,0.3144,0,8,1
CUST-10261,2023-11-01,11,2023,6,685.58,30,9,0.2999,1,8,1
CUST-10261,2023-12-01,12,2023,7,667.69,29,10,0.3225,1,8,1
CUST-10262,2023-05-01,5,2023,0,663.87,29,21,0.693,2,6,1
CUST-10262,2023-06-01,6,2023,1,699.37,31,15,0.5219,3,5,1
CUST-10262,2023-07-01,7,2023,2,734.88,33,18,0.6012,2,6,1
CUST-10262,2023-08-01,8,2023,3,681.62,30,20,0.6145,0,6,1
CUST-10262,2023-09-01,9,2023,4,681.62,30,19,0.6303,0,6,1
CUST-10262,2023-10-01,10,2023,5,717.13,32,17,0.5744,1,6,1
CUST-10262,2023-11-01,11,2023,6,717.13,32,14,0.446,4,5,1
CUST-10262,2023-12-01,12,2023,7,699.37,31,16,0.5096,3,5,1
CUST-10262,2024-01-01,1,2024,8,717.13,32,13,0.4129,1,6,1
CUST-10262,2024-02-01,2,2024,9,752.64,34,14,0.4397,1,6,1
CUST-10262,2024-03-01,3,2024,10,752.64,34,16,0.4645,0,6,1
CUST-10262,2024-04-01,4,2024,11,717.13,32,15,0.4259,0,6,1
CUST-10262,2024-05-01,5,2024,12,681.62,30,10,0.3183,0,6,1
CUST-10262,2024-06-01,6,2024,13,699.37,31,10,0.3457,1,5,1
CUST-10262,2024-07-01,7,2024,14,681.62,30,11,0.3551,1,5,1
CUST-10262,2024-08-01,8,2024,15,699.37,31,10,0.3331,2,5,1
CUST-10263,2023-05-01,5,2023,0,941.72,20,2,0.1225,2,5,1
CUST-10263,2023-06-01,6,2023,1,941.72,20,6,0.2759,2,5,1
CUST-10263,2023-07-01,7,2023,2,968.86,21,3,0.1686,2,5,1
CUST-10263,2023-08-01,8,2023,3,968.86,21,5,0.2319,0,6,1
CUST-10263,2023-09-01,9,2023,4,941.72,20,1,0.059,1,5,1
CUST-10263,2023-10-01,10,2023,5,968.86,21,4,0.1806,2,5,1
CUST-10263,2023-11-01,11,2023,6,914.58,19,3,0.1264,2,5,1
CUST-10263,2023-12-01,12,2023,7,995.99,22,2,0.0873,1,5,1
CUST-10263,2024-01-01,1,2024,8,968.86,21,3,0.1522,5,4,1
CUST-10263,2024-02-01,2,2024,9,995.99,22,4,0.2124,1,5,1
CUST-10263,2024-03-01,3,2024,10,968.86,21,7,0.3183,1,6,1
CUST-10263,2024-04-01,4,2024,11,941.72,20,6,0.282,1,5,1
CUST-10263,2024-05-01,5,2024,12,914.58,19,4,0.1896,1,5,1
CUST-10263,2024-06-01,6,2024,13,887.45,18,8,0.4049,3,5,1
CUST-10263,2024-07-01,7,2024,14,887.45,18,3,0.1409,0,5,1
CUST-10263,2024-08-01,8,2024,15,887.45,18,4,0.217,1,5,1
CUST-10263,2024-09-01,9,2024,16,833.18,16,5,0.2529,2,5,1
CUST-10263,2024-10-01,10,2024,17,860.31,17,2,0.1462,1,5,1
CUST-10263,2024-11-01,11,2024,18,860.31,17,5,0.2857,2,5,1
CUST-10263,2024-12-01,12,2024,19,860.31,17,3,0.1926,2,5,1
CUST-10264,2023-05-01,5,2023,0,1143.64,26,4,0.1717,4,8,1
CUST-10264,2023-06-01,6,2023,1,1115.0,25,4,0.1722,1,8,1
CUST-10264,2023-07-01,7,2023,2,1115.0,25,1,0.0453,3,7,1
CUST-10264,2023-08-01,8,2023,3,1086.36,24,4,0.1788,1,8,1
CUST-10264,2023-09-01,9,2023,4,1086.36,24,1,0.03,1,8,1
CUST-10264,2023-10-01,10,2023,5,1086.36,24,4,0.1553,3,8,1
CUST-10264,2023-11-01,11,2023,6,1115.0,25,1,0.0453,3,7,1
CUST-10264,2023-12-01,12,2023,7,1115.0,25,3,0.1401,1,8,1
CUST-10264,2024-01-01,1,2024,8,1172.28,27,1,0.03,3,7,1
CUST-10264,2024-02-01,2,2024,9,1200.92,28,1,0.0388,0,8,1
CUST-10264,2024-03-01,3,2024,10,1229.56,29,2,0.0681,1,8,1
CUST-10264,2024-04-01,4,2024,11,1229.56,29,3,0.1033,1,8,1
CUST-10264,2024-05-01,5,2024,12,1258.2,30,1,0.03,3,7,1
CUST-10264,2024-06-01,6,2024,13,1286.84,31,1,0.03,1,8,1
CUST-10264,2024-07-01,7,2024,14,1229.56,29,1,3.0,1,8,1
CUST-10264,2024-08-01,8,2024,15,1286.84,31,2,0.0785,2,8,1
CUST-10264,2024-09-01,9,2024,16,1258.2,30,1,0.0451,4,7,1
CUST-10264,2024-10-01,10,2024,17,1286.84,31,1,0.03,0,8,1
CUST-10264,2024-11-01,11,2024,18,1286.84,31,1,0.03,1,8,1
CUST-10264,2024-12-01,12,2024,19,1200.92,28,1,0.0405,1,8,1
CUST-10265,2023-05-01,5,2023,0,268.06,6,3,0.4463,2,4,1
CUST-10265,2023-06-01,6,2023,1,268.06,6,3,0.4997,3,4,1
CUST-10265,2023-07-01,7,2023,2,248.22,5,1,0.2072,0,4,1
CUST-10265,2023-08-01,8,2023,3,248.22,5,1,0.2214,2,4,1
CUST-10265,2023-09-01,9,2023,4,248.22,5,1,0.1235,1,4,1
CUST-10265,2023-10-01,10,2023,5,228.38,4,1,0.1465,2,4,1
CUST-10265,2023-11-01,11,2023,6,228.38,4,1,0.1574,5,3,1
CUST-10265,2023-12-01,12,2023,7,228.38,4,0,0.1259,0,4,1
CUST-10265,2024-01-01,1,2024,8,228.38,4,0,0.03,3,3,1
CUST-10265,2024-02-01,2,2024,9,228.38,4,0,0.03,2,3,1
CUST-10265,2024-03-01,3,2024,10,228.38,4,0,0.03,3,3,1
CUST-10265,2024-04-01,4,2024,11,228.38,4,0,3.0,1,4,1
CUST-10265,2024-05-01,5,2024,12,208.53,3,0,0.03,1,4,1
CUST-10265,2024-06-01,6,2024,13,208.53,3,0,0.03,2,3,1
CUST-10265,2024-07-01,7,2024,14,208.53,3,0,0.03,6,3,1
CUST-10265,2024-08-01,8,2024,15,208.53,3,0,0.03,4,3,1
CUST-10265,2024-09-01,9,2024,16,208.53,3,0,0.03,1,4,1
CUST-10265,2024-10-01,10,2024,17,208.53,3,0,0.03,2,3,1
CUST-10265,2024-11-01,11,2024,18,208.53,3,0,0.03,3,3,1
CUST-10265,2024-12-01,12,2024,19,208.53,3,0,0.03,0,4,1
CUST-10266,2023-05-01,5,2023,0,3295.93,67,9,0.1351,0,9,1
CUST-10266,2023-06-01,6,2023,1,3117.05,62,2,0.03,1,9,1
CUST-10266,2023-07-01,7,2023,2,3009.72,59,5,0.0761,2,9,1
CUST-10267,2023-05-01,5,2023,0,268.59,6,1,0.1992,0,7,1
CUST-10267,2023-06-01,6,2023,1,268.59,6,1,0.2576,1,7,1
CUST-10267,2023-07-01,7,2023,2,268.59,6,1,0.2212,3,7,1
CUST-10267,2023-08-01,8,2023,3,268.59,6,2,0.3457,0,8,1
CUST-10267,2023-09-01,9,2023,4,268.59,6,2,0.3941,1,8,1
CUST-10267,2023-10-01,10,2023,5,268.59,6,0,0.0343,1,7,1
CUST-10267,2023-11-01,11,2023,6,268.59,6,1,0.1618,1,7,1
CUST-10267,2023-12-01,12,2023,7,268.59,6,1,0.2096,4,7,1
CUST-10267,2024-01-01,1,2024,8,288.52,7,2,0.2496,1,7,1
CUST-10267,2024-02-01,2,2024,9,288.52,7,1,0.1739,3,7,1
CUST-10267,2024-03-01,3,2024,10,288.52,7,2,0.2483,1,7,1
CUST-10267,2024-04-01,4,2024,11,288.52,7,2,0.2734,3,7,1
CUST-10267,2024-05-01,5,2024,12,288.52,7,2,0.3263,0,8,1
CUST-10267,2024-06-01,6,2024,13,288.52,7,0,0.03,2,7,1
CUST-10267,2024-07-01,7,2024,14,288.52,7,1,0.1798,0,7,1
CUST-10267,2024-08-01,8,2024,15,308.46,8,2,0.2888,0,8,1
CUST-10267,2024-09-01,9,2024,16,308.46,8,2,0.2226,3,7,1
CUST-10267,2024-10-01,10,2024,17,308.46,8,2,0.2518,1,7,1
CUST-10267,2024-11-01,11,2024,18,288.52,7,1,0.1438,1,7,1
CUST-10267,2024-12-01,12,2024,19,308.46,8,1,0.1476,2,7,1
CUST-10268,2023-05-01,5,2023,0,94.22,4,0,0.0607,3,8,1
CUST-10268,2023-06-01,6,2023,1,94.22,4,1,0.1329,4,7,1
CUST-10269,2023-05-01,5,2023,0,221.25,4,1,0.2379,4,4,1
CUST-10269,2023-06-01,6,2023,1,221.25,4,1,0.1553,1,5,1
CUST-10269,2023-07-01,7,2023,2,221.25,4,1,0.191,5,4,1
CUST-10269,2023-08-01,8,2023,3,221.25,4,1,0.1715,1,5,1
CUST-10269,2023-09-01,9,2023,4,221.25,4,1,0.2767,1,5,1
CUST-10269,2023-10-01,10,2023,5,221.25,4,1,0.1281,2,4,1
CUST-10269,2023-11-01,11,2023,6,221.25,4,1,23.5,1,5,1
CUST-10269,2023-12-01,12,2023,7,221.25,4,0,0.03,0,5,1
CUST-10269,2024-01-01,1,2024,8,239.31,5,1,0.1304,1,5,1
CUST-10269,2024-02-01,2,2024,9,239.31,5,1,0.1574,0,5,1
CUST-10269,2024-03-01,3,2024,10,239.31,5,1,0.1618,0,5,1
CUST-10269,2024-04-01,4,2024,11,257.37,6,1,0.1681,0,5,1
CUST-10270,2023-05-01,5,2023,0,107.68,6,1,0.11,3,5,1
CUST-10270,2023-06-01,6,2023,1,117.46,7,2,0.2664,2,5,1
CUST-10270,2023-07-01,7,2023,2,117.46,7,0,0.03,6,4,1
CUST-10271,2023-05-01,5,2023,0,4629.14,92,16,0.1604,1,6,1
CUST-10271,2023-06-01,6,2023,1,4831.86,97,12,0.1264,4,5,1
CUST-10271,2023-07-01,7,2023,2,4629.14,92,28,0.2921,4,6,1
CUST-10271,2023-08-01,8,2023,3,4426.41,87,20,0.2139,1,6,1
CUST-10271,2023-09-01,9,2023,4,4020.97,77,11,0.1241,1,6,1
CUST-10271,2023-10-01,10,2023,5,4142.6,80,12,0.1519,1,6,1
CUST-10271,2023-11-01,11,2023,6,4061.51,78,16,0.2068,0,6,1
CUST-10271,2023-12-01,12,2023,7,4142.6,80,12,0.151,1,6,1
CUST-10271,2024-01-01,1,2024,8,3858.78,73,5,0.0576,0,6,1
CUST-10271,2024-02-01,2,2024,9,3696.61,69,6,0.0769,1,6,1
CUST-10271,2024-03-01,3,2024,10,3777.7,71,2,0.03,2,5,1
CUST-10271,2024-04-01,4,2024,11,3818.24,72,4,0.0637,1,6,1
CUST-10271,2024-05-01,5,2024,12,3899.33,74,2,0.03,0,6,1
CUST-10272,2023-05-01,5,2023,0,1586.92,76,25,0.312,1,6,1
CUST-10272,2023-06-01,6,2023,1,1549.08,74,19,0.2457,3,5,1
CUST-10272,2023-07-01,7,2023,2,1643.68,79,11,0.1441,1,5,1
CUST-10272,2023-08-01,8,2023,3,1738.28,84,6,0.0771,4,4,1
CUST-10272,2023-09-01,9,2023,4,1870.72,91,4,0.0518,0,5,1
CUST-10272,2023-10-01,10,2023,5,1908.56,93,11,0.1247,2,5,1
CUST-10272,2023-11-01,11,2023,6,1908.56,93,9,0.093,1,5,1
CUST-10272,2023-12-01,12,2023,7,1984.24,97,3,0.03,2,5,1
CUST-10272,2024-01-01,1,2024,8,1927.48,94,3,0.03,4,4,1
CUST-10272,2024-02-01,2,2024,9,2003.16,98,3,3.0,1,5,1
CUST-10272,2024-03-01,3,2024,10,1851.8,90,3,0.03,1,5,1
CUST-10272,2024-04-01,4,2024,11,1927.48,94,4,0.0501,2,5,1
CUST-10272,2024-05-01,5,2024,12,2059.92,101,3,0.03,0,5,1
CUST-10272,2024-06-01,6,2024,13,2041.0,100,3,0.03,3,4,1
CUST-10272,2024-07-01,7,2024,14,2003.16,98,3,0.03,1,5,1
CUST-10272,2024-08-01,8,2024,15,2173.44,107,3,0.03,2,5,1
CUST-10272,2024-09-01,9,2024,16,2249.12,111,3,0.03,0,5,1
CUST-10272,2024-10-01,10,2024,17,2305.88,114,3,0.03,2,5,1
CUST-10272,2024-11-01,11,2024,18,2324.8,115,3,0.03,4,4,1
CUST-10272,2024-12-01,12,2024,19,2362.64,117,3,0.03,0,5,1
CUST-10273,2023-05-01,5,2023,0,1540.25,15,5,0.3275,0,6,1
CUST-10273,2023-06-01,6,2023,1,1583.0,16,6,0.4129,0,6,1
CUST-10273,2023-07-01,7,2023,2,1583.0,16,5,0.3205,0,6,1
CUST-10273,2023-08-01,8,2023,3,1625.75,17,5,0.3344,0,6,1
CUST-10273,2023-09-01,9,2023,4,1668.5,18,6,0.3307,1,6,1
CUST-10273,2023-10-01,10,2023,5,1796.75,21,3,0.1569,1,6,1
CUST-10273,2023-11-01,11,2023,6,1882.25,23,6,0.2759,1,6,1
CUST-10273,2023-12-01,12,2023,7,1882.25,23,6,0.2782,0,6,1
CUST-10273,2024-01-01,1,2024,8,1925.0,24,7,0.3202,1,6,1
CUST-10273,2024-02-01,2,2024,9,1967.75,25,9,0.3826,1,6,1
CUST-10273,2024-03-01,3,2024,10,2053.25,27,8,0.2991,1,6,1
CUST-10273,2024-04-01,4,2024,11,2138.75,29,8,0.2908,2,6,1
CUST-10273,2024-05-01,5,2024,12,2352.5,34,6,0.2165,0,6,1
CUST-10273,2024-06-01,6,2024,13,2309.75,33,10,0.3096,1,6,1
CUST-10273,2024-07-01,7,2024,14,2352.5,34,4,0.1212,0,6,1
CUST-10273,2024-08-01,8,2024,15,2267.0,32,6,0.1713,0,6,1
CUST-10273,2024-09-01,9,2024,16,2480.75,37,10,0.2989,0,6,1
CUST-10273,2024-10-01,10,2024,17,2566.25,39,8,0.2049,2,6,1
CUST-10273,2024-11-01,11,2024,18,2694.5,42,13,0.3444,1,6,1
CUST-10273,2024-12-01,12,2024,19,2780.0,44,15,0.3474,1,6,1
CUST-10274,2023-05-01,5,2023,0,6635.26,263,60,0.2212,3,6,1
CUST-10274,2023-06-01,6,2023,1,6730.1,267,109,0.4123,1,7,1
CUST-10274,2023-07-01,7,2023,2,6540.41,259,133,0.4969,1,8,1
CUST-10274,2023-08-01,8,2023,3,6279.58,248,103,0.3955,0,8,1
CUST-10274,2023-09-01,9,2023,4,6303.29,249,154,0.6183,4,7,1
CUST-10274,2023-10-01,10,2023,5,6042.46,238,150,0.6046,3,7,1
CUST-10274,2023-11-01,11,2023,6,5947.61,234,115,0.481,2,7,1
CUST-10274,2023-12-01,12,2023,7,5852.76,230,149,0.6337,2,8,1
CUST-10274,2024-01-01,1,2024,8,5449.66,213,174,0.7574,0,8,1
CUST-10274,2024-02-01,2,2024,9,5165.11,201,143,0.6682,0,8,1
CUST-10274,2024-03-01,3,2024,10,5354.81,209,150,0.7488,1,8,1
CUST-10274,2024-04-01,4,2024,11,5259.96,205,169,0.8126,0,9,1
CUST-10274,2024-05-01,5,2024,12,5497.08,215,169,0.8242,1,8,1
CUST-10274,2024-06-01,6,2024,13,5307.38,207,215,1.0,0,9,1
CUST-10274,2024-07-01,7,2024,14,5402.23,211,207,1.0,0,9,1
CUST-10274,2024-08-01,8,2024,15,5307.38,207,199,0.9432,0,9,1
CUST-10274,2024-09-01,9,2024,16,5212.54,203,207,1.0,0,9,1
CUST-10274,2024-10-01,10,2024,17,5093.98,198,203,1.0,0,9,1
CUST-10274,2024-11-01,11,2024,18,4690.87,181,198,1.0,1,9,1
CUST-10274,2024-12-01,12,2024,19,4453.75,171,181,1.0,1,9,1
CUST-10275,2023-05-01,5,2023,0,688.74,56,20,0.3466,0,5,1
CUST-10275,2023-06-01,6,2023,1,677.32,55,20,0.3496,1,5,1
CUST-10275,2023-07-01,7,2023,2,700.17,57,24,0.4383,0,6,1
CUST-10275,2023-08-01,8,2023,3,688.74,56,27,0.4674,1,5,1
CUST-10275,2023-09-01,9,2023,4,723.02,59,25,0.444,0,6,1
CUST-10275,2023-10-01,10,2023,5,723.02,59,28,0.4816,1,5,1
CUST-10275,2023-11-01,11,2023,6,768.71,63,22,0.3775,2,5,1
CUST-10275,2023-12-01,12,2023,7,791.56,65,30,0.4823,1,5,1
CUST-10275,2024-01-01,1,2024,8,837.26,69,33,0.5066,0,6,1
CUST-10275,2024-02-01,2,2024,9,825.83,68,35,0.503,2,5,1
CUST-10275,2024-03-01,3,2024,10,802.98,66,26,0.377,0,5,1
CUST-10275,2024-04-01,4,2024,11,837.26,69,24,0.3665,0,5,1
CUST-10275,2024-05-01,5,2024,12,814.41,67,36,0.5197,0,6,1
CUST-10275,2024-06-01,6,2024,13,791.56,65,39,0.5829,1,6,1
CUST-10275,2024-07-01,7,2024,14,814.41,67,30,0.4587,0,6,1
CUST-10275,2024-08-01,8,2024,15,860.1,71,30,0.4422,2,5,1
CUST-10275,2024-09-01,9,2024,16,882.95,73,29,0.4127,0,6,1
CUST-10275,2024-10-01,10,2024,17,882.95,73,38,0.5154,0,6,1
CUST-10275,2024-11-01,11,2024,18,757.29,62,30,0.4133,2,5,1
CUST-10275,2024-12-01,12,2024,19,837.26,69,32,0.521,0,6,1
CUST-10276,2023-05-01,5,2023,0,152.79,9,4,0.4266,4,6,1
CUST-10277,2023-05-01,5,2023,0,784.71,32,11,0.33,2,3,1
CUST-10277,2023-06-01,6,2023,1,764.85,31,10,0.3134,1,3,1
CUST-10277,2023-07-01,7,2023,2,764.85,31,9,0.2823,3,3,1
CUST-10277,2023-08-01,8,2023,3,784.71,32,10,0.3061,1,3,1
CUST-10277,2023-09-01,9,2023,4,824.44,34,11,0.3329,3,3,1
CUST-10277,2023-10-01,10,2023,5,824.44,34,14,0.4169,3,3,1
CUST-10277,2023-11-01,11,2023,6,804.58,33,11,0.321,0,4,1
CUST-10277,2023-12-01,12,2023,7,764.85,31,6,0.1866,5,2,1
CUST-10277,2024-01-01,1,2024,8,764.85,31,6,0.2095,2,3,1
CUST-10277,2024-02-01,2,2024,9,764.85,31,3,0.1018,1,3,1
CUST-10277,2024-03-01,3,2024,10,725.11,29,5,0.1674,4,2,1
CUST-10277,2024-04-01,4,2024,11,665.52,26,8,0.2841,0,4,1
CUST-10277,2024-05-01,5,2024,12,705.25,28,5,0.1808,4,2,1
CUST-10277,2024-06-01,6,2024,13,705.25,28,5,0.186,2,3,1
CUST-10277,2024-07-01,7,2024,14,744.98,30,5,0.1728,2,3,1
CUST-10277,2024-08-01,8,2024,15,725.11,29,3,0.1131,2,3,1
CUST-10277,2024-09-01,9,2024,16,725.11,29,7,0.2456,0,3,1
CUST-10277,2024-10-01,10,2024,17,725.11,29,2,0.0617,2,3,1
CUST-10277,2024-11-01,11,2024,18,705.25,28,1,0.03,0,3,1
CUST-10277,2024-12-01,12,2024,19,685.38,27,6,0.2005,3,3,1
CUST-10278,2023-05-01,5,2023,0,670.01,9,4,0.4836,1,3,1
CUST-10278,2023-06-01,6,2023,1,670.01,9,3,0.2904,5,2,1
CUST-10278,2023-07-01,7,2023,2,670.01,9,3,0.3302,2,3,1
CUST-10279,2023-05-01,5,2023,0,937.02,17,8,0.4299,5,6,1
CUST-10279,2023-06-01,6,2023,1,968.66,18,8,0.4548,2,7,1
CUST-10279,2023-07-01,7,2023,2,937.02,17,6,0.3383,1,7,1
CUST-10279,2023-08-01,8,2023,3,937.02,17,6,0.3756,3,7,1
CUST-10279,2023-09-01,9,2023,4,937.02,17,8,0.4472,1,7,1
CUST-10279,2023-10-01,10,2023,5,968.66,18,5,0.3116,0,7,1
CUST-10279,2023-11-01,11,2023,6,1000.31,19,7,0.3607,2,7,1
CUST-10279,2023-12-01,12,2023,7,968.66,18,8,0.3978,3,7,1
CUST-10279,2024-01-01,1,2024,8,937.02,17,7,0.3928,2,7,1
CUST-10279,2024-02-01,2,2024,9,905.37,16,6,0.3427,2,7,1
CUST-10279,2024-03-01,3,2024,10,905.37,16,4,0.2227,0,7,1
CUST-10279,2024-04-01,4,2024,11,842.07,14,4,0.2763,2,7,1
CUST-10279,2024-05-01,5,2024,12,842.07,14,5,0.3146,2,7,1
CUST-10279,2024-06-01,6,2024,13,873.72,15,4,0.2616,5,6,1
CUST-10279,2024-07-01,7,2024,14,842.07,14,5,0.331,1,7,1
CUST-10279,2024-08-01,8,2024,15,810.42,13,4,0.273,1,7,1
CUST-10279,2024-09-01,9,2024,16,778.78,12,3,0.2437,2,7,1
CUST-10279,2024-10-01,10,2024,17,778.78,12,2,0.1299,4,6,1
CUST-10279,2024-11-01,11,2024,18,778.78,12,3,25.8,2,7,1
CUST-10279,2024-12-01,12,2024,19,747.13,11,2,0.1664,1,7,1
CUST-10280,2023-05-01,5,2023,0,351.84,10,5,0.5415,1,7,1
CUST-10280,2023-06-01,6,2023,1,372.12,11,5,0.4394,0,7,1
CUST-10280,2023-07-01,7,2023,2,372.12,11,5,0.487,0,7,1
CUST-10280,2023-08-01,8,2023,3,372.12,11,6,0.506,2,7,1
CUST-10280,2023-09-01,9,2023,4,372.12,11,6,0.564,0,7,1
CUST-10280,2023-10-01,10,2023,5,372.12,11,4,0.3343,0,7,1
CUST-10280,2023-11-01,11,2023,6,372.12,11,6,0.5176,1,7,1
CUST-10280,2023-12-01,12,2023,7,392.41,12,5,0.43,0,7,1
CUST-10280,2024-01-01,1,2024,8,392.41,12,4,0.355,1,6,1
CUST-10280,2024-02-01,2,2024,9,392.41,12,5,0.4296,1,7,1
CUST-10280,2024-03-01,3,2024,10,392.41,12,5,0.4163,1,7,1
CUST-10280,2024-04-01,4,2024,11,392.41,12,3,0.2675,0,6,1
CUST-10280,2024-05-01,5,2024,12,412.69,13,3,0.2311,0,6,1
CUST-10280,2024-06-01,6,2024,13,432.98,14,5,0.3499,0,7,1
CUST-10280,2024-07-01,7,2024,14,412.69,13,4,0.2532,0,6,1
CUST-10281,2023-05-01,5,2023,0,1871.42,47,11,0.2253,1,4,1
CUST-10281,2023-06-01,6,2023,1,1902.74,48,16,0.3453,3,3,1
CUST-10281,2023-07-01,7,2023,2,1996.73,51,19,0.3936,1,4,1
CUST-10281,2023-08-01,8,2023,3,2028.06,52,22,0.4341,2,4,1
CUST-10281,2023-09-01,9,2023,4,2184.7,57,26,0.4999,0,5,1
CUST-10281,2023-10-01,10,2023,5,2122.04,55,27,0.4802,3,4,1
CUST-10281,2023-11-01,11,2023,6,2184.7,57,22,0.396,3,4,1
CUST-10281,2023-12-01,12,2023,7,2216.02,58,22,0.3821,2,4,1
CUST-10281,2024-01-01,1,2024,8,2216.02,58,29,49.9,2,4,1
CUST-10281,2024-02-01,2,2024,9,2184.7,57,28,0.4729,0,4,1
CUST-10281,2024-03-01,3,2024,10,2310.01,61,29,0.5197,1,4,1
CUST-10281,2024-04-01,4,2024,11,2529.3,68,27,0.4395,0,4,1
CUST-10281,2024-05-01,5,2024,12,2623.29,71,31,0.4492,2,4,1
CUST-10281,2024-06-01,6,2024,13,2748.6,75,49,0.6924,1,5,1
CUST-10281,2024-07-01,7,2024,14,2936.57,81,39,0.5274,1,4,1
CUST-10281,2024-08-01,8,2024,15,2936.57,81,45,0.5538,1,4,1
CUST-10281,2024-09-01,9,2024,16,3124.54,87,46,0.5689,0,5,1
CUST-10281,2024-10-01,10,2024,17,3249.85,91,49,0.5673,4,4,1
CUST-10281,2024-11-01,11,2024,18,3594.46,102,44,0.4841,1,4,1
CUST-10281,2024-12-01,12,2024,19,3469.14,98,69,0.6728,0,5,1
CUST-10282,2023-05-01,5,2023,0,60.84,1,0,0.3277,2,8,1
CUST-10282,2023-06-01,6,2023,1,60.84,1,0,0.4437,3,8,1
CUST-10282,2023-07-01,7,2023,2,60.84,1,0,0.3147,0,9,1
CUST-10282,2023-08-01,8,2023,3,60.84,1,0,0.2886,2,8,1
CUST-10282,2023-09-01,9,2023,4,60.84,1,1,0.5167,0,9,1
CUST-10282,2023-10-01,10,2023,5,60.84,1,1,0.6177,2,9,1
CUST-10282,2023-11-01,11,2023,6,60.84,1,0,0.4616,2,9,1
CUST-10282,2023-12-01,12,2023,7,60.84,1,1,0.5095,2,9,1
CUST-10282,2024-01-01,1,2024,8,60.84,1,0,0.4201,2,9,1
CUST-10282,2024-02-01,2,2024,9,60.84,1,1,0.6969,1,10,1
CUST-10282,2024-03-01,3,2024,10,60.84,1,1,0.7422,1,10,1
CUST-10282,2024-04-01,4,2024,11,60.84,1,1,0.8439,0,10,1
CUST-10282,2024-05-01,5,2024,12,60.84,1,1,0.823,0,10,1
CUST-10282,2024-06-01,6,2024,13,60.84,1,1,0.8844,2,10,1
CUST-10282,2024-07-01,7,2024,14,60.84,1,1,0.8749,0,10,1
CUST-10282,2024-08-01,8,2024,15,60.84,1,1,1.0,2,10,1
CUST-10282,2024-09-01,9,2024,16,60.84,1,1,0.9548,2,10,1
CUST-10282,2024-10-01,10,2024,17,60.84,1,1,0.9878,0,10,1
CUST-10282,2024-11-01,11,2024,18,60.84,1,1,1.0,0,10,1
CUST-10282,2024-12-01,12,2024,19,60.84,1,1,1.0,1,10,1
CUST-10283,2023-05-01,5,2023,0,73.0,2,1,0.6105,0,8,1
CUST-10283,2023-06-01,6,2023,1,73.0,2,1,0.6916,2,8,1
CUST-10283,2023-07-01,7,2023,2,73.0,2,1,0.518,0,8,1
CUST-10283,2023-08-01,8,2023,3,73.0,2,1,0.589,1,8,1
CUST-10283,2023-09-01,9,2023,4,73.0,2,1,0.5693,1,8,1
CUST-10283,2023-10-01,10,2023,5,73.0,2,1,0.7002,0,9,1
CUST-10283,2023-11-01,11,2023,6,73.0,2,1,0.5338,0,8,1
CUST-10283,2023-12-01,12,2023,7,73.0,2,1,0.5511,0,8,1
CUST-10283,2024-01-01,1,2024,8,73.0,2,1,0.5715,0,8,1
CUST-10283,2024-02-01,2,2024,9,73.0,2,1,0.4767,0,8,1
CUST-10283,2024-03-01,3,2024,10,73.0,2,1,0.514,1,8,1
CUST-10283,2024-04-01,4,2024,11,73.0,2,1,0.4091,0,8,1
CUST-10283,2024-05-01,5,2024,12,73.0,2,1,0.5179,0,8,1
CUST-10283,2024-06-01,6,2024,13,73.0,2,1,0.3581,1,8,1
CUST-10283,2024-07-01,7,2024,14,73.0,2,1,0.4813,0,8,1
CUST-10283,2024-08-01,8,2024,15,73.0,2,1,0.3341,0,8,1
CUST-10283,2024-09-01,9,2024,16,73.0,2,1,0.3752,0,8,1
CUST-10284,2023-05-01,5,2023,0,1042.96,110,50,0.4719,0,8,1
CUST-10284,2023-06-01,6,2023,1,1042.96,110,43,0.3876,2,8,1
CUST-10284,2023-07-01,7,2023,2,1088.14,115,46,0.4146,3,8,1
CUST-10284,2023-08-01,8,2023,3,1115.25,118,36,0.3148,1,8,1
CUST-10284,2023-09-01,9,2023,4,1187.54,126,53,0.4541,1,8,1
CUST-10284,2023-10-01,10,2023,5,1187.54,126,40,0.321,0,8,1
CUST-10284,2023-11-01,11,2023,6,1142.36,121,26,0.2042,1,8,1
CUST-10284,2023-12-01,12,2023,7,1223.68,130,35,0.2901,1,8,1
CUST-10284,2024-01-01,1,2024,8,1332.11,142,31,0.2411,1,8,1
CUST-10284,2024-02-01,2,2024,9,1449.58,155,28,0.1972,3,7,1
CUST-10284,2024-03-01,3,2024,10,1476.69,158,32,0.2063,3,7,1
CUST-10284,2024-04-01,4,2024,11,1621.26,174,17,0.1081,2,7,1
CUST-10284,2024-05-01,5,2024,12,1747.77,188,34,0.1958,3,7,1
CUST-10284,2024-06-01,6,2024,13,1901.38,205,7,0.0394,4,7,1
CUST-10284,2024-07-01,7,2024,14,1937.52,209,10,0.0483,4,7,1
CUST-10285,2023-05-01,5,2023,0,190.49,2,0,0.03,3,5,1
CUST-10286,2023-05-01,5,2023,0,614.04,7,1,0.0924,2,9,1
CUST-10287,2023-05-01,5,2023,0,1267.48,62,27,0.4489,1,7,1
CUST-10287,2023-06-01,6,2023,1,1321.6,65,21,0.3469,1,7,1
CUST-10287,2023-07-01,7,2023,2,1321.6,65,28,0.4303,0,7,1
CUST-10287,2023-08-01,8,2023,3,1447.88,72,24,0.3702,1,7,1
CUST-10287,2023-09-01,9,2023,4,1502.0,75,34,0.4783,0,7,1
CUST-10287,2023-10-01,10,2023,5,1429.84,71,30,0.3962,3,7,1
CUST-10287,2023-11-01,11,2023,6,1465.92,73,21,0.2914,0,7,1
CUST-10287,2023-12-01,12,2023,7,1447.88,72,26,0.3535,1,7,1
CUST-10287,2024-01-01,1,2024,8,1483.96,74,16,0.2285,2,6,1
CUST-10287,2024-02-01,2,2024,9,1592.2,80,19,0.2565,0,7,1
CUST-10287,2024-03-01,3,2024,10,1538.08,77,11,0.1331,0,7,1
CUST-10287,2024-04-01,4,2024,11,1556.12,78,9,0.1153,1,6,1
CUST-10287,2024-05-01,5,2024,12,1483.96,74,12,0.1485,0,7,1
CUST-10287,2024-06-01,6,2024,13,1483.96,74,10,0.1385,1,6,1
CUST-10287,2024-07-01,7,2024,14,1592.2,80,17,0.2355,0,7,1
CUST-10287,2024-08-01,8,2024,15,1664.36,84,2,0.03,3,6,1
CUST-10287,2024-09-01,9,2024,16,1772.6,90,4,0.0436,3,6,1
CUST-10288,2023-05-01,5,2023,0,314.79,8,1,0.1467,1,7,1
CUST-10288,2023-06-01,6,2023,1,294.07,7,1,0.0714,0,7,1
CUST-10288,2023-07-01,7,2023,2,294.07,7,0,0.03,0,7,1
CUST-10288,2023-08-01,8,2023,3,294.07,7,1,0.1364,3,7,1
CUST-10288,2023-09-01,9,2023,4,294.07,7,1,0.0763,1,7,1
CUST-10288,2023-10-01,10,2023,5,294.07,7,0,0.03,4,6,1
CUST-10288,2023-11-01,11,2023,6,273.34,6,0,0.03,3,7,1
CUST-10288,2023-12-01,12,2023,7,273.34,6,0,0.03,1,7,1
CUST-10288,2024-01-01,1,2024,8,252.62,5,0,0.03,0,7,1
CUST-10288,2024-02-01,2,2024,9,252.62,5,0,0.03,0,7,1
CUST-10288,2024-03-01,3,2024,10,252.62,5,0,0.03,0,7,1
CUST-10288,2024-04-01,4,2024,11,252.62,5,0,0.03,1,7,1
CUST-10288,2024-05-01,5,2024,12,252.62,5,0,0.03,2,7,1
CUST-10288,2024-06-01,6,2024,13,252.62,5,0,0.03,2,7,1
CUST-10288,2024-07-01,7,2024,14,252.62,5,0,0.03,0,7,1
CUST-10288,2024-08-01,8,2024,15,252.62,5,0,0.03,0,7,1
CUST-10288,2024-09-01,9,2024,16,252.62,5,0,0.03,1,7,1
CUST-10288,2024-10-01,10,2024,17,252.62,5,0,0.03,2,7,1
CUST-10288,2024-11-01,11,2024,18,252.62,5,0,0.03,0,7,1
CUST-10288,2024-12-01,12,2024,19,252.62,5,0,0.03,1,7,1
CUST-10289,2023-05-01,5,2023,0,70.22,2,0,0.1119,2,6,1
CUST-10289,2023-06-01,6,2023,1,70.22,2,0,0.079,5,5,1
CUST-10290,2023-05-01,5,2023,0,213.47,14,13,0.9111,0,9,1
CUST-10290,2023-06-01,6,2023,1,201.72,13,12,0.8563,0,9,1
CUST-10290,2023-07-01,7,2023,2,201.72,13,11,0.8435,3,8,1
CUST-10290,2023-08-01,8,2023,3,201.72,13,10,0.8094,2,8,1
CUST-10290,2023-09-01,9,2023,4,189.98,12,10,0.8158,3,8,1
CUST-10290,2023-10-01,10,2023,5,189.98,12,10,0.8209,0,8,1
CUST-10290,2023-11-01,11,2023,6,189.98,12,8,0.6552,2,8,1
CUST-10290,2023-12-01,12,2023,7,189.98,12,9,0.7791,1,8,1
CUST-10290,2024-01-01,1,2024,8,189.98,12,8,0.6879,1,8,1
CUST-10290,2024-02-01,2,2024,9,178.23,11,9,0.7404,0,8,1
CUST-10290,2024-03-01,3,2024,10,189.98,12,7,0.6649,2,8,1
CUST-10290,2024-04-01,4,2024,11,178.23,11,7,0.6286,0,8,1
CUST-10290,2024-05-01,5,2024,12,178.23,11,8,0.7576,2,8,1
CUST-10290,2024-06-01,6,2024,13,166.48,10,6,0.5658,2,7,1
CUST-10290,2024-07-01,7,2024,14,166.48,10,6,0.6706,3,7,1
CUST-10290,2024-08-01,8,2024,15,154.73,9,7,0.7056,2,8,1
CUST-10290,2024-09-01,9,2024,16,154.73,9,5,0.5503,2,7,1
CUST-10290,2024-10-01,10,2024,17,154.73,9,6,0.6964,2,8,1
CUST-10290,2024-11-01,11,2024,18,142.98,8,6,0.6471,0,8,1
CUST-10290,2024-12-01,12,2024,19,142.98,8,5,0.6251,2,8,1
CUST-10291,2023-05-01,5,2023,0,179.46,12,3,0.2329,2,4,1
CUST-10291,2023-06-01,6,2023,1,168.59,11,4,0.3298,1,5,1
CUST-10291,2023-07-01,7,2023,2,179.46,12,3,0.2735,0,5,1
CUST-10291,2023-08-01,8,2023,3,168.59,11,3,0.2611,2,4,1
CUST-10292,2023-06-01,6,2023,0,268.2,6,3,0.4189,0,10,1
CUST-10292,2023-07-01,7,2023,1,268.2,6,2,0.301,1,10,1
CUST-10292,2023-08-01,8,2023,2,268.2,6,2,0.332,0,10,1
CUST-10292,2023-09-01,9,2023,3,268.2,6,1,0.2234,0,10,1
CUST-10292,2023-10-01,10,2023,4,248.33,5,2,0.3217,0,10,1
CUST-10292,2023-11-01,11,2023,5,248.33,5,2,0.424,0,10,1
CUST-10292,2023-12-01,12,2023,6,248.33,5,2,0.384,0,10,1
CUST-10292,2024-01-01,1,2024,7,228.46,4,2,0.5262,1,10,1
CUST-10292,2024-02-01,2,2024,8,228.46,4,1,0.3531,0,10,1
CUST-10292,2024-03-01,3,2024,9,228.46,4,2,0.4626,0,10,1
CUST-10292,2024-04-01,4,2024,10,208.6,3,2,0.4576,0,10,1
CUST-10292,2024-05-01,5,2024,11,208.6,3,1,0.4165,0,10,1
CUST-10292,2024-06-01,6,2024,12,208.6,3,2,0.4633,0,10,1
CUST-10292,2024-07-01,7,2024,13,208.6,3,1,0.4042,0,10,1
CUST-10292,2024-08-01,8,2024,14,208.6,3,1,0.5074,0,10,1
CUST-10292,2024-09-01,9,2024,15,208.6,3,2,0.581,0,10,1
CUST-10292,2024-10-01,10,2024,16,188.73,2,1,0.4341,1,10,1
CUST-10292,2024-11-01,11,2024,17,188.73,2,1,0.6285,0,10,1
CUST-10292,2024-12-01,12,2024,18,188.73,2,1,0.6597,1,10,1
CUST-10293,2023-06-01,6,2023,0,189.88,2,1,0.3385,0,8,1
CUST-10293,2023-07-01,7,2023,1,189.88,2,1,0.3338,0,8,1
CUST-10293,2023-08-01,8,2023,2,189.88,2,1,0.2857,0,8,1
CUST-10293,2023-09-01,9,2023,3,189.88,2,1,0.2453,0,8,1
CUST-10293,2023-10-01,10,2023,4,189.88,2,1,0.3796,0,8,1
CUST-10293,2023-11-01,11,2023,5,210.31,3,1,0.2496,0,8,1
CUST-10293,2023-12-01,12,2023,6,210.31,3,1,0.2006,0,8,1
CUST-10293,2024-01-01,1,2024,7,210.31,3,1,0.3384,0,8,1
CUST-10293,2024-02-01,2,2024,8,210.31,3,1,0.3149,0,8,1
CUST-10293,2024-03-01,3,2024,9,210.31,3,1,0.2226,0,8,1
CUST-10293,2024-04-01,4,2024,10,210.31,3,1,0.2307,0,8,1
CUST-10293,2024-05-01,5,2024,11,210.31,3,1,0.2275,0,8,1
CUST-10293,2024-06-01,6,2024,12,210.31,3,1,0.3092,0,8,1
CUST-10293,2024-07-01,7,2024,13,210.31,3,1,0.2454,0,8,1
CUST-10293,2024-08-01,8,2024,14,210.31,3,1,0.2793,0,8,1
CUST-10293,2024-09-01,9,2024,15,210.31,3,0,0.1286,0,8,1
CUST-10293,2024-10-01,10,2024,16,210.31,3,0,0.1472,0,8,1
CUST-10293,2024-11-01,11,2024,17,210.31,3,0,0.1457,0,8,1
CUST-10293,2024-12-01,12,2024,18,210.31,3,1,0.215,0,8,1
CUST-10294,2023-06-01,6,2023,0,1481.18,37,31,0.8495,0,9,1
CUST-10294,2023-07-01,7,2023,1,1451.93,36,36,0.9768,0,9,1
CUST-10294,2023-08-01,8,2023,2,1422.68,35,28,0.7863,1,9,1
CUST-10294,2023-09-01,9,2023,3,1451.93,36,33,0.9459,0,9,1
CUST-10294,2023-10-01,10,2023,4,1334.94,32,31,0.8594,3,8,1
CUST-10294,2023-11-01,11,2023,5,1334.94,32,28,0.8902,2,9,1
CUST-10294,2023-12-01,12,2023,6,1364.18,33,32,0.9937,1,9,1
CUST-10294,2024-01-01,1,2024,7,1451.93,36,28,0.8739,0,9,1
CUST-10294,2024-02-01,2,2024,8,1451.93,36,32,0.8852,1,9,1
CUST-10294,2024-03-01,3,2024,9,1393.43,34,32,0.9027,2,9,1
CUST-10294,2024-04-01,4,2024,10,1451.93,36,33,0.9532,1,9,1
CUST-10294,2024-05-01,5,2024,11,1422.68,35,30,0.8316,2,8,1
CUST-10294,2024-06-01,6,2024,12,1539.67,39,32,0.8952,1,9,1
CUST-10294,2024-07-01,7,2024,13,1568.92,40,32,0.8264,0,9,1
CUST-10294,2024-08-01,8,2024,14,1568.92,40,37,0.9291,1,9,1
CUST-10294,2024-09-01,9,2024,15,1627.42,42,29,0.7192,0,9,1
CUST-10294,2024-10-01,10,2024,16,1656.66,43,37,0.8754,1,9,1
CUST-10294,2024-11-01,11,2024,17,1685.91,44,29,0.6804,1,8,1
CUST-10294,2024-12-01,12,2024,18,1861.4,50,40,0.9059,2,9,1
CUST-10295,2023-06-01,6,2023,0,192.87,2,1,0.2828,0,8,1
CUST-10295,2023-07-01,7,2023,1,192.87,2,0,0.1957,3,7,1
CUST-10295,2023-08-01,8,2023,2,192.87,2,0,0.1751,3,7,1
CUST-10295,2023-09-01,9,2023,3,192.87,2,1,0.281,0,8,1
CUST-10295,2023-10-01,10,2023,4,192.87,2,0,0.1653,1,8,1
CUST-10295,2023-11-01,11,2023,5,192.87,2,0,0.088,0,8,1
CUST-10295,2023-12-01,12,2023,6,192.87,2,0,0.1119,1,8,1
CUST-10295,2024-01-01,1,2024,7,214.8,3,0,0.1133,1,8,1
CUST-10295,2024-02-01,2,2024,8,192.87,2,0,0.1313,1,8,1
CUST-10295,2024-03-01,3,2024,9,214.8,3,0,0.122,2,7,1
CUST-10295,2024-04-01,4,2024,10,214.8,3,0,0.067,1,8,1
CUST-10295,2024-05-01,5,2024,11,214.8,3,0,0.0953,0,8,1
CUST-10295,2024-06-01,6,2024,12,214.8,3,0,0.1228,1,8,1
CUST-10295,2024-07-01,7,2024,13,214.8,3,0,0.03,4,7,1
CUST-10295,2024-08-01,8,2024,14,214.8,3,0,0.099,1,8,1
CUST-10295,2024-09-01,9,2024,15,236.74,4,0,0.0433,1,7,1
CUST-10295,2024-10-01,10,2024,16,236.74,4,0,0.03,1,7,1
CUST-10295,2024-11-01,11,2024,17,236.74,4,0,0.03,1,7,1
CUST-10295,2024-12-01,12,2024,18,236.74,4,0,0.03,1,7,1
CUST-10296,2023-06-01,6,2023,0,72.47,2,1,0.337,4,6,1
CUST-10296,2023-07-01,7,2023,1,72.47,2,0,0.2385,3,6,1
CUST-10296,2023-08-01,8,2023,2,72.47,2,1,0.3425,0,7,1
CUST-10296,2023-09-01,9,2023,3,84.21,3,1,0.2119,3,6,1
CUST-10296,2023-10-01,10,2023,4,72.47,2,1,0.2056,0,7,1
CUST-10296,2023-11-01,11,2023,5,72.47,2,1,0.435,2,7,1
CUST-10296,2023-12-01,12,2023,6,84.21,3,1,0.2665,2,6,1
CUST-10296,2024-01-01,1,2024,7,84.21,3,1,0.2409,2,6,1
CUST-10296,2024-02-01,2,2024,8,84.21,3,1,0.1919,1,6,1
CUST-10296,2024-03-01,3,2024,9,84.21,3,1,0.2916,1,7,1
CUST-10296,2024-04-01,4,2024,10,84.21,3,1,0.2298,1,7,1
CUST-10296,2024-05-01,5,2024,11,84.21,3,1,0.394,4,6,1
CUST-10296,2024-06-01,6,2024,12,84.21,3,1,0.2875,0,7,1
CUST-10296,2024-07-01,7,2024,13,72.47,2,1,0.261,2,6,1
CUST-10296,2024-08-01,8,2024,14,84.21,3,1,0.2749,2,6,1
CUST-10296,2024-09-01,9,2024,15,72.47,2,1,0.2573,1,7,1
CUST-10296,2024-10-01,10,2024,16,84.21,3,1,0.3306,0,7,1
CUST-10296,2024-11-01,11,2024,17,84.21,3,0,0.1439,3,6,1
CUST-10296,2024-12-01,12,2024,18,84.21,3,1,0.2326,2,6,1
CUST-10297,2023-06-01,6,2023,0,73.0,2,0,0.1418,0,7,1
CUST-10297,2023-07-01,7,2023,1,73.0,2,0,0.1573,0,7,1
CUST-10297,2023-08-01,8,2023,2,73.0,2,0,0.1782,0,7,1
CUST-10298,2023-06-01,6,2023,0,911.0,16,6,0.4275,0,8,1
CUST-10298,2023-07-01,7,2023,1,911.0,16,9,0.5404,1,8,1
CUST-10298,2023-08-01,8,2023,2,879.0,15,8,0.5248,2,7,1
CUST-10298,2023-09-01,9,2023,3,847.0,14,7,0.444,0,8,1
CUST-10298,2023-10-01,10,2023,4,879.0,15,7,0.5329,3,7,1
CUST-10298,2023-11-01,11,2023,5,879.0,15,6,0.4268,2,7,1
CUST-10298,2023-12-01,12,2023,6,911.0,16,9,0.584,1,8,1
CUST-10298,2024-01-01,1,2024,7,879.0,15,8,0.5008,2,7,1
CUST-10298,2024-02-01,2,2024,8,911.0,16,8,0.5055,1,8,1
CUST-10298,2024-03-01,3,2024,9,879.0,15,8,0.5409,2,7,1
CUST-10298,2024-04-01,4,2024,10,847.0,14,10,0.6527,0,8,1
CUST-10298,2024-05-01,5,2024,11,815.0,13,8,0.5317,1,8,1
CUST-10298,2024-06-01,6,2024,12,847.0,14,6,0.4696,1,7,1
CUST-10298,2024-07-01,7,2024,13,847.0,14,8,0.569,1,8,1
CUST-10298,2024-08-01,8,2024,14,847.0,14,7,0.5198,0,8,1
CUST-10298,2024-09-01,9,2024,15,847.0,14,8,0.526,1,8,1
CUST-10298,2024-10-01,10,2024,16,847.0,14,8,0.5585,0,8,1
CUST-10298,2024-11-01,11,2024,17,815.0,13,8,0.6094,1,8,1
CUST-10298,2024-12-01,12,2024,18,815.0,13,8,0.5856,0,8,1
CUST-10299,2023-06-01,6,2023,0,1107.1,24,14,0.5966,2,10,1
CUST-10299,2023-07-01,7,2023,1,1166.1,26,16,0.6542,1,10,1
CUST-10299,2023-08-01,8,2023,2,1166.1,26,16,0.6376,3,10,1
CUST-10299,2023-09-01,9,2023,3,1225.11,28,12,0.4568,0,10,1
CUST-10299,2023-10-01,10,2023,4,1313.62,31,12,0.4491,2,10,1
CUST-10299,2023-11-01,11,2023,5,1372.63,33,16,0.5082,0,10,1
CUST-10299,2023-12-01,12,2023,6,1313.62,31,14,0.4348,2,10,1
CUST-10299,2024-01-01,1,2024,7,1402.14,34,11,0.3529,0,10,1
CUST-10299,2024-02-01,2,2024,8,1520.15,38,16,0.4748,1,10,1
CUST-10299,2024-03-01,3,2024,9,1490.65,37,11,0.2904,1,10,1
CUST-10299,2024-04-01,4,2024,10,1579.16,40,6,0.1747,2,10,1
CUST-10299,2024-05-01,5,2024,11,1608.66,41,16,0.3917,0,10,1
CUST-10299,2024-06-01,6,2024,12,1608.66,41,11,0.2597,1,10,1
CUST-10299,2024-07-01,7,2024,13,1608.66,41,4,0.088,2,9,1
CUST-10299,2024-08-01,8,2024,14,1638.17,42,5,0.1121,1,10,1
CUST-10299,2024-09-01,9,2024,15,1726.68,45,5,0.1223,1,10,1
CUST-10299,2024-10-01,10,2024,16,1726.68,45,1,0.03,1,10,1
CUST-10299,2024-11-01,11,2024,17,1874.2,50,5,0.1089,3,9,1
CUST-10299,2024-12-01,12,2024,18,1903.7,51,2,0.03,4,9,1
CUST-10300,2023-06-01,6,2023,0,224.06,4,1,0.1924,0,3,1
CUST-10300,2023-07-01,7,2023,1,242.83,5,1,0.2128,0,3,1
CUST-10300,2023-08-01,8,2023,2,242.83,5,0,0.0951,0,2,1
CUST-10300,2023-09-01,9,2023,3,242.83,5,0,0.0906,2,2,1
CUST-10300,2023-10-01,10,2023,4,242.83,5,1,0.1401,2,2,1
CUST-10300,2023-11-01,11,2023,5,242.83,5,0,0.0884,0,2,1
CUST-10300,2023-12-01,12,2023,6,261.6,6,0,0.03,0,2,1
CUST-10301,2023-06-01,6,2023,0,237.0,4,3,0.8514,1,6,1
CUST-10301,2023-07-01,7,2023,1,237.0,4,4,0.9335,0,7,1
CUST-10301,2023-08-01,8,2023,2,237.0,4,3,0.8826,1,6,1
CUST-10301,2023-09-01,9,2023,3,237.0,4,3,0.7967,1,6,1
CUST-10301,2023-10-01,10,2023,4,237.0,4,4,0.9285,1,7,1
CUST-10301,2023-11-01,11,2023,5,237.0,4,3,0.8361,0,7,1
CUST-10301,2023-12-01,12,2023,6,237.0,4,4,1.0,0,7,1
CUST-10301,2024-01-01,1,2024,7,237.0,4,4,0.9329,1,7,1
CUST-10301,2024-02-01,2,2024,8,237.0,4,3,0.8633,0,7,1
CUST-10301,2024-03-01,3,2024,9,215.0,3,4,0.9811,1,7,1
CUST-10301,2024-04-01,4,2024,10,215.0,3,3,0.8958,2,6,1
CUST-10301,2024-05-01,5,2024,11,215.0,3,3,0.9347,2,6,1
CUST-10301,2024-06-01,6,2024,12,215.0,3,3,0.962,1,7,1
CUST-10301,2024-07-01,7,2024,13,215.0,3,3,0.9378,0,7,1
CUST-10301,2024-08-01,8,2024,14,215.0,3,3,0.8398,0,7,1
CUST-10301,2024-09-01,9,2024,15,215.0,3,3,0.9692,1,7,1
CUST-10301,2024-10-01,10,2024,16,215.0,3,3,0.9082,1,6,1
CUST-10301,2024-11-01,11,2024,17,215.0,3,3,0.9277,0,7,1
CUST-10301,2024-12-01,12,2024,18,215.0,3,3,1.0,1,7,1
CUST-10302,2023-06-01,6,2023,0,70.43,2,2,0.7725,0,7,1
CUST-10302,2023-07-01,7,2023,1,70.43,2,1,0.6572,0,7,1
CUST-10302,2023-08-01,8,2023,2,70.43,2,1,0.6435,0,7,1
CUST-10302,2023-09-01,9,2023,3,70.43,2,2,0.8267,2,7,1
CUST-10302,2023-10-01,10,2023,4,70.43,2,1,0.6924,1,7,1
CUST-10302,2023-11-01,11,2023,5,70.43,2,2,0.8736,0,7,1
CUST-10302,2023-12-01,12,2023,6,70.43,2,2,0.8506,1,7,1
CUST-10302,2024-01-01,1,2024,7,70.43,2,2,0.8402,0,7,1
CUST-10302,2024-02-01,2,2024,8,70.43,2,2,0.8335,0,7,1
CUST-10302,2024-03-01,3,2024,9,70.43,2,2,0.9126,1,7,1
CUST-10302,2024-04-01,4,2024,10,70.43,2,2,0.788,0,7,1
CUST-10302,2024-05-01,5,2024,11,70.43,2,2,0.9451,3,7,1
CUST-10302,2024-06-01,6,2024,12,81.15,3,2,0.8642,2,7,1
CUST-10302,2024-07-01,7,2024,13,70.43,2,2,0.8892,2,7,1
CUST-10302,2024-08-01,8,2024,14,70.43,2,2,0.7724,0,7,1
CUST-10302,2024-09-01,9,2024,15,81.15,3,2,0.8684,0,7,1
CUST-10302,2024-10-01,10,2024,16,70.43,2,3,0.9726,1,7,1
CUST-10302,2024-11-01,11,2024,17,70.43,2,2,0.9014,0,7,1
CUST-10302,2024-12-01,12,2024,18,70.43,2,2,1.0,1,8,1
CUST-10303,2023-06-01,6,2023,0,1358.86,11,7,0.6666,2,10,1
CUST-10303,2023-07-01,7,2023,1,1358.86,11,6,0.5611,1,10,1
CUST-10303,2023-08-01,8,2023,2,1400.66,12,7,0.6367,1,10,1
CUST-10303,2023-09-01,9,2023,3,1400.66,12,8,0.6406,2,10,1
CUST-10303,2023-10-01,10,2023,4,1400.66,12,9,0.779,1,10,1
CUST-10303,2023-11-01,11,2023,5,1484.27,14,9,0.7223,1,10,1
CUST-10303,2023-12-01,12,2023,6,1484.27,14,10,0.7351,1,10,1
CUST-10303,2024-01-01,1,2024,7,1484.27,14,8,0.5699,1,10,1
CUST-10303,2024-02-01,2,2024,8,1526.08,15,9,0.6696,1,10,1
CUST-10303,2024-03-01,3,2024,9,1609.68,17,10,0.6408,3,10,1
CUST-10303,2024-04-01,4,2024,10,1609.68,17,13,0.7714,3,10,1
CUST-10303,2024-05-01,5,2024,11,1609.68,17,14,0.8117,0,10,1
CUST-10303,2024-06-01,6,2024,12,1609.68,17,14,0.8216,1,10,1
CUST-10303,2024-07-01,7,2024,13,1609.68,17,12,0.7005,2,10,1
CUST-10303,2024-08-01,8,2024,14,1651.49,18,14,0.8363,2,10,1
CUST-10303,2024-09-01,9,2024,15,1651.49,18,17,0.9536,2,10,1
CUST-10303,2024-10-01,10,2024,16,1609.68,17,14,0.7833,3,10,1
CUST-10303,2024-11-01,11,2024,17,1651.49,18,14,0.8426,2,10,1
CUST-10303,2024-12-01,12,2024,18,1693.3,19,18,0.9632,0,10,1
CUST-10304,2023-06-01,6,2023,0,1679.0,40,15,0.3969,5,6,1
CUST-10304,2023-07-01,7,2023,1,1807.0,44,14,0.3577,1,7,1
CUST-10304,2023-08-01,8,2023,2,1903.0,47,15,0.331,1,7,1
CUST-10304,2023-09-01,9,2023,3,1871.0,46,8,0.1745,1,7,1
CUST-10304,2023-10-01,10,2023,4,1775.0,43,10,0.226,1,7,1
CUST-10304,2023-11-01,11,2023,5,1775.0,43,7,0.1545,0,7,1
CUST-10304,2023-12-01,12,2023,6,1711.0,41,7,0.1671,2,6,1
CUST-10304,2024-01-01,1,2024,7,1711.0,41,4,0.1085,0,7,1
CUST-10304,2024-02-01,2,2024,8,1679.0,40,1,0.03,1,6,1
CUST-10304,2024-03-01,3,2024,9,1615.0,38,1,0.03,0,7,1
CUST-10304,2024-04-01,4,2024,10,1647.0,39,1,0.03,0,7,1
CUST-10304,2024-05-01,5,2024,11,1551.0,36,2,0.0492,4,6,1
CUST-10304,2024-06-01,6,2024,12,1519.0,35,1,0.03,2,6,1
CUST-10304,2024-07-01,7,2024,13,1583.0,37,1,0.03,0,7,1
CUST-10304,2024-08-01,8,2024,14,1551.0,36,1,0.03,1,6,1
CUST-10304,2024-09-01,9,2024,15,1615.0,38,1,0.03,2,6,1
CUST-10304,2024-10-01,10,2024,16,1679.0,40,1,0.03,2,6,1
CUST-10304,2024-11-01,11,2024,17,1775.0,43,1,0.03,4,6,1
CUST-10304,2024-12-01,12,2024,18,1775.0,43,1,0.03,1,6,1
CUST-10305,2023-06-01,6,2023,0,167.8,10,2,0.1837,0,9,1
CUST-10305,2023-07-01,7,2023,1,179.68,11,3,0.2646,1,9,1
CUST-10305,2023-08-01,8,2023,2,179.68,11,1,0.1313,0,9,1
CUST-10305,2023-09-01,9,2023,3,167.8,10,2,0.2188,0,9,1
CUST-10305,2023-10-01,10,2023,4,167.8,10,1,0.0933,1,8,1
CUST-10305,2023-11-01,11,2023,5,179.68,11,1,0.1183,1,8,1
CUST-10305,2023-12-01,12,2023,6,179.68,11,2,0.1906,2,8,1
CUST-10305,2024-01-01,1,2024,7,191.56,12,1,0.0498,1,8,1
CUST-10305,2024-02-01,2,2024,8,191.56,12,2,0.1896,3,8,1
CUST-10305,2024-03-01,3,2024,9,203.44,13,0,0.03,2,8,1
CUST-10305,2024-04-01,4,2024,10,215.32,14,0,0.0325,0,8,1
CUST-10305,2024-05-01,5,2024,11,203.44,13,1,0.0671,2,8,1
CUST-10305,2024-06-01,6,2024,12,215.32,14,0,0.03,3,8,1
CUST-10306,2023-06-01,6,2023,0,2455.7,78,19,0.239,1,6,1
CUST-10306,2023-07-01,7,2023,1,2402.97,76,15,0.1902,0,6,1
CUST-10306,2023-08-01,8,2023,2,2561.18,82,16,0.2179,1,6,1
CUST-10306,2023-09-01,9,2023,3,2455.7,78,10,0.1245,0,6,1
CUST-10306,2023-10-01,10,2023,4,2218.39,69,19,0.2392,1,6,1
CUST-10306,2023-11-01,11,2023,5,2112.92,65,30,0.4279,3,6,1
CUST-10306,2023-12-01,12,2023,6,2165.66,67,16,0.2456,1,6,1
CUST-10306,2024-01-01,1,2024,7,2297.5,72,24,0.3626,1,6,1
CUST-10306,2024-02-01,2,2024,8,2218.39,69,25,0.3477,2,6,1
CUST-10306,2024-03-01,3,2024,9,2244.76,70,26,0.3712,1,6,1
CUST-10306,2024-04-01,4,2024,10,2350.23,74,23,0.3292,2,6,1
CUST-10306,2024-05-01,5,2024,11,2482.07,79,26,0.358,0,7,1
CUST-10306,2024-06-01,6,2024,12,2508.44,80,32,0.4104,2,6,1
CUST-10306,2024-07-01,7,2024,13,2508.44,80,36,0.4544,0,7,1
CUST-10306,2024-08-01,8,2024,14,2534.81,81,36,0.4528,4,6,1
CUST-10306,2024-09-01,9,2024,15,2693.02,87,33,0.4038,2,6,1
CUST-10306,2024-10-01,10,2024,16,2587.54,83,36,0.4116,3,6,1
CUST-10306,2024-11-01,11,2024,17,2719.38,88,18,0.2212,1,6,1
CUST-10306,2024-12-01,12,2024,18,2666.65,86,47,0.5301,2,7,1
CUST-10307,2023-06-01,6,2023,0,72.21,2,0,0.03,0,7,1
CUST-10307,2023-07-01,7,2023,1,72.21,2,0,0.18,0,7,1
CUST-10307,2023-08-01,8,2023,2,72.21,2,1,0.2412,0,7,1
CUST-10307,2023-09-01,9,2023,3,72.21,2,0,0.0495,1,7,1
CUST-10307,2023-10-01,10,2023,4,83.81,3,0,0.1509,0,7,1
CUST-10307,2023-11-01,11,2023,5,83.81,3,0,0.03,2,6,1
CUST-10308,2023-06-01,6,2023,0,125.36,7,1,0.1796,3,4,1
CUST-10309,2023-06-01,6,2023,0,2778.02,44,28,0.714,1,9,1
CUST-10309,2023-07-01,7,2023,1,2863.43,46,27,0.6084,2,8,1
CUST-10309,2023-08-01,8,2023,2,2906.14,47,26,0.5724,3,8,1
CUST-10309,2023-09-01,9,2023,3,2863.43,46,41,0.8637,0,9,1
CUST-10309,2023-10-01,10,2023,4,2863.43,46,34,0.7354,3,8,1
CUST-10309,2023-11-01,11,2023,5,3034.25,50,32,0.694,1,9,1
CUST-10309,2023-12-01,12,2023,6,2991.55,49,42,0.8452,2,9,1
CUST-10309,2024-01-01,1,2024,7,3119.66,52,35,0.7041,2,8,1
CUST-10309,2024-02-01,2,2024,8,3247.78,55,45,0.8755,1,9,1
CUST-10310,2023-06-01,6,2023,0,138.47,8,5,0.5647,2,9,1
CUST-10310,2023-07-01,7,2023,1,138.47,8,4,0.5254,1,9,1
CUST-10310,2023-08-01,8,2023,2,138.47,8,6,0.707,0,10,1
CUST-10310,2023-09-01,9,2023,3,138.47,8,5,0.6088,1,10,1
CUST-10310,2023-10-01,10,2023,4,138.47,8,4,0.5173,1,9,1
CUST-10310,2023-11-01,11,2023,5,149.66,9,5,0.5586,4,9,1
CUST-10310,2023-12-01,12,2023,6,149.66,9,6,0.6534,0,10,1
CUST-10310,2024-01-01,1,2024,7,149.66,9,6,0.613,1,10,1
CUST-10310,2024-02-01,2,2024,8,172.02,11,6,0.627,0,10,1
CUST-10310,2024-03-01,3,2024,9,160.84,10,9,0.8401,0,10,1
CUST-10311,2023-06-01,6,2023,0,103.18,5,3,0.5175,2,8,1
CUST-10311,2023-07-01,7,2023,1,103.18,5,3,0.6626,1,8,1
CUST-10312,2023-06-01,6,2023,0,793.82,30,23,0.79,2,7,1
CUST-10312,2023-07-01,7,2023,1,772.33,29,23,0.7532,3,7,1
CUST-10312,2023-08-01,8,2023,2,772.33,29,18,0.6274,1,7,1
CUST-10312,2023-09-01,9,2023,3,707.84,26,20,0.6759,0,7,1
CUST-10312,2023-10-01,10,2023,4,707.84,26,18,0.7007,1,7,1
CUST-10312,2023-11-01,11,2023,5,729.34,27,16,0.6116,0,7,1
CUST-10312,2023-12-01,12,2023,6,750.83,28,16,0.5822,0,7,1
CUST-10312,2024-01-01,1,2024,7,729.34,27,14,0.51,0,7,1
CUST-10312,2024-02-01,2,2024,8,772.33,29,14,0.5055,2,6,1
CUST-10312,2024-03-01,3,2024,9,772.33,29,14,0.4966,1,7,1
CUST-10312,2024-04-01,4,2024,10,750.83,28,16,0.554,1,7,1
CUST-10312,2024-05-01,5,2024,11,772.33,29,13,0.4593,3,6,1
CUST-10312,2024-06-01,6,2024,12,772.33,29,13,0.4349,0,7,1
CUST-10312,2024-07-01,7,2024,13,793.82,30,14,0.4719,3,6,1
CUST-10312,2024-08-01,8,2024,14,750.83,28,11,0.3647,1,6,1
CUST-10312,2024-09-01,9,2024,15,793.82,30,11,0.3907,1,6,1
CUST-10312,2024-10-01,10,2024,16,750.83,28,14,0.4664,1,7,1
CUST-10312,2024-11-01,11,2024,17,729.34,27,12,0.4112,1,6,1
CUST-10312,2024-12-01,12,2024,18,750.83,28,10,0.3568,0,7,1
CUST-10313,2023-06-01,6,2023,0,1075.94,102,84,0.8042,2,5,1
CUST-10313,2023-07-01,7,2023,1,1015.53,96,89,0.8751,0,5,1
CUST-10313,2023-08-01,8,2023,2,1015.53,96,94,0.9776,1,5,1
CUST-10313,2023-09-01,9,2023,3,1075.94,102,85,0.8862,1,5,1
CUST-10313,2023-10-01,10,2023,4,1045.73,99,82,0.804,1,5,1
CUST-10313,2023-11-01,11,2023,5,1055.8,100,82,0.8237,2,5,1
CUST-10313,2023-12-01,12,2023,6,1015.53,96,100,1.0,3,5,1
CUST-10313,2024-01-01,1,2024,7,1055.8,100,83,0.8637,3,5,1
CUST-10313,2024-02-01,2,2024,8,975.26,92,94,0.9378,0,5,1
CUST-10313,2024-03-01,3,2024,9,1035.66,98,92,1.0,0,6,1
CUST-10313,2024-04-01,4,2024,10,1005.46,95,79,0.8043,1,5,1
CUST-10313,2024-05-01,5,2024,11,1005.46,95,95,1.0,0,6,1
CUST-10313,2024-06-01,6,2024,12,1005.46,95,72,0.7621,0,5,1
CUST-10313,2024-07-01,7,2024,13,975.26,92,85,0.8918,1,5,1
CUST-10313,2024-08-01,8,2024,14,955.12,90,79,0.8674,1,5,1
CUST-10313,2024-09-01,9,2024,15,945.05,89,75,0.8299,0,5,1
CUST-10313,2024-10-01,10,2024,16,965.19,91,86,0.9714,0,6,1
CUST-10313,2024-11-01,11,2024,17,985.32,93,91,1.0,0,6,1
CUST-10313,2024-12-01,12,2024,18,864.51,81,93,1.0,1,5,1
CUST-10314,2023-06-01,6,2023,0,78.74,3,1,0.2236,1,8,1
CUST-10314,2023-07-01,7,2023,1,78.74,3,1,0.271,3,7,1
CUST-10314,2023-08-01,8,2023,2,78.74,3,1,0.2461,1,8,1
CUST-10315,2023-06-01,6,2023,0,172.42,11,7,0.6544,1,9,1
CUST-10315,2023-07-01,7,2023,1,172.42,11,7,0.5968,1,9,1
CUST-10315,2023-08-01,8,2023,2,172.42,11,6,0.5253,1,9,1
CUST-10315,2023-09-01,9,2023,3,172.42,11,5,0.4734,0,9,1
CUST-10315,2023-10-01,10,2023,4,172.42,11,5,0.4511,1,8,1
CUST-10315,2023-11-01,11,2023,5,172.42,11,6,0.5789,2,9,1
CUST-10315,2023-12-01,12,2023,6,172.42,11,6,0.582,0,9,1
CUST-10315,2024-01-01,1,2024,7,161.2,10,8,0.7486,2,9,1
CUST-10315,2024-02-01,2,2024,8,161.2,10,7,0.6686,1,9,1
CUST-10315,2024-03-01,3,2024,9,161.2,10,7,0.6983,3,9,1
CUST-10315,2024-04-01,4,2024,10,161.2,10,5,0.5396,0,9,1
CUST-10315,2024-05-01,5,2024,11,149.98,9,6,0.6437,3,8,1
CUST-10315,2024-06-01,6,2024,12,138.76,8,5,0.5862,3,8,1
CUST-10315,2024-07-01,7,2024,13,138.76,8,6,0.6794,1,9,1
CUST-10315,2024-08-01,8,2024,14,138.76,8,7,0.7992,2,9,1
CUST-10315,2024-09-01,9,2024,15,138.76,8,6,0.7506,1,9,1
CUST-10315,2024-10-01,10,2024,16,138.76,8,5,0.5786,0,9,1
CUST-10315,2024-11-01,11,2024,17,138.76,8,6,0.6936,1,9,1
CUST-10315,2024-12-01,12,2024,18,138.76,8,6,0.7576,2,9,1
CUST-10316,2023-06-01,6,2023,0,251.63,5,1,0.2293,0,5,1
CUST-10316,2023-07-01,7,2023,1,251.63,5,1,0.2537,1,5,1
CUST-10316,2023-08-01,8,2023,2,272.16,6,1,0.2012,0,5,1
CUST-10316,2023-09-01,9,2023,3,272.16,6,1,0.2035,0,5,1
CUST-10317,2023-06-01,6,2023,0,20695.4,564,341,0.6475,0,8,1
CUST-10317,2023-07-01,7,2023,1,20730.5,565,446,0.7909,2,8,1
CUST-10317,2023-08-01,8,2023,2,21257.0,580,404,0.7147,0,8,1
CUST-10317,2023-09-01,9,2023,3,23819.3,653,384,0.6617,2,7,1
CUST-10317,2023-10-01,10,2023,4,23257.7,637,362,0.5544,0,7,1
CUST-10317,2023-11-01,11,2023,5,23924.6,656,435,0.6828,0,8,1
CUST-10317,2023-12-01,12,2023,6,25644.5,705,429,0.6545,1,8,1
CUST-10317,2024-01-01,1,2024,7,26662.4,734,581,0.8244,1,8,1
CUST-10317,2024-02-01,2,2024,8,26276.3,723,441,0.6005,1,7,1
CUST-10317,2024-03-01,3,2024,9,25925.3,713,557,0.7699,1,8,1
CUST-10317,2024-04-01,4,2024,10,29119.4,804,477,0.6691,1,8,1
CUST-10317,2024-05-01,5,2024,11,29365.1,811,477,0.5939,1,7,1
CUST-10317,2024-06-01,6,2024,12,28171.7,777,453,0.5592,1,7,1
CUST-10317,2024-07-01,7,2024,13,28803.5,795,477,0.6143,1,7,1
CUST-10317,2024-08-01,8,2024,14,27820.7,767,460,0.5786,0,8,1
CUST-10317,2024-09-01,9,2024,15,26311.4,724,466,0.6071,3,7,1
CUST-10317,2024-10-01,10,2024,16,27890.9,769,371,0.5117,1,7,1
CUST-10317,2024-11-01,11,2024,17,27539.9,759,423,0.5505,2,7,1
CUST-10317,2024-12-01,12,2024,18,27118.7,747,437,0.5762,0,8,1
CUST-10318,2023-06-01,6,2023,0,476.69,15,11,0.7081,0,7,1
CUST-10318,2023-07-01,7,2023,1,476.69,15,10,0.6577,0,7,1
CUST-10318,2023-08-01,8,2023,2,476.69,15,9,0.6273,2,7,1
CUST-10318,2023-09-01,9,2023,3,454.84,14,10,0.6897,2,7,1
CUST-10318,2023-10-01,10,2023,4,454.84,14,10,0.7294,1,7,1
CUST-10318,2023-11-01,11,2023,5,476.69,15,9,0.6123,0,7,1
CUST-10318,2023-12-01,12,2023,6,498.54,16,10,0.7055,1,7,1
CUST-10318,2024-01-01,1,2024,7,520.38,17,8,0.5111,0,7,1
CUST-10318,2024-02-01,2,2024,8,520.38,17,12,0.6986,1,7,1
CUST-10318,2024-03-01,3,2024,9,520.38,17,10,59.4,2,7,1
CUST-10318,2024-04-01,4,2024,10,476.69,15,10,0.5612,3,6,1
CUST-10318,2024-05-01,5,2024,11,476.69,15,11,0.6888,0,7,1
CUST-10318,2024-06-01,6,2024,12,433.0,13,9,0.6155,2,7,1
CUST-10318,2024-07-01,7,2024,13,411.15,12,10,0.8077,1,7,1
CUST-10318,2024-08-01,8,2024,14,411.15,12,9,0.7132,1,7,1
CUST-10318,2024-09-01,9,2024,15,411.15,12,9,0.7396,1,7,1
CUST-10318,2024-10-01,10,2024,16,411.15,12,8,0.6875,0,7,1
CUST-10318,2024-11-01,11,2024,17,411.15,12,9,0.7539,0,8,1
CUST-10318,2024-12-01,12,2024,18,389.31,11,9,0.7885,0,8,1
CUST-10319,2023-06-01,6,2023,0,624.28,8,1,0.1536,2,7,1
CUST-10319,2023-07-01,7,2023,1,596.12,7,0,0.0459,2,6,1
CUST-10319,2023-08-01,8,2023,2,596.12,7,1,0.1256,2,7,1
CUST-10319,2023-09-01,9,2023,3,596.12,7,0,0.0483,2,7,1
CUST-10319,2023-10-01,10,2023,4,567.96,6,1,0.1812,1,7,1
CUST-10319,2023-11-01,11,2023,5,567.96,6,0,0.03,4,6,1
CUST-10319,2023-12-01,12,2023,6,567.96,6,0,0.03,0,7,1
CUST-10319,2024-01-01,1,2024,7,567.96,6,0,0.0608,2,7,1
CUST-10319,2024-02-01,2,2024,8,539.8,5,0,0.03,3,6,1
CUST-10319,2024-03-01,3,2024,9,539.8,5,1,0.1381,1,7,1
CUST-10319,2024-04-01,4,2024,10,539.8,5,0,0.0886,3,6,1
CUST-10319,2024-05-01,5,2024,11,567.96,6,1,0.1052,7,6,1
CUST-10319,2024-06-01,6,2024,12,567.96,6,0,0.0706,3,6,1
CUST-10319,2024-07-01,7,2024,13,567.96,6,1,0.0986,3,6,1
CUST-10319,2024-08-01,8,2024,14,567.96,6,1,0.2271,3,7,1
CUST-10319,2024-09-01,9,2024,15,567.96,6,1,0.1148,4,6,1
CUST-10319,2024-10-01,10,2024,16,567.96,6,1,0.2098,1,7,1
CUST-10319,2024-11-01,11,2024,17,596.12,7,0,0.0394,6,6,1
CUST-10319,2024-12-01,12,2024,18,596.12,7,1,0.0815,2,7,1
CUST-10320,2023-06-01,6,2023,0,1158.55,24,4,0.1598,2,5,1
CUST-10320,2023-07-01,7,2023,1,1158.55,24,4,0.1671,0,6,1
CUST-10320,2023-08-01,8,2023,2,1126.9,23,4,0.1863,0,6,1
CUST-10320,2023-09-01,9,2023,3,1126.9,23,6,0.254,0,6,1
CUST-10320,2023-10-01,10,2023,4,1190.2,25,2,0.105,0,6,1
CUST-10320,2023-11-01,11,2023,5,1190.2,25,10,40.0,0,6,1
CUST-10320,2023-12-01,12,2023,6,1221.85,26,9,0.3745,0,6,1
CUST-10320,2024-01-01,1,2024,7,1285.14,28,12,0.4602,0,6,1
CUST-10320,2024-02-01,2,2024,8,1348.44,30,12,0.4365,0,6,1
CUST-10320,2024-03-01,3,2024,9,1380.09,31,13,0.4299,0,6,1
CUST-10320,2024-04-01,4,2024,10,1443.38,33,15,0.4903,0,7,1
CUST-10320,2024-05-01,5,2024,11,1506.68,35,12,0.3661,0,6,1
CUST-10320,2024-06-01,6,2024,12,1569.98,37,18,0.5277,0,7,1
CUST-10320,2024-07-01,7,2024,13,1569.98,37,25,0.6696,1,7,1
CUST-10320,2024-08-01,8,2024,14,1601.62,38,23,0.6046,0,7,1
CUST-10320,2024-09-01,9,2024,15,1506.68,35,24,0.6398,0,7,1
CUST-10320,2024-10-01,10,2024,16,1601.62,38,24,0.6791,0,7,1
CUST-10320,2024-11-01,11,2024,17,1506.68,35,23,59.8,0,7,1
CUST-10320,2024-12-01,12,2024,18,1506.68,35,25,0.7006,0,7,1
CUST-10321,2023-06-01,6,2023,0,1931.16,60,35,0.5692,2,4,1
CUST-10321,2023-07-01,7,2023,1,2033.3,64,34,0.5631,0,5,1
CUST-10321,2023-08-01,8,2023,2,2033.3,64,43,0.6757,0,5,1
CUST-10321,2023-09-01,9,2023,3,2109.91,67,43,0.6694,2,5,1
CUST-10321,2023-10-01,10,2023,4,2186.52,70,36,0.5414,0,5,1
CUST-10321,2023-11-01,11,2023,5,2263.13,73,40,0.5749,0,5,1
CUST-10321,2023-12-01,12,2023,6,2416.34,79,43,0.5857,2,4,1
CUST-10321,2024-01-01,1,2024,7,2390.81,78,48,0.6064,0,5,1
CUST-10321,2024-02-01,2,2024,8,2416.34,79,47,0.5974,1,5,1
CUST-10321,2024-03-01,3,2024,9,2492.95,82,46,0.5851,0,5,1
CUST-10321,2024-04-01,4,2024,10,2671.7,89,38,0.4625,0,5,1
CUST-10321,2024-05-01,5,2024,11,2824.92,95,43,0.4786,0,5,1
CUST-10321,2024-06-01,6,2024,12,3156.89,108,59,0.6168,1,5,1
CUST-10321,2024-07-01,7,2024,13,3284.57,113,58,0.5394,0,5,1
CUST-10321,2024-08-01,8,2024,14,3514.39,122,71,0.6282,1,5,1
CUST-10321,2024-09-01,9,2024,15,3718.68,130,67,0.5506,2,4,1
CUST-10321,2024-10-01,10,2024,16,3846.36,135,76,0.5828,0,5,1
CUST-10322,2023-06-01,6,2023,0,112.43,6,1,0.0907,0,5,1
CUST-10322,2023-07-01,7,2023,1,123.0,7,1,0.1342,1,5,1
CUST-10322,2023-08-01,8,2023,2,133.58,8,0,0.03,0,5,1
CUST-10322,2023-09-01,9,2023,3,133.58,8,0,0.0316,5,4,1
CUST-10323,2023-06-01,6,2023,0,193.31,14,4,0.2905,1,8,1
CUST-10323,2023-07-01,7,2023,1,183.0,13,3,0.2013,3,7,1
CUST-10323,2023-08-01,8,2023,2,183.0,13,2,0.1773,1,8,1
CUST-10323,2023-09-01,9,2023,3,193.31,14,4,0.2785,0,8,1
CUST-10323,2023-10-01,10,2023,4,193.31,14,3,0.248,1,8,1
CUST-10323,2023-11-01,11,2023,5,203.62,15,3,0.1967,0,8,1
CUST-10323,2023-12-01,12,2023,6,193.31,14,5,0.3349,1,8,1
CUST-10323,2024-01-01,1,2024,7,193.31,14,5,0.3768,1,8,1
CUST-10323,2024-02-01,2,2024,8,183.0,13,6,0.4633,1,8,1
CUST-10323,2024-03-01,3,2024,9,183.0,13,4,0.2934,1,8,1
CUST-10323,2024-04-01,4,2024,10,183.0,13,4,0.3025,0,8,1
CUST-10323,2024-05-01,5,2024,11,183.0,13,3,0.2661,2,8,1
CUST-10323,2024-06-01,6,2024,12,193.31,14,4,0.3304,0,8,1
CUST-10323,2024-07-01,7,2024,13,183.0,13,7,0.4935,0,9,1
CUST-10323,2024-08-01,8,2024,14,172.7,12,5,0.3871,1,8,1
CUST-10323,2024-09-01,9,2024,15,172.7,12,5,0.3822,2,8,1
CUST-10323,2024-10-01,10,2024,16,183.0,13,4,0.3379,0,8,1
CUST-10323,2024-11-01,11,2024,17,183.0,13,8,0.6357,1,9,1
CUST-10323,2024-12-01,12,2024,18,183.0,13,5,0.3935,3,8,1
CUST-10324,2023-06-01,6,2023,0,36902.96,901,386,0.4556,2,7,1
CUST-10324,2023-07-01,7,2023,1,34865.0,850,344,0.3824,1,7,1
CUST-10324,2023-08-01,8,2023,2,33786.08,823,225,0.2652,2,6,1
CUST-10324,2023-09-01,9,2023,3,32067.8,780,148,0.1794,4,6,1
CUST-10324,2023-10-01,10,2023,4,32027.84,779,168,0.216,4,6,1
CUST-10324,2023-11-01,11,2023,5,31588.28,768,141,0.1805,0,7,1
CUST-10324,2023-12-01,12,2023,6,32587.28,793,229,0.2976,4,6,1
CUST-10324,2024-01-01,1,2024,7,32827.04,799,157,0.198,2,6,1
CUST-10324,2024-02-01,2,2024,8,29750.12,722,101,0.1265,1,6,1
CUST-10324,2024-03-01,3,2024,9,28311.56,686,162,0.2241,4,6,1
CUST-10324,2024-04-01,4,2024,10,29070.8,705,158,0.2301,1,7,1
CUST-10324,2024-05-01,5,2024,11,29790.08,723,91,0.1297,1,6,1
CUST-10324,2024-06-01,6,2024,12,31907.96,776,54,0.0742,3,6,1
CUST-10324,2024-07-01,7,2024,13,32387.48,788,158,0.2034,6,5,1
CUST-10324,2024-08-01,8,2024,14,30669.2,745,42,0.053,6,5,1
CUST-10324,2024-09-01,9,2024,15,29989.88,728,63,0.084,2,6,1
CUST-10324,2024-10-01,10,2024,16,28111.76,681,146,0.2005,2,6,1
CUST-10324,2024-11-01,11,2024,17,30149.72,732,53,0.0784,3,6,1
CUST-10324,2024-12-01,12,2024,18,32787.08,798,72,0.0976,2,6,1
CUST-10325,2023-06-01,6,2023,0,85.0,3,2,0.6078,0,10,1
CUST-10325,2023-07-01,7,2023,1,85.0,3,2,0.6553,1,10,1
CUST-10325,2023-08-01,8,2023,2,85.0,3,2,0.6551,1,10,1
CUST-10325,2023-09-01,9,2023,3,85.0,3,1,0.4418,4,10,1
CUST-10325,2023-10-01,10,2023,4,85.0,3,2,0.649,2,10,1
CUST-10325,2023-11-01,11,2023,5,85.0,3,2,0.6177,1,10,1
CUST-10325,2023-12-01,12,2023,6,85.0,3,2,0.5423,1,10,1
CUST-10325,2024-01-01,1,2024,7,85.0,3,2,0.6221,1,10,1
CUST-10325,2024-02-01,2,2024,8,85.0,3,2,0.5534,0,10,1
CUST-10325,2024-03-01,3,2024,9,85.0,3,2,0.4787,3,10,1
CUST-10325,2024-04-01,4,2024,10,85.0,3,2,0.7001,0,10,1
CUST-10325,2024-05-01,5,2024,11,97.0,4,2,0.6168,0,10,1
CUST-10325,2024-06-01,6,2024,12,97.0,4,2,0.4483,2,10,1
CUST-10325,2024-07-01,7,2024,13,85.0,3,2,0.4254,2,10,1
CUST-10325,2024-08-01,8,2024,14,97.0,4,2,0.5441,1,10,1
CUST-10325,2024-09-01,9,2024,15,97.0,4,2,0.544,0,10,1
CUST-10325,2024-10-01,10,2024,16,97.0,4,2,0.5816,1,10,1
CUST-10325,2024-11-01,11,2024,17,97.0,4,2,0.5276,2,10,1
CUST-10325,2024-12-01,12,2024,18,97.0,4,2,0.6216,0,10,1
CUST-10326,2023-06-01,6,2023,0,675.77,9,4,0.4176,2,10,1
CUST-10326,2023-07-01,7,2023,1,675.77,9,4,0.4074,4,10,1
CUST-10326,2023-08-01,8,2023,2,675.77,9,3,0.3776,4,10,1
CUST-10326,2023-09-01,9,2023,3,675.77,9,4,0.4203,1,10,1
CUST-10326,2023-10-01,10,2023,4,645.02,8,5,0.6052,1,10,1
CUST-10326,2023-11-01,11,2023,5,645.02,8,5,0.588,1,10,1
CUST-10326,2023-12-01,12,2023,6,645.02,8,5,0.5729,2,10,1
CUST-10326,2024-01-01,1,2024,7,675.77,9,4,53.0,1,10,1
CUST-10326,2024-02-01,2,2024,8,675.77,9,5,0.6185,1,10,1
CUST-10326,2024-03-01,3,2024,9,706.52,10,7,0.7607,3,10,1
CUST-10326,2024-04-01,4,2024,10,706.52,10,6,0.5531,3,10,1
CUST-10326,2024-05-01,5,2024,11,706.52,10,7,0.6818,2,10,1
CUST-10326,2024-06-01,6,2024,12,706.52,10,7,0.6835,1,10,1
CUST-10326,2024-07-01,7,2024,13,706.52,10,6,0.5939,0,10,1
CUST-10326,2024-08-01,8,2024,14,737.27,11,6,0.607,2,10,1
CUST-10326,2024-09-01,9,2024,15,737.27,11,8,0.7221,2,10,1
CUST-10326,2024-10-01,10,2024,16,798.78,13,7,0.6736,4,10,1
CUST-10326,2024-11-01,11,2024,17,829.53,14,9,74.9,1,10,1
CUST-10326,2024-12-01,12,2024,18,860.28,15,13,0.959,0,10,1
CUST-10327,2023-06-01,6,2023,0,72.16,2,2,0.791,1,7,1
CUST-10327,2023-07-01,7,2023,1,72.16,2,1,0.6778,2,7,1
CUST-10327,2023-08-01,8,2023,2,83.74,3,1,0.5828,0,7,1
CUST-10328,2023-06-01,6,2023,0,293.61,7,0,0.0454,0,5,1
CUST-10328,2023-07-01,7,2023,1,314.26,8,1,0.1082,2,5,1
CUST-10328,2023-08-01,8,2023,2,314.26,8,0,0.0479,2,5,1
CUST-10328,2023-09-01,9,2023,3,314.26,8,0,0.0552,0,5,1
CUST-10328,2023-10-01,10,2023,4,314.26,8,0,0.03,2,5,1
CUST-10328,2023-11-01,11,2023,5,314.26,8,0,0.03,0,5,1
CUST-10328,2023-12-01,12,2023,6,314.26,8,0,0.03,0,5,1
CUST-10328,2024-01-01,1,2024,7,314.26,8,0,0.03,3,4,1
CUST-10329,2023-06-01,6,2023,0,2777.12,47,28,0.562,2,6,1
CUST-10329,2023-07-01,7,2023,1,2817.08,48,27,0.5728,4,6,1
CUST-10329,2023-08-01,8,2023,2,2857.04,49,30,0.6099,1,7,1
CUST-10329,2023-09-01,9,2023,3,2936.96,51,36,0.7436,1,7,1
CUST-10329,2023-10-01,10,2023,4,2936.96,51,30,0.5847,1,7,1
CUST-10329,2023-11-01,11,2023,5,2976.92,52,37,0.7395,2,7,1
CUST-10329,2023-12-01,12,2023,6,3016.88,53,45,0.8571,1,7,1
CUST-10329,2024-01-01,1,2024,7,3176.72,57,39,0.7446,1,7,1
CUST-10329,2024-02-01,2,2024,8,3376.52,62,45,0.7965,2,7,1
CUST-10329,2024-03-01,3,2024,9,3296.6,60,52,0.8434,0,8,1
CUST-10329,2024-04-01,4,2024,10,3136.76,56,52,0.8733,1,7,1
CUST-10329,2024-05-01,5,2024,11,3056.84,54,53,0.9467,0,8,1
CUST-10329,2024-06-01,6,2024,12,3096.8,55,54,1.0,1,8,1
CUST-10329,2024-07-01,7,2024,13,3216.68,58,54,0.9768,0,8,1
CUST-10329,2024-08-01,8,2024,14,3136.76,56,58,1.0,1,8,1
CUST-10329,2024-09-01,9,2024,15,3176.72,57,56,1.0,1,8,1
CUST-10329,2024-10-01,10,2024,16,3216.68,58,56,0.9898,0,8,1
CUST-10329,2024-11-01,11,2024,17,3496.4,65,58,1.0,0,8,1
CUST-10329,2024-12-01,12,2024,18,3616.28,68,65,1.0,1,8,1
CUST-10330,2023-06-01,6,2023,0,59.5,1,0,0.2178,0,9,1
CUST-10330,2023-07-01,7,2023,1,59.5,1,0,0.1044,3,8,1
CUST-10330,2023-08-01,8,2023,2,59.5,1,0,0.0507,1,8,1
CUST-10331,2023-06-01,6,2023,0,625.98,27,14,0.4553,3,10,1
CUST-10331,2023-07-01,7,2023,1,661.31,29,9,0.3333,5,9,1
CUST-10331,2023-08-01,8,2023,2,678.98,30,14,0.4626,1,10,1
CUST-10331,2023-09-01,9,2023,3,696.65,31,10,0.339,3,10,1
CUST-10331,2023-10-01,10,2023,4,731.98,33,14,0.4546,2,10,1
CUST-10331,2023-11-01,11,2023,5,731.98,33,15,0.4699,0,10,1
CUST-10331,2023-12-01,12,2023,6,749.64,34,14,0.4211,0,10,1
CUST-10331,2024-01-01,1,2024,7,678.98,30,11,0.3387,3,10,1
CUST-10331,2024-02-01,2,2024,8,661.31,29,10,0.3225,3,10,1
CUST-10331,2024-03-01,3,2024,9,661.31,29,12,0.4008,2,10,1
CUST-10331,2024-04-01,4,2024,10,661.31,29,9,0.3217,3,10,1
CUST-10331,2024-05-01,5,2024,11,678.98,30,11,0.3889,2,10,1
CUST-10331,2024-06-01,6,2024,12,731.98,33,7,0.223,3,9,1
CUST-10331,2024-07-01,7,2024,13,714.31,32,6,0.1914,2,10,1
CUST-10331,2024-08-01,8,2024,14,661.31,29,9,0.2781,1,10,1
CUST-10331,2024-09-01,9,2024,15,643.65,28,8,0.2744,4,9,1
CUST-10331,2024-10-01,10,2024,16,608.32,26,7,0.245,1,10,1
CUST-10331,2024-11-01,11,2024,17,608.32,26,5,0.1921,4,9,1
CUST-10331,2024-12-01,12,2024,18,608.32,26,9,0.3345,3,10,1
CUST-10332,2023-06-01,6,2023,0,324.63,9,3,0.309,2,3,1
CUST-10332,2023-07-01,7,2023,1,324.63,9,1,0.1544,3,2,1
CUST-10332,2023-08-01,8,2023,2,344.14,10,2,0.2664,5,2,1
CUST-10332,2023-09-01,9,2023,3,344.14,10,3,0.2808,2,3,1
CUST-10332,2023-10-01,10,2023,4,344.14,10,2,0.2043,1,3,1
CUST-10332,2023-11-01,11,2023,5,344.14,10,3,0.2853,5,2,1
CUST-10332,2023-12-01,12,2023,6,344.14,10,4,0.3486,2,3,1
CUST-10332,2024-01-01,1,2024,7,344.14,10,3,0.3285,2,3,1
CUST-10332,2024-02-01,2,2024,8,344.14,10,4,0.3636,3,3,1
CUST-10332,2024-03-01,3,2024,9,363.65,11,4,0.413,1,3,1
CUST-10332,2024-04-01,4,2024,10,344.14,10,4,0.3697,1,3,1
CUST-10332,2024-05-01,5,2024,11,344.14,10,5,0.4838,2,3,1
CUST-10332,2024-06-01,6,2024,12,344.14,10,6,0.5768,4,3,1
CUST-10332,2024-07-01,7,2024,13,363.65,11,5,0.5275,1,4,1
CUST-10332,2024-08-01,8,2024,14,363.65,11,7,0.6189,1,4,1
CUST-10332,2024-09-01,9,2024,15,363.65,11,7,0.6893,2,4,1
CUST-10332,2024-10-01,10,2024,16,344.14,10,6,0.5679,2,3,1
CUST-10332,2024-11-01,11,2024,17,344.14,10,7,0.6434,3,3,1
CUST-10332,2024-12-01,12,2024,18,363.65,11,6,0.6642,1,4,1
CUST-10333,2023-06-01,6,2023,0,204.31,3,1,21.0,1,10,1
CUST-10334,2023-06-01,6,2023,0,1197.34,27,11,0.394,2,9,1
CUST-10334,2023-07-01,7,2023,1,1256.47,29,9,0.347,1,9,1
CUST-10334,2023-08-01,8,2023,2,1256.47,29,7,0.2501,2,9,1
CUST-10334,2023-09-01,9,2023,3,1167.77,26,12,0.4251,1,10,1
CUST-10334,2023-10-01,10,2023,4,1138.2,25,13,0.4801,3,9,1
CUST-10334,2023-11-01,11,2023,5,1138.2,25,12,0.4711,2,10,1
CUST-10334,2023-12-01,12,2023,6,1138.2,25,13,0.5277,1,10,1
CUST-10334,2024-01-01,1,2024,7,1108.63,24,13,0.5375,1,10,1
CUST-10334,2024-02-01,2,2024,8,1049.5,22,15,0.6233,0,10,1
CUST-10334,2024-03-01,3,2024,9,1019.93,21,11,0.4864,0,10,1
CUST-10334,2024-04-01,4,2024,10,990.36,20,14,0.6452,1,10,1
CUST-10334,2024-05-01,5,2024,11,990.36,20,11,0.5579,1,10,1
CUST-10334,2024-06-01,6,2024,12,990.36,20,14,0.6912,2,10,1
CUST-10334,2024-07-01,7,2024,13,990.36,20,15,0.7576,2,10,1
CUST-10334,2024-08-01,8,2024,14,1049.5,22,15,0.7411,0,10,1
CUST-10334,2024-09-01,9,2024,15,1019.93,21,20,0.9223,0,10,1
CUST-10334,2024-10-01,10,2024,16,990.36,20,17,0.8111,2,10,1
CUST-10334,2024-11-01,11,2024,17,990.36,20,15,0.7373,0,10,1
CUST-10334,2024-12-01,12,2024,18,1049.5,22,16,0.8017,0,10,1
CUST-10335,2023-06-01,6,2023,0,854.62,18,5,0.3017,0,8,1
CUST-10335,2023-07-01,7,2023,1,879.93,19,6,0.3467,0,8,1
CUST-10335,2023-08-01,8,2023,2,879.93,19,3,0.1546,1,8,1
CUST-10335,2023-09-01,9,2023,3,905.24,20,2,0.0815,1,7,1
CUST-10335,2023-10-01,10,2023,4,879.93,19,1,0.03,2,7,1
CUST-10335,2023-11-01,11,2023,5,879.93,19,1,0.03,1,7,1
CUST-10335,2023-12-01,12,2023,6,879.93,19,1,0.03,1,7,1
CUST-10335,2024-01-01,1,2024,7,879.93,19,1,0.03,3,7,1
CUST-10335,2024-02-01,2,2024,8,905.24,20,1,0.03,1,7,1
CUST-10335,2024-03-01,3,2024,9,905.24,20,1,0.03,3,7,1
CUST-10335,2024-04-01,4,2024,10,854.62,18,1,0.03,2,7,1
CUST-10335,2024-05-01,5,2024,11,905.24,20,1,0.03,0,8,1
CUST-10335,2024-06-01,6,2024,12,905.24,20,1,0.03,3,7,1
CUST-10335,2024-07-01,7,2024,13,879.93,19,1,0.03,0,8,1
CUST-10335,2024-08-01,8,2024,14,854.62,18,1,0.03,0,8,1
CUST-10336,2023-06-01,6,2023,0,3142.94,97,30,0.3044,3,7,1
CUST-10336,2023-07-01,7,2023,1,3284.38,102,32,0.3321,2,8,1
CUST-10336,2023-08-01,8,2023,2,3171.22,98,39,0.3868,1,8,1
CUST-10336,2023-09-01,9,2023,3,3171.22,98,36,0.3647,2,8,1
CUST-10336,2023-10-01,10,2023,4,3397.53,106,29,0.2976,1,8,1
CUST-10336,2023-11-01,11,2023,5,3425.82,107,33,0.3109,0,8,1
CUST-10336,2023-12-01,12,2023,6,3708.7,117,37,0.341,1,8,1
CUST-10336,2024-01-01,1,2024,7,4019.86,128,51,0.4358,0,8,1
CUST-10336,2024-02-01,2,2024,8,4133.02,132,43,0.3309,1,8,1
CUST-10336,2024-03-01,3,2024,9,3878.42,123,38,0.2889,0,8,1
CUST-10336,2024-04-01,4,2024,10,3708.7,117,36,0.2907,1,8,1
CUST-10336,2024-05-01,5,2024,11,3567.26,112,42,0.3567,2,8,1
CUST-10336,2024-06-01,6,2024,12,3765.27,119,38,0.343,1,8,1
CUST-10336,2024-07-01,7,2024,13,3821.85,121,22,0.1866,0,8,1
CUST-10336,2024-08-01,8,2024,14,4133.02,132,42,0.3517,2,8,1
CUST-10336,2024-09-01,9,2024,15,4415.9,142,46,0.3486,2,8,1
CUST-10336,2024-10-01,10,2024,16,4415.9,142,38,0.2704,1,8,1
CUST-10336,2024-11-01,11,2024,17,4727.06,153,55,0.3878,1,8,1
CUST-10336,2024-12-01,12,2024,18,4896.79,159,39,0.2513,0,8,1
CUST-10337,2023-06-01,6,2023,0,177.16,12,11,0.9175,0,6,1
CUST-10337,2023-07-01,7,2023,1,177.16,12,11,0.9744,0,6,1
CUST-10337,2023-08-01,8,2023,2,187.84,13,11,0.9276,1,6,1
CUST-10337,2023-09-01,9,2023,3,187.84,13,13,1.0,1,6,1
CUST-10337,2023-10-01,10,2023,4,187.84,13,12,0.9611,1,6,1
CUST-10337,2023-11-01,11,2023,5,187.84,13,13,0.9798,1,6,1
CUST-10337,2023-12-01,12,2023,6,187.84,13,12,0.8845,1,6,1
CUST-10337,2024-01-01,1,2024,7,187.84,13,13,1.0,0,6,1
CUST-10337,2024-02-01,2,2024,8,177.16,12,13,1.0,0,6,1
CUST-10337,2024-03-01,3,2024,9,187.84,13,12,1.0,3,5,1
CUST-10337,2024-04-01,4,2024,10,187.84,13,13,1.0,0,6,1
CUST-10337,2024-05-01,5,2024,11,198.52,14,13,1.0,0,6,1
CUST-10337,2024-06-01,6,2024,12,187.84,13,14,1.0,2,6,1
CUST-10337,2024-07-01,7,2024,13,187.84,13,13,1.0,0,6,1
CUST-10337,2024-08-01,8,2024,14,187.84,13,13,1.0,1,6,1
CUST-10337,2024-09-01,9,2024,15,198.52,14,13,1.0,1,6,1
CUST-10337,2024-10-01,10,2024,16,209.2,15,14,1.0,1,6,1
CUST-10337,2024-11-01,11,2024,17,209.2,15,15,1.0,0,6,1
CUST-10337,2024-12-01,12,2024,18,209.2,15,15,1.0,1,6,1
CUST-10338,2023-06-01,6,2023,0,1412.6,35,14,0.3965,2,7,1
CUST-10338,2023-07-01,7,2023,1,1354.68,33,11,0.3205,2,6,1
CUST-10338,2023-08-01,8,2023,2,1296.76,31,12,0.3628,0,7,1
CUST-10338,2023-09-01,9,2023,3,1296.76,31,11,0.3615,0,7,1
CUST-10338,2023-10-01,10,2023,4,1209.88,28,11,0.3418,0,7,1
CUST-10338,2023-11-01,11,2023,5,1238.84,29,10,0.3382,3,6,1
CUST-10338,2023-12-01,12,2023,6,1267.8,30,15,0.5045,2,7,1
CUST-10338,2024-01-01,1,2024,7,1209.88,28,14,0.4543,0,7,1
CUST-10338,2024-02-01,2,2024,8,1209.88,28,12,0.4187,1,7,1
CUST-10338,2024-03-01,3,2024,9,1267.8,30,12,0.4357,0,7,1
CUST-10338,2024-04-01,4,2024,10,1267.8,30,16,0.5532,0,7,1
CUST-10338,2024-05-01,5,2024,11,1238.84,29,17,0.5668,2,7,1
CUST-10338,2024-06-01,6,2024,12,1325.72,32,21,0.719,0,8,1
CUST-10338,2024-07-01,7,2024,13,1267.8,30,21,0.6514,0,8,1
CUST-10338,2024-08-01,8,2024,14,1238.84,29,21,0.717,1,8,1
CUST-10338,2024-09-01,9,2024,15,1238.84,29,23,0.7966,0,8,1
CUST-10338,2024-10-01,10,2024,16,1267.8,30,20,0.7082,0,8,1
CUST-10338,2024-11-01,11,2024,17,1180.92,27,21,0.6971,1,7,1
CUST-10338,2024-12-01,12,2024,18,1094.04,24,21,0.8006,0,8,1
CUST-10339,2023-06-01,6,2023,0,3256.54,123,80,0.6876,1,5,1
CUST-10339,2023-07-01,7,2023,1,2977.75,111,90,0.7284,0,5,1
CUST-10340,2023-06-01,6,2023,0,1445.39,13,2,0.1346,0,7,1
CUST-10340,2023-07-01,7,2023,1,1403.36,12,3,0.2083,0,7,1
CUST-10340,2023-08-01,8,2023,2,1403.36,12,3,0.2322,0,7,1
CUST-10340,2023-09-01,9,2023,3,1445.39,13,0,0.03,2,6,1
CUST-10340,2023-10-01,10,2023,4,1445.39,13,2,0.1193,0,7,1
CUST-10340,2023-11-01,11,2023,5,1403.36,12,2,0.1823,1,7,1
CUST-10340,2023-12-01,12,2023,6,1361.33,11,1,0.0872,0,7,1
CUST-10340,2024-01-01,1,2024,7,1319.3,10,0,0.03,0,6,1
CUST-10340,2024-02-01,2,2024,8,1277.27,9,0,3.0,0,6,1
CUST-10340,2024-03-01,3,2024,9,1277.27,9,0,0.03,1,6,1
CUST-10340,2024-04-01,4,2024,10,1277.27,9,0,0.03,0,6,1
CUST-10340,2024-05-01,5,2024,11,1235.24,8,0,0.03,0,6,1
CUST-10340,2024-06-01,6,2024,12,1235.24,8,0,0.03,0,6,1
CUST-10340,2024-07-01,7,2024,13,1193.21,7,0,0.03,1,6,1
CUST-10340,2024-08-01,8,2024,14,1193.21,7,0,0.03,0,6,1
CUST-10340,2024-09-01,9,2024,15,1193.21,7,0,0.03,0,6,1
CUST-10340,2024-10-01,10,2024,16,1193.21,7,0,0.03,0,6,1
CUST-10340,2024-11-01,11,2024,17,1193.21,7,0,0.03,1,6,1
CUST-10340,2024-12-01,12,2024,18,1193.21,7,0,0.03,1,6,1
CUST-10341,2023-06-01,6,2023,0,545.25,58,18,0.2803,0,8,1
CUST-10341,2023-07-01,7,2023,1,536.69,57,16,0.2671,3,7,1
CUST-10341,2023-08-01,8,2023,2,545.25,58,23,0.3972,0,8,1
CUST-10341,2023-09-01,9,2023,3,519.58,55,24,0.4135,0,8,1
CUST-10341,2023-10-01,10,2023,4,459.69,48,24,0.4386,0,8,1
CUST-10341,2023-11-01,11,2023,5,451.13,47,16,0.3309,1,8,1
CUST-10341,2023-12-01,12,2023,6,442.58,46,20,0.4165,0,8,1
CUST-10341,2024-01-01,1,2024,7,425.46,44,23,0.4887,1,8,1
CUST-10341,2024-02-01,2,2024,8,416.91,43,18,0.3982,1,8,1
CUST-10341,2024-03-01,3,2024,9,416.91,43,13,0.3057,1,8,1
CUST-10341,2024-04-01,4,2024,10,416.91,43,26,0.6093,0,9,1
CUST-10341,2024-05-01,5,2024,11,382.68,39,22,0.514,0,9,1
CUST-10341,2024-06-01,6,2024,12,374.13,38,13,0.3205,3,8,1
CUST-10341,2024-07-01,7,2024,13,391.24,40,18,0.4734,0,9,1
CUST-10341,2024-08-01,8,2024,14,374.13,38,21,0.5212,0,9,1
CUST-10341,2024-09-01,9,2024,15,365.57,37,19,0.5014,0,9,1
CUST-10341,2024-10-01,10,2024,16,391.24,40,14,0.3815,1,8,1
CUST-10341,2024-11-01,11,2024,17,399.8,41,25,0.6133,0,9,1
CUST-10341,2024-12-01,12,2024,18,416.91,43,19,0.4728,1,8,1
CUST-10342,2023-06-01,6,2023,0,325.0,8,3,0.4331,2,7,1
CUST-10342,2023-07-01,7,2023,1,325.0,8,4,0.5025,0,8,1
CUST-10342,2023-08-01,8,2023,2,325.0,8,4,0.5497,0,8,1
CUST-10342,2023-09-01,9,2023,3,325.0,8,4,0.4624,3,7,1
CUST-10342,2023-10-01,10,2023,4,325.0,8,5,0.6124,1,8,1
CUST-10342,2023-11-01,11,2023,5,347.0,9,4,0.4659,2,8,1
CUST-10342,2023-12-01,12,2023,6,347.0,9,4,0.4249,2,7,1
CUST-10342,2024-01-01,1,2024,7,369.0,10,4,0.4568,3,7,1
CUST-10342,2024-02-01,2,2024,8,391.0,11,6,0.6233,1,8,1
CUST-10342,2024-03-01,3,2024,9,413.0,12,6,0.5951,1,8,1
CUST-10342,2024-04-01,4,2024,10,413.0,12,4,0.3557,2,7,1
CUST-10342,2024-05-01,5,2024,11,435.0,13,7,0.5691,2,8,1
CUST-10342,2024-06-01,6,2024,12,435.0,13,8,0.638,0,8,1
CUST-10342,2024-07-01,7,2024,13,435.0,13,7,0.5814,0,8,1
CUST-10342,2024-08-01,8,2024,14,413.0,12,8,0.6069,0,8,1
CUST-10342,2024-09-01,9,2024,15,413.0,12,8,0.656,2,8,1
CUST-10342,2024-10-01,10,2024,16,435.0,13,9,0.7025,0,9,1
CUST-10342,2024-11-01,11,2024,17,435.0,13,9,0.6876,2,8,1
CUST-10342,2024-12-01,12,2024,18,457.0,14,9,0.6372,1,8,1
CUST-10343,2023-06-01,6,2023,0,511.64,4,1,0.3183,1,9,1
CUST-10343,2023-07-01,7,2023,1,511.64,4,0,0.1282,1,8,1
CUST-10343,2023-08-01,8,2023,2,511.64,4,1,0.2104,2,8,1
CUST-10343,2023-09-01,9,2023,3,511.64,4,0,0.108,0,8,1
CUST-10343,2023-10-01,10,2023,4,483.48,3,0,0.0602,0,8,1
CUST-10343,2023-11-01,11,2023,5,483.48,3,0,0.1051,0,8,1
CUST-10343,2023-12-01,12,2023,6,483.48,3,0,0.03,1,8,1
CUST-10343,2024-01-01,1,2024,7,483.48,3,0,0.0993,1,8,1
CUST-10343,2024-02-01,2,2024,8,483.48,3,0,0.03,1,8,1
CUST-10344,2023-06-01,6,2023,0,14684.07,311,207,0.6859,0,6,1
CUST-10344,2023-07-01,7,2023,1,15836.52,337,271,0.8704,0,7,1
CUST-10344,2023-08-01,8,2023,2,15215.98,323,312,0.9258,0,7,1
CUST-10344,2023-09-01,9,2023,3,15969.5,340,321,0.9924,0,7,1
CUST-10344,2023-10-01,10,2023,4,16767.35,358,325,0.9566,1,7,1
CUST-10344,2023-11-01,11,2023,5,17343.58,371,333,0.9306,0,7,1
CUST-10344,2023-12-01,12,2023,6,16767.35,358,363,0.9784,0,7,1
CUST-10344,2024-01-01,1,2024,7,18274.4,392,358,1.0,0,7,1
CUST-10344,2024-02-01,2,2024,8,18363.05,394,392,1.0,0,7,1
CUST-10344,2024-03-01,3,2024,9,18629.0,400,394,1.0,0,7,1
CUST-10344,2024-04-01,4,2024,10,17919.8,384,400,1.0,1,7,1
CUST-10344,2024-05-01,5,2024,11,17786.83,381,384,1.0,0,7,1
CUST-10344,2024-06-01,6,2024,12,19205.22,413,381,1.0,0,7,1
CUST-10344,2024-07-01,7,2024,13,19825.78,427,413,1.0,1,7,1
CUST-10344,2024-08-01,8,2024,14,19870.1,428,427,1.0,0,7,1
CUST-10344,2024-09-01,9,2024,15,19249.55,414,428,1.0,0,7,1
CUST-10344,2024-10-01,10,2024,16,20402.0,440,414,1.0,0,7,1
CUST-10344,2024-11-01,11,2024,17,21288.5,460,440,1.0,0,7,1
CUST-10344,2024-12-01,12,2024,18,22839.88,495,460,1.0,0,7,1
CUST-10345,2023-06-01,6,2023,0,858.14,17,12,0.7175,0,5,1
CUST-10345,2023-07-01,7,2023,1,858.14,17,13,0.7925,0,5,1
CUST-10345,2023-08-01,8,2023,2,885.14,18,12,0.7058,1,5,1
CUST-10345,2023-09-01,9,2023,3,912.15,19,14,0.7968,1,5,1
CUST-10345,2023-10-01,10,2023,4,885.14,18,15,0.7724,1,5,1
CUST-10345,2023-11-01,11,2023,5,885.14,18,13,0.714,1,5,1
CUST-10345,2023-12-01,12,2023,6,858.14,17,13,0.752,0,5,1
CUST-10345,2024-01-01,1,2024,7,831.13,16,13,0.7979,0,5,1
CUST-10345,2024-02-01,2,2024,8,804.12,15,12,0.7348,0,5,1
CUST-10345,2024-03-01,3,2024,9,804.12,15,13,0.864,1,5,1
CUST-10345,2024-04-01,4,2024,10,804.12,15,12,0.7738,0,5,1
CUST-10345,2024-05-01,5,2024,11,804.12,15,13,0.8443,0,5,1
CUST-10345,2024-06-01,6,2024,12,777.11,14,9,0.6257,1,5,1
CUST-10345,2024-07-01,7,2024,13,777.11,14,12,0.881,1,5,1
CUST-10345,2024-08-01,8,2024,14,777.11,14,11,0.8143,0,5,1
CUST-10345,2024-09-01,9,2024,15,777.11,14,10,0.7481,1,5,1
CUST-10345,2024-10-01,10,2024,16,750.1,13,11,0.7502,1,5,1
CUST-10345,2024-11-01,11,2024,17,750.1,13,11,0.8227,0,5,1
CUST-10345,2024-12-01,12,2024,18,750.1,13,10,0.8004,1,5,1
CUST-10346,2023-06-01,6,2023,0,384.23,36,21,0.5743,1,7,1
CUST-10346,2023-07-01,7,2023,1,384.23,36,27,0.732,2,7,1
CUST-10346,2023-08-01,8,2023,2,384.23,36,26,0.7071,0,7,1
CUST-10346,2023-09-01,9,2023,3,412.17,39,23,0.6326,1,7,1
CUST-10346,2023-10-01,10,2023,4,393.54,37,29,0.7376,0,7,1
CUST-10346,2023-11-01,11,2023,5,412.17,39,26,0.6979,0,7,1
CUST-10346,2023-12-01,12,2023,6,412.17,39,25,0.6395,1,7,1
CUST-10346,2024-01-01,1,2024,7,412.17,39,30,0.7597,1,7,1
CUST-10346,2024-02-01,2,2024,8,421.48,40,28,0.7184,0,7,1
CUST-10346,2024-03-01,3,2024,9,440.1,42,29,0.7176,0,7,1
CUST-10346,2024-04-01,4,2024,10,458.73,44,32,0.7691,0,8,1
CUST-10346,2024-05-01,5,2024,11,458.73,44,32,0.7311,1,7,1
CUST-10346,2024-06-01,6,2024,12,449.42,43,37,0.8529,0,8,1
CUST-10346,2024-07-01,7,2024,13,412.17,39,28,0.6432,2,7,1
CUST-10346,2024-08-01,8,2024,14,449.42,43,30,0.7543,1,7,1
CUST-10346,2024-09-01,9,2024,15,430.79,41,36,0.8371,0,8,1
CUST-10346,2024-10-01,10,2024,16,458.73,44,33,0.8069,1,7,1
CUST-10346,2024-11-01,11,2024,17,468.04,45,39,0.8939,0,8,1
CUST-10346,2024-12-01,12,2024,18,458.73,44,41,0.8998,3,7,1
CUST-10347,2023-06-01,6,2023,0,236.56,4,1,0.2239,1,7,1
CUST-10347,2023-07-01,7,2023,1,236.56,4,1,0.226,3,7,1
CUST-10347,2023-08-01,8,2023,2,236.56,4,1,0.2325,4,6,1
CUST-10347,2023-09-01,9,2023,3,236.56,4,2,0.3731,1,7,1
CUST-10347,2023-10-01,10,2023,4,236.56,4,1,0.2686,0,7,1
CUST-10347,2023-11-01,11,2023,5,236.56,4,1,0.1712,3,6,1
CUST-10347,2023-12-01,12,2023,6,236.56,4,1,0.281,1,7,1
CUST-10347,2024-01-01,1,2024,7,236.56,4,1,0.2922,4,7,1
CUST-10348,2023-06-01,6,2023,0,590.62,6,4,0.6257,1,10,1
CUST-10348,2023-07-01,7,2023,1,590.62,6,5,0.8279,0,10,1
CUST-10348,2023-08-01,8,2023,2,590.62,6,4,0.6763,0,10,1
CUST-10348,2023-09-01,9,2023,3,590.62,6,4,0.6885,1,10,1
CUST-10348,2023-10-01,10,2023,4,590.62,6,4,0.7168,1,10,1
CUST-10348,2023-11-01,11,2023,5,590.62,6,5,0.7513,0,10,1
CUST-10348,2023-12-01,12,2023,6,622.55,7,4,0.686,1,10,1
CUST-10348,2024-01-01,1,2024,7,654.49,8,6,0.7766,0,10,1
CUST-10348,2024-02-01,2,2024,8,654.49,8,6,0.7454,0,10,1
CUST-10348,2024-03-01,3,2024,9,654.49,8,6,0.7562,0,10,1
CUST-10348,2024-04-01,4,2024,10,654.49,8,6,0.6739,0,10,1
CUST-10348,2024-05-01,5,2024,11,686.42,9,6,0.6648,0,10,1
CUST-10348,2024-06-01,6,2024,12,686.42,9,4,0.4933,0,10,1
CUST-10348,2024-07-01,7,2024,13,718.36,10,5,0.5494,1,10,1
CUST-10348,2024-08-01,8,2024,14,718.36,10,4,0.3946,0,10,1
CUST-10348,2024-09-01,9,2024,15,718.36,10,6,0.5856,1,10,1
CUST-10348,2024-10-01,10,2024,16,718.36,10,5,0.4433,1,10,1
CUST-10348,2024-11-01,11,2024,17,750.3,11,7,0.6371,0,10,1
CUST-10348,2024-12-01,12,2024,18,782.23,12,6,0.5221,0,10,1
CUST-10349,2023-06-01,6,2023,0,219.3,16,8,0.4914,0,6,1
CUST-10349,2023-07-01,7,2023,1,240.59,18,8,0.498,0,6,1
CUST-10349,2023-08-01,8,2023,2,240.59,18,10,0.5647,1,6,1
CUST-10349,2023-09-01,9,2023,3,240.59,18,9,0.4841,1,6,1
CUST-10349,2023-10-01,10,2023,4,251.24,19,8,0.4268,1,6,1
CUST-10349,2023-11-01,11,2023,5,261.88,20,10,0.5256,1,6,1
CUST-10349,2023-12-01,12,2023,6,251.24,19,10,0.5173,1,6,1
CUST-10349,2024-01-01,1,2024,7,251.24,19,9,0.4908,1,6,1
CUST-10349,2024-02-01,2,2024,8,251.24,19,10,0.5497,1,6,1
CUST-10349,2024-03-01,3,2024,9,251.24,19,12,0.6052,1,7,1
CUST-10349,2024-04-01,4,2024,10,251.24,19,11,0.5487,2,6,1
CUST-10349,2024-05-01,5,2024,11,283.17,22,10,0.4946,0,6,1
CUST-10349,2024-06-01,6,2024,12,283.17,22,16,0.7247,1,7,1
CUST-10349,2024-07-01,7,2024,13,293.81,23,15,0.6714,1,7,1
CUST-10349,2024-08-01,8,2024,14,293.81,23,13,0.5725,1,6,1
CUST-10349,2024-09-01,9,2024,15,315.1,25,15,0.6395,1,7,1
CUST-10349,2024-10-01,10,2024,16,336.39,27,22,0.8622,0,7,1
CUST-10349,2024-11-01,11,2024,17,347.03,28,20,0.7245,0,7,1
CUST-10349,2024-12-01,12,2024,18,357.68,29,18,0.6538,0,7,1
CUST-10350,2023-06-01,6,2023,0,70.65,2,1,0.6418,1,5,1
CUST-10350,2023-07-01,7,2023,1,70.65,2,1,0.553,0,5,1
CUST-10350,2023-08-01,8,2023,2,70.65,2,2,0.8084,0,5,1
CUST-10350,2023-09-01,9,2023,3,70.65,2,1,0.6588,0,5,1
CUST-10350,2023-10-01,10,2023,4,81.47,3,2,0.72,0,5,1
CUST-10350,2023-11-01,11,2023,5,81.47,3,2,0.6522,0,5,1
CUST-10350,2023-12-01,12,2023,6,81.47,3,2,0.8439,0,5,1
CUST-10350,2024-01-01,1,2024,7,81.47,3,2,70.9,0,5,1
CUST-10350,2024-02-01,2,2024,8,81.47,3,2,0.6877,0,5,1
CUST-10350,2024-03-01,3,2024,9,70.65,2,2,0.7839,1,5,1
CUST-10350,2024-04-01,4,2024,10,81.47,3,2,0.7925,0,5,1
CUST-10350,2024-05-01,5,2024,11,81.47,3,3,0.92,0,6,1
CUST-10350,2024-06-01,6,2024,12,81.47,3,2,0.8272,0,5,1
CUST-10350,2024-07-01,7,2024,13,81.47,3,2,0.8395,0,5,1
CUST-10350,2024-08-01,8,2024,14,81.47,3,2,0.8228,0,5,1
CUST-10350,2024-09-01,9,2024,15,81.47,3,3,0.9729,0,6,1
CUST-10350,2024-10-01,10,2024,16,81.47,3,3,0.9545,0,6,1
CUST-10350,2024-11-01,11,2024,17,81.47,3,3,0.8569,0,5,1
CUST-10350,2024-12-01,12,2024,18,81.47,3,3,0.9649,1,5,1
CUST-10351,2023-06-01,6,2023,0,241.89,19,9,0.496,2,4,1
CUST-10351,2023-07-01,7,2023,1,241.89,19,8,0.3892,1,4,1
CUST-10351,2023-08-01,8,2023,2,241.89,19,7,0.3491,1,4,1
CUST-10351,2023-09-01,9,2023,3,241.89,19,7,0.3439,0,4,1
CUST-10351,2023-10-01,10,2023,4,252.04,20,5,0.2353,0,4,1
CUST-10351,2023-11-01,11,2023,5,262.19,21,8,0.3684,0,4,1
CUST-10351,2023-12-01,12,2023,6,262.19,21,6,0.2914,1,4,1
CUST-10351,2024-01-01,1,2024,7,252.04,20,5,0.2365,1,4,1
CUST-10351,2024-02-01,2,2024,8,252.04,20,3,0.1622,1,4,1
CUST-10351,2024-03-01,3,2024,9,252.04,20,1,0.03,2,3,1
CUST-10351,2024-04-01,4,2024,10,241.89,19,1,0.03,0,4,1
CUST-10351,2024-05-01,5,2024,11,231.74,18,1,0.03,0,4,1
CUST-10351,2024-06-01,6,2024,12,231.74,18,1,0.03,2,3,1
CUST-10351,2024-07-01,7,2024,13,231.74,18,1,0.03,1,3,1
CUST-10351,2024-08-01,8,2024,14,231.74,18,1,0.03,2,3,1
CUST-10351,2024-09-01,9,2024,15,231.74,18,1,0.03,0,4,1
CUST-10351,2024-10-01,10,2024,16,211.43,16,1,0.03,0,4,1
CUST-10351,2024-11-01,11,2024,17,211.43,16,0,0.03,4,3,1
CUST-10352,2023-06-01,6,2023,0,94.5,4,1,0.1866,0,6,1
CUST-10352,2023-07-01,7,2023,1,94.5,4,1,0.1903,1,5,1
CUST-10352,2023-08-01,8,2023,2,94.5,4,0,0.1224,3,5,1
CUST-10352,2023-09-01,9,2023,3,94.5,4,0,8.5,2,5,1
CUST-10352,2023-10-01,10,2023,4,94.5,4,1,0.2442,2,5,1
CUST-10352,2023-11-01,11,2023,5,94.5,4,0,0.03,0,5,1
CUST-10352,2023-12-01,12,2023,6,83.13,3,0,0.071,0,5,1
CUST-10352,2024-01-01,1,2024,7,83.13,3,0,0.03,2,5,1
CUST-10352,2024-02-01,2,2024,8,83.13,3,0,0.03,3,4,1
CUST-10352,2024-03-01,3,2024,9,94.5,4,0,0.03,5,4,1
CUST-10352,2024-04-01,4,2024,10,94.5,4,0,0.03,5,4,1
CUST-10352,2024-05-01,5,2024,11,94.5,4,0,0.03,2,5,1
CUST-10352,2024-06-01,6,2024,12,94.5,4,0,0.03,2,5,1
CUST-10352,2024-07-01,7,2024,13,83.13,3,0,0.0467,1,5,1
CUST-10352,2024-08-01,8,2024,14,83.13,3,0,0.03,1,5,1
CUST-10353,2023-06-01,6,2023,0,2157.75,61,46,0.7003,0,9,1
CUST-10353,2023-07-01,7,2023,1,2186.58,62,31,0.5154,1,8,1
CUST-10353,2023-08-01,8,2023,2,2100.09,59,46,0.7306,1,9,1
CUST-10353,2023-09-01,9,2023,3,2128.92,60,31,0.5228,0,9,1
CUST-10353,2023-10-01,10,2023,4,2042.42,57,40,0.6657,2,8,1
CUST-10353,2023-11-01,11,2023,5,2042.42,57,39,0.6758,2,8,1
CUST-10353,2023-12-01,12,2023,6,2042.42,57,44,0.766,1,9,1
CUST-10353,2024-01-01,1,2024,7,1927.1,53,36,0.6222,2,8,1
CUST-10353,2024-02-01,2,2024,8,1811.77,49,30,0.5669,4,8,1
CUST-10353,2024-03-01,3,2024,9,1955.93,54,26,0.5458,0,9,1
CUST-10353,2024-04-01,4,2024,10,1898.26,52,22,0.4048,4,7,1
CUST-10353,2024-05-01,5,2024,11,2013.59,56,32,0.6135,2,8,1
CUST-10353,2024-06-01,6,2024,12,1984.76,55,28,0.5028,2,8,1
CUST-10353,2024-07-01,7,2024,13,1927.1,53,39,0.699,1,9,1
CUST-10353,2024-08-01,8,2024,14,1869.43,51,29,0.5477,2,8,1
CUST-10353,2024-09-01,9,2024,15,1754.1,47,33,0.6565,1,9,1
CUST-10353,2024-10-01,10,2024,16,1811.77,49,29,0.6132,4,8,1
CUST-10353,2024-11-01,11,2024,17,1725.27,46,33,0.6728,1,9,1
CUST-10353,2024-12-01,12,2024,18,1696.44,45,29,0.6301,0,9,1
CUST-10354,2023-06-01,6,2023,0,254.05,5,1,0.1886,1,9,1
CUST-10354,2023-07-01,7,2023,1,233.04,4,2,0.4183,1,10,1
CUST-10354,2023-08-01,8,2023,2,233.04,4,1,0.2676,4,8,1
CUST-10354,2023-09-01,9,2023,3,233.04,4,1,0.341,1,9,1
CUST-10354,2023-10-01,10,2023,4,233.04,4,1,0.3716,0,10,1
CUST-10354,2023-11-01,11,2023,5,233.04,4,2,0.4063,1,9,1
CUST-10354,2023-12-01,12,2023,6,233.04,4,2,0.4873,2,9,1
CUST-10354,2024-01-01,1,2024,7,233.04,4,1,0.3473,0,10,1
CUST-10354,2024-02-01,2,2024,8,233.04,4,2,0.4712,1,10,1
CUST-10354,2024-03-01,3,2024,9,233.04,4,2,0.4718,0,10,1
CUST-10354,2024-04-01,4,2024,10,233.04,4,2,0.3872,5,9,1
CUST-10354,2024-05-01,5,2024,11,233.04,4,2,0.5004,2,9,1
CUST-10354,2024-06-01,6,2024,12,254.05,5,3,0.6013,1,10,1
CUST-10355,2023-06-01,6,2023,0,495.0,3,2,0.5149,0,10,1
CUST-10355,2023-07-01,7,2023,1,495.0,3,1,0.4499,2,9,1
CUST-10355,2023-08-01,8,2023,2,495.0,3,2,0.5309,1,10,1
CUST-10355,2023-09-01,9,2023,3,495.0,3,1,0.5319,1,10,1
CUST-10355,2023-10-01,10,2023,4,495.0,3,1,0.5489,0,10,1
CUST-10355,2023-11-01,11,2023,5,495.0,3,1,0.4565,0,10,1
CUST-10355,2023-12-01,12,2023,6,495.0,3,1,0.3751,0,9,1
CUST-10355,2024-01-01,1,2024,7,495.0,3,1,0.3363,5,8,1
CUST-10355,2024-02-01,2,2024,8,495.0,3,1,0.341,3,9,1
CUST-10355,2024-03-01,3,2024,9,495.0,3,1,0.2575,3,8,1
CUST-10355,2024-04-01,4,2024,10,463.0,2,1,0.2734,2,9,1
CUST-10355,2024-05-01,5,2024,11,463.0,2,1,0.2225,0,9,1
CUST-10355,2024-06-01,6,2024,12,495.0,3,1,0.2054,0,9,1
CUST-10355,2024-07-01,7,2024,13,495.0,3,1,0.2378,1,9,1
CUST-10355,2024-08-01,8,2024,14,495.0,3,0,0.1547,2,8,1
CUST-10355,2024-09-01,9,2024,15,495.0,3,1,0.3239,2,9,1
CUST-10355,2024-10-01,10,2024,16,495.0,3,1,0.2204,3,8,1
CUST-10355,2024-11-01,11,2024,17,495.0,3,0,0.1262,1,9,1
CUST-10355,2024-12-01,12,2024,18,495.0,3,0,0.1319,2,8,1
CUST-10356,2023-06-01,6,2023,0,1641.77,18,4,0.222,0,7,1
CUST-10356,2023-07-01,7,2023,1,1559.24,16,5,0.272,0,7,1
CUST-10356,2023-08-01,8,2023,2,1517.97,15,3,0.2101,1,7,1
CUST-10356,2023-09-01,9,2023,3,1476.71,14,4,0.2381,0,7,1
CUST-10356,2023-10-01,10,2023,4,1476.71,14,4,0.2589,1,7,1
CUST-10356,2023-11-01,11,2023,5,1517.97,15,2,0.1713,1,7,1
CUST-10356,2023-12-01,12,2023,6,1559.24,16,3,0.1637,2,6,1
CUST-10356,2024-01-01,1,2024,7,1517.97,15,2,0.1229,0,7,1
CUST-10356,2024-02-01,2,2024,8,1517.97,15,4,0.2677,0,7,1
CUST-10356,2024-03-01,3,2024,9,1517.97,15,5,0.3319,2,7,1
CUST-10356,2024-04-01,4,2024,10,1476.71,14,4,0.2475,0,7,1
CUST-10356,2024-05-01,5,2024,11,1517.97,15,1,0.0736,1,6,1
CUST-10356,2024-06-01,6,2024,12,1476.71,14,3,0.1882,2,6,1
CUST-10356,2024-07-01,7,2024,13,1435.45,13,4,0.2627,2,7,1
CUST-10356,2024-08-01,8,2024,14,1476.71,14,4,0.3433,2,7,1
CUST-10356,2024-09-01,9,2024,15,1476.71,14,4,0.2862,1,7,1
CUST-10356,2024-10-01,10,2024,16,1435.45,13,3,0.2011,1,7,1
CUST-10356,2024-11-01,11,2024,17,1352.91,11,3,0.2227,1,7,1
CUST-10356,2024-12-01,12,2024,18,1394.18,12,4,0.3075,0,7,1
CUST-10357,2023-06-01,6,2023,0,60.74,1,0,0.405,3,6,1
CUST-10357,2023-07-01,7,2023,1,60.74,1,0,0.3827,0,6,1
CUST-10357,2023-08-01,8,2023,2,60.74,1,0,0.4708,2,6,1
CUST-10357,2023-09-01,9,2023,3,60.74,1,0,0.4376,1,6,1
CUST-10357,2023-10-01,10,2023,4,60.74,1,0,0.4416,1,6,1
CUST-10357,2023-11-01,11,2023,5,60.74,1,0,0.467,2,6,1
CUST-10357,2023-12-01,12,2023,6,60.74,1,0,0.424,1,6,1
CUST-10357,2024-01-01,1,2024,7,60.74,1,0,0.4932,1,6,1
CUST-10357,2024-02-01,2,2024,8,60.74,1,0,0.4554,4,6,1
CUST-10357,2024-03-01,3,2024,9,60.74,1,0,0.3518,0,6,1
CUST-10357,2024-04-01,4,2024,10,60.74,1,0,0.4717,0,7,1
CUST-10357,2024-05-01,5,2024,11,60.74,1,0,0.4915,0,7,1
CUST-10357,2024-06-01,6,2024,12,60.74,1,1,0.5325,1,7,1
CUST-10357,2024-07-01,7,2024,13,60.74,1,1,0.5092,2,6,1
CUST-10357,2024-08-01,8,2024,14,60.74,1,0,0.4633,0,7,1
CUST-10357,2024-09-01,9,2024,15,60.74,1,1,0.5775,2,6,1
CUST-10357,2024-10-01,10,2024,16,60.74,1,1,0.4979,0,7,1
CUST-10357,2024-11-01,11,2024,17,60.74,1,1,0.5973,4,6,1
CUST-10357,2024-12-01,12,2024,18,60.74,1,1,0.5573,2,6,1
CUST-10358,2023-06-01,6,2023,0,225.47,4,2,0.3877,1,6,1
CUST-10358,2023-07-01,7,2023,1,225.47,4,2,0.4041,5,5,1
CUST-10358,2023-08-01,8,2023,2,225.47,4,1,0.334,1,6,1
CUST-10358,2023-09-01,9,2023,3,244.59,5,2,0.4277,3,6,1
CUST-10358,2023-10-01,10,2023,4,244.59,5,3,0.5861,2,6,1
CUST-10358,2023-11-01,11,2023,5,263.71,6,4,0.7166,1,7,1
CUST-10358,2023-12-01,12,2023,6,244.59,5,3,0.5509,1,7,1
CUST-10358,2024-01-01,1,2024,7,244.59,5,3,0.5661,1,7,1
CUST-10358,2024-02-01,2,2024,8,244.59,5,3,0.5585,1,7,1
CUST-10358,2024-03-01,3,2024,9,244.59,5,4,0.7884,1,7,1
CUST-10358,2024-04-01,4,2024,10,244.59,5,4,0.7747,0,7,1
CUST-10358,2024-05-01,5,2024,11,263.71,6,4,0.833,1,7,1
CUST-10358,2024-06-01,6,2024,12,263.71,6,5,0.9323,0,8,1
CUST-10358,2024-07-01,7,2024,13,263.71,6,5,0.8184,1,7,1
CUST-10358,2024-08-01,8,2024,14,263.71,6,5,0.8599,1,7,1
CUST-10358,2024-09-01,9,2024,15,282.83,7,6,0.9026,0,8,1
CUST-10358,2024-10-01,10,2024,16,282.83,7,7,0.9956,0,8,1
CUST-10358,2024-11-01,11,2024,17,282.83,7,7,0.9762,3,7,1
CUST-10358,2024-12-01,12,2024,18,282.83,7,7,1.0,0,8,1
CUST-10359,2023-06-01,6,2023,0,1326.17,33,7,0.2231,1,5,1
CUST-10359,2023-07-01,7,2023,1,1326.17,33,9,0.2607,0,6,1
CUST-10359,2023-08-01,8,2023,2,1354.26,34,13,0.4077,0,6,1
CUST-10359,2023-09-01,9,2023,3,1354.26,34,6,0.1636,1,5,1
CUST-10359,2023-10-01,10,2023,4,1382.36,35,10,0.301,0,6,1
CUST-10359,2023-11-01,11,2023,5,1382.36,35,7,0.2165,1,5,1
CUST-10359,2023-12-01,12,2023,6,1382.36,35,8,0.2339,2,5,1
CUST-10359,2024-01-01,1,2024,7,1354.26,34,5,0.1395,2,5,1
CUST-10359,2024-02-01,2,2024,8,1382.36,35,7,0.2062,0,5,1
CUST-10359,2024-03-01,3,2024,9,1410.46,36,6,0.161,0,5,1
CUST-10359,2024-04-01,4,2024,10,1326.17,33,1,0.03,1,5,1
CUST-10359,2024-05-01,5,2024,11,1269.98,31,3,0.079,2,5,1
CUST-10359,2024-06-01,6,2024,12,1241.88,30,3,0.097,0,5,1
CUST-10359,2024-07-01,7,2024,13,1185.69,28,1,0.03,1,5,1
CUST-10359,2024-08-01,8,2024,14,1213.78,29,1,0.0403,0,5,1
CUST-10359,2024-09-01,9,2024,15,1213.78,29,1,0.03,2,5,1
CUST-10359,2024-10-01,10,2024,16,1298.07,32,1,0.03,1,5,1
CUST-10359,2024-11-01,11,2024,17,1241.88,30,1,0.03,4,4,1
CUST-10359,2024-12-01,12,2024,18,1185.69,28,1,0.03,1,5,1
CUST-10360,2023-06-01,6,2023,0,99.4,5,1,0.2138,3,7,1
CUST-10361,2023-06-01,6,2023,0,208.6,3,0,0.03,2,7,1
CUST-10361,2023-07-01,7,2023,1,208.6,3,0,0.1573,0,8,1
CUST-10361,2023-08-01,8,2023,2,208.6,3,0,0.03,2,7,1
CUST-10361,2023-09-01,9,2023,3,188.73,2,0,0.03,1,7,1
CUST-10361,2023-10-01,10,2023,4,188.73,2,0,0.1157,0,8,1
CUST-10361,2023-11-01,11,2023,5,188.73,2,0,0.03,1,7,1
CUST-10361,2023-12-01,12,2023,6,188.73,2,0,0.03,0,7,1
CUST-10361,2024-01-01,1,2024,7,208.6,3,0,0.03,0,7,1
CUST-10361,2024-02-01,2,2024,8,208.6,3,0,0.03,1,7,1
CUST-10361,2024-03-01,3,2024,9,208.6,3,0,0.03,2,7,1
CUST-10361,2024-04-01,4,2024,10,208.6,3,0,0.03,0,7,1
CUST-10361,2024-05-01,5,2024,11,208.6,3,0,0.03,3,7,1
CUST-10361,2024-06-01,6,2024,12,208.6,3,0,0.03,0,7,1
CUST-10361,2024-07-01,7,2024,13,208.6,3,0,0.03,0,7,1
CUST-10361,2024-08-01,8,2024,14,208.6,3,0,0.03,3,7,1
CUST-10361,2024-09-01,9,2024,15,208.6,3,0,0.03,3,7,1
CUST-10361,2024-10-01,10,2024,16,208.6,3,0,0.03,2,7,1
CUST-10361,2024-11-01,11,2024,17,208.6,3,0,0.03,2,7,1
CUST-10361,2024-12-01,12,2024,18,208.6,3,0,0.03,4,7,1
CUST-10362,2023-06-01,6,2023,0,457.55,15,6,0.4094,0,7,1
CUST-10362,2023-07-01,7,2023,1,478.12,16,7,0.456,0,7,1
CUST-10362,2023-08-01,8,2023,2,498.69,17,6,0.3931,1,7,1
CUST-10363,2023-06-01,6,2023,0,2330.87,73,8,0.1152,0,6,1
CUST-10363,2023-07-01,7,2023,1,2304.41,72,7,0.0957,1,6,1
CUST-10363,2023-08-01,8,2023,2,2383.8,75,4,0.0496,1,6,1
CUST-10363,2023-09-01,9,2023,3,2436.73,77,5,0.0719,1,6,1
CUST-10363,2023-10-01,10,2023,4,2489.66,79,12,0.1567,1,6,1
CUST-10363,2023-11-01,11,2023,5,2595.51,83,2,0.03,0,6,1
CUST-10363,2023-12-01,12,2023,6,2674.9,86,5,0.0618,0,6,1
CUST-10363,2024-01-01,1,2024,7,2674.9,86,3,0.03,0,6,1
CUST-10363,2024-02-01,2,2024,8,2595.51,83,3,0.03,0,6,1
CUST-10363,2024-03-01,3,2024,9,2463.19,78,2,0.03,1,6,1
CUST-10363,2024-04-01,4,2024,10,2304.41,72,2,0.03,2,6,1
CUST-10363,2024-05-01,5,2024,11,2410.26,76,2,0.03,1,6,1
CUST-10363,2024-06-01,6,2024,12,2542.58,81,2,0.03,1,6,1
CUST-10363,2024-07-01,7,2024,13,2595.51,83,2,0.03,0,6,1
CUST-10363,2024-08-01,8,2024,14,2569.05,82,2,0.03,1,6,1
CUST-10363,2024-09-01,9,2024,15,2277.94,71,2,0.03,2,6,1
CUST-10363,2024-10-01,10,2024,16,2198.55,68,2,0.03,1,6,1
CUST-10363,2024-11-01,11,2024,17,2119.16,65,2,0.03,2,6,1
CUST-10363,2024-12-01,12,2024,18,2039.77,62,2,0.03,0,6,1
CUST-10364,2023-06-01,6,2023,0,10079.9,326,135,0.4144,3,9,1
CUST-10364,2023-07-01,7,2023,1,9604.76,310,125,0.3833,0,10,1
CUST-10364,2023-08-01,8,2023,2,9872.02,319,98,0.316,1,10,1
CUST-10364,2023-09-01,9,2023,3,9812.63,317,117,0.3661,1,10,1
CUST-10364,2023-10-01,10,2023,4,10555.03,342,68,0.2132,2,9,1
CUST-10364,2023-11-01,11,2023,5,9485.98,306,56,0.1652,0,9,1
CUST-10364,2023-12-01,12,2023,6,9812.63,317,76,0.2474,2,9,1
CUST-10364,2024-01-01,1,2024,7,10258.07,332,101,0.3194,5,9,1
CUST-10364,2024-02-01,2,2024,8,10287.77,333,35,0.1061,3,9,1
CUST-10364,2024-03-01,3,2024,9,10584.73,343,100,0.2998,0,10,1
CUST-10364,2024-04-01,4,2024,10,10317.46,334,108,0.3142,0,10,1
CUST-10364,2024-05-01,5,2024,11,10050.2,325,61,0.1831,5,8,1
CUST-10364,2024-06-01,6,2024,12,9693.85,313,56,0.1726,2,9,1
CUST-10364,2024-07-01,7,2024,13,9901.72,320,31,0.0977,1,9,1
CUST-10364,2024-08-01,8,2024,14,9664.15,312,10,0.03,0,9,1
CUST-10364,2024-09-01,9,2024,15,9604.76,310,18,0.0575,2,9,1
CUST-10364,2024-10-01,10,2024,16,10050.2,325,48,0.1535,5,8,1
CUST-10364,2024-11-01,11,2024,17,10020.5,324,23,0.0709,0,9,1
CUST-10364,2024-12-01,12,2024,18,11148.95,362,29,0.0884,1,9,1
CUST-10365,2023-07-01,7,2023,0,73.0,2,1,0.3299,2,9,1
CUST-10365,2023-08-01,8,2023,1,73.0,2,1,0.2954,2,9,1
CUST-10365,2023-09-01,9,2023,2,73.0,2,1,0.3442,1,9,1
CUST-10365,2023-10-01,10,2023,3,73.0,2,0,0.1609,0,9,1
CUST-10365,2023-11-01,11,2023,4,73.0,2,1,0.2856,3,8,1
CUST-10366,2023-07-01,7,2023,0,88.31,4,1,0.3239,0,8,1
CUST-10366,2023-08-01,8,2023,1,88.31,4,1,0.1623,0,8,1
CUST-10366,2023-09-01,9,2023,2,88.31,4,1,0.1964,2,8,1
CUST-10366,2023-10-01,10,2023,3,88.31,4,0,0.0671,2,7,1
CUST-10366,2023-11-01,11,2023,4,88.31,4,1,0.1458,0,8,1
CUST-10366,2023-12-01,12,2023,5,78.48,3,0,0.0484,2,7,1
CUST-10367,2023-07-01,7,2023,0,216.42,16,11,0.6604,2,10,1
CUST-10368,2023-07-01,7,2023,0,757.66,12,4,0.3357,2,10,1
CUST-10368,2023-08-01,8,2023,1,817.43,14,5,0.404,1,10,1
CUST-10368,2023-09-01,9,2023,2,847.32,15,6,0.4443,1,10,1
CUST-10368,2023-10-01,10,2023,3,877.21,16,6,0.3758,3,10,1
CUST-10368,2023-11-01,11,2023,4,877.21,16,8,0.4812,0,10,1
CUST-10368,2023-12-01,12,2023,5,907.1,17,9,0.5235,0,10,1
CUST-10368,2024-01-01,1,2024,6,907.1,17,8,0.4847,0,10,1
CUST-10368,2024-02-01,2,2024,7,907.1,17,9,0.5158,0,10,1
CUST-10368,2024-03-01,3,2024,8,907.1,17,9,0.5448,0,10,1
CUST-10368,2024-04-01,4,2024,9,907.1,17,10,0.5796,1,10,1
CUST-10368,2024-05-01,5,2024,10,966.87,19,11,0.64,1,10,1
CUST-10368,2024-06-01,6,2024,11,996.76,20,11,0.5827,1,10,1
CUST-10368,2024-07-01,7,2024,12,966.87,19,12,0.616,2,10,1
CUST-10368,2024-08-01,8,2024,13,966.87,19,11,0.5584,0,10,1
CUST-10368,2024-09-01,9,2024,14,996.76,20,10,0.4994,1,10,1
CUST-10368,2024-10-01,10,2024,15,1056.54,22,10,0.5025,0,10,1
CUST-10368,2024-11-01,11,2024,16,1026.65,21,14,0.6265,0,10,1
CUST-10368,2024-12-01,12,2024,17,1086.42,23,12,0.558,2,10,1
CUST-10369,2023-07-01,7,2023,0,1478.15,13,4,0.3105,0,5,1
CUST-10369,2023-08-01,8,2023,1,1433.6,12,4,0.2787,3,5,1
CUST-10369,2023-09-01,9,2023,2,1389.05,11,4,0.3853,1,5,1
CUST-10369,2023-10-01,10,2023,3,1344.5,10,3,0.2927,0,5,1
CUST-10369,2023-11-01,11,2023,4,1344.5,10,3,0.3264,1,5,1
CUST-10369,2023-12-01,12,2023,5,1389.05,11,4,0.3592,1,5,1
CUST-10369,2024-01-01,1,2024,6,1389.05,11,5,0.4344,1,6,1
CUST-10369,2024-02-01,2,2024,7,1389.05,11,4,0.4015,0,6,1
CUST-10369,2024-03-01,3,2024,8,1389.05,11,5,0.4779,1,6,1
CUST-10369,2024-04-01,4,2024,9,1389.05,11,5,0.4152,0,6,1
CUST-10369,2024-05-01,5,2024,10,1433.6,12,2,0.2117,2,5,1
CUST-10369,2024-06-01,6,2024,11,1478.15,13,6,0.5008,2,5,1
CUST-10369,2024-07-01,7,2024,12,1478.15,13,6,0.4756,0,6,1
CUST-10369,2024-08-01,8,2024,13,1433.6,12,5,0.3786,1,5,1
CUST-10369,2024-09-01,9,2024,14,1433.6,12,5,0.3945,0,6,1
CUST-10369,2024-10-01,10,2024,15,1433.6,12,5,0.3897,3,5,1
CUST-10369,2024-11-01,11,2024,16,1433.6,12,6,0.4963,1,6,1
CUST-10369,2024-12-01,12,2024,17,1433.6,12,6,0.4901,3,5,1
CUST-10370,2023-07-01,7,2023,0,534.88,20,9,0.4598,2,10,1
CUST-10370,2023-08-01,8,2023,1,534.88,20,12,0.6139,0,10,1
CUST-10370,2023-09-01,9,2023,2,515.59,19,12,0.5671,2,10,1
CUST-10370,2023-10-01,10,2023,3,515.59,19,10,0.5511,1,10,1
CUST-10370,2023-11-01,11,2023,4,534.88,20,11,0.613,1,10,1
CUST-10370,2023-12-01,12,2023,5,554.17,21,13,0.6605,3,10,1
CUST-10370,2024-01-01,1,2024,6,554.17,21,16,0.779,0,10,1
CUST-10370,2024-02-01,2,2024,7,554.17,21,14,0.7018,0,10,1
CUST-10370,2024-03-01,3,2024,8,534.88,20,16,0.7433,0,10,1
CUST-10370,2024-04-01,4,2024,9,496.29,18,15,0.7614,3,10,1
CUST-10370,2024-05-01,5,2024,10,477.0,17,14,0.7991,2,10,1
CUST-10370,2024-06-01,6,2024,11,496.29,18,14,0.7774,2,10,1
CUST-10370,2024-07-01,7,2024,12,496.29,18,15,0.8422,0,10,1
CUST-10370,2024-08-01,8,2024,13,496.29,18,14,0.7824,0,10,1
CUST-10370,2024-09-01,9,2024,14,496.29,18,16,0.8681,1,10,1
CUST-10370,2024-10-01,10,2024,15,496.29,18,16,0.8737,1,10,1
CUST-10370,2024-11-01,11,2024,16,496.29,18,14,0.7727,1,10,1
CUST-10370,2024-12-01,12,2024,17,496.29,18,16,0.909,0,10,1
CUST-10371,2023-07-01,7,2023,0,1095.38,26,9,0.3313,0,10,1
CUST-10371,2023-08-01,8,2023,1,1095.38,26,2,0.0591,1,9,1
CUST-10371,2023-09-01,9,2023,2,1122.17,27,3,0.1202,0,9,1
CUST-10371,2023-10-01,10,2023,3,1175.74,29,6,0.2158,2,9,1
CUST-10371,2023-11-01,11,2023,4,1202.52,30,1,0.0436,0,9,1
CUST-10371,2023-12-01,12,2023,5,1122.17,27,5,0.1735,2,9,1
CUST-10371,2024-01-01,1,2024,6,1148.95,28,6,0.2264,2,9,1
CUST-10371,2024-02-01,2,2024,7,1202.52,30,2,0.0679,1,9,1
CUST-10371,2024-03-01,3,2024,8,1148.95,28,3,0.1062,1,9,1
CUST-10371,2024-04-01,4,2024,9,1175.74,29,2,0.059,2,9,1
CUST-10372,2023-07-01,7,2023,0,228.64,4,3,0.7536,0,9,1
CUST-10372,2023-08-01,8,2023,1,228.64,4,4,0.8667,2,9,1
CUST-10372,2023-09-01,9,2023,2,228.64,4,3,0.6016,0,9,1
CUST-10372,2023-10-01,10,2023,3,228.64,4,3,0.8253,0,9,1
CUST-10372,2023-11-01,11,2023,4,228.64,4,3,0.6337,0,9,1
CUST-10372,2023-12-01,12,2023,5,228.64,4,3,0.6932,1,9,1
CUST-10372,2024-01-01,1,2024,6,228.64,4,3,0.7522,0,9,1
CUST-10372,2024-02-01,2,2024,7,228.64,4,2,0.5402,0,8,1
CUST-10372,2024-03-01,3,2024,8,248.55,5,2,0.5466,1,8,1
CUST-10372,2024-04-01,4,2024,9,248.55,5,2,0.5313,2,8,1
CUST-10372,2024-05-01,5,2024,10,228.64,4,2,0.4593,2,8,1
CUST-10372,2024-06-01,6,2024,11,228.64,4,3,0.6727,0,9,1
CUST-10372,2024-07-01,7,2024,12,228.64,4,3,0.6209,1,8,1
CUST-10372,2024-08-01,8,2024,13,228.64,4,2,0.5212,0,8,1
CUST-10372,2024-09-01,9,2024,14,228.64,4,3,0.5844,2,8,1
CUST-10372,2024-10-01,10,2024,15,228.64,4,2,0.6123,0,9,1
CUST-10372,2024-11-01,11,2024,16,228.64,4,2,0.4357,0,8,1
CUST-10372,2024-12-01,12,2024,17,228.64,4,2,0.4708,1,8,1
CUST-10373,2023-07-01,7,2023,0,61.0,1,0,0.3484,1,5,1
CUST-10373,2023-08-01,8,2023,1,61.0,1,0,0.3094,0,5,1
CUST-10373,2023-09-01,9,2023,2,61.0,1,0,0.2847,1,5,1
CUST-10373,2023-10-01,10,2023,3,61.0,1,0,0.2232,2,4,1
CUST-10373,2023-11-01,11,2023,4,61.0,1,0,0.3108,1,5,1
CUST-10373,2023-12-01,12,2023,5,61.0,1,0,0.2394,0,5,1
CUST-10373,2024-01-01,1,2024,6,61.0,1,0,0.1777,1,5,1
CUST-10373,2024-02-01,2,2024,7,61.0,1,0,0.2108,1,5,1
CUST-10373,2024-03-01,3,2024,8,61.0,1,0,0.0875,2,4,1
CUST-10373,2024-04-01,4,2024,9,61.0,1,0,0.0626,2,4,1
CUST-10373,2024-05-01,5,2024,10,61.0,1,0,0.03,0,4,1
CUST-10373,2024-06-01,6,2024,11,61.0,1,0,0.0787,1,4,1
CUST-10373,2024-07-01,7,2024,12,61.0,1,0,0.03,1,4,1
CUST-10373,2024-08-01,8,2024,13,61.0,1,0,0.03,2,4,1
CUST-10373,2024-09-01,9,2024,14,61.0,1,0,0.03,2,4,1
CUST-10373,2024-10-01,10,2024,15,61.0,1,0,0.03,0,4,1
CUST-10373,2024-11-01,11,2024,16,61.0,1,0,0.0418,2,4,1
CUST-10373,2024-12-01,12,2024,17,61.0,1,0,0.03,2,4,1
CUST-10374,2023-07-01,7,2023,0,190.67,2,1,0.3948,0,10,1
CUST-10374,2023-08-01,8,2023,1,190.67,2,0,0.2328,2,10,1
CUST-10374,2023-09-01,9,2023,2,190.67,2,0,0.2244,2,10,1
CUST-10374,2023-10-01,10,2023,3,190.67,2,1,0.2817,2,10,1
CUST-10374,2023-11-01,11,2023,4,190.67,2,1,0.2864,2,10,1
CUST-10374,2023-12-01,12,2023,5,190.67,2,0,0.1109,0,10,1
CUST-10374,2024-01-01,1,2024,6,190.67,2,0,0.2355,1,10,1
CUST-10374,2024-02-01,2,2024,7,190.67,2,0,0.03,0,10,1
CUST-10374,2024-03-01,3,2024,8,190.67,2,0,0.0454,1,10,1
CUST-10374,2024-04-01,4,2024,9,190.67,2,0,0.03,0,10,1
CUST-10374,2024-05-01,5,2024,10,190.67,2,0,0.0571,5,10,1
CUST-10375,2023-07-01,7,2023,0,932.88,37,31,0.8728,0,7,1
CUST-10375,2023-08-01,8,2023,1,954.07,38,31,0.8352,1,7,1
CUST-10375,2023-09-01,9,2023,2,954.07,38,29,0.7527,0,7,1
CUST-10375,2023-10-01,10,2023,3,890.51,35,29,0.7758,0,7,1
CUST-10375,2023-11-01,11,2023,4,911.7,36,26,0.7388,1,7,1
CUST-10375,2023-12-01,12,2023,5,890.51,35,27,0.7409,0,7,1
CUST-10375,2024-01-01,1,2024,6,869.32,34,26,0.7411,1,7,1
CUST-10375,2024-02-01,2,2024,7,848.14,33,23,0.6723,1,6,1
CUST-10375,2024-03-01,3,2024,8,805.77,31,20,0.6177,1,6,1
CUST-10375,2024-04-01,4,2024,9,763.39,29,18,0.5918,1,6,1
CUST-10375,2024-05-01,5,2024,10,805.77,31,17,0.5912,2,6,1
CUST-10375,2024-06-01,6,2024,11,826.95,32,16,0.5266,0,6,1
CUST-10375,2024-07-01,7,2024,12,826.95,32,12,0.3816,0,6,1
CUST-10375,2024-08-01,8,2024,13,805.77,31,15,0.4542,2,6,1
CUST-10375,2024-09-01,9,2024,14,805.77,31,15,0.4872,1,6,1
CUST-10375,2024-10-01,10,2024,15,805.77,31,17,0.5381,0,6,1
CUST-10375,2024-11-01,11,2024,16,763.39,29,13,0.4157,1,6,1
CUST-10375,2024-12-01,12,2024,17,784.58,30,11,0.3731,1,6,1
CUST-10376,2023-07-01,7,2023,0,80.86,3,1,0.1691,0,10,1
CUST-10376,2023-08-01,8,2023,1,80.86,3,1,0.2169,1,10,1
CUST-10376,2023-09-01,9,2023,2,80.86,3,1,0.2031,0,10,1
CUST-10376,2023-10-01,10,2023,3,80.86,3,1,0.2696,0,10,1
CUST-10376,2023-11-01,11,2023,4,70.24,2,1,0.2586,1,10,1
CUST-10376,2023-12-01,12,2023,5,70.24,2,1,0.3088,1,10,1
CUST-10376,2024-01-01,1,2024,6,70.24,2,1,0.3432,1,10,1
CUST-10376,2024-02-01,2,2024,7,70.24,2,1,0.2829,1,10,1
CUST-10376,2024-03-01,3,2024,8,70.24,2,1,0.3089,1,10,1
CUST-10376,2024-04-01,4,2024,9,70.24,2,1,0.3242,1,10,1
CUST-10376,2024-05-01,5,2024,10,70.24,2,1,0.5154,1,10,1
CUST-10376,2024-06-01,6,2024,11,70.24,2,1,0.4113,1,10,1
CUST-10376,2024-07-01,7,2024,12,70.24,2,1,0.4127,2,10,1
CUST-10376,2024-08-01,8,2024,13,70.24,2,1,0.3385,2,10,1
CUST-10376,2024-09-01,9,2024,14,70.24,2,1,0.4121,0,10,1
CUST-10376,2024-10-01,10,2024,15,70.24,2,1,0.4001,0,10,1
CUST-10376,2024-11-01,11,2024,16,70.24,2,1,0.3991,0,10,1
CUST-10376,2024-12-01,12,2024,17,70.24,2,1,0.4548,2,10,1
CUST-10377,2023-07-01,7,2023,0,292.68,7,4,0.5074,1,10,1
CUST-10377,2023-08-01,8,2023,1,292.68,7,4,0.5033,0,10,1
CUST-10377,2023-09-01,9,2023,2,292.68,7,4,0.5456,2,10,1
CUST-10377,2023-10-01,10,2023,3,292.68,7,3,0.4099,1,10,1
CUST-10378,2023-07-01,7,2023,0,12299.93,416,107,0.2717,2,8,1
CUST-10378,2023-08-01,8,2023,1,11956.63,404,118,0.2838,3,8,1
CUST-10378,2023-09-01,9,2023,2,10983.96,370,38,0.0953,1,8,1
CUST-10378,2023-10-01,10,2023,3,11384.47,384,47,0.1276,3,7,1
CUST-10379,2023-07-01,7,2023,0,127.46,7,4,0.5602,1,10,1
CUST-10379,2023-08-01,8,2023,1,127.46,7,4,0.5678,0,10,1
CUST-10379,2023-09-01,9,2023,2,127.46,7,3,0.4527,1,10,1
CUST-10379,2023-10-01,10,2023,3,127.46,7,3,0.4063,0,10,1
CUST-10379,2023-11-01,11,2023,4,127.46,7,4,0.56,0,10,1
CUST-10379,2023-12-01,12,2023,5,127.46,7,3,0.4477,1,10,1
CUST-10379,2024-01-01,1,2024,6,127.46,7,4,0.5101,0,10,1
CUST-10379,2024-02-01,2,2024,7,127.46,7,3,0.4396,1,10,1
CUST-10379,2024-03-01,3,2024,8,116.25,6,2,0.3731,0,10,1
CUST-10379,2024-04-01,4,2024,9,127.46,7,2,0.3303,1,10,1
CUST-10379,2024-05-01,5,2024,10,127.46,7,3,0.409,0,10,1
CUST-10379,2024-06-01,6,2024,11,127.46,7,3,0.3947,1,10,1
CUST-10379,2024-07-01,7,2024,12,127.46,7,2,0.2887,3,9,1
CUST-10379,2024-08-01,8,2024,13,138.66,8,2,0.3231,0,10,1
CUST-10379,2024-09-01,9,2024,14,138.66,8,3,0.3698,1,10,1
CUST-10379,2024-10-01,10,2024,15,138.66,8,3,0.3638,1,10,1
CUST-10379,2024-11-01,11,2024,16,149.87,9,3,0.2996,2,9,1
CUST-10379,2024-12-01,12,2024,17,149.87,9,3,0.2905,4,9,1
CUST-10380,2023-07-01,7,2023,0,3271.22,69,21,0.3238,1,10,1
CUST-10380,2023-08-01,8,2023,1,3305.6,70,12,0.1785,1,10,1
CUST-10380,2023-09-01,9,2023,2,3168.08,66,22,0.3186,0,10,1
CUST-10380,2023-10-01,10,2023,3,3236.84,68,22,0.3311,0,10,1
CUST-10380,2023-11-01,11,2023,4,3305.6,70,14,0.2113,1,10,1
CUST-10380,2023-12-01,12,2023,5,3271.22,69,24,0.3401,0,10,1
CUST-10380,2024-01-01,1,2024,6,3339.98,71,24,0.3415,0,10,1
CUST-10380,2024-02-01,2,2024,7,3339.98,71,20,0.2853,0,10,1
CUST-10380,2024-03-01,3,2024,8,3168.08,66,20,0.2807,0,10,1
CUST-10380,2024-04-01,4,2024,9,3133.7,65,22,0.3363,0,10,1
CUST-10380,2024-05-01,5,2024,10,3305.6,70,20,0.3104,0,10,1
CUST-10380,2024-06-01,6,2024,11,3305.6,70,18,0.2535,2,10,1
CUST-10380,2024-07-01,7,2024,12,3236.84,68,10,0.1372,0,10,1
CUST-10380,2024-08-01,8,2024,13,3305.6,70,14,0.1997,0,10,1
CUST-10380,2024-09-01,9,2024,14,3271.22,69,23,0.3323,1,10,1
CUST-10380,2024-10-01,10,2024,15,3236.84,68,16,0.2337,0,10,1
CUST-10380,2024-11-01,11,2024,16,3615.02,79,23,0.3327,1,10,1
CUST-10380,2024-12-01,12,2024,17,3580.64,78,32,0.3972,0,10,1
CUST-10381,2023-07-01,7,2023,0,582.94,6,2,0.3024,3,8,1
CUST-10381,2023-08-01,8,2023,1,582.94,6,2,0.2868,0,8,1
CUST-10381,2023-09-01,9,2023,2,582.94,6,1,0.1737,1,8,1
CUST-10381,2023-10-01,10,2023,3,613.59,7,2,0.329,0,8,1
CUST-10381,2023-11-01,11,2023,4,613.59,7,1,0.1549,1,8,1
CUST-10381,2023-12-01,12,2023,5,613.59,7,1,0.1098,4,7,1
CUST-10381,2024-01-01,1,2024,6,613.59,7,1,0.1623,1,8,1
CUST-10381,2024-02-01,2,2024,7,613.59,7,1,0.1479,0,8,1
CUST-10381,2024-03-01,3,2024,8,613.59,7,2,0.2427,1,8,1
CUST-10381,2024-04-01,4,2024,9,613.59,7,2,0.3059,0,8,1
CUST-10381,2024-05-01,5,2024,10,613.59,7,1,0.1327,2,7,1
CUST-10381,2024-06-01,6,2024,11,644.25,8,0,0.0456,1,7,1
CUST-10381,2024-07-01,7,2024,12,644.25,8,0,0.03,0,8,1
CUST-10381,2024-08-01,8,2024,13,644.25,8,0,0.03,0,8,1
CUST-10381,2024-09-01,9,2024,14,674.9,9,0,0.03,0,8,1
CUST-10381,2024-10-01,10,2024,15,644.25,8,0,0.03,3,7,1
CUST-10381,2024-11-01,11,2024,16,644.25,8,0,0.03,1,7,1
CUST-10381,2024-12-01,12,2024,17,644.25,8,0,0.03,1,7,1
CUST-10382,2023-07-01,7,2023,0,100.06,5,3,0.5593,1,8,1
CUST-10382,2023-08-01,8,2023,1,100.06,5,3,0.5342,1,8,1
CUST-10382,2023-09-01,9,2023,2,100.06,5,4,0.6742,2,8,1
CUST-10382,2023-10-01,10,2023,3,110.27,6,3,0.4833,3,7,1
CUST-10382,2023-11-01,11,2023,4,110.27,6,3,0.5729,0,8,1
CUST-10382,2023-12-01,12,2023,5,110.27,6,3,0.5601,1,8,1
CUST-10382,2024-01-01,1,2024,6,110.27,6,3,0.4913,1,8,1
CUST-10382,2024-02-01,2,2024,7,110.27,6,3,0.5494,3,7,1
CUST-10382,2024-03-01,3,2024,8,110.27,6,4,0.6347,3,8,1
CUST-10382,2024-04-01,4,2024,9,110.27,6,3,0.5438,0,8,1
CUST-10382,2024-05-01,5,2024,10,110.27,6,3,0.555,4,7,1
CUST-10382,2024-06-01,6,2024,11,110.27,6,4,0.6143,0,8,1
CUST-10382,2024-07-01,7,2024,12,110.27,6,4,0.6553,2,8,1
CUST-10382,2024-08-01,8,2024,13,110.27,6,3,0.5315,1,8,1
CUST-10382,2024-09-01,9,2024,14,120.48,7,4,0.5539,0,8,1
CUST-10382,2024-10-01,10,2024,15,120.48,7,4,0.533,3,7,1
CUST-10382,2024-11-01,11,2024,16,120.48,7,3,0.4515,2,7,1
CUST-10383,2023-07-01,7,2023,0,382.11,12,2,0.1372,2,7,1
CUST-10383,2023-08-01,8,2023,1,382.11,12,4,34.8,1,7,1
CUST-10383,2023-09-01,9,2023,2,382.11,12,2,0.1379,1,7,1
CUST-10383,2023-10-01,10,2023,3,382.11,12,3,0.2496,1,7,1
CUST-10383,2023-11-01,11,2023,4,401.54,13,3,0.2712,0,7,1
CUST-10383,2023-12-01,12,2023,5,401.54,13,4,0.278,2,7,1
CUST-10383,2024-01-01,1,2024,6,401.54,13,3,0.245,0,7,1
CUST-10383,2024-02-01,2,2024,7,401.54,13,4,0.3228,2,7,1
CUST-10383,2024-03-01,3,2024,8,382.11,12,4,0.3489,1,7,1
CUST-10383,2024-04-01,4,2024,9,382.11,12,5,0.3999,2,7,1
CUST-10383,2024-05-01,5,2024,10,382.11,12,4,0.3648,1,7,1
CUST-10383,2024-06-01,6,2024,11,362.69,11,5,0.4247,0,8,1
CUST-10383,2024-07-01,7,2024,12,362.69,11,4,0.3999,2,7,1
CUST-10383,2024-08-01,8,2024,13,362.69,11,4,0.3973,2,7,1
CUST-10383,2024-09-01,9,2024,14,362.69,11,6,0.5089,1,8,1
CUST-10383,2024-10-01,10,2024,15,362.69,11,5,0.4332,0,8,1
CUST-10384,2023-07-01,7,2023,0,90.33,4,2,0.5387,0,6,1
CUST-10384,2023-08-01,8,2023,1,80.0,3,2,0.6558,0,6,1
CUST-10384,2023-09-01,9,2023,2,80.0,3,2,0.641,2,5,1
CUST-10384,2023-10-01,10,2023,3,80.0,3,2,0.559,1,5,1
CUST-10384,2023-11-01,11,2023,4,90.33,4,2,0.5697,3,5,1
CUST-10384,2023-12-01,12,2023,5,90.33,4,2,0.5596,3,5,1
CUST-10384,2024-01-01,1,2024,6,90.33,4,2,0.4484,2,5,1
CUST-10384,2024-02-01,2,2024,7,90.33,4,2,0.4974,2,5,1
CUST-10384,2024-03-01,3,2024,8,90.33,4,2,0.4787,0,5,1
CUST-10384,2024-04-01,4,2024,9,90.33,4,2,0.5127,2,5,1
CUST-10384,2024-05-01,5,2024,10,90.33,4,2,0.4024,2,5,1
CUST-10384,2024-06-01,6,2024,11,90.33,4,2,43.1,5,4,1
CUST-10384,2024-07-01,7,2024,12,90.33,4,1,0.3118,2,5,1
CUST-10384,2024-08-01,8,2024,13,90.33,4,1,0.3804,3,5,1
CUST-10384,2024-09-01,9,2024,14,90.33,4,2,0.3959,0,5,1
CUST-10384,2024-10-01,10,2024,15,90.33,4,1,0.2743,1,5,1
CUST-10384,2024-11-01,11,2024,16,90.33,4,1,0.3285,1,5,1
CUST-10384,2024-12-01,12,2024,17,90.33,4,1,0.3134,1,5,1
CUST-10385,2023-07-01,7,2023,0,127.37,7,0,0.0699,0,6,1
CUST-10385,2023-08-01,8,2023,1,127.37,7,1,0.1169,4,5,1
CUST-10386,2023-07-01,7,2023,0,616.28,24,17,0.7008,1,3,1
CUST-10386,2023-08-01,8,2023,1,635.75,25,19,0.7744,0,4,1
CUST-10386,2023-09-01,9,2023,2,635.75,25,19,0.7813,2,3,1
CUST-10386,2023-10-01,10,2023,3,655.22,26,22,0.8728,1,4,1
CUST-10386,2023-11-01,11,2023,4,674.69,27,25,98.2,1,4,1
CUST-10386,2023-12-01,12,2023,5,674.69,27,27,1.0,0,4,1
CUST-10386,2024-01-01,1,2024,6,694.16,28,27,1.0,1,4,1
CUST-10386,2024-02-01,2,2024,7,694.16,28,28,1.0,1,4,1
CUST-10387,2023-07-01,7,2023,0,207.28,3,0,0.03,1,4,1
CUST-10387,2023-08-01,8,2023,1,207.28,3,0,0.03,1,4,1
CUST-10387,2023-09-01,9,2023,2,207.28,3,0,0.03,0,5,1
CUST-10387,2023-10-01,10,2023,3,207.28,3,0,0.03,0,5,1
CUST-10387,2023-11-01,11,2023,4,207.28,3,0,0.03,0,5,1
CUST-10387,2023-12-01,12,2023,5,207.28,3,0,0.0539,1,4,1
CUST-10387,2024-01-01,1,2024,6,207.28,3,0,0.0378,0,5,1
CUST-10387,2024-02-01,2,2024,7,207.28,3,0,0.0505,0,5,1
CUST-10387,2024-03-01,3,2024,8,207.28,3,0,0.03,0,5,1
CUST-10387,2024-04-01,4,2024,9,207.28,3,0,0.03,0,5,1
CUST-10387,2024-05-01,5,2024,10,207.28,3,0,0.03,0,5,1
CUST-10387,2024-06-01,6,2024,11,207.28,3,0,0.03,0,5,1
CUST-10387,2024-07-01,7,2024,12,207.28,3,0,0.03,0,5,1
CUST-10387,2024-08-01,8,2024,13,207.28,3,0,0.114,0,5,1
CUST-10387,2024-09-01,9,2024,14,207.28,3,0,0.1148,1,5,1
CUST-10387,2024-10-01,10,2024,15,207.28,3,0,9.9,1,5,1
CUST-10387,2024-11-01,11,2024,16,187.85,2,0,0.1058,0,5,1
CUST-10387,2024-12-01,12,2024,17,187.85,2,0,0.03,3,4,1
CUST-10388,2023-07-01,7,2023,0,237.0,4,0,0.1241,0,7,1
CUST-10388,2023-08-01,8,2023,1,237.0,4,0,0.03,2,7,1
CUST-10388,2023-09-01,9,2023,2,237.0,4,0,0.0594,3,6,1
CUST-10388,2023-10-01,10,2023,3,237.0,4,0,0.0439,1,7,1
CUST-10388,2023-11-01,11,2023,4,215.0,3,0,0.03,5,6,1
CUST-10388,2023-12-01,12,2023,5,215.0,3,0,0.0697,1,7,1
CUST-10388,2024-01-01,1,2024,6,215.0,3,0,0.03,2,7,1
CUST-10388,2024-02-01,2,2024,7,215.0,3,0,0.03,3,6,1
CUST-10388,2024-03-01,3,2024,8,215.0,3,0,0.03,1,7,1
CUST-10389,2023-07-01,7,2023,0,434.45,15,7,0.488,1,9,1
CUST-10389,2023-08-01,8,2023,1,415.42,14,6,0.3735,2,9,1
CUST-10389,2023-09-01,9,2023,2,415.42,14,6,0.4413,0,9,1
CUST-10389,2023-10-01,10,2023,3,415.42,14,6,0.4537,1,9,1
CUST-10389,2023-11-01,11,2023,4,434.45,15,6,0.4006,0,9,1
CUST-10390,2023-07-01,7,2023,0,2078.76,27,8,0.299,3,5,1
CUST-10390,2023-08-01,8,2023,1,2122.46,28,8,0.2797,0,6,1
CUST-10390,2023-09-01,9,2023,2,2166.15,29,5,0.1931,5,4,1
CUST-10390,2023-10-01,10,2023,3,2166.15,29,11,0.3585,1,6,1
CUST-10390,2023-11-01,11,2023,4,2209.85,30,5,0.1607,1,5,1
CUST-10390,2023-12-01,12,2023,5,2122.46,28,5,0.1843,2,5,1
CUST-10390,2024-01-01,1,2024,6,2253.55,31,5,0.1704,0,5,1
CUST-10390,2024-02-01,2,2024,7,2297.24,32,9,0.2978,4,5,1
CUST-10390,2024-03-01,3,2024,8,2340.93,33,8,0.2452,1,5,1
CUST-10391,2023-07-01,7,2023,0,1748.87,19,14,0.7142,0,8,1
CUST-10391,2023-08-01,8,2023,1,1793.6,20,15,0.774,0,9,1
CUST-10391,2023-09-01,9,2023,2,1793.6,20,12,0.6203,1,8,1
CUST-10391,2023-10-01,10,2023,3,1748.87,19,13,0.6245,0,8,1
CUST-10391,2023-11-01,11,2023,4,1793.6,20,11,0.593,0,8,1
CUST-10391,2023-12-01,12,2023,5,1793.6,20,10,0.4952,0,8,1
CUST-10391,2024-01-01,1,2024,6,1793.6,20,8,0.4132,0,8,1
CUST-10391,2024-02-01,2,2024,7,1793.6,20,9,0.4606,2,7,1
CUST-10391,2024-03-01,3,2024,8,1838.33,21,7,0.3671,0,8,1
CUST-10391,2024-04-01,4,2024,9,1838.33,21,11,0.5309,0,8,1
CUST-10391,2024-05-01,5,2024,10,1883.06,22,8,0.3846,0,8,1
CUST-10391,2024-06-01,6,2024,11,1883.06,22,6,0.2949,0,7,1
CUST-10391,2024-07-01,7,2024,12,1972.52,24,3,0.1157,1,7,1
CUST-10391,2024-08-01,8,2024,13,1972.52,24,1,0.0448,1,7,1
CUST-10391,2024-09-01,9,2024,14,1927.79,23,8,0.3428,0,8,1
CUST-10391,2024-10-01,10,2024,15,1972.52,24,4,0.1794,1,7,1
CUST-10391,2024-11-01,11,2024,16,1883.06,22,2,0.0853,0,7,1
CUST-10391,2024-12-01,12,2024,17,1838.33,21,4,0.1577,0,7,1
CUST-10392,2023-07-01,7,2023,0,2640.66,83,38,0.4727,0,7,1
CUST-10393,2023-07-01,7,2023,0,68.22,2,1,0.3936,1,6,1
CUST-10393,2023-08-01,8,2023,1,68.22,2,1,0.4632,0,7,1
CUST-10393,2023-09-01,9,2023,2,68.22,2,1,0.3185,2,6,1
CUST-10393,2023-10-01,10,2023,3,68.22,2,1,0.2683,2,6,1
CUST-10393,2023-11-01,11,2023,4,68.22,2,0,0.2713,1,6,1
CUST-10393,2023-12-01,12,2023,5,68.22,2,1,0.2814,0,6,1
CUST-10393,2024-01-01,1,2024,6,68.22,2,0,0.1571,1,6,1
CUST-10393,2024-02-01,2,2024,7,68.22,2,0,17.3,4,5,1
CUST-10393,2024-03-01,3,2024,8,68.22,2,0,0.1422,5,5,1
CUST-10393,2024-04-01,4,2024,9,68.22,2,0,0.1057,1,6,1
CUST-10393,2024-05-01,5,2024,10,68.22,2,0,0.0849,0,6,1
CUST-10393,2024-06-01,6,2024,11,68.22,2,0,0.03,0,6,1
CUST-10393,2024-07-01,7,2024,12,68.22,2,0,0.03,1,5,1
CUST-10393,2024-08-01,8,2024,13,68.22,2,0,0.03,2,5,1
CUST-10393,2024-09-01,9,2024,14,68.22,2,0,0.03,3,5,1
CUST-10393,2024-10-01,10,2024,15,68.22,2,0,0.03,1,5,1
CUST-10393,2024-11-01,11,2024,16,68.22,2,0,0.03,4,5,1
CUST-10393,2024-12-01,12,2024,17,68.22,2,0,0.03,5,5,1
CUST-10394,2023-07-01,7,2023,0,59.28,1,0,0.083,0,6,1
CUST-10394,2023-08-01,8,2023,1,59.28,1,0,0.0378,2,6,1
CUST-10394,2023-09-01,9,2023,2,59.28,1,0,0.214,4,6,1
CUST-10394,2023-10-01,10,2023,3,59.28,1,0,0.03,3,6,1
CUST-10394,2023-11-01,11,2023,4,59.28,1,0,0.03,2,6,1
CUST-10394,2023-12-01,12,2023,5,59.28,1,0,0.03,3,6,1
CUST-10394,2024-01-01,1,2024,6,59.28,1,0,0.03,2,6,1
CUST-10394,2024-02-01,2,2024,7,59.28,1,0,0.03,3,6,1
CUST-10394,2024-03-01,3,2024,8,59.28,1,0,0.03,2,6,1
CUST-10394,2024-04-01,4,2024,9,59.28,1,0,0.03,1,6,1
CUST-10394,2024-05-01,5,2024,10,59.28,1,0,0.03,1,6,1
CUST-10394,2024-06-01,6,2024,11,59.28,1,0,0.03,3,6,1
CUST-10394,2024-07-01,7,2024,12,59.28,1,0,0.03,3,6,1
CUST-10394,2024-08-01,8,2024,13,59.28,1,0,0.03,3,6,1
CUST-10394,2024-09-01,9,2024,14,59.28,1,0,0.03,1,6,1
CUST-10394,2024-10-01,10,2024,15,59.28,1,0,0.03,4,5,1
CUST-10394,2024-11-01,11,2024,16,59.28,1,0,0.03,3,6,1
CUST-10394,2024-12-01,12,2024,17,59.28,1,0,0.03,4,5,1
CUST-10395,2023-07-01,7,2023,0,7431.83,272,148,0.5676,2,4,1
CUST-10395,2023-08-01,8,2023,1,7742.1,284,155,0.5682,1,4,1
CUST-10395,2023-09-01,9,2023,2,8000.66,294,144,0.5057,0,4,1
CUST-10395,2023-10-01,10,2023,3,8052.38,296,156,0.5319,1,4,1
CUST-10395,2023-11-01,11,2023,4,8440.22,311,176,0.5943,2,4,1
CUST-10396,2023-07-01,7,2023,0,757.96,32,16,0.4973,1,9,1
CUST-10396,2023-08-01,8,2023,1,796.02,34,19,0.5779,0,9,1
CUST-10396,2023-09-01,9,2023,2,796.02,34,19,0.5574,1,9,1
CUST-10396,2023-10-01,10,2023,3,853.11,37,22,0.6364,2,9,1
CUST-10396,2023-11-01,11,2023,4,796.02,34,20,0.5464,2,9,1
CUST-10396,2023-12-01,12,2023,5,853.11,37,22,0.6524,0,10,1
CUST-10396,2024-01-01,1,2024,6,815.05,35,20,0.552,4,8,1
CUST-10396,2024-02-01,2,2024,7,796.02,34,17,0.491,1,9,1
CUST-10396,2024-03-01,3,2024,8,757.96,32,19,0.5503,0,9,1
CUST-10396,2024-04-01,4,2024,9,700.87,29,16,0.5129,3,9,1
CUST-10397,2023-07-01,7,2023,0,500.56,17,6,0.3298,0,5,1
CUST-10397,2023-08-01,8,2023,1,500.56,17,6,0.3573,0,5,1
CUST-10397,2023-09-01,9,2023,2,500.56,17,5,0.3085,0,5,1
CUST-10397,2023-10-01,10,2023,3,479.88,16,4,0.2486,0,5,1
CUST-10397,2023-11-01,11,2023,4,479.88,16,4,0.234,1,5,1
CUST-10397,2023-12-01,12,2023,5,479.88,16,4,0.2498,1,5,1
CUST-10397,2024-01-01,1,2024,6,479.88,16,3,0.173,2,4,1
CUST-10397,2024-02-01,2,2024,7,479.88,16,2,0.13,3,4,1
CUST-10397,2024-03-01,3,2024,8,479.88,16,1,0.054,2,4,1
CUST-10397,2024-04-01,4,2024,9,500.56,17,3,0.2011,1,4,1
CUST-10397,2024-05-01,5,2024,10,500.56,17,1,0.03,2,4,1
CUST-10397,2024-06-01,6,2024,11,500.56,17,0,0.03,1,4,1
CUST-10397,2024-07-01,7,2024,12,521.24,18,1,0.03,0,4,1
CUST-10397,2024-08-01,8,2024,13,500.56,17,1,0.03,0,4,1
CUST-10397,2024-09-01,9,2024,14,521.24,18,1,0.03,3,4,1
CUST-10397,2024-10-01,10,2024,15,500.56,17,1,0.03,2,4,1
CUST-10397,2024-11-01,11,2024,16,500.56,17,1,0.03,1,4,1
CUST-10397,2024-12-01,12,2024,17,479.88,16,0,0.03,2,4,1
CUST-10398,2023-07-01,7,2023,0,2905.25,259,183,0.7692,0,6,1
CUST-10398,2023-08-01,8,2023,1,2839.08,253,206,0.7949,0,6,1
CUST-10398,2023-09-01,9,2023,2,2684.69,239,211,0.8347,0,6,1
CUST-10398,2023-10-01,10,2023,3,2596.47,231,189,0.7927,0,6,1
CUST-10398,2023-11-01,11,2023,4,2794.97,249,200,0.8663,1,6,1
CUST-10398,2023-12-01,12,2023,5,2828.06,252,210,0.8435,0,6,1
CUST-10398,2024-01-01,1,2024,6,3048.62,272,195,0.7737,0,6,1
CUST-10398,2024-02-01,2,2024,7,3114.78,278,215,0.7904,2,6,1
CUST-10398,2024-03-01,3,2024,8,3081.7,275,250,0.9002,0,7,1
CUST-10398,2024-04-01,4,2024,9,2971.42,265,259,0.9434,0,7,1
CUST-10398,2024-05-01,5,2024,10,3147.87,281,253,0.9564,0,7,1
CUST-10398,2024-06-01,6,2024,11,3600.02,322,239,0.8505,1,6,1
CUST-10398,2024-07-01,7,2024,12,3853.66,345,308,0.9562,1,6,1
CUST-10398,2024-08-01,8,2024,13,4228.61,379,340,0.9861,0,7,1
CUST-10398,2024-09-01,9,2024,14,4305.81,386,379,1.0,0,7,1
CUST-10398,2024-10-01,10,2024,15,4394.03,394,386,1.0,0,7,1
CUST-10398,2024-11-01,11,2024,16,4989.54,448,394,1.0,2,6,1
CUST-10398,2024-12-01,12,2024,17,4746.93,426,448,1.0,0,7,1
CUST-10399,2023-07-01,7,2023,0,689.24,10,2,0.1978,2,6,1
CUST-10399,2023-08-01,8,2023,1,689.24,10,1,0.1362,2,6,1
CUST-10399,2023-09-01,9,2023,2,689.24,10,0,0.03,3,5,1
CUST-10399,2023-10-01,10,2023,3,660.22,9,2,0.1618,1,6,1
CUST-10399,2023-11-01,11,2023,4,689.24,10,1,0.1063,2,6,1
CUST-10399,2023-12-01,12,2023,5,689.24,10,1,0.132,0,6,1
CUST-10399,2024-01-01,1,2024,6,689.24,10,1,0.0583,2,6,1
CUST-10399,2024-02-01,2,2024,7,689.24,10,1,0.1482,4,5,1
CUST-10399,2024-03-01,3,2024,8,718.26,11,0,0.03,5,5,1
CUST-10399,2024-04-01,4,2024,9,747.29,12,2,0.1931,1,6,1
CUST-10399,2024-05-01,5,2024,10,747.29,12,2,0.1603,0,6,1
CUST-10399,2024-06-01,6,2024,11,776.31,13,1,0.1114,1,6,1
CUST-10399,2024-07-01,7,2024,12,776.31,13,2,0.1771,1,6,1
CUST-10399,2024-08-01,8,2024,13,805.34,14,2,0.1424,2,6,1
CUST-10399,2024-09-01,9,2024,14,805.34,14,1,0.0665,1,6,1
CUST-10399,2024-10-01,10,2024,15,805.34,14,2,0.1138,2,6,1
CUST-10399,2024-11-01,11,2024,16,805.34,14,1,0.0518,2,6,1
CUST-10399,2024-12-01,12,2024,17,863.38,16,0,0.03,4,5,1
CUST-10400,2023-07-01,7,2023,0,223.8,4,1,0.3459,3,6,1
CUST-10401,2023-07-01,7,2023,0,61.0,1,1,0.5616,4,8,1
CUST-10401,2023-08-01,8,2023,1,61.0,1,1,0.5272,2,8,1
CUST-10401,2023-09-01,9,2023,2,61.0,1,1,0.5622,3,8,1
CUST-10401,2023-10-01,10,2023,3,61.0,1,1,0.5596,6,7,1
CUST-10401,2023-11-01,11,2023,4,61.0,1,1,0.5369,2,8,1
CUST-10401,2023-12-01,12,2023,5,61.0,1,1,0.511,4,8,1
CUST-10401,2024-01-01,1,2024,6,61.0,1,1,0.5382,3,8,1
CUST-10401,2024-02-01,2,2024,7,61.0,1,1,0.5864,2,8,1
CUST-10401,2024-03-01,3,2024,8,61.0,1,1,0.5367,1,8,1
CUST-10401,2024-04-01,4,2024,9,61.0,1,1,0.6031,1,8,1
CUST-10401,2024-05-01,5,2024,10,61.0,1,1,0.6504,4,8,1
CUST-10401,2024-06-01,6,2024,11,61.0,1,1,0.6474,4,8,1
CUST-10401,2024-07-01,7,2024,12,61.0,1,1,0.5617,3,8,1
CUST-10401,2024-08-01,8,2024,13,61.0,1,1,0.5063,2,8,1
CUST-10401,2024-09-01,9,2024,14,61.0,1,1,0.4503,5,7,1
CUST-10401,2024-10-01,10,2024,15,61.0,1,0,0.3759,3,7,1
CUST-10401,2024-11-01,11,2024,16,61.0,1,1,0.5601,3,8,1
CUST-10401,2024-12-01,12,2024,17,61.0,1,1,0.6579,1,9,1
CUST-10402,2023-07-01,7,2023,0,457.0,14,5,0.3841,5,8,1
CUST-10402,2023-08-01,8,2023,1,479.0,15,6,0.4086,3,9,1
CUST-10402,2023-09-01,9,2023,2,479.0,15,6,0.4072,2,9,1
CUST-10402,2023-10-01,10,2023,3,523.0,17,6,0.4172,1,9,1
CUST-10402,2023-11-01,11,2023,4,523.0,17,4,0.2231,0,9,1
CUST-10402,2023-12-01,12,2023,5,545.0,18,3,0.1956,0,9,1
CUST-10402,2024-01-01,1,2024,6,567.0,19,4,0.2125,2,9,1
CUST-10402,2024-02-01,2,2024,7,567.0,19,3,0.1487,4,8,1
CUST-10402,2024-03-01,3,2024,8,589.0,20,5,0.2668,2,9,1
CUST-10402,2024-04-01,4,2024,9,611.0,21,3,0.1443,2,8,1
CUST-10402,2024-05-01,5,2024,10,589.0,20,3,0.1206,3,8,1
CUST-10402,2024-06-01,6,2024,11,611.0,21,3,0.1562,4,8,1
CUST-10402,2024-07-01,7,2024,12,611.0,21,2,0.0845,3,8,1
CUST-10402,2024-08-01,8,2024,13,633.0,22,1,0.03,2,8,1
CUST-10402,2024-09-01,9,2024,14,677.0,24,1,0.03,4,8,1
CUST-10402,2024-10-01,10,2024,15,677.0,24,1,0.03,4,8,1
CUST-10402,2024-11-01,11,2024,16,699.0,25,1,0.03,1,8,1
CUST-10402,2024-12-01,12,2024,17,721.0,26,1,0.03,3,8,1
CUST-10403,2023-07-01,7,2023,0,237.57,18,4,0.2376,1,7,1
CUST-10403,2023-08-01,8,2023,1,258.52,20,5,0.2855,1,7,1
CUST-10403,2023-09-01,9,2023,2,248.04,19,8,0.3858,2,7,1
CUST-10403,2023-10-01,10,2023,3,269.0,21,5,0.2859,0,7,1
CUST-10403,2023-11-01,11,2023,4,289.95,23,6,0.2806,1,7,1
CUST-10403,2023-12-01,12,2023,5,279.47,22,9,0.3809,1,7,1
CUST-10403,2024-01-01,1,2024,6,289.95,23,9,0.393,1,7,1
CUST-10404,2023-07-01,7,2023,0,438.7,16,4,0.252,0,6,1
CUST-10405,2023-07-01,7,2023,0,213.88,15,8,0.5377,1,8,1
CUST-10405,2023-08-01,8,2023,1,213.88,15,7,0.4727,3,8,1
CUST-10405,2023-09-01,9,2023,2,224.87,16,8,0.5269,0,9,1
CUST-10406,2023-07-01,7,2023,0,259.0,5,4,0.7057,0,7,1
CUST-10406,2023-08-01,8,2023,1,259.0,5,3,0.5685,1,6,1
CUST-10406,2023-09-01,9,2023,2,259.0,5,3,0.5246,0,6,1
CUST-10406,2023-10-01,10,2023,3,259.0,5,3,59.1,0,6,1
CUST-10406,2023-11-01,11,2023,4,281.0,6,2,0.4533,1,6,1
CUST-10406,2023-12-01,12,2023,5,303.0,7,2,0.3202,0,6,1
CUST-10406,2024-01-01,1,2024,6,303.0,7,3,0.4123,0,6,1
CUST-10406,2024-02-01,2,2024,7,303.0,7,2,0.3091,0,6,1
CUST-10406,2024-03-01,3,2024,8,325.0,8,3,0.4194,0,6,1
CUST-10406,2024-04-01,4,2024,9,325.0,8,2,0.2829,0,6,1
CUST-10406,2024-05-01,5,2024,10,303.0,7,1,0.1029,1,5,1
CUST-10406,2024-06-01,6,2024,11,325.0,8,1,0.2,0,5,1
CUST-10406,2024-07-01,7,2024,12,325.0,8,2,0.2869,1,5,1
CUST-10406,2024-08-01,8,2024,13,347.0,9,1,0.1693,1,5,1
CUST-10406,2024-09-01,9,2024,14,347.0,9,1,0.1292,1,5,1
CUST-10406,2024-10-01,10,2024,15,347.0,9,0,0.03,1,5,1
CUST-10406,2024-11-01,11,2024,16,347.0,9,0,0.03,1,5,1
CUST-10406,2024-12-01,12,2024,17,369.0,10,1,0.0589,1,5,1
CUST-10407,2023-07-01,7,2023,0,2741.75,50,37,0.7199,1,9,1
CUST-10407,2023-08-01,8,2023,1,2815.46,52,31,0.6226,0,9,1
CUST-10407,2023-09-01,9,2023,2,2741.75,50,35,0.6835,0,9,1
CUST-10407,2023-10-01,10,2023,3,2704.89,49,37,0.7507,0,9,1
CUST-10407,2023-11-01,11,2023,4,2741.75,50,36,0.7414,0,9,1
CUST-10407,2023-12-01,12,2023,5,2668.04,48,37,0.7427,1,9,1
CUST-10407,2024-01-01,1,2024,6,2631.18,47,37,0.7647,0,9,1
CUST-10408,2023-07-01,7,2023,0,2984.39,47,19,0.3947,1,6,1
CUST-10408,2023-08-01,8,2023,1,2984.39,47,15,30.6,4,5,1
CUST-10408,2023-09-01,9,2023,2,2984.39,47,24,0.508,1,6,1
CUST-10408,2023-10-01,10,2023,3,3073.13,49,13,0.2783,0,6,1
CUST-10409,2023-07-01,7,2023,0,71.92,2,0,19.3,3,7,1
CUST-10410,2023-07-01,7,2023,0,1443.05,13,3,0.2322,0,9,1
CUST-10410,2023-08-01,8,2023,1,1443.05,13,3,0.2586,1,9,1
CUST-10410,2023-09-01,9,2023,2,1484.9,14,3,0.1928,1,9,1
CUST-10410,2023-10-01,10,2023,3,1443.05,13,2,0.1614,1,8,1
CUST-10410,2023-11-01,11,2023,4,1443.05,13,1,0.1022,0,9,1
CUST-10410,2023-12-01,12,2023,5,1484.9,14,0,0.03,0,8,1
CUST-10410,2024-01-01,1,2024,6,1484.9,14,0,0.03,1,8,1
CUST-10410,2024-02-01,2,2024,7,1484.9,14,0,0.03,0,8,1
CUST-10410,2024-03-01,3,2024,8,1484.9,14,1,0.0565,0,8,1
CUST-10410,2024-04-01,4,2024,9,1443.05,13,1,0.0711,2,8,1
CUST-10411,2023-07-01,7,2023,0,4272.41,154,23,0.1434,1,5,1
CUST-10411,2023-08-01,8,2023,1,4498.78,163,16,0.1051,1,5,1
CUST-10411,2023-09-01,9,2023,2,4599.38,167,5,0.03,3,4,1
CUST-10411,2023-10-01,10,2023,3,4297.56,155,5,0.03,1,5,1
CUST-10411,2023-11-01,11,2023,4,3995.74,143,5,0.03,3,4,1
CUST-10411,2023-12-01,12,2023,5,3719.06,132,4,0.03,2,5,1
CUST-10411,2024-01-01,1,2024,6,3593.3,127,4,0.03,0,5,1
CUST-10411,2024-02-01,2,2024,7,3769.37,134,4,0.03,1,5,1
CUST-10412,2023-07-01,7,2023,0,109.0,5,4,0.8306,0,8,1
CUST-10412,2023-08-01,8,2023,1,109.0,5,4,0.859,2,8,1
CUST-10412,2023-09-01,9,2023,2,121.0,6,5,0.8483,0,8,1
CUST-10412,2023-10-01,10,2023,3,133.0,7,5,0.7441,0,8,1
CUST-10412,2023-11-01,11,2023,4,145.0,8,4,0.6738,0,8,1
CUST-10412,2023-12-01,12,2023,5,145.0,8,5,0.7238,2,8,1
CUST-10412,2024-01-01,1,2024,6,145.0,8,5,0.7284,1,8,1
CUST-10412,2024-02-01,2,2024,7,145.0,8,5,0.6654,2,8,1
CUST-10412,2024-03-01,3,2024,8,145.0,8,5,0.6008,1,8,1
CUST-10412,2024-04-01,4,2024,9,145.0,8,6,0.7799,1,8,1
CUST-10412,2024-05-01,5,2024,10,145.0,8,6,0.7436,3,8,1
CUST-10412,2024-06-01,6,2024,11,145.0,8,6,0.7665,0,8,1
CUST-10412,2024-07-01,7,2024,12,145.0,8,6,0.7754,1,8,1
CUST-10412,2024-08-01,8,2024,13,145.0,8,5,0.6208,0,8,1
CUST-10412,2024-09-01,9,2024,14,145.0,8,5,0.5724,0,8,1
CUST-10412,2024-10-01,10,2024,15,157.0,9,4,0.506,0,8,1
CUST-10412,2024-11-01,11,2024,16,157.0,9,7,0.7879,0,8,1
CUST-10412,2024-12-01,12,2024,17,157.0,9,6,0.6228,0,8,1
CUST-10413,2023-07-01,7,2023,0,2315.91,37,14,0.3779,1,10,1
CUST-10413,2023-08-01,8,2023,1,2354.21,38,8,0.223,0,10,1
CUST-10413,2023-09-01,9,2023,2,2430.8,40,12,0.3095,0,10,1
CUST-10413,2023-10-01,10,2023,3,2469.1,41,13,0.3189,0,10,1
CUST-10413,2023-11-01,11,2023,4,2545.68,43,5,0.1219,1,9,1
CUST-10413,2023-12-01,12,2023,5,2660.57,46,9,0.2182,0,10,1
CUST-10413,2024-01-01,1,2024,6,2737.16,48,3,0.0751,0,9,1
CUST-10413,2024-02-01,2,2024,7,2775.45,49,2,0.037,0,9,1
CUST-10413,2024-03-01,3,2024,8,2813.75,50,1,0.03,0,9,1
CUST-10413,2024-04-01,4,2024,9,2813.75,50,2,0.03,1,9,1
CUST-10413,2024-05-01,5,2024,10,2737.16,48,1,0.03,0,9,1
CUST-10413,2024-06-01,6,2024,11,2890.34,52,1,0.03,0,9,1
CUST-10413,2024-07-01,7,2024,12,3005.22,55,2,0.03,0,9,1
CUST-10413,2024-08-01,8,2024,13,2928.64,53,2,0.03,0,9,1
CUST-10413,2024-09-01,9,2024,14,2966.93,54,2,0.03,0,9,1
CUST-10413,2024-10-01,10,2024,15,2928.64,53,2,0.03,1,9,1
CUST-10413,2024-11-01,11,2024,16,2813.75,50,2,0.03,0,9,1
CUST-10413,2024-12-01,12,2024,17,2775.45,49,2,0.03,0,9,1
CUST-10414,2023-07-01,7,2023,0,81.11,3,0,0.03,1,5,1
CUST-10414,2023-08-01,8,2023,1,81.11,3,0,0.0633,1,5,1
CUST-10414,2023-09-01,9,2023,2,81.11,3,0,0.03,3,5,1
CUST-10414,2023-10-01,10,2023,3,81.11,3,0,0.1324,1,6,1
CUST-10414,2023-11-01,11,2023,4,81.11,3,0,0.03,2,5,1
CUST-10414,2023-12-01,12,2023,5,70.41,2,0,0.0384,1,5,1
CUST-10414,2024-01-01,1,2024,6,81.11,3,0,0.0965,0,6,1
CUST-10414,2024-02-01,2,2024,7,81.11,3,0,0.0382,2,5,1
CUST-10414,2024-03-01,3,2024,8,81.11,3,0,0.03,1,5,1
CUST-10414,2024-04-01,4,2024,9,81.11,3,0,0.03,1,5,1
CUST-10414,2024-05-01,5,2024,10,81.11,3,0,0.1211,3,5,1
CUST-10414,2024-06-01,6,2024,11,81.11,3,1,0.213,2,6,1
CUST-10414,2024-07-01,7,2024,12,81.11,3,0,0.1596,2,5,1
CUST-10414,2024-08-01,8,2024,13,81.11,3,0,0.1171,1,6,1
CUST-10414,2024-09-01,9,2024,14,81.11,3,1,0.1841,2,5,1
CUST-10414,2024-10-01,10,2024,15,81.11,3,1,0.1651,1,6,1
CUST-10414,2024-11-01,11,2024,16,81.11,3,0,0.1648,1,6,1
CUST-10414,2024-12-01,12,2024,17,81.11,3,1,0.2581,3,5,1
CUST-10415,2023-07-01,7,2023,0,527.0,4,1,0.3215,2,8,1
CUST-10415,2023-08-01,8,2023,1,527.0,4,1,0.1473,1,8,1
CUST-10415,2023-09-01,9,2023,2,527.0,4,1,0.2932,0,8,1
CUST-10415,2023-10-01,10,2023,3,527.0,4,1,0.2216,0,8,1
CUST-10415,2023-11-01,11,2023,4,527.0,4,0,0.1155,0,8,1
CUST-10415,2023-12-01,12,2023,5,527.0,4,1,0.2465,2,8,1
CUST-10415,2024-01-01,1,2024,6,527.0,4,1,0.1737,3,7,1
CUST-10415,2024-02-01,2,2024,7,527.0,4,0,0.0318,1,7,1
CUST-10415,2024-03-01,3,2024,8,527.0,4,0,0.0636,0,8,1
CUST-10415,2024-04-01,4,2024,9,527.0,4,0,0.0822,4,7,1
CUST-10415,2024-05-01,5,2024,10,559.0,5,0,0.0669,1,7,1
CUST-10415,2024-06-01,6,2024,11,559.0,5,0,0.0547,1,7,1
CUST-10415,2024-07-01,7,2024,12,559.0,5,0,0.03,0,8,1
CUST-10415,2024-08-01,8,2024,13,559.0,5,0,0.03,1,7,1
CUST-10415,2024-09-01,9,2024,14,527.0,4,0,0.03,1,7,1
CUST-10415,2024-10-01,10,2024,15,559.0,5,0,0.03,2,7,1
CUST-10415,2024-11-01,11,2024,16,527.0,4,0,0.03,0,8,1
CUST-10415,2024-12-01,12,2024,17,559.0,5,0,0.03,7,6,1
CUST-10416,2023-07-01,7,2023,0,71.73,2,1,0.6135,1,9,1
CUST-10416,2023-08-01,8,2023,1,71.73,2,1,0.5733,2,8,1
CUST-10416,2023-09-01,9,2023,2,71.73,2,1,0.6244,2,8,1
CUST-10416,2023-10-01,10,2023,3,71.73,2,1,0.5277,1,8,1
CUST-10416,2023-11-01,11,2023,4,71.73,2,1,0.477,2,8,1
CUST-10416,2023-12-01,12,2023,5,71.73,2,1,0.4217,4,8,1
CUST-10416,2024-01-01,1,2024,6,71.73,2,1,0.723,2,9,1
CUST-10416,2024-02-01,2,2024,7,60.36,1,1,0.5936,0,9,1
CUST-10416,2024-03-01,3,2024,8,71.73,2,1,0.5783,3,8,1
CUST-10416,2024-04-01,4,2024,9,60.36,1,1,0.562,3,8,1
CUST-10416,2024-05-01,5,2024,10,60.36,1,1,0.5582,2,8,1
CUST-10416,2024-06-01,6,2024,11,60.36,1,1,0.5155,0,9,1
CUST-10416,2024-07-01,7,2024,12,71.73,2,1,0.4851,4,8,1
CUST-10416,2024-08-01,8,2024,13,60.36,1,1,0.5285,0,9,1
CUST-10416,2024-09-01,9,2024,14,60.36,1,1,0.4053,3,8,1
CUST-10416,2024-10-01,10,2024,15,60.36,1,1,0.5077,4,8,1
CUST-10417,2023-07-01,7,2023,0,223.14,16,11,0.7135,3,6,1
CUST-10417,2023-08-01,8,2023,1,212.26,15,9,0.5849,0,6,1
CUST-10417,2023-09-01,9,2023,2,223.14,16,9,0.5821,2,6,1
CUST-10417,2023-10-01,10,2023,3,223.14,16,9,0.5645,1,6,1
CUST-10417,2023-11-01,11,2023,4,234.03,17,9,0.5803,2,6,1
CUST-10417,2023-12-01,12,2023,5,244.91,18,11,0.6442,0,7,1
CUST-10417,2024-01-01,1,2024,6,244.91,18,10,0.5804,1,6,1
CUST-10417,2024-02-01,2,2024,7,266.68,20,10,0.553,2,6,1
CUST-10417,2024-03-01,3,2024,8,288.45,22,12,0.5819,2,6,1
CUST-10417,2024-04-01,4,2024,9,299.33,23,13,0.5993,2,6,1
CUST-10417,2024-05-01,5,2024,10,310.22,24,18,0.7925,0,7,1
CUST-10417,2024-06-01,6,2024,11,299.33,23,14,0.573,0,6,1
CUST-10417,2024-07-01,7,2024,12,310.22,24,13,0.5578,2,6,1
CUST-10417,2024-08-01,8,2024,13,310.22,24,14,0.5987,3,6,1
CUST-10417,2024-09-01,9,2024,14,310.22,24,16,0.6741,0,7,1
CUST-10417,2024-10-01,10,2024,15,310.22,24,15,0.6416,2,6,1
CUST-10417,2024-11-01,11,2024,16,288.45,22,16,0.6769,0,7,1
CUST-10417,2024-12-01,12,2024,17,277.56,21,16,0.7192,2,6,1
CUST-10418,2023-07-01,7,2023,0,1692.8,18,4,0.1937,3,1,1
CUST-10418,2023-08-01,8,2023,1,1692.8,18,4,0.2047,2,1,1
CUST-10418,2023-09-01,9,2023,2,1648.7,17,3,0.1959,3,1,1
CUST-10418,2023-10-01,10,2023,3,1692.8,18,3,0.1945,1,1,1
CUST-10418,2023-11-01,11,2023,4,1736.9,19,7,0.3881,0,2,1
CUST-10418,2023-12-01,12,2023,5,1736.9,19,8,0.4436,2,2,1
CUST-10418,2024-01-01,1,2024,6,1736.9,19,7,0.3885,0,2,1
CUST-10418,2024-02-01,2,2024,7,1736.9,19,10,0.5029,2,2,1
CUST-10418,2024-03-01,3,2024,8,1692.8,18,12,0.6382,2,2,1
CUST-10418,2024-04-01,4,2024,9,1604.6,16,11,0.5959,1,2,1
CUST-10418,2024-05-01,5,2024,10,1516.4,14,13,0.8238,1,3,1
CUST-10418,2024-06-01,6,2024,11,1560.5,15,10,0.7309,1,2,1
CUST-10418,2024-07-01,7,2024,12,1516.4,14,12,0.8343,0,3,1
CUST-10418,2024-08-01,8,2024,13,1472.3,13,11,0.8017,0,3,1
CUST-10418,2024-09-01,9,2024,14,1428.2,12,10,0.7564,0,3,1
CUST-10418,2024-10-01,10,2024,15,1472.3,13,12,0.9577,0,3,1
CUST-10418,2024-11-01,11,2024,16,1516.4,14,13,1.0,0,3,1
CUST-10418,2024-12-01,12,2024,17,1516.4,14,14,100.0,0,3,1
CUST-10419,2023-07-01,7,2023,0,2154.68,201,49,0.2524,2,6,1
CUST-10419,2023-08-01,8,2023,1,2228.01,208,42,0.2078,3,5,1
CUST-10419,2023-09-01,9,2023,2,2248.96,210,34,0.162,3,5,1
CUST-10419,2023-10-01,10,2023,3,2196.58,205,47,0.2241,1,6,1
CUST-10419,2023-11-01,11,2023,4,2070.87,193,27,0.1323,3,5,1
CUST-10419,2023-12-01,12,2023,5,2081.34,194,40,0.2053,3,5,1
CUST-10419,2024-01-01,1,2024,6,2228.01,208,11,0.055,1,5,1
CUST-10419,2024-02-01,2,2024,7,2091.82,195,6,0.03,5,4,1
CUST-10419,2024-03-01,3,2024,8,2154.68,201,6,0.03,1,5,1
CUST-10419,2024-04-01,4,2024,9,2207.06,206,6,0.03,2,5,1
CUST-10419,2024-05-01,5,2024,10,2165.15,202,6,0.03,5,4,1
CUST-10419,2024-06-01,6,2024,11,2207.06,206,6,0.03,2,5,1
CUST-10419,2024-07-01,7,2024,12,2028.96,189,6,0.03,2,5,1
CUST-10419,2024-08-01,8,2024,13,2028.96,189,6,0.03,2,5,1
CUST-10419,2024-09-01,9,2024,14,2070.87,193,6,0.03,4,5,1
CUST-10419,2024-10-01,10,2024,15,2196.58,205,6,0.03,2,5,1
CUST-10419,2024-11-01,11,2024,16,2332.77,218,6,0.03,2,5,1
CUST-10419,2024-12-01,12,2024,17,2269.91,212,7,0.03,2,5,1
CUST-10420,2023-07-01,7,2023,0,361.96,11,5,0.4134,1,4,1
CUST-10420,2023-08-01,8,2023,1,342.6,10,4,0.3462,4,4,1
CUST-10420,2023-09-01,9,2023,2,342.6,10,2,0.1901,3,3,1
CUST-10421,2023-07-01,7,2023,0,306.17,8,6,0.6448,1,8,1
CUST-10421,2023-08-01,8,2023,1,306.17,8,5,0.634,1,8,1
CUST-10421,2023-09-01,9,2023,2,306.17,8,5,0.6545,2,8,1
CUST-10421,2023-10-01,10,2023,3,325.81,9,5,0.6093,2,8,1
CUST-10421,2023-11-01,11,2023,4,325.81,9,4,0.4458,0,8,1
CUST-10421,2023-12-01,12,2023,5,325.81,9,6,0.6533,0,8,1
CUST-10421,2024-01-01,1,2024,6,306.17,8,5,0.5707,1,8,1
CUST-10421,2024-02-01,2,2024,7,306.17,8,5,0.6073,0,8,1
CUST-10422,2023-07-01,7,2023,0,7449.34,271,151,0.5836,0,7,1
CUST-10422,2023-08-01,8,2023,1,7995.67,292,178,0.6567,0,7,1
CUST-10422,2023-09-01,9,2023,2,7891.61,288,223,0.7641,0,7,1
CUST-10422,2023-10-01,10,2023,3,8099.74,296,208,0.7214,0,7,1
CUST-10422,2023-11-01,11,2023,4,8307.86,304,209,0.7058,0,7,1
CUST-10422,2023-12-01,12,2023,5,8776.15,322,269,0.8843,0,7,1
CUST-10422,2024-01-01,1,2024,6,9244.44,340,238,0.7409,0,7,1
CUST-10422,2024-02-01,2,2024,7,9504.6,350,317,0.9324,0,8,1
CUST-10422,2024-03-01,3,2024,8,9842.81,363,278,0.7942,0,7,1
CUST-10422,2024-04-01,4,2024,9,10961.5,406,299,0.8228,0,7,1
CUST-10422,2024-05-01,5,2024,10,10597.27,392,391,0.965,0,8,1
CUST-10422,2024-06-01,6,2024,11,9764.76,360,392,1.0,0,8,1
CUST-10422,2024-07-01,7,2024,12,11143.61,413,338,0.9381,1,7,1
CUST-10422,2024-08-01,8,2024,13,10207.03,377,413,1.0,0,8,1
CUST-10422,2024-09-01,9,2024,14,10753.37,398,371,0.9845,1,7,1
CUST-10422,2024-10-01,10,2024,15,11143.61,413,398,1.0,0,8,1
CUST-10422,2024-11-01,11,2024,16,11559.86,429,413,1.0,0,8,1
CUST-10422,2024-12-01,12,2024,17,11559.86,429,414,0.9638,0,8,1
CUST-10423,2023-07-01,7,2023,0,1939.25,105,57,0.5463,0,9,1
CUST-10423,2023-08-01,8,2023,1,1939.25,105,54,0.5135,0,9,1
CUST-10423,2023-09-01,9,2023,2,1854.0,100,51,0.4897,0,9,1
CUST-10423,2023-10-01,10,2023,3,1956.3,106,44,0.4384,0,9,1
CUST-10423,2023-11-01,11,2023,4,1905.15,103,55,0.5154,0,9,1
CUST-10423,2023-12-01,12,2023,5,1922.2,104,64,0.6184,0,9,1
CUST-10423,2024-01-01,1,2024,6,1888.1,102,75,0.7195,0,9,1
CUST-10423,2024-02-01,2,2024,7,1888.1,102,71,0.6923,0,9,1
CUST-10423,2024-03-01,3,2024,8,1802.85,97,83,0.8127,0,9,1
CUST-10423,2024-04-01,4,2024,9,1819.9,98,75,0.7775,0,9,1
CUST-10423,2024-05-01,5,2024,10,1922.2,104,76,0.7808,0,9,1
CUST-10423,2024-06-01,6,2024,11,1871.05,101,83,0.7978,0,9,1
CUST-10423,2024-07-01,7,2024,12,1871.05,101,78,0.7726,0,9,1
CUST-10423,2024-08-01,8,2024,13,1871.05,101,76,0.7553,0,9,1
CUST-10423,2024-09-01,9,2024,14,1905.15,103,82,0.811,0,9,1
CUST-10423,2024-10-01,10,2024,15,1939.25,105,84,0.8091,0,9,1
CUST-10423,2024-11-01,11,2024,16,1905.15,103,89,0.852,0,10,1
CUST-10423,2024-12-01,12,2024,17,1956.3,106,86,0.833,0,9,1
CUST-10424,2023-07-01,7,2023,0,169.0,10,4,0.3567,0,10,1
CUST-10424,2023-08-01,8,2023,1,169.0,10,4,0.3539,1,10,1
CUST-10424,2023-09-01,9,2023,2,169.0,10,4,0.3707,1,10,1
CUST-10424,2023-10-01,10,2023,3,169.0,10,3,0.2647,0,10,1
CUST-10424,2023-11-01,11,2023,4,169.0,10,2,0.1944,0,10,1
CUST-10424,2023-12-01,12,2023,5,157.0,9,2,0.2421,2,10,1
CUST-10424,2024-01-01,1,2024,6,157.0,9,3,0.3732,2,10,1
CUST-10424,2024-02-01,2,2024,7,157.0,9,3,0.3059,1,10,1
CUST-10424,2024-03-01,3,2024,8,157.0,9,4,0.4107,0,10,1
CUST-10424,2024-04-01,4,2024,9,157.0,9,3,0.3769,2,10,1
CUST-10424,2024-05-01,5,2024,10,157.0,9,3,0.3189,0,10,1
CUST-10424,2024-06-01,6,2024,11,145.0,8,3,0.3045,0,10,1
CUST-10424,2024-07-01,7,2024,12,145.0,8,4,0.5169,0,10,1
CUST-10424,2024-08-01,8,2024,13,145.0,8,3,0.4182,5,10,1
CUST-10424,2024-09-01,9,2024,14,145.0,8,3,0.341,1,10,1
CUST-10424,2024-10-01,10,2024,15,157.0,9,4,0.4244,1,10,1
CUST-10424,2024-11-01,11,2024,16,169.0,10,4,0.4039,1,10,1
CUST-10424,2024-12-01,12,2024,17,169.0,10,4,0.4183,0,10,1
CUST-10425,2023-07-01,7,2023,0,1310.3,10,4,0.4253,0,7,1
CUST-10425,2023-08-01,8,2023,1,1351.43,11,6,0.5757,1,7,1
CUST-10425,2023-09-01,9,2023,2,1392.56,12,5,0.4897,1,7,1
CUST-10425,2023-10-01,10,2023,3,1351.43,11,5,0.4112,2,7,1
CUST-10425,2023-11-01,11,2023,4,1351.43,11,5,0.466,4,6,1
CUST-10425,2023-12-01,12,2023,5,1269.17,9,5,0.432,2,7,1
CUST-10425,2024-01-01,1,2024,6,1228.04,8,5,0.5424,0,7,1
CUST-10425,2024-02-01,2,2024,7,1228.04,8,3,0.4029,2,7,1
CUST-10425,2024-03-01,3,2024,8,1228.04,8,4,0.5289,0,7,1
CUST-10425,2024-04-01,4,2024,9,1269.17,9,6,0.6766,3,7,1
CUST-10425,2024-05-01,5,2024,10,1269.17,9,5,0.5509,1,7,1
CUST-10425,2024-06-01,6,2024,11,1269.17,9,5,0.6204,1,7,1
CUST-10426,2023-07-01,7,2023,0,227.85,4,0,0.0526,1,4,1
CUST-10426,2023-08-01,8,2023,1,227.85,4,0,0.03,1,4,1
CUST-10426,2023-09-01,9,2023,2,227.85,4,0,0.03,1,4,1
CUST-10427,2023-07-01,7,2023,0,208.8,3,1,0.1679,3,5,1
CUST-10427,2023-08-01,8,2023,1,208.8,3,1,0.2915,3,5,1
CUST-10427,2023-09-01,9,2023,2,188.86,2,1,0.2374,0,6,1
CUST-10428,2023-07-01,7,2023,0,541.08,5,3,0.6994,2,8,1
CUST-10428,2023-08-01,8,2023,1,541.08,5,3,0.6537,0,8,1
CUST-10428,2023-09-01,9,2023,2,541.08,5,4,0.7723,0,8,1
CUST-10428,2023-10-01,10,2023,3,569.5,6,3,0.5739,1,8,1
CUST-10428,2023-11-01,11,2023,4,569.5,6,5,0.8058,1,8,1
CUST-10428,2023-12-01,12,2023,5,569.5,6,4,0.6926,0,8,1
CUST-10428,2024-01-01,1,2024,6,569.5,6,5,0.7885,0,8,1
CUST-10428,2024-02-01,2,2024,7,597.91,7,4,0.5921,0,8,1
CUST-10428,2024-03-01,3,2024,8,597.91,7,4,0.5942,0,8,1
CUST-10428,2024-04-01,4,2024,9,597.91,7,5,0.7491,0,8,1
CUST-10428,2024-05-01,5,2024,10,597.91,7,5,0.7227,0,8,1
CUST-10428,2024-06-01,6,2024,11,597.91,7,5,0.6461,0,8,1
CUST-10428,2024-07-01,7,2024,12,626.33,8,5,0.6182,1,8,1
CUST-10428,2024-08-01,8,2024,13,626.33,8,6,0.7328,1,8,1
CUST-10428,2024-09-01,9,2024,14,626.33,8,6,0.7724,0,8,1
CUST-10428,2024-10-01,10,2024,15,626.33,8,5,0.68,1,8,1
CUST-10428,2024-11-01,11,2024,16,626.33,8,5,0.6763,2,8,1
CUST-10428,2024-12-01,12,2024,17,654.74,9,5,0.6334,0,8,1
CUST-10429,2023-07-01,7,2023,0,1819.9,57,36,0.629,0,7,1
CUST-10430,2023-07-01,7,2023,0,384.22,12,3,0.2875,2,4,1
CUST-10430,2023-08-01,8,2023,1,403.83,13,2,0.2077,2,4,1
CUST-10430,2023-09-01,9,2023,2,423.43,14,4,0.2782,4,4,1
CUST-10431,2023-07-01,7,2023,0,97.9,5,2,0.3467,1,8,1
CUST-10431,2023-08-01,8,2023,1,97.9,5,2,0.3809,3,7,1
CUST-10432,2023-07-01,7,2023,0,151.6,10,3,0.2547,6,4,1
CUST-10432,2023-08-01,8,2023,1,161.86,11,3,0.3072,0,6,1
CUST-10432,2023-09-01,9,2023,2,161.86,11,4,0.3654,1,5,1
CUST-10432,2023-10-01,10,2023,3,161.86,11,3,0.2707,1,5,1
CUST-10432,2023-11-01,11,2023,4,161.86,11,3,0.242,5,4,1
CUST-10433,2023-07-01,7,2023,0,113.44,6,2,0.3074,0,5,1
CUST-10433,2023-08-01,8,2023,1,113.44,6,2,0.3838,0,5,1
CUST-10433,2023-09-01,9,2023,2,113.44,6,1,0.2484,0,5,1
CUST-10433,2023-10-01,10,2023,3,113.44,6,2,0.3564,0,5,1
CUST-10433,2023-11-01,11,2023,4,113.44,6,2,0.3103,0,5,1
CUST-10433,2023-12-01,12,2023,5,113.44,6,2,0.2938,0,5,1
CUST-10433,2024-01-01,1,2024,6,102.7,5,1,0.2607,0,5,1
CUST-10433,2024-02-01,2,2024,7,102.7,5,2,0.3642,0,5,1
CUST-10433,2024-03-01,3,2024,8,102.7,5,1,0.172,0,5,1
CUST-10433,2024-04-01,4,2024,9,102.7,5,2,0.31,0,5,1
CUST-10433,2024-05-01,5,2024,10,91.96,4,2,0.4333,0,5,1
CUST-10433,2024-06-01,6,2024,11,102.7,5,2,0.3934,0,5,1
CUST-10434,2023-07-01,7,2023,0,4426.41,87,25,0.2975,1,8,1
CUST-10434,2023-08-01,8,2023,1,4750.77,95,41,0.4679,1,8,1
CUST-10434,2023-09-01,9,2023,2,5034.59,102,37,0.3876,4,8,1
CUST-10434,2023-10-01,10,2023,3,5196.77,106,28,0.2726,1,8,1
CUST-10434,2023-11-01,11,2023,4,5399.49,111,39,0.3646,1,8,1
CUST-10434,2023-12-01,12,2023,5,5399.49,111,43,0.3886,3,8,1
CUST-10434,2024-01-01,1,2024,6,5642.77,117,47,0.4237,2,8,1
CUST-10434,2024-02-01,2,2024,7,5926.58,124,60,0.518,0,9,1
CUST-10434,2024-03-01,3,2024,8,5723.86,119,52,0.4216,2,8,1
CUST-10434,2024-04-01,4,2024,9,5845.49,122,58,0.4892,1,8,1
CUST-10434,2024-05-01,5,2024,10,6413.12,136,59,0.4852,1,8,1
CUST-10434,2024-06-01,6,2024,11,6534.76,139,47,0.3436,0,8,1
CUST-10434,2024-07-01,7,2024,12,6778.03,145,58,0.4204,3,8,1
CUST-10434,2024-08-01,8,2024,13,7183.48,155,51,0.3508,5,7,1
CUST-10434,2024-09-01,9,2024,14,7872.74,172,76,0.4918,4,8,1
CUST-10434,2024-10-01,10,2024,15,7588.93,165,68,0.3935,3,8,1
CUST-10434,2024-11-01,11,2024,16,8034.92,176,59,0.3591,3,8,1
CUST-10434,2024-12-01,12,2024,17,8521.46,188,64,0.3641,2,8,1
CUST-10435,2023-07-01,7,2023,0,202.35,13,3,0.2486,0,10,1
CUST-10435,2023-08-01,8,2023,1,214.14,14,4,0.3092,0,10,1
CUST-10435,2023-09-01,9,2023,2,214.14,14,3,0.232,2,10,1
CUST-10435,2023-10-01,10,2023,3,225.94,15,4,0.2602,0,10,1
CUST-10435,2023-11-01,11,2023,4,225.94,15,3,0.1801,0,10,1
CUST-10435,2023-12-01,12,2023,5,214.14,14,6,0.3872,0,10,1
CUST-10435,2024-01-01,1,2024,6,202.35,13,6,0.4062,0,10,1
CUST-10435,2024-02-01,2,2024,7,202.35,13,5,0.3559,1,10,1
CUST-10435,2024-03-01,3,2024,8,214.14,14,5,0.3939,1,10,1
CUST-10435,2024-04-01,4,2024,9,225.94,15,5,0.3928,0,10,1
CUST-10435,2024-05-01,5,2024,10,237.74,16,8,0.516,2,10,1
CUST-10435,2024-06-01,6,2024,11,225.94,15,8,0.5269,0,10,1
CUST-10435,2024-07-01,7,2024,12,214.14,14,8,0.5398,0,10,1
CUST-10435,2024-08-01,8,2024,13,214.14,14,9,0.6693,1,10,1
CUST-10435,2024-09-01,9,2024,14,214.14,14,9,0.6543,0,10,1
CUST-10435,2024-10-01,10,2024,15,202.35,13,7,0.528,0,10,1
CUST-10435,2024-11-01,11,2024,16,214.14,14,9,0.669,1,10,1
CUST-10435,2024-12-01,12,2024,17,214.14,14,11,0.7508,0,10,1
CUST-10436,2023-07-01,7,2023,0,264.71,21,6,0.2907,0,7,1
CUST-10436,2023-08-01,8,2023,1,244.17,19,3,0.1624,3,6,1
CUST-10436,2023-09-01,9,2023,2,254.44,20,9,0.4407,2,7,1
CUST-10436,2023-10-01,10,2023,3,254.44,20,12,0.6043,3,7,1
CUST-10436,2023-11-01,11,2023,4,254.44,20,9,0.457,1,8,1
CUST-10436,2023-12-01,12,2023,5,244.17,19,10,0.5134,1,8,1
CUST-10436,2024-01-01,1,2024,6,233.9,18,11,0.5616,0,8,1
CUST-10436,2024-02-01,2,2024,7,254.44,20,12,0.6357,1,8,1
CUST-10436,2024-03-01,3,2024,8,274.98,22,16,0.8189,4,8,1
CUST-10436,2024-04-01,4,2024,9,285.26,23,15,0.6902,2,8,1
CUST-10436,2024-05-01,5,2024,10,295.53,24,19,0.8158,1,8,1
CUST-10436,2024-06-01,6,2024,11,305.8,25,21,0.8723,0,9,1
CUST-10436,2024-07-01,7,2024,12,316.07,26,25,1.0,0,9,1
CUST-10436,2024-08-01,8,2024,13,305.8,25,25,0.9611,1,9,1
CUST-10436,2024-09-01,9,2024,14,305.8,25,25,1.0,1,9,1
CUST-10436,2024-10-01,10,2024,15,305.8,25,25,1.0,0,9,1
CUST-10436,2024-11-01,11,2024,16,295.53,24,25,1.0,1,9,1
CUST-10436,2024-12-01,12,2024,17,305.8,25,24,1.0,0,9,1
CUST-10437,2023-07-01,7,2023,0,256.6,20,5,0.2916,1,7,1
CUST-10437,2023-08-01,8,2023,1,266.98,21,3,0.1663,2,6,1
CUST-10437,2023-09-01,9,2023,2,256.6,20,6,0.294,1,7,1
CUST-10437,2023-10-01,10,2023,3,266.98,21,3,0.1661,0,7,1
CUST-10437,2023-11-01,11,2023,4,277.36,22,2,0.0916,1,6,1
CUST-10437,2023-12-01,12,2023,5,287.74,23,1,0.03,1,6,1
CUST-10437,2024-01-01,1,2024,6,287.74,23,1,0.03,2,6,1
CUST-10437,2024-02-01,2,2024,7,287.74,23,1,0.03,5,5,1
CUST-10437,2024-03-01,3,2024,8,298.12,24,1,0.03,0,6,1
CUST-10437,2024-04-01,4,2024,9,298.12,24,1,0.03,2,6,1
CUST-10437,2024-05-01,5,2024,10,287.74,23,1,0.03,2,6,1
CUST-10437,2024-06-01,6,2024,11,298.12,24,1,0.03,1,6,1
CUST-10437,2024-07-01,7,2024,12,298.12,24,1,0.03,0,6,1
CUST-10437,2024-08-01,8,2024,13,277.36,22,1,0.03,0,6,1
CUST-10437,2024-09-01,9,2024,14,277.36,22,1,0.03,1,6,1
CUST-10437,2024-10-01,10,2024,15,298.12,24,1,0.03,0,6,1
CUST-10437,2024-11-01,11,2024,16,298.12,24,1,0.03,0,6,1
CUST-10437,2024-12-01,12,2024,17,308.5,25,1,0.03,1,6,1
CUST-10438,2023-08-01,8,2023,0,499.46,18,11,0.5955,1,10,1
CUST-10438,2023-09-01,9,2023,1,538.4,20,10,0.5824,2,10,1
CUST-10438,2023-10-01,10,2023,2,538.4,20,10,0.5115,3,10,1
CUST-10438,2023-11-01,11,2023,3,557.87,21,13,0.6182,4,10,1
CUST-10438,2023-12-01,12,2023,4,616.28,24,16,0.7668,2,10,1
CUST-10438,2024-01-01,1,2024,5,674.69,27,17,0.6977,0,10,1
CUST-10438,2024-02-01,2,2024,6,674.69,27,19,0.7125,1,10,1
CUST-10438,2024-03-01,3,2024,7,655.22,26,19,0.7237,1,10,1
CUST-10438,2024-04-01,4,2024,8,694.16,28,23,0.8708,1,10,1
CUST-10438,2024-05-01,5,2024,9,694.16,28,25,0.8669,2,10,1
CUST-10438,2024-06-01,6,2024,10,694.16,28,23,0.829,0,10,1
CUST-10438,2024-07-01,7,2024,11,713.63,29,21,0.7512,1,10,1
CUST-10438,2024-08-01,8,2024,12,694.16,28,26,0.9125,0,10,1
CUST-10438,2024-09-01,9,2024,13,655.22,26,26,0.9244,1,10,1
CUST-10438,2024-10-01,10,2024,14,674.69,27,26,0.9737,0,10,1
CUST-10438,2024-11-01,11,2024,15,694.16,28,27,1.0,1,10,1
CUST-10438,2024-12-01,12,2024,16,733.1,30,28,1.0,0,10,1
CUST-10439,2023-08-01,8,2023,0,292.07,7,4,0.5981,1,8,1
CUST-10439,2023-09-01,9,2023,1,292.07,7,4,0.5261,0,8,1
CUST-10439,2023-10-01,10,2023,2,292.07,7,4,0.5644,1,8,1
CUST-10439,2023-11-01,11,2023,3,292.07,7,3,0.4856,1,8,1
CUST-10439,2023-12-01,12,2023,4,292.07,7,4,0.5014,2,8,1
CUST-10439,2024-01-01,1,2024,5,292.07,7,4,0.5761,0,8,1
CUST-10439,2024-02-01,2,2024,6,292.07,7,3,0.4716,1,8,1
CUST-10439,2024-03-01,3,2024,7,292.07,7,4,0.5231,0,8,1
CUST-10439,2024-04-01,4,2024,8,292.07,7,3,0.4649,1,8,1
CUST-10440,2023-08-01,8,2023,0,5509.78,184,113,0.6253,2,7,1
CUST-10440,2023-09-01,9,2023,1,5537.56,185,97,0.5303,1,7,1
CUST-10440,2023-10-01,10,2023,2,5843.1,196,85,0.4569,1,7,1
CUST-10440,2023-11-01,11,2023,3,6065.3,204,104,0.5305,0,7,1
CUST-10440,2023-12-01,12,2023,4,5815.32,195,100,0.4915,1,7,1
CUST-10440,2024-01-01,1,2024,5,6093.08,205,111,0.5699,3,6,1
CUST-10440,2024-02-01,2,2024,6,6120.86,206,93,0.4567,1,7,1
CUST-10440,2024-03-01,3,2024,7,6259.74,211,79,0.381,3,6,1
CUST-10440,2024-04-01,4,2024,8,6120.86,206,105,0.4966,0,7,1
CUST-10440,2024-05-01,5,2024,9,6287.51,212,101,0.4896,0,7,1
CUST-10440,2024-06-01,6,2024,10,6065.3,204,100,0.4708,1,7,1
CUST-10440,2024-07-01,7,2024,11,5676.44,190,111,0.5478,0,7,1
CUST-10440,2024-08-01,8,2024,12,6120.86,206,101,0.5286,0,7,1
CUST-10440,2024-09-01,9,2024,13,6454.17,218,75,0.3649,3,6,1
CUST-10440,2024-10-01,10,2024,14,7065.24,240,93,0.4237,1,7,1
CUST-10440,2024-11-01,11,2024,15,7231.9,246,103,0.4286,2,6,1
CUST-10440,2024-12-01,12,2024,16,7620.76,260,99,0.4048,0,7,1
CUST-10441,2023-08-01,8,2023,0,226.84,15,5,0.3208,2,4,1
CUST-10441,2023-09-01,9,2023,1,203.13,13,3,0.192,1,4,1
CUST-10441,2023-10-01,10,2023,2,191.27,12,3,0.2468,2,4,1
CUST-10441,2023-11-01,11,2023,3,179.42,11,3,0.2557,2,4,1
CUST-10441,2023-12-01,12,2023,4,179.42,11,3,0.2281,1,4,1
CUST-10441,2024-01-01,1,2024,5,167.56,10,2,0.1883,1,4,1
CUST-10441,2024-02-01,2,2024,6,155.7,9,3,0.3089,2,4,1
CUST-10441,2024-03-01,3,2024,7,155.7,9,2,0.2305,1,4,1
CUST-10441,2024-04-01,4,2024,8,143.85,8,0,0.03,2,4,1
CUST-10441,2024-05-01,5,2024,9,143.85,8,1,0.1759,0,5,1
CUST-10441,2024-06-01,6,2024,10,131.99,7,1,0.1449,1,4,1
CUST-10441,2024-07-01,7,2024,11,143.85,8,0,0.0445,2,4,1
CUST-10441,2024-08-01,8,2024,12,131.99,7,1,0.1505,1,4,1
CUST-10441,2024-09-01,9,2024,13,131.99,7,1,0.12,1,4,1
CUST-10441,2024-10-01,10,2024,14,120.14,6,1,0.1743,6,3,1
CUST-10441,2024-11-01,11,2024,15,120.14,6,1,0.1665,1,4,1
CUST-10441,2024-12-01,12,2024,16,120.14,6,0,0.03,1,4,1
CUST-10442,2023-08-01,8,2023,0,8145.82,262,110,0.4376,1,7,1
CUST-10442,2023-09-01,9,2023,1,7584.02,243,145,0.5532,0,8,1
CUST-10442,2023-10-01,10,2023,2,7288.34,233,82,0.3394,4,6,1
CUST-10442,2023-11-01,11,2023,3,7377.05,236,52,0.2219,1,7,1
CUST-10442,2023-12-01,12,2023,4,6696.98,213,103,0.4338,2,7,1
CUST-10442,2024-01-01,1,2024,5,6815.26,217,50,0.2335,3,6,1
CUST-10442,2024-02-01,2,2024,6,6490.01,206,94,0.4332,1,7,1
CUST-10442,2024-03-01,3,2024,7,6460.44,205,56,0.2704,1,7,1
CUST-10442,2024-04-01,4,2024,8,7081.37,226,61,0.2975,1,7,1
CUST-10442,2024-05-01,5,2024,9,7229.21,231,71,0.3136,2,7,1
CUST-10442,2024-06-01,6,2024,10,7140.5,228,86,0.3704,3,7,1
CUST-10442,2024-07-01,7,2024,11,6549.14,208,66,0.2887,2,7,1
CUST-10442,2024-08-01,8,2024,12,6371.74,202,43,0.2052,1,7,1
CUST-10442,2024-09-01,9,2024,13,5957.78,188,60,0.296,1,7,1
CUST-10442,2024-10-01,10,2024,14,5928.22,187,46,0.2454,2,7,1
CUST-10442,2024-11-01,11,2024,15,5780.38,182,56,0.3003,3,7,1
CUST-10442,2024-12-01,12,2024,16,5928.22,187,27,0.1481,0,7,1
CUST-10443,2023-08-01,8,2023,0,540.71,52,34,0.6359,0,10,1
CUST-10443,2023-09-01,9,2023,1,502.89,48,30,0.5787,0,10,1
CUST-10443,2023-10-01,10,2023,2,521.8,50,33,0.6944,0,10,1
CUST-10443,2023-11-01,11,2023,3,531.26,51,31,0.6263,0,10,1
CUST-10443,2023-12-01,12,2023,4,559.62,54,35,0.69,2,10,1
CUST-10443,2024-01-01,1,2024,5,559.62,54,40,0.7512,0,10,1
CUST-10443,2024-02-01,2,2024,6,578.54,56,38,0.6932,0,10,1
CUST-10443,2024-03-01,3,2024,7,654.18,64,34,0.6066,1,10,1
CUST-10443,2024-04-01,4,2024,8,663.64,65,37,0.578,2,10,1
CUST-10443,2024-05-01,5,2024,9,710.92,70,45,0.6945,2,10,1
CUST-10443,2024-06-01,6,2024,10,739.29,73,34,0.4872,0,10,1
CUST-10443,2024-07-01,7,2024,11,758.2,75,38,0.521,1,10,1
CUST-10443,2024-08-01,8,2024,12,786.57,78,47,0.6302,0,10,1
CUST-10443,2024-09-01,9,2024,13,852.76,85,44,0.5674,0,10,1
CUST-10443,2024-10-01,10,2024,14,862.22,86,53,0.624,0,10,1
CUST-10443,2024-11-01,11,2024,15,824.39,82,42,0.4871,0,10,1
CUST-10443,2024-12-01,12,2024,16,777.11,77,45,0.5495,2,10,1
CUST-10444,2023-08-01,8,2023,0,71.87,2,1,0.7341,0,9,1
CUST-10444,2023-09-01,9,2023,1,71.87,2,1,0.6968,1,8,1
CUST-10444,2023-10-01,10,2023,2,71.87,2,1,0.6053,3,8,1
CUST-10444,2023-11-01,11,2023,3,60.44,1,1,0.6014,0,8,1
CUST-10444,2023-12-01,12,2023,4,60.44,1,1,0.5857,1,8,1
CUST-10444,2024-01-01,1,2024,5,60.44,1,1,0.5475,1,8,1
CUST-10444,2024-02-01,2,2024,6,60.44,1,1,0.4757,0,8,1
CUST-10444,2024-03-01,3,2024,7,60.44,1,1,0.4327,5,7,1
CUST-10444,2024-04-01,4,2024,8,60.44,1,1,0.4817,4,7,1
CUST-10444,2024-05-01,5,2024,9,60.44,1,1,0.4839,2,8,1
CUST-10444,2024-06-01,6,2024,10,60.44,1,1,0.4434,3,7,1
CUST-10444,2024-07-01,7,2024,11,60.44,1,1,0.5199,1,8,1
CUST-10444,2024-08-01,8,2024,12,60.44,1,1,0.4546,5,7,1
CUST-10444,2024-09-01,9,2024,13,60.44,1,1,0.3892,2,7,1
CUST-10444,2024-10-01,10,2024,14,60.44,1,1,0.4838,3,7,1
CUST-10444,2024-11-01,11,2024,15,60.44,1,0,0.2733,5,6,1
CUST-10444,2024-12-01,12,2024,16,60.44,1,0,0.3114,4,7,1
CUST-10445,2023-08-01,8,2023,0,258.28,20,7,0.3557,4,6,1
CUST-10445,2023-09-01,9,2023,1,247.82,19,5,0.2668,1,7,1
CUST-10445,2023-10-01,10,2023,2,258.28,20,6,0.3343,0,7,1
CUST-10445,2023-11-01,11,2023,3,258.28,20,4,0.2139,0,7,1
CUST-10445,2023-12-01,12,2023,4,258.28,20,3,0.1329,1,6,1
CUST-10446,2023-08-01,8,2023,0,2367.8,40,16,0.4178,1,8,1
CUST-10446,2023-09-01,9,2023,1,2220.92,36,22,0.5529,1,9,1
CUST-10446,2023-10-01,10,2023,2,2331.08,39,21,0.5764,0,9,1
CUST-10446,2023-11-01,11,2023,3,2220.92,36,19,0.482,0,9,1
CUST-10446,2023-12-01,12,2023,4,2294.36,38,15,0.4026,1,8,1
CUST-10446,2024-01-01,1,2024,5,2257.64,37,15,0.4021,1,8,1
CUST-10446,2024-02-01,2,2024,6,2074.04,32,15,0.416,0,8,1
CUST-10446,2024-03-01,3,2024,7,2147.48,34,10,0.3219,1,8,1
CUST-10446,2024-04-01,4,2024,8,2184.2,35,11,0.3375,2,8,1
CUST-10446,2024-05-01,5,2024,9,2110.76,33,13,0.3818,3,8,1
CUST-10446,2024-06-01,6,2024,10,2110.76,33,19,0.5807,3,8,1
CUST-10446,2024-07-01,7,2024,11,2147.48,34,16,0.473,0,9,1
CUST-10446,2024-08-01,8,2024,12,2037.32,31,12,0.3512,3,8,1
CUST-10446,2024-09-01,9,2024,13,2037.32,31,13,0.401,0,8,1
CUST-10446,2024-10-01,10,2024,14,2037.32,31,11,0.3513,3,8,1
CUST-10446,2024-11-01,11,2024,15,2000.6,30,12,0.3963,1,8,1
CUST-10446,2024-12-01,12,2024,16,2000.6,30,13,0.4165,0,8,1
CUST-10447,2023-08-01,8,2023,0,1599.48,41,18,0.4422,1,4,1
CUST-10447,2023-09-01,9,2023,1,1599.48,41,18,0.4461,1,4,1
CUST-10447,2023-10-01,10,2023,2,1628.76,42,15,0.3668,1,4,1
CUST-10447,2023-11-01,11,2023,3,1628.76,42,18,0.437,2,4,1
CUST-10447,2023-12-01,12,2023,4,1687.32,44,16,0.367,2,4,1
CUST-10447,2024-01-01,1,2024,5,1716.6,45,18,0.4102,2,4,1
CUST-10447,2024-02-01,2,2024,6,1658.04,43,24,0.5392,3,4,1
CUST-10447,2024-03-01,3,2024,7,1687.32,44,18,0.4102,1,4,1
CUST-10447,2024-04-01,4,2024,8,1687.32,44,14,0.326,1,4,1
CUST-10447,2024-05-01,5,2024,9,1716.6,45,18,0.411,1,4,1
CUST-10447,2024-06-01,6,2024,10,1599.48,41,23,0.513,1,4,1
CUST-10447,2024-07-01,7,2024,11,1570.2,40,19,0.4672,0,4,1
CUST-10447,2024-08-01,8,2024,12,1511.64,38,19,0.4801,0,4,1
CUST-10447,2024-09-01,9,2024,13,1511.64,38,11,0.2842,3,3,1
CUST-10447,2024-10-01,10,2024,14,1453.08,36,18,0.4718,0,4,1
CUST-10447,2024-11-01,11,2024,15,1482.36,37,16,0.4583,3,4,1
CUST-10447,2024-12-01,12,2024,16,1453.08,36,15,0.4185,2,4,1
CUST-10448,2023-08-01,8,2023,0,157.0,9,1,0.1452,3,7,1
CUST-10449,2023-08-01,8,2023,0,549.84,20,4,0.2113,2,5,1
CUST-10449,2023-09-01,9,2023,1,589.92,22,5,0.2351,3,4,1
CUST-10449,2023-10-01,10,2023,2,609.97,23,2,0.105,2,4,1
CUST-10449,2023-11-01,11,2023,3,589.92,22,7,0.289,2,5,1
CUST-10449,2023-12-01,12,2023,4,589.92,22,1,0.03,1,4,1
CUST-10449,2024-01-01,1,2024,5,609.97,23,5,0.2246,0,5,1
CUST-10449,2024-02-01,2,2024,6,609.97,23,3,0.1357,2,4,1
CUST-10449,2024-03-01,3,2024,7,609.97,23,1,0.0475,2,4,1
CUST-10449,2024-04-01,4,2024,8,650.05,25,1,0.0355,3,4,1
CUST-10449,2024-05-01,5,2024,9,670.09,26,1,0.03,4,4,1
CUST-10449,2024-06-01,6,2024,10,670.09,26,1,0.03,2,4,1
CUST-10449,2024-07-01,7,2024,11,710.18,28,2,0.0636,4,4,1
CUST-10449,2024-08-01,8,2024,12,750.26,30,1,0.03,2,4,1
CUST-10449,2024-09-01,9,2024,13,730.22,29,1,0.03,3,4,1
CUST-10449,2024-10-01,10,2024,14,770.3,31,1,0.03,5,4,1
CUST-10449,2024-11-01,11,2024,15,790.34,32,1,0.03,2,4,1
CUST-10450,2023-08-01,8,2023,0,847.0,14,5,0.3313,0,6,1
CUST-10450,2023-09-01,9,2023,1,847.0,14,3,0.1797,0,6,1
CUST-10451,2023-08-01,8,2023,0,1034.01,22,17,0.8132,0,9,1
CUST-10451,2023-09-01,9,2023,1,1062.87,23,19,0.8433,0,9,1
CUST-10451,2023-10-01,10,2023,2,1120.6,25,17,0.7456,0,9,1
CUST-10451,2023-11-01,11,2023,3,1034.01,22,17,0.6881,1,8,1
CUST-10451,2023-12-01,12,2023,4,1091.74,24,16,0.711,4,8,1
CUST-10451,2024-01-01,1,2024,5,1091.74,24,17,0.7168,3,8,1
CUST-10451,2024-02-01,2,2024,6,1120.6,25,17,0.7304,1,9,1
CUST-10451,2024-03-01,3,2024,7,1149.46,26,15,0.605,0,8,1
CUST-10451,2024-04-01,4,2024,8,1149.46,26,19,0.7399,1,9,1
CUST-10451,2024-05-01,5,2024,9,1091.74,24,17,0.6594,1,8,1
CUST-10451,2024-06-01,6,2024,10,1091.74,24,14,0.5693,2,8,1
CUST-10451,2024-07-01,7,2024,11,1120.6,25,13,0.5508,0,8,1
CUST-10451,2024-08-01,8,2024,12,1062.87,23,11,0.4336,2,8,1
CUST-10451,2024-09-01,9,2024,13,1062.87,23,11,0.4715,0,8,1
CUST-10451,2024-10-01,10,2024,14,1062.87,23,10,0.4373,2,8,1
CUST-10451,2024-11-01,11,2024,15,1062.87,23,9,0.4062,1,8,1
CUST-10451,2024-12-01,12,2024,16,1062.87,23,6,0.27,0,8,1
CUST-10452,2023-08-01,8,2023,0,109.0,5,0,0.0782,1,6,1
CUST-10452,2023-09-01,9,2023,1,109.0,5,1,0.1737,4,6,1
CUST-10452,2023-10-01,10,2023,2,121.0,6,0,0.0602,2,6,1
CUST-10452,2023-11-01,11,2023,3,121.0,6,1,0.1614,0,6,1
CUST-10452,2023-12-01,12,2023,4,121.0,6,2,0.2653,2,6,1
CUST-10452,2024-01-01,1,2024,5,121.0,6,1,0.1822,1,6,1
CUST-10452,2024-02-01,2,2024,6,133.0,7,1,0.1669,1,6,1
CUST-10452,2024-03-01,3,2024,7,133.0,7,2,0.3368,3,6,1
CUST-10452,2024-04-01,4,2024,8,133.0,7,2,0.3153,2,6,1
CUST-10452,2024-05-01,5,2024,9,121.0,6,1,0.1855,2,6,1
CUST-10452,2024-06-01,6,2024,10,133.0,7,2,0.3841,0,7,1
CUST-10452,2024-07-01,7,2024,11,133.0,7,2,0.3002,2,6,1
CUST-10452,2024-08-01,8,2024,12,133.0,7,2,0.2573,4,6,1
CUST-10452,2024-09-01,9,2024,13,133.0,7,2,0.3264,1,7,1
CUST-10452,2024-10-01,10,2024,14,133.0,7,2,0.287,0,7,1
CUST-10452,2024-11-01,11,2024,15,133.0,7,3,0.4117,0,7,1
CUST-10452,2024-12-01,12,2024,16,145.0,8,3,0.3773,2,7,1
CUST-10453,2023-08-01,8,2023,0,1412.63,13,0,0.03,4,3,1
CUST-10453,2023-09-01,9,2023,1,1412.63,13,1,0.0938,3,3,1
CUST-10453,2023-10-01,10,2023,2,1452.14,14,0,0.0371,4,3,1
CUST-10453,2023-11-01,11,2023,3,1452.14,14,1,0.0716,2,3,1
CUST-10453,2023-12-01,12,2023,4,1452.14,14,1,0.0374,4,3,1
CUST-10453,2024-01-01,1,2024,5,1491.65,15,1,0.0534,3,3,1
CUST-10453,2024-02-01,2,2024,6,1452.14,14,1,0.088,2,3,1
CUST-10453,2024-03-01,3,2024,7,1373.12,12,0,0.03,2,3,1
CUST-10453,2024-04-01,4,2024,8,1373.12,12,0,0.03,4,3,1
CUST-10454,2023-08-01,8,2023,0,85.0,3,1,0.4315,2,9,1
CUST-10454,2023-09-01,9,2023,1,85.0,3,1,0.3048,2,9,1
CUST-10454,2023-10-01,10,2023,2,85.0,3,1,0.2493,1,9,1
CUST-10455,2023-08-01,8,2023,0,698.78,30,9,0.3384,1,7,1
CUST-10455,2023-09-01,9,2023,1,680.45,29,10,0.3397,1,7,1
CUST-10455,2023-10-01,10,2023,2,680.45,29,7,0.2476,1,6,1
CUST-10455,2023-11-01,11,2023,3,662.13,28,8,0.2767,0,7,1
CUST-10455,2023-12-01,12,2023,4,680.45,29,5,0.1863,3,6,1
CUST-10455,2024-01-01,1,2024,5,698.78,30,5,0.1791,3,6,1
CUST-10455,2024-02-01,2,2024,6,717.11,31,4,0.1213,3,6,1
CUST-10455,2024-03-01,3,2024,7,698.78,30,2,0.0623,0,6,1
CUST-10455,2024-04-01,4,2024,8,698.78,30,1,0.03,1,6,1
CUST-10456,2023-08-01,8,2023,0,1039.0,20,11,0.5626,2,10,1
CUST-10456,2023-09-01,9,2023,1,1039.0,20,9,0.4533,1,10,1
CUST-10456,2023-10-01,10,2023,2,1039.0,20,11,0.5873,1,10,1
CUST-10456,2023-11-01,11,2023,3,1039.0,20,11,0.5387,2,10,1
CUST-10456,2023-12-01,12,2023,4,975.0,18,10,0.5153,0,10,1
CUST-10456,2024-01-01,1,2024,5,975.0,18,12,0.656,0,10,1
CUST-10456,2024-02-01,2,2024,6,911.0,16,6,0.3378,1,10,1
CUST-10456,2024-03-01,3,2024,7,911.0,16,8,0.4859,0,10,1
CUST-10456,2024-04-01,4,2024,8,911.0,16,10,0.6092,2,10,1
CUST-10456,2024-05-01,5,2024,9,911.0,16,10,0.6628,1,10,1
CUST-10456,2024-06-01,6,2024,10,911.0,16,6,0.3963,1,10,1
CUST-10456,2024-07-01,7,2024,11,879.0,15,11,0.6935,0,10,1
CUST-10456,2024-08-01,8,2024,12,879.0,15,8,0.5738,0,10,1
CUST-10456,2024-09-01,9,2024,13,847.0,14,10,0.6443,0,10,1
CUST-10456,2024-10-01,10,2024,14,879.0,15,8,0.5915,0,10,1
CUST-10456,2024-11-01,11,2024,15,847.0,14,9,0.6405,1,10,1
CUST-10456,2024-12-01,12,2024,16,847.0,14,8,0.5957,1,10,1
CUST-10457,2023-08-01,8,2023,0,2041.5,31,17,0.5768,2,6,1
CUST-10457,2023-09-01,9,2023,1,2152.07,34,19,0.6098,0,7,1
CUST-10457,2023-10-01,10,2023,2,2152.07,34,24,0.696,0,7,1
CUST-10457,2023-11-01,11,2023,3,2188.93,35,24,0.7134,1,7,1
CUST-10457,2023-12-01,12,2023,4,2299.49,38,24,0.6693,0,7,1
CUST-10457,2024-01-01,1,2024,5,2262.64,37,22,0.5956,5,6,1
CUST-10457,2024-02-01,2,2024,6,2262.64,37,29,0.7894,1,7,1
CUST-10457,2024-03-01,3,2024,7,2299.49,38,24,0.6517,2,6,1
CUST-10457,2024-04-01,4,2024,8,2336.34,39,24,0.6211,1,6,1
CUST-10457,2024-05-01,5,2024,9,2299.49,38,21,0.5398,1,6,1
CUST-10457,2024-06-01,6,2024,10,2262.64,37,28,0.736,1,7,1
CUST-10457,2024-07-01,7,2024,11,2188.93,35,22,0.6029,0,7,1
CUST-10457,2024-08-01,8,2024,12,2188.93,35,22,0.6287,1,7,1
CUST-10457,2024-09-01,9,2024,13,2336.34,39,23,0.665,0,7,1
CUST-10457,2024-10-01,10,2024,14,2373.2,40,27,0.6853,0,7,1
CUST-10457,2024-11-01,11,2024,15,2373.2,40,24,0.6053,2,6,1
CUST-10457,2024-12-01,12,2024,16,2373.2,40,21,0.5173,1,6,1
CUST-10458,2023-08-01,8,2023,0,158.8,10,5,0.5352,1,10,1
CUST-10458,2023-09-01,9,2023,1,158.8,10,5,0.4806,1,10,1
CUST-10458,2023-10-01,10,2023,2,158.8,10,3,0.2859,2,10,1
CUST-10458,2023-11-01,11,2023,3,147.82,9,3,0.3353,0,10,1
CUST-10459,2023-08-01,8,2023,0,239.15,19,10,0.5355,2,9,1
CUST-10459,2023-09-01,9,2023,1,239.15,19,7,0.3836,1,9,1
CUST-10459,2023-10-01,10,2023,2,239.15,19,8,0.4077,0,9,1
CUST-10459,2023-11-01,11,2023,3,249.16,20,10,0.5506,0,10,1
CUST-10460,2023-08-01,8,2023,0,9895.4,280,27,0.0993,2,3,1
CUST-10460,2023-09-01,9,2023,1,10505.87,299,43,0.155,0,4,1
CUST-10460,2023-10-01,10,2023,2,11598.29,333,53,0.1769,2,3,1
CUST-10460,2023-11-01,11,2023,3,12433.67,359,48,0.1436,3,3,1
CUST-10460,2023-12-01,12,2023,4,12594.32,364,32,0.0885,1,3,1
CUST-10460,2024-01-01,1,2024,5,12947.75,375,71,0.1948,3,3,1
CUST-10460,2024-02-01,2,2024,6,13108.4,380,101,0.2694,2,3,1
CUST-10460,2024-03-01,3,2024,7,13076.27,379,131,34.4,0,4,1
CUST-10460,2024-04-01,4,2024,8,13429.7,390,105,0.2756,2,3,1
CUST-10460,2024-05-01,5,2024,9,13397.57,389,102,0.263,1,4,1
CUST-10460,2024-06-01,6,2024,10,15228.98,446,96,0.2482,0,4,1
CUST-10460,2024-07-01,7,2024,11,16353.53,481,133,0.2987,2,3,1
CUST-10460,2024-08-01,8,2024,12,17285.3,510,123,0.2557,1,4,1
CUST-10460,2024-09-01,9,2024,13,17992.16,532,133,0.2616,1,4,1
CUST-10460,2024-10-01,10,2024,14,18281.33,541,190,0.3569,1,4,1
CUST-10460,2024-11-01,11,2024,15,19470.14,578,99,0.1829,0,4,1
CUST-10460,2024-12-01,12,2024,16,20562.56,612,152,0.2622,3,3,1
CUST-10461,2023-08-01,8,2023,0,207.58,15,7,0.4831,2,6,1
CUST-10461,2023-09-01,9,2023,1,207.58,15,6,0.4156,1,6,1
CUST-10461,2023-10-01,10,2023,2,207.58,15,8,0.549,1,7,1
CUST-10461,2023-11-01,11,2023,3,207.58,15,7,47.8,0,7,1
CUST-10461,2023-12-01,12,2023,4,218.15,16,7,0.4846,0,7,1
CUST-10461,2024-01-01,1,2024,5,218.15,16,9,0.5588,0,7,1
CUST-10461,2024-02-01,2,2024,6,228.72,17,9,0.5636,2,7,1
CUST-10461,2024-03-01,3,2024,7,228.72,17,11,0.6438,1,7,1
CUST-10461,2024-04-01,4,2024,8,239.3,18,11,0.6605,0,7,1
CUST-10461,2024-05-01,5,2024,9,249.87,19,11,0.6068,2,7,1
CUST-10461,2024-06-01,6,2024,10,249.87,19,11,0.5718,0,7,1
CUST-10461,2024-07-01,7,2024,11,249.87,19,13,0.7107,0,7,1
CUST-10461,2024-08-01,8,2024,12,228.72,17,10,0.5437,1,7,1
CUST-10461,2024-09-01,9,2024,13,239.3,18,11,0.6228,0,7,1
CUST-10461,2024-10-01,10,2024,14,249.87,19,12,0.6659,1,7,1
CUST-10461,2024-11-01,11,2024,15,249.87,19,12,0.6406,0,7,1
CUST-10461,2024-12-01,12,2024,16,239.3,18,11,0.5771,0,7,1
CUST-10462,2023-08-01,8,2023,0,457.0,14,12,0.8082,1,8,1
CUST-10462,2023-09-01,9,2023,1,479.0,15,10,0.6767,1,8,1
CUST-10462,2023-10-01,10,2023,2,501.0,16,10,0.6693,2,7,1
CUST-10462,2023-11-01,11,2023,3,479.0,15,12,0.7492,1,8,1
CUST-10462,2023-12-01,12,2023,4,479.0,15,10,0.6648,2,7,1
CUST-10462,2024-01-01,1,2024,5,479.0,15,11,0.7167,3,7,1
CUST-10462,2024-02-01,2,2024,6,457.0,14,9,0.6221,2,7,1
CUST-10462,2024-03-01,3,2024,7,479.0,15,9,0.6159,2,7,1
CUST-10462,2024-04-01,4,2024,8,457.0,14,9,0.6182,2,7,1
CUST-10462,2024-05-01,5,2024,9,435.0,13,8,0.578,0,8,1
CUST-10462,2024-06-01,6,2024,10,435.0,13,8,0.658,1,7,1
CUST-10462,2024-07-01,7,2024,11,457.0,14,8,0.6236,1,7,1
CUST-10462,2024-08-01,8,2024,12,435.0,13,9,0.6563,2,7,1
CUST-10462,2024-09-01,9,2024,13,479.0,15,10,0.7707,0,8,1
CUST-10462,2024-10-01,10,2024,14,457.0,14,10,0.6612,1,7,1
CUST-10462,2024-11-01,11,2024,15,479.0,15,8,0.5438,0,7,1
CUST-10462,2024-12-01,12,2024,16,479.0,15,10,0.6789,1,8,1
CUST-10463,2023-08-01,8,2023,0,328.52,10,4,0.4501,0,8,1
CUST-10463,2023-09-01,9,2023,1,364.42,12,4,0.3593,3,7,1
CUST-10463,2023-10-01,10,2023,2,364.42,12,5,0.3929,2,8,1
CUST-10463,2023-11-01,11,2023,3,346.47,11,6,0.5332,0,9,1
CUST-10463,2023-12-01,12,2023,4,364.42,12,4,0.4055,0,8,1
CUST-10463,2024-01-01,1,2024,5,364.42,12,3,0.2452,0,8,1
CUST-10463,2024-02-01,2,2024,6,364.42,12,5,0.4189,1,8,1
CUST-10463,2024-03-01,3,2024,7,382.38,13,3,0.2825,1,8,1
CUST-10463,2024-04-01,4,2024,8,382.38,13,3,0.2748,2,7,1
CUST-10463,2024-05-01,5,2024,9,400.33,14,5,0.3395,1,8,1
CUST-10463,2024-06-01,6,2024,10,400.33,14,4,0.307,2,8,1
CUST-10463,2024-07-01,7,2024,11,400.33,14,3,0.2353,0,8,1
CUST-10463,2024-08-01,8,2024,12,400.33,14,2,0.1667,2,7,1
CUST-10463,2024-09-01,9,2024,13,400.33,14,4,0.2654,4,7,1
CUST-10463,2024-10-01,10,2024,14,418.28,15,1,0.1014,2,7,1
CUST-10463,2024-11-01,11,2024,15,436.23,16,2,15.2,3,7,1
CUST-10463,2024-12-01,12,2024,16,436.23,16,2,0.1386,2,7,1
CUST-10464,2023-08-01,8,2023,0,371.64,11,4,0.3801,2,4,1
CUST-10464,2023-09-01,9,2023,1,371.64,11,5,0.4771,3,4,1
CUST-10464,2023-10-01,10,2023,2,371.64,11,3,0.2691,0,4,1
CUST-10464,2023-11-01,11,2023,3,371.64,11,3,0.2643,2,4,1
CUST-10464,2023-12-01,12,2023,4,371.64,11,4,0.3515,0,5,1
CUST-10464,2024-01-01,1,2024,5,391.88,12,2,0.2155,1,4,1
CUST-10464,2024-02-01,2,2024,6,371.64,11,4,0.3825,4,4,1
CUST-10464,2024-03-01,3,2024,7,412.12,13,2,0.2014,0,4,1
CUST-10464,2024-04-01,4,2024,8,391.88,12,4,0.2861,2,4,1
CUST-10464,2024-05-01,5,2024,9,412.12,13,3,0.2853,1,4,1
CUST-10464,2024-06-01,6,2024,10,412.12,13,4,0.2924,0,4,1
CUST-10464,2024-07-01,7,2024,11,391.88,12,3,0.2529,2,4,1
CUST-10464,2024-08-01,8,2024,12,412.12,13,3,0.206,7,3,1
CUST-10464,2024-09-01,9,2024,13,412.12,13,3,0.2586,6,3,1
CUST-10464,2024-10-01,10,2024,14,432.36,14,3,0.1971,1,4,1
CUST-10464,2024-11-01,11,2024,15,452.6,15,4,0.2575,4,3,1
CUST-10464,2024-12-01,12,2024,16,472.84,16,4,0.2735,0,4,1
CUST-10465,2023-08-01,8,2023,0,807.24,32,10,0.2882,0,10,1
CUST-10465,2023-09-01,9,2023,1,745.53,29,5,0.1584,0,10,1
CUST-10465,2023-10-01,10,2023,2,663.25,25,14,0.5065,0,10,1
CUST-10465,2023-11-01,11,2023,3,622.11,23,9,0.3484,0,10,1
CUST-10465,2023-12-01,12,2023,4,580.97,21,11,0.5079,0,10,1
CUST-10465,2024-01-01,1,2024,5,560.4,20,11,0.5253,0,10,1
CUST-10465,2024-02-01,2,2024,6,539.83,19,8,0.4223,0,10,1
CUST-10465,2024-03-01,3,2024,7,539.83,19,10,0.5187,1,10,1
CUST-10465,2024-04-01,4,2024,8,519.26,18,9,0.4716,0,10,1
CUST-10465,2024-05-01,5,2024,9,498.69,17,8,0.4264,0,10,1
CUST-10465,2024-06-01,6,2024,10,498.69,17,9,0.5087,0,10,1
CUST-10465,2024-07-01,7,2024,11,457.55,15,9,0.5184,0,10,1
CUST-10465,2024-08-01,8,2024,12,478.12,16,8,0.5503,0,10,1
CUST-10465,2024-09-01,9,2024,13,457.55,15,9,0.6,0,10,1
CUST-10465,2024-10-01,10,2024,14,416.41,13,8,0.5207,0,10,1
CUST-10465,2024-11-01,11,2024,15,416.41,13,8,0.6037,0,10,1
CUST-10465,2024-12-01,12,2024,16,395.84,12,9,0.6784,0,10,1
CUST-10466,2023-08-01,8,2023,0,1769.48,24,12,0.4969,0,8,1
CUST-10466,2023-09-01,9,2023,1,1805.75,25,12,0.517,2,7,1
CUST-10466,2023-10-01,10,2023,2,1769.48,24,11,0.4354,0,7,1
CUST-10466,2023-11-01,11,2023,3,1769.48,24,12,0.4897,0,8,1
CUST-10466,2023-12-01,12,2023,4,1696.94,22,14,0.5707,0,8,1
CUST-10466,2024-01-01,1,2024,5,1696.94,22,11,0.4939,2,7,1
CUST-10466,2024-02-01,2,2024,6,1696.94,22,11,0.4888,1,7,1
CUST-10466,2024-03-01,3,2024,7,1660.67,21,9,0.4114,2,7,1
CUST-10466,2024-04-01,4,2024,8,1660.67,21,8,0.3784,2,7,1
CUST-10466,2024-05-01,5,2024,9,1660.67,21,9,0.4354,0,7,1
CUST-10466,2024-06-01,6,2024,10,1624.4,20,10,0.4741,1,7,1
CUST-10466,2024-07-01,7,2024,11,1624.4,20,11,0.5319,1,7,1
CUST-10466,2024-08-01,8,2024,12,1624.4,20,11,0.5371,0,8,1
CUST-10467,2023-08-01,8,2023,0,4308.09,151,27,0.1738,2,9,1
CUST-10467,2023-09-01,9,2023,1,4152.76,145,11,0.0697,1,9,1
CUST-10467,2023-10-01,10,2023,2,4385.75,154,15,0.1066,2,8,1
CUST-10467,2023-11-01,11,2023,3,4515.19,159,17,0.1098,2,8,1
CUST-10468,2023-08-01,8,2023,0,482.81,3,1,0.3673,0,9,1
CUST-10468,2023-09-01,9,2023,1,482.81,3,1,0.4124,0,9,1
CUST-10468,2023-10-01,10,2023,2,482.81,3,1,0.3225,0,9,1
CUST-10468,2023-11-01,11,2023,3,482.81,3,1,0.33,0,9,1
CUST-10468,2023-12-01,12,2023,4,482.81,3,1,0.2256,0,8,1
CUST-10468,2024-01-01,1,2024,5,510.74,4,1,0.1906,0,8,1
CUST-10468,2024-02-01,2,2024,6,510.74,4,1,0.2647,0,8,1
CUST-10468,2024-03-01,3,2024,7,510.74,4,1,0.2439,0,8,1
CUST-10468,2024-04-01,4,2024,8,510.74,4,1,0.1885,0,8,1
CUST-10468,2024-05-01,5,2024,9,510.74,4,0,0.123,0,8,1
CUST-10468,2024-06-01,6,2024,10,510.74,4,0,0.0999,0,8,1
CUST-10468,2024-07-01,7,2024,11,510.74,4,1,0.2264,0,8,1
CUST-10468,2024-08-01,8,2024,12,510.74,4,0,0.03,0,8,1
CUST-10468,2024-09-01,9,2024,13,510.74,4,0,0.03,0,8,1
CUST-10468,2024-10-01,10,2024,14,538.68,5,0,0.03,0,8,1
CUST-10468,2024-11-01,11,2024,15,510.74,4,0,0.03,0,8,1
CUST-10468,2024-12-01,12,2024,16,510.74,4,0,0.03,0,8,1
CUST-10469,2023-08-01,8,2023,0,281.0,6,3,0.4188,0,7,1
CUST-10469,2023-09-01,9,2023,1,281.0,6,2,0.3003,1,6,1
CUST-10469,2023-10-01,10,2023,2,281.0,6,1,0.144,0,6,1
CUST-10469,2023-11-01,11,2023,3,259.0,5,2,0.3352,2,6,1
CUST-10469,2023-12-01,12,2023,4,259.0,5,0,0.03,1,5,1
CUST-10469,2024-01-01,1,2024,5,237.0,4,1,0.1857,1,6,1
CUST-10469,2024-02-01,2,2024,6,259.0,5,0,0.0555,1,6,1
CUST-10469,2024-03-01,3,2024,7,259.0,5,0,0.03,1,5,1
CUST-10470,2023-08-01,8,2023,0,642.15,24,18,0.7772,1,7,1
CUST-10470,2023-09-01,9,2023,1,683.25,26,14,0.5998,1,6,1
CUST-10470,2023-10-01,10,2023,2,744.89,29,17,0.6453,1,6,1
CUST-10470,2023-11-01,11,2023,3,724.34,28,16,0.5418,0,6,1
CUST-10470,2023-12-01,12,2023,4,724.34,28,19,0.6618,1,6,1
CUST-10470,2024-01-01,1,2024,5,724.34,28,12,0.4404,0,6,1
CUST-10470,2024-02-01,2,2024,6,744.89,29,18,0.6384,1,6,1
CUST-10470,2024-03-01,3,2024,7,724.34,28,12,0.4222,1,6,1
CUST-10470,2024-04-01,4,2024,8,785.99,31,13,0.4638,2,6,1
CUST-10470,2024-05-01,5,2024,9,785.99,31,9,0.3011,0,6,1
CUST-10470,2024-06-01,6,2024,10,785.99,31,13,0.4359,0,6,1
CUST-10471,2023-08-01,8,2023,0,9209.01,217,56,0.2424,1,4,1
CUST-10472,2023-08-01,8,2023,0,1458.44,14,10,0.6793,1,9,1
CUST-10472,2023-09-01,9,2023,1,1458.44,14,9,0.6429,2,9,1
CUST-10472,2023-10-01,10,2023,2,1498.4,15,10,0.702,1,9,1
CUST-10472,2023-11-01,11,2023,3,1498.4,15,11,0.7139,0,10,1
CUST-10472,2023-12-01,12,2023,4,1498.4,15,10,0.6538,0,9,1
CUST-10472,2024-01-01,1,2024,5,1458.44,14,9,0.6248,0,9,1
CUST-10472,2024-02-01,2,2024,6,1458.44,14,7,0.5434,0,9,1
CUST-10472,2024-03-01,3,2024,7,1418.48,13,9,0.6598,0,9,1
CUST-10472,2024-04-01,4,2024,8,1378.52,12,6,0.4733,3,8,1
CUST-10472,2024-05-01,5,2024,9,1378.52,12,7,0.5555,0,9,1
CUST-10472,2024-06-01,6,2024,10,1338.56,11,8,0.6637,0,9,1
CUST-10472,2024-07-01,7,2024,11,1338.56,11,6,0.5252,0,9,1
CUST-10472,2024-08-01,8,2024,12,1338.56,11,6,0.5224,1,9,1
CUST-10472,2024-09-01,9,2024,13,1378.52,12,6,0.5218,1,9,1
CUST-10472,2024-10-01,10,2024,14,1338.56,11,6,0.5116,2,9,1
CUST-10472,2024-11-01,11,2024,15,1338.56,11,5,0.4734,1,9,1
CUST-10472,2024-12-01,12,2024,16,1378.52,12,6,0.5279,0,9,1
CUST-10473,2023-08-01,8,2023,0,765.0,28,24,0.916,0,7,1
CUST-10473,2023-09-01,9,2023,1,831.0,31,21,0.7389,0,6,1
CUST-10473,2023-10-01,10,2023,2,897.0,34,24,0.7717,0,6,1
CUST-10473,2023-11-01,11,2023,3,919.0,35,27,0.776,2,6,1
CUST-10473,2023-12-01,12,2023,4,875.0,33,26,0.7526,0,6,1
CUST-10473,2024-01-01,1,2024,5,853.0,32,26,0.785,1,6,1
CUST-10473,2024-02-01,2,2024,6,809.0,30,27,0.8394,1,6,1
CUST-10473,2024-03-01,3,2024,7,831.0,31,23,0.7445,3,6,1
CUST-10473,2024-04-01,4,2024,8,875.0,33,23,0.7317,0,6,1
CUST-10473,2024-05-01,5,2024,9,875.0,33,21,0.6293,2,5,1
CUST-10473,2024-06-01,6,2024,10,875.0,33,25,0.7397,1,6,1
CUST-10473,2024-07-01,7,2024,11,963.0,37,22,0.6583,1,6,1
CUST-10473,2024-08-01,8,2024,12,985.0,38,26,0.6973,0,6,1
CUST-10473,2024-09-01,9,2024,13,1051.0,41,28,0.7353,0,6,1
CUST-10473,2024-10-01,10,2024,14,1161.0,46,28,0.6823,1,6,1
CUST-10473,2024-11-01,11,2024,15,1227.0,49,28,0.6028,2,5,1
CUST-10473,2024-12-01,12,2024,16,1315.0,53,36,0.7291,0,6,1
CUST-10474,2023-08-01,8,2023,0,2013.24,57,25,0.4274,1,6,1
CUST-10474,2023-09-01,9,2023,1,1899.96,53,14,0.2444,0,6,1
CUST-10474,2023-10-01,10,2023,2,1871.64,52,24,0.4477,2,6,1
CUST-10474,2023-11-01,11,2023,3,1815.0,50,21,0.3971,1,6,1
CUST-10474,2023-12-01,12,2023,4,1786.68,49,16,0.3248,0,6,1
CUST-10474,2024-01-01,1,2024,5,1758.36,48,23,0.4758,0,7,1
CUST-10474,2024-02-01,2,2024,6,1786.68,49,19,0.3999,1,6,1
CUST-10474,2024-03-01,3,2024,7,1843.32,51,20,0.419,0,6,1
CUST-10474,2024-04-01,4,2024,8,1843.32,51,25,0.491,2,6,1
CUST-10474,2024-05-01,5,2024,9,1871.64,52,25,0.4819,2,6,1
CUST-10474,2024-06-01,6,2024,10,1871.64,52,21,0.4059,1,6,1
CUST-10474,2024-07-01,7,2024,11,1843.32,51,23,0.4325,0,7,1
CUST-10474,2024-08-01,8,2024,12,1871.64,52,24,48.0,2,6,1
CUST-10474,2024-09-01,9,2024,13,1871.64,52,24,0.456,0,7,1
CUST-10474,2024-10-01,10,2024,14,1843.32,51,22,0.4236,1,6,1
CUST-10474,2024-11-01,11,2024,15,1871.64,52,27,0.5223,1,7,1
CUST-10474,2024-12-01,12,2024,16,1843.32,51,28,0.5422,1,7,1
CUST-10475,2023-08-01,8,2023,0,932.38,18,3,0.1507,1,4,1
CUST-10475,2023-09-01,9,2023,1,962.01,19,1,0.0552,1,3,1
CUST-10475,2023-10-01,10,2023,2,991.64,20,1,0.03,0,3,1
CUST-10475,2023-11-01,11,2023,3,991.64,20,2,0.0973,0,4,1
CUST-10475,2023-12-01,12,2023,4,991.64,20,1,0.03,0,3,1
CUST-10475,2024-01-01,1,2024,5,962.01,19,1,0.03,1,3,1
CUST-10475,2024-02-01,2,2024,6,991.64,20,1,0.0303,1,3,1
CUST-10475,2024-03-01,3,2024,7,1021.27,21,1,0.03,2,3,1
CUST-10475,2024-04-01,4,2024,8,1021.27,21,1,0.03,1,3,1
CUST-10475,2024-05-01,5,2024,9,1080.54,23,1,0.03,2,3,1
CUST-10475,2024-06-01,6,2024,10,1110.17,24,1,0.0535,3,3,1
CUST-10475,2024-07-01,7,2024,11,1080.54,23,1,0.03,2,3,1
CUST-10475,2024-08-01,8,2024,12,1080.54,23,1,3.0,0,3,1
CUST-10475,2024-09-01,9,2024,13,1139.8,25,1,0.03,1,3,1
CUST-10475,2024-10-01,10,2024,14,1110.17,24,1,0.03,1,3,1
CUST-10475,2024-11-01,11,2024,15,1169.43,26,1,0.03,0,3,1
CUST-10475,2024-12-01,12,2024,16,1169.43,26,1,0.03,2,3,1
CUST-10476,2023-08-01,8,2023,0,189.26,2,1,0.3057,0,6,1
CUST-10476,2023-09-01,9,2023,1,189.26,2,1,0.3991,0,7,1
CUST-10476,2023-10-01,10,2023,2,189.26,2,1,0.4068,0,7,1
CUST-10476,2023-11-01,11,2023,3,189.26,2,1,0.4046,0,7,1
CUST-10476,2023-12-01,12,2023,4,189.26,2,1,0.4841,0,7,1
CUST-10476,2024-01-01,1,2024,5,189.26,2,1,0.4592,0,7,1
CUST-10476,2024-02-01,2,2024,6,189.26,2,1,0.515,1,7,1
CUST-10476,2024-03-01,3,2024,7,189.26,2,1,0.4067,0,7,1
CUST-10476,2024-04-01,4,2024,8,189.26,2,1,0.5324,0,7,1
CUST-10476,2024-05-01,5,2024,9,189.26,2,1,0.4006,0,7,1
CUST-10476,2024-06-01,6,2024,10,189.26,2,2,0.7387,0,7,1
CUST-10476,2024-07-01,7,2024,11,189.26,2,1,0.5941,1,7,1
CUST-10476,2024-08-01,8,2024,12,189.26,2,1,0.6066,0,7,1
CUST-10476,2024-09-01,9,2024,13,189.26,2,1,0.617,0,7,1
CUST-10477,2023-08-01,8,2023,0,608.41,8,1,0.1907,6,6,1
CUST-10477,2023-09-01,9,2023,1,582.23,7,1,0.1391,2,6,1
CUST-10478,2023-08-01,8,2023,0,7786.34,166,120,0.7026,0,8,1
CUST-10478,2023-09-01,9,2023,1,7578.89,161,96,0.5787,0,8,1
CUST-10478,2023-10-01,10,2023,2,7910.81,169,110,0.6813,0,8,1
CUST-10478,2023-11-01,11,2023,3,8201.24,176,143,0.8467,1,8,1
CUST-10478,2023-12-01,12,2023,4,7786.34,166,142,0.8073,0,8,1
CUST-10478,2024-01-01,1,2024,5,7537.4,160,127,0.7682,0,8,1
CUST-10478,2024-02-01,2,2024,6,7869.32,168,117,0.7327,0,8,1
CUST-10478,2024-03-01,3,2024,7,8035.28,172,117,0.6962,0,8,1
CUST-10478,2024-04-01,4,2024,8,8450.18,182,135,0.7821,1,8,1
CUST-10478,2024-05-01,5,2024,9,8201.24,176,111,0.6104,1,7,1
CUST-10478,2024-06-01,6,2024,10,8574.65,185,113,0.6403,0,8,1
CUST-10478,2024-07-01,7,2024,11,8699.12,188,140,0.7561,0,8,1
CUST-10478,2024-08-01,8,2024,12,8491.67,183,130,0.695,0,8,1
CUST-10478,2024-09-01,9,2024,13,8118.26,174,135,0.7359,0,8,1
CUST-10478,2024-10-01,10,2024,14,8782.1,190,122,0.7024,0,8,1
CUST-10478,2024-11-01,11,2024,15,8491.67,183,110,0.5775,0,8,1
CUST-10478,2024-12-01,12,2024,16,8325.71,179,142,0.7777,0,8,1
CUST-10479,2023-08-01,8,2023,0,67.41,2,1,0.3771,2,8,1
CUST-10479,2023-09-01,9,2023,1,67.41,2,1,0.5314,1,8,1
CUST-10479,2023-10-01,10,2023,2,67.41,2,1,0.3592,0,8,1
CUST-10479,2023-11-01,11,2023,3,67.41,2,1,0.4569,0,8,1
CUST-10479,2023-12-01,12,2023,4,67.41,2,1,0.3776,0,8,1
CUST-10479,2024-01-01,1,2024,5,67.41,2,1,0.4758,0,8,1
CUST-10479,2024-02-01,2,2024,6,67.41,2,1,0.4363,2,8,1
CUST-10479,2024-03-01,3,2024,7,76.61,3,1,0.3695,2,8,1
CUST-10480,2023-08-01,8,2023,0,523.0,17,0,0.03,3,8,1
CUST-10480,2023-09-01,9,2023,1,523.0,17,2,0.1344,0,9,1
CUST-10480,2023-10-01,10,2023,2,545.0,18,2,0.1157,0,9,1
CUST-10480,2023-11-01,11,2023,3,567.0,19,3,0.18,2,9,1
CUST-10480,2023-12-01,12,2023,4,545.0,18,1,0.03,3,8,1
CUST-10480,2024-01-01,1,2024,5,523.0,17,3,0.1444,1,9,1
CUST-10480,2024-02-01,2,2024,6,545.0,18,1,0.0459,1,8,1
CUST-10480,2024-03-01,3,2024,7,545.0,18,1,0.0841,4,8,1
CUST-10480,2024-04-01,4,2024,8,567.0,19,1,0.0703,0,9,1
CUST-10480,2024-05-01,5,2024,9,567.0,19,1,0.03,4,8,1
CUST-10480,2024-06-01,6,2024,10,545.0,18,2,0.0909,2,8,1
CUST-10480,2024-07-01,7,2024,11,611.0,21,2,0.0946,3,8,1
CUST-10480,2024-08-01,8,2024,12,589.0,20,1,0.03,2,8,1
CUST-10480,2024-09-01,9,2024,13,589.0,20,4,0.1773,3,8,1
CUST-10480,2024-10-01,10,2024,14,611.0,21,1,0.03,1,8,1
CUST-10480,2024-11-01,11,2024,15,633.0,22,1,0.058,0,9,1
CUST-10480,2024-12-01,12,2024,16,655.0,23,1,0.0347,1,8,1
CUST-10481,2023-08-01,8,2023,0,412.41,13,11,0.7951,1,8,1
CUST-10481,2023-09-01,9,2023,1,432.67,14,7,0.5441,2,7,1
CUST-10481,2023-10-01,10,2023,2,412.41,13,9,0.6305,2,8,1
CUST-10482,2023-08-01,8,2023,0,241.98,17,4,0.2705,3,8,1
CUST-10482,2023-09-01,9,2023,1,230.63,16,6,0.389,1,8,1
CUST-10482,2023-10-01,10,2023,2,241.98,17,4,0.2274,3,8,1
CUST-10482,2023-11-01,11,2023,3,230.63,16,2,0.1,0,8,1
CUST-10482,2023-12-01,12,2023,4,230.63,16,0,0.03,2,7,1
CUST-10482,2024-01-01,1,2024,5,219.28,15,2,0.1298,0,8,1
CUST-10482,2024-02-01,2,2024,6,219.28,15,1,0.0961,3,7,1
CUST-10482,2024-03-01,3,2024,7,230.63,16,0,0.03,2,7,1
CUST-10482,2024-04-01,4,2024,8,230.63,16,2,0.1412,4,7,1
CUST-10482,2024-05-01,5,2024,9,219.28,15,0,0.03,1,8,1
CUST-10482,2024-06-01,6,2024,10,219.28,15,0,0.03,3,7,1
CUST-10482,2024-07-01,7,2024,11,207.93,14,0,0.03,2,7,1
CUST-10482,2024-08-01,8,2024,12,196.58,13,0,0.03,2,7,1
CUST-10482,2024-09-01,9,2024,13,207.93,14,0,0.03,5,7,1
CUST-10482,2024-10-01,10,2024,14,207.93,14,0,0.03,3,7,1
CUST-10482,2024-11-01,11,2024,15,207.93,14,0,0.03,1,8,1
CUST-10482,2024-12-01,12,2024,16,219.28,15,0,0.03,2,7,1
CUST-10483,2023-08-01,8,2023,0,119.39,7,1,0.1038,3,7,1
CUST-10483,2023-09-01,9,2023,1,119.39,7,0,0.03,2,7,1
CUST-10483,2023-10-01,10,2023,2,129.45,8,0,0.05,5,7,1
CUST-10483,2023-11-01,11,2023,3,129.45,8,0,0.0507,1,8,1
CUST-10483,2023-12-01,12,2023,4,129.45,8,0,0.03,2,7,1
CUST-10483,2024-01-01,1,2024,5,129.45,8,0,0.03,1,8,1
CUST-10483,2024-02-01,2,2024,6,139.5,9,1,0.0797,2,8,1
CUST-10483,2024-03-01,3,2024,7,139.5,9,0,0.03,1,8,1
CUST-10483,2024-04-01,4,2024,8,139.5,9,1,0.0718,3,7,1
CUST-10483,2024-05-01,5,2024,9,149.56,10,1,0.1137,3,7,1
CUST-10483,2024-06-01,6,2024,10,149.56,10,2,0.1928,2,8,1
CUST-10483,2024-07-01,7,2024,11,149.56,10,0,0.03,2,7,1
CUST-10483,2024-08-01,8,2024,12,149.56,10,0,0.03,3,7,1
CUST-10483,2024-09-01,9,2024,13,159.62,11,1,0.0735,3,7,1
CUST-10483,2024-10-01,10,2024,14,159.62,11,0,0.03,1,8,1
CUST-10484,2023-08-01,8,2023,0,491.5,16,2,0.1549,0,5,1
CUST-10484,2023-09-01,9,2023,1,512.9,17,3,0.2062,3,4,1
CUST-10484,2023-10-01,10,2023,2,534.31,18,5,0.2817,5,4,1
CUST-10484,2023-11-01,11,2023,3,534.31,18,5,0.2613,3,4,1
CUST-10484,2023-12-01,12,2023,4,555.71,19,2,0.0913,3,4,1
CUST-10484,2024-01-01,1,2024,5,577.12,20,5,0.2475,0,5,1
CUST-10484,2024-02-01,2,2024,6,577.12,20,4,0.2108,3,4,1
CUST-10484,2024-03-01,3,2024,7,577.12,20,4,0.1854,6,3,1
CUST-10484,2024-04-01,4,2024,8,619.93,22,3,0.1532,3,4,1
CUST-10484,2024-05-01,5,2024,9,641.34,23,4,0.1779,3,4,1
CUST-10484,2024-06-01,6,2024,10,662.74,24,3,0.1132,2,4,1
CUST-10484,2024-07-01,7,2024,11,705.56,26,4,0.1515,2,4,1
CUST-10484,2024-08-01,8,2024,12,705.56,26,4,0.1353,3,4,1
CUST-10484,2024-09-01,9,2024,13,769.77,29,1,0.0398,0,4,1
CUST-10484,2024-10-01,10,2024,14,791.18,30,6,0.2048,1,4,1
CUST-10484,2024-11-01,11,2024,15,769.77,29,1,0.0312,1,4,1
CUST-10484,2024-12-01,12,2024,16,769.77,29,3,0.11,4,4,1
CUST-10485,2023-08-01,8,2023,0,69.5,2,1,0.522,0,6,1
CUST-10485,2023-09-01,9,2023,1,69.5,2,1,0.5419,1,6,1
CUST-10485,2023-10-01,10,2023,2,69.5,2,2,0.7246,2,6,1
CUST-10486,2023-08-01,8,2023,0,804.78,36,20,0.5957,3,7,1
CUST-10486,2023-09-01,9,2023,1,768.34,34,19,0.5223,1,7,1
CUST-10486,2023-10-01,10,2023,2,786.56,35,14,0.4145,0,7,1
CUST-10486,2023-11-01,11,2023,3,804.78,36,18,0.5134,0,7,1
CUST-10486,2023-12-01,12,2023,4,750.13,33,16,0.4566,2,7,1
CUST-10486,2024-01-01,1,2024,5,750.13,33,14,0.4275,4,6,1
CUST-10486,2024-02-01,2,2024,6,750.13,33,12,0.3716,2,6,1
CUST-10486,2024-03-01,3,2024,7,731.91,32,19,0.5756,2,7,1
CUST-10486,2024-04-01,4,2024,8,731.91,32,16,0.498,1,7,1
CUST-10486,2024-05-01,5,2024,9,731.91,32,15,0.4701,3,7,1
CUST-10486,2024-06-01,6,2024,10,750.13,33,14,0.4299,0,7,1
CUST-10486,2024-07-01,7,2024,11,750.13,33,17,0.5109,0,7,1
CUST-10486,2024-08-01,8,2024,12,731.91,32,13,0.4003,1,7,1
CUST-10486,2024-09-01,9,2024,13,768.34,34,12,0.3747,0,7,1
CUST-10486,2024-10-01,10,2024,14,731.91,32,13,0.3879,0,7,1
CUST-10486,2024-11-01,11,2024,15,750.13,33,11,0.3475,2,6,1
CUST-10486,2024-12-01,12,2024,16,768.34,34,15,0.4646,4,6,1
CUST-10487,2023-08-01,8,2023,0,71.97,2,1,0.2891,0,7,1
CUST-10487,2023-09-01,9,2023,1,71.97,2,1,0.3762,1,7,1
CUST-10487,2023-10-01,10,2023,2,71.97,2,1,0.3363,1,7,1
CUST-10487,2023-11-01,11,2023,3,71.97,2,1,0.2589,4,6,1
CUST-10487,2023-12-01,12,2023,4,71.97,2,1,0.3648,1,7,1
CUST-10487,2024-01-01,1,2024,5,71.97,2,1,0.3327,1,7,1
CUST-10487,2024-02-01,2,2024,6,71.97,2,0,0.0931,1,6,1
CUST-10487,2024-03-01,3,2024,7,71.97,2,0,0.1484,0,6,1
CUST-10487,2024-04-01,4,2024,8,71.97,2,0,0.03,2,6,1
CUST-10487,2024-05-01,5,2024,9,71.97,2,0,0.1916,1,6,1
CUST-10487,2024-06-01,6,2024,10,71.97,2,0,0.1593,1,6,1
CUST-10487,2024-07-01,7,2024,11,71.97,2,0,0.0648,1,6,1
CUST-10487,2024-08-01,8,2024,12,71.97,2,0,0.03,1,6,1
CUST-10487,2024-09-01,9,2024,13,71.97,2,0,0.03,3,5,1
CUST-10487,2024-10-01,10,2024,14,71.97,2,0,0.03,4,5,1
CUST-10487,2024-11-01,11,2024,15,71.97,2,0,0.0797,3,6,1
CUST-10487,2024-12-01,12,2024,16,71.97,2,0,0.03,1,6,1
CUST-10488,2023-08-01,8,2023,0,840.15,34,11,0.3445,2,9,1
CUST-10488,2023-09-01,9,2023,1,880.81,36,10,0.3007,2,8,1
CUST-10488,2023-10-01,10,2023,2,921.46,38,12,0.3382,2,9,1
CUST-10488,2023-11-01,11,2023,3,880.81,36,10,0.2559,4,8,1
CUST-10488,2023-12-01,12,2023,4,901.14,37,11,0.2994,1,9,1
CUST-10488,2024-01-01,1,2024,5,860.48,35,7,0.1834,0,9,1
CUST-10488,2024-02-01,2,2024,6,860.48,35,7,0.1935,1,8,1
CUST-10488,2024-03-01,3,2024,7,819.82,33,6,0.1598,3,8,1
CUST-10488,2024-04-01,4,2024,8,819.82,33,9,0.2815,4,8,1
CUST-10488,2024-05-01,5,2024,9,799.5,32,8,0.259,3,8,1
CUST-10488,2024-06-01,6,2024,10,799.5,32,5,0.1671,2,8,1
CUST-10488,2024-07-01,7,2024,11,860.48,35,6,0.1886,4,8,1
CUST-10488,2024-08-01,8,2024,12,901.14,37,5,0.1461,1,8,1
CUST-10488,2024-09-01,9,2024,13,921.46,38,7,0.1772,0,9,1
CUST-10488,2024-10-01,10,2024,14,901.14,37,8,0.2097,1,8,1
CUST-10488,2024-11-01,11,2024,15,880.81,36,3,0.0697,2,8,1
CUST-10488,2024-12-01,12,2024,16,860.48,35,4,0.1126,2,8,1
CUST-10489,2023-08-01,8,2023,0,121.0,6,2,0.3605,0,5,1
CUST-10489,2023-09-01,9,2023,1,121.0,6,1,0.2254,0,5,1
CUST-10489,2023-10-01,10,2023,2,121.0,6,1,0.239,0,5,1
CUST-10489,2023-11-01,11,2023,3,121.0,6,2,0.3651,2,5,1
CUST-10490,2023-08-01,8,2023,0,1713.88,83,59,0.7073,2,6,1
CUST-10490,2023-09-01,9,2023,1,1770.44,86,59,0.7104,1,7,1
CUST-10490,2023-10-01,10,2023,2,1902.42,93,65,0.7528,3,6,1
CUST-10490,2023-11-01,11,2023,3,1845.86,90,63,0.671,1,6,1
CUST-10490,2023-12-01,12,2023,4,1864.71,91,57,0.6372,0,7,1
CUST-10491,2023-08-01,8,2023,0,896.92,20,4,0.2023,0,7,1
CUST-10491,2023-09-01,9,2023,1,896.92,20,8,0.3834,0,7,1
CUST-10491,2023-10-01,10,2023,2,921.82,21,5,0.2672,1,7,1
CUST-10491,2023-11-01,11,2023,3,921.82,21,3,0.1466,0,7,1
CUST-10491,2023-12-01,12,2023,4,971.61,23,4,0.2072,0,7,1
CUST-10491,2024-01-01,1,2024,5,971.61,23,3,0.1139,0,7,1
CUST-10491,2024-02-01,2,2024,6,946.71,22,5,0.2352,0,7,1
CUST-10491,2024-03-01,3,2024,7,946.71,22,5,0.2481,0,7,1
CUST-10491,2024-04-01,4,2024,8,896.92,20,7,0.3364,0,7,1
CUST-10491,2024-05-01,5,2024,9,896.92,20,5,0.2361,0,7,1
CUST-10491,2024-06-01,6,2024,10,896.92,20,5,0.2289,0,7,1
CUST-10491,2024-07-01,7,2024,11,896.92,20,3,0.1598,0,7,1
CUST-10491,2024-08-01,8,2024,12,896.92,20,6,0.2741,1,7,1
CUST-10491,2024-09-01,9,2024,13,896.92,20,4,0.179,0,7,1
CUST-10491,2024-10-01,10,2024,14,872.02,19,6,0.2933,0,7,1
CUST-10491,2024-11-01,11,2024,15,872.02,19,6,29.4,0,7,1
CUST-10491,2024-12-01,12,2024,16,896.92,20,5,0.253,0,7,1
CUST-10492,2023-08-01,8,2023,0,569.5,6,2,0.2889,0,8,1
CUST-10492,2023-09-01,9,2023,1,597.91,7,1,0.2134,1,8,1
CUST-10492,2023-10-01,10,2023,2,597.91,7,1,0.2137,0,8,1
CUST-10492,2023-11-01,11,2023,3,626.33,8,1,0.183,4,7,1
CUST-10492,2023-12-01,12,2023,4,654.74,9,2,0.2168,0,8,1
CUST-10492,2024-01-01,1,2024,5,683.16,10,1,0.091,1,7,1
CUST-10492,2024-02-01,2,2024,6,711.58,11,3,0.3367,0,8,1
CUST-10492,2024-03-01,3,2024,7,739.99,12,1,0.0704,5,6,1
CUST-10492,2024-04-01,4,2024,8,768.41,13,2,0.1633,1,7,1
CUST-10492,2024-05-01,5,2024,9,796.82,14,0,0.0321,2,7,1
CUST-10492,2024-06-01,6,2024,10,796.82,14,1,0.0607,2,7,1
CUST-10493,2023-08-01,8,2023,0,583.9,6,4,0.7125,1,9,1
CUST-10493,2023-09-01,9,2023,1,583.9,6,4,0.5699,3,8,1
CUST-10493,2023-10-01,10,2023,2,614.71,7,3,0.5532,0,9,1
CUST-10493,2023-11-01,11,2023,3,614.71,7,3,0.5078,3,8,1
CUST-10493,2023-12-01,12,2023,4,645.53,8,3,0.4683,3,8,1
CUST-10493,2024-01-01,1,2024,5,614.71,7,3,0.4282,4,7,1
CUST-10493,2024-02-01,2,2024,6,614.71,7,2,0.3375,1,8,1
CUST-10493,2024-03-01,3,2024,7,645.53,8,2,0.3115,1,8,1
CUST-10493,2024-04-01,4,2024,8,645.53,8,1,0.1829,2,7,1
CUST-10493,2024-05-01,5,2024,9,614.71,7,2,0.2097,1,8,1
CUST-10493,2024-06-01,6,2024,10,645.53,8,1,0.1593,2,7,1
CUST-10493,2024-07-01,7,2024,11,645.53,8,1,0.1512,1,7,1
CUST-10493,2024-08-01,8,2024,12,676.34,9,1,0.1633,2,7,1
CUST-10493,2024-09-01,9,2024,13,676.34,9,0,0.03,4,6,1
CUST-10493,2024-10-01,10,2024,14,676.34,9,0,0.03,4,6,1
CUST-10493,2024-11-01,11,2024,15,676.34,9,0,0.052,5,6,1
CUST-10493,2024-12-01,12,2024,16,676.34,9,0,0.03,1,7,1
CUST-10494,2023-08-01,8,2023,0,3036.24,138,43,0.3108,0,7,1
CUST-10494,2023-09-01,9,2023,1,3036.24,138,51,0.3698,3,7,1
CUST-10494,2023-10-01,10,2023,2,2617.8,118,40,0.2929,0,7,1
CUST-10494,2023-11-01,11,2023,3,2617.8,118,50,0.4249,2,7,1
CUST-10494,2023-12-01,12,2023,4,2638.72,119,31,0.2657,2,7,1
CUST-10494,2024-01-01,1,2024,5,2680.56,121,44,0.3671,3,7,1
CUST-10494,2024-02-01,2,2024,6,2659.64,120,47,0.3884,1,7,1
CUST-10494,2024-03-01,3,2024,7,2450.42,110,48,0.3955,0,7,1
CUST-10494,2024-04-01,4,2024,8,2513.19,113,25,0.2271,2,6,1
CUST-10494,2024-05-01,5,2024,9,2596.87,117,31,0.2696,2,7,1
CUST-10494,2024-06-01,6,2024,10,2638.72,119,41,0.3523,2,7,1
CUST-10494,2024-07-01,7,2024,11,2659.64,120,51,0.4309,1,7,1
CUST-10494,2024-08-01,8,2024,12,2429.5,109,52,0.4372,2,7,1
CUST-10494,2024-09-01,9,2024,13,2408.58,108,33,0.3067,4,6,1
CUST-10494,2024-10-01,10,2024,14,2492.26,112,35,0.3202,2,7,1
CUST-10494,2024-11-01,11,2024,15,2513.19,113,25,0.2227,2,6,1
CUST-10494,2024-12-01,12,2024,16,2366.73,106,34,0.2993,5,6,1
CUST-10495,2023-08-01,8,2023,0,1704.22,86,21,0.2726,4,4,1
CUST-10495,2023-09-01,9,2023,1,1866.98,95,17,0.1931,2,4,1
CUST-10495,2023-10-01,10,2023,2,1921.23,98,21,0.2206,3,4,1
CUST-10495,2023-11-01,11,2023,3,2029.74,104,20,0.1983,3,4,1
CUST-10496,2023-08-01,8,2023,0,1335.39,129,53,0.4247,2,8,1
CUST-10497,2023-08-01,8,2023,0,420.33,32,16,0.5215,0,9,1
CUST-10497,2023-09-01,9,2023,1,397.12,30,14,0.4534,1,8,1
CUST-10497,2023-10-01,10,2023,2,408.72,31,18,0.6084,0,9,1
CUST-10497,2023-11-01,11,2023,3,397.12,30,23,0.7247,1,9,1
CUST-10497,2023-12-01,12,2023,4,397.12,30,22,0.7132,2,9,1
CUST-10497,2024-01-01,1,2024,5,443.54,34,17,0.5777,0,9,1
CUST-10497,2024-02-01,2,2024,6,455.14,35,23,0.6856,1,9,1
CUST-10497,2024-03-01,3,2024,7,455.14,35,25,0.7168,3,8,1
CUST-10497,2024-04-01,4,2024,8,455.14,35,25,0.6922,0,9,1
CUST-10497,2024-05-01,5,2024,9,443.54,34,21,0.6011,1,9,1
CUST-10497,2024-06-01,6,2024,10,478.35,37,28,0.8182,1,9,1
CUST-10497,2024-07-01,7,2024,11,501.56,39,27,0.7378,0,9,1
CUST-10497,2024-08-01,8,2024,12,513.16,40,26,0.663,1,9,1
CUST-10497,2024-09-01,9,2024,13,524.76,41,30,0.7661,0,9,1
CUST-10497,2024-10-01,10,2024,14,536.37,42,32,0.7727,1,9,1
CUST-10497,2024-11-01,11,2024,15,559.58,44,33,0.7766,2,9,1
CUST-10497,2024-12-01,12,2024,16,547.97,43,31,0.7122,1,9,1
CUST-10498,2023-08-01,8,2023,0,100.24,5,2,0.471,2,7,1
CUST-10498,2023-09-01,9,2023,1,100.24,5,2,43.8,0,7,1
CUST-10498,2023-10-01,10,2023,2,100.24,5,3,0.5224,1,7,1
CUST-10498,2023-11-01,11,2023,3,100.24,5,2,0.4458,1,7,1
CUST-10498,2023-12-01,12,2023,4,100.24,5,2,0.358,3,6,1
CUST-10498,2024-01-01,1,2024,5,100.24,5,3,0.559,0,8,1
CUST-10498,2024-02-01,2,2024,6,100.24,5,3,0.541,3,7,1
CUST-10498,2024-03-01,3,2024,7,110.49,6,3,0.4776,0,7,1
CUST-10498,2024-04-01,4,2024,8,110.49,6,3,0.4804,0,7,1
CUST-10498,2024-05-01,5,2024,9,100.24,5,2,0.2851,1,7,1
CUST-10498,2024-06-01,6,2024,10,100.24,5,2,0.4317,2,7,1
CUST-10498,2024-07-01,7,2024,11,100.24,5,2,0.4396,0,7,1
CUST-10498,2024-08-01,8,2024,12,100.24,5,2,0.4572,2,7,1
CUST-10498,2024-09-01,9,2024,13,100.24,5,1,0.2966,0,7,1
CUST-10498,2024-10-01,10,2024,14,100.24,5,2,0.4055,0,7,1
CUST-10499,2023-08-01,8,2023,0,109.0,5,3,0.6205,0,9,1
CUST-10499,2023-09-01,9,2023,1,109.0,5,3,0.5042,0,8,1
CUST-10499,2023-10-01,10,2023,2,109.0,5,2,0.4039,0,8,1
CUST-10499,2023-11-01,11,2023,3,109.0,5,2,0.4096,1,8,1
CUST-10499,2023-12-01,12,2023,4,109.0,5,2,0.4671,0,8,1
CUST-10499,2024-01-01,1,2024,5,109.0,5,2,41.3,0,8,1
CUST-10499,2024-02-01,2,2024,6,109.0,5,2,0.4535,0,8,1
CUST-10499,2024-03-01,3,2024,7,109.0,5,2,0.3827,0,8,1
CUST-10499,2024-04-01,4,2024,8,109.0,5,2,0.4126,0,8,1
CUST-10499,2024-05-01,5,2024,9,109.0,5,2,0.4706,0,8,1
CUST-10499,2024-06-01,6,2024,10,109.0,5,2,0.3506,0,8,1
CUST-10499,2024-07-01,7,2024,11,109.0,5,2,0.3157,0,8,1
CUST-10499,2024-08-01,8,2024,12,109.0,5,2,0.4918,0,8,1
CUST-10500,2023-08-01,8,2023,0,166.74,11,3,0.3498,3,5,1
CUST-10500,2023-09-01,9,2023,1,166.74,11,2,0.223,2,5,1
CUST-10500,2023-10-01,10,2023,2,166.74,11,1,0.1328,0,5,1
CUST-10500,2023-11-01,11,2023,3,177.45,12,1,0.1305,0,5,1
CUST-10500,2023-12-01,12,2023,4,177.45,12,3,0.2084,0,5,1
CUST-10500,2024-01-01,1,2024,5,188.15,13,1,0.0757,1,5,1
CUST-10500,2024-02-01,2,2024,6,198.86,14,1,0.0953,1,5,1
CUST-10500,2024-03-01,3,2024,7,188.15,13,1,0.0692,2,4,1
CUST-10500,2024-04-01,4,2024,8,198.86,14,0,0.03,2,4,1
CUST-10500,2024-05-01,5,2024,9,198.86,14,0,0.03,3,4,1
CUST-10500,2024-06-01,6,2024,10,209.56,15,0,0.03,3,4,1
CUST-10500,2024-07-01,7,2024,11,198.86,14,0,0.03,2,4,1
CUST-10500,2024-08-01,8,2024,12,209.56,15,0,0.03,3,4,1
CUST-10500,2024-09-01,9,2024,13,230.97,17,0,3.0,4,4,1
CUST-10500,2024-10-01,10,2024,14,241.67,18,0,0.03,1,5,1
CUST-10500,2024-11-01,11,2024,15,252.38,19,1,0.03,0,5,1
CUST-10500,2024-12-01,12,2024,16,263.08,20,1,0.03,1,5,1
CUST-10501,2023-08-01,8,2023,0,60.35,1,0,0.187,7,7,1
CUST-10501,2023-09-01,9,2023,1,60.35,1,0,0.096,0,8,1
CUST-10501,2023-10-01,10,2023,2,60.35,1,0,0.2363,2,8,1
CUST-10501,2023-11-01,11,2023,3,60.35,1,0,0.03,3,7,1
CUST-10501,2023-12-01,12,2023,4,60.35,1,0,0.03,1,8,1
CUST-10501,2024-01-01,1,2024,5,60.35,1,0,0.03,5,7,1
CUST-10501,2024-02-01,2,2024,6,60.35,1,0,0.03,1,8,1
CUST-10501,2024-03-01,3,2024,7,60.35,1,0,0.03,1,8,1
CUST-10501,2024-04-01,4,2024,8,60.35,1,0,0.03,3,7,1
CUST-10501,2024-05-01,5,2024,9,60.35,1,0,0.03,2,8,1
CUST-10501,2024-06-01,6,2024,10,60.35,1,0,0.03,0,8,1
CUST-10501,2024-07-01,7,2024,11,60.35,1,0,0.03,2,8,1
CUST-10501,2024-08-01,8,2024,12,60.35,1,0,0.03,1,8,1
CUST-10501,2024-09-01,9,2024,13,60.35,1,0,0.03,2,8,1
CUST-10501,2024-10-01,10,2024,14,60.35,1,0,0.03,0,8,1
CUST-10501,2024-11-01,11,2024,15,60.35,1,0,0.03,2,8,1
CUST-10501,2024-12-01,12,2024,16,60.35,1,0,0.03,1,8,1
CUST-10502,2023-08-01,8,2023,0,191.06,2,1,0.6219,1,8,1
CUST-10502,2023-09-01,9,2023,1,191.06,2,1,0.6978,1,8,1
CUST-10502,2023-10-01,10,2023,2,191.06,2,1,0.4876,1,8,1
CUST-10502,2023-11-01,11,2023,3,191.06,2,1,0.4816,0,8,1
CUST-10502,2023-12-01,12,2023,4,191.06,2,1,0.5523,1,8,1
CUST-10502,2024-01-01,1,2024,5,191.06,2,1,0.5863,0,8,1
CUST-10502,2024-02-01,2,2024,6,191.06,2,1,0.5614,1,8,1
CUST-10502,2024-03-01,3,2024,7,212.1,3,1,0.5331,0,8,1
CUST-10502,2024-04-01,4,2024,8,212.1,3,1,0.4735,0,8,1
CUST-10502,2024-05-01,5,2024,9,212.1,3,1,0.5514,1,8,1
CUST-10502,2024-06-01,6,2024,10,212.1,3,1,0.4891,1,8,1
CUST-10502,2024-07-01,7,2024,11,212.1,3,1,0.4658,0,8,1
CUST-10502,2024-08-01,8,2024,12,212.1,3,1,0.3684,0,8,1
CUST-10502,2024-09-01,9,2024,13,212.1,3,1,0.3604,0,8,1
CUST-10502,2024-10-01,10,2024,14,212.1,3,1,0.4601,0,8,1
CUST-10502,2024-11-01,11,2024,15,233.13,4,2,0.5042,0,8,1
CUST-10502,2024-12-01,12,2024,16,233.13,4,1,0.382,0,8,1
CUST-10503,2023-08-01,8,2023,0,478.12,16,11,0.7145,0,9,1
CUST-10503,2023-09-01,9,2023,1,478.12,16,12,0.752,1,9,1
CUST-10503,2023-10-01,10,2023,2,457.55,15,10,0.6187,0,9,1
CUST-10503,2023-11-01,11,2023,3,457.55,15,10,0.6453,1,9,1
CUST-10503,2023-12-01,12,2023,4,436.98,14,11,0.7113,2,9,1
CUST-10503,2024-01-01,1,2024,5,457.55,15,11,0.7605,1,9,1
CUST-10503,2024-02-01,2,2024,6,478.12,16,10,0.7111,1,9,1
CUST-10503,2024-03-01,3,2024,7,436.98,14,10,0.6705,0,9,1
CUST-10503,2024-04-01,4,2024,8,416.41,13,9,0.667,4,8,1
CUST-10503,2024-05-01,5,2024,9,416.41,13,9,0.7084,0,9,1
CUST-10503,2024-06-01,6,2024,10,416.41,13,9,0.6677,0,9,1
CUST-10503,2024-07-01,7,2024,11,416.41,13,9,0.6677,0,9,1
CUST-10503,2024-08-01,8,2024,12,436.98,14,7,0.4853,2,8,1
CUST-10503,2024-09-01,9,2024,13,436.98,14,8,0.5907,3,8,1
CUST-10503,2024-10-01,10,2024,14,436.98,14,8,0.5602,3,8,1
CUST-10503,2024-11-01,11,2024,15,436.98,14,7,0.5032,2,8,1
CUST-10503,2024-12-01,12,2024,16,436.98,14,7,0.5204,0,9,1
CUST-10504,2023-08-01,8,2023,0,275.51,22,4,0.1861,0,8,1
CUST-10504,2023-09-01,9,2023,1,285.81,23,8,0.3611,0,9,1
CUST-10504,2023-10-01,10,2023,2,296.1,24,8,0.3451,2,8,1
CUST-10504,2023-11-01,11,2023,3,285.81,23,3,0.1216,0,8,1
CUST-10504,2023-12-01,12,2023,4,285.81,23,4,0.1574,0,8,1
CUST-10504,2024-01-01,1,2024,5,316.7,26,2,0.0964,0,8,1
CUST-10504,2024-02-01,2,2024,6,306.4,25,1,0.03,0,8,1
CUST-10504,2024-03-01,3,2024,7,296.1,24,1,0.03,2,8,1
CUST-10504,2024-04-01,4,2024,8,285.81,23,1,0.03,0,8,1
CUST-10504,2024-05-01,5,2024,9,275.51,22,1,0.03,1,8,1
CUST-10504,2024-06-01,6,2024,10,275.51,22,1,0.03,0,8,1
CUST-10504,2024-07-01,7,2024,11,275.51,22,1,0.03,0,8,1
CUST-10505,2023-08-01,8,2023,0,101.68,5,1,0.2004,1,6,1
CUST-10505,2023-09-01,9,2023,1,101.68,5,1,0.2266,2,6,1
CUST-10506,2023-08-01,8,2023,0,527.0,4,2,0.4903,0,6,1
CUST-10506,2023-09-01,9,2023,1,527.0,4,2,0.4169,0,6,1
CUST-10506,2023-10-01,10,2023,2,527.0,4,3,0.5748,0,6,1
CUST-10506,2023-11-01,11,2023,3,559.0,5,2,0.5258,0,6,1
CUST-10506,2023-12-01,12,2023,4,527.0,4,3,0.5599,1,6,1
CUST-10506,2024-01-01,1,2024,5,559.0,5,2,0.4205,3,5,1
CUST-10506,2024-02-01,2,2024,6,559.0,5,2,0.4506,1,5,1
CUST-10506,2024-03-01,3,2024,7,559.0,5,1,0.3169,0,5,1
CUST-10506,2024-04-01,4,2024,8,559.0,5,3,0.5666,2,5,1
CUST-10506,2024-05-01,5,2024,9,559.0,5,2,0.451,1,5,1
CUST-10506,2024-06-01,6,2024,10,559.0,5,2,0.4956,1,6,1
CUST-10506,2024-07-01,7,2024,11,559.0,5,2,0.3655,2,5,1
CUST-10506,2024-08-01,8,2024,12,559.0,5,2,0.4032,1,5,1
CUST-10506,2024-09-01,9,2024,13,559.0,5,1,0.187,0,5,1
CUST-10506,2024-10-01,10,2024,14,591.0,6,2,0.3372,2,5,1
CUST-10506,2024-11-01,11,2024,15,591.0,6,2,0.3476,0,5,1
CUST-10506,2024-12-01,12,2024,16,559.0,5,2,0.3434,2,5,1
CUST-10507,2023-08-01,8,2023,0,1683.5,90,70,0.7806,0,10,1
CUST-10507,2023-09-01,9,2023,1,1649.4,88,63,0.6977,0,10,1
CUST-10507,2023-10-01,10,2023,2,1683.5,90,52,0.5956,0,10,1
CUST-10507,2023-11-01,11,2023,3,1581.2,84,50,0.5499,0,10,1
CUST-10507,2023-12-01,12,2023,4,1598.25,85,49,0.5843,0,10,1
CUST-10507,2024-01-01,1,2024,5,1700.55,91,43,0.5104,0,10,1
CUST-10507,2024-02-01,2,2024,6,1751.7,94,45,0.5015,0,10,1
CUST-10507,2024-03-01,3,2024,7,1717.6,92,49,0.5226,0,10,1
CUST-10507,2024-04-01,4,2024,8,1598.25,85,43,0.4662,1,10,1
CUST-10507,2024-05-01,5,2024,9,1649.4,88,41,0.4822,1,10,1
CUST-10507,2024-06-01,6,2024,10,1683.5,90,39,0.4421,2,10,1
CUST-10507,2024-07-01,7,2024,11,1819.9,98,42,0.4727,0,10,1
CUST-10507,2024-08-01,8,2024,12,1973.35,107,27,0.2759,1,10,1
CUST-10507,2024-09-01,9,2024,13,1905.15,103,34,0.3164,0,10,1
CUST-10507,2024-10-01,10,2024,14,1836.95,99,27,0.259,1,10,1
CUST-10507,2024-11-01,11,2024,15,1836.95,99,36,0.3642,1,10,1
CUST-10507,2024-12-01,12,2024,16,1785.8,96,14,0.137,2,10,1
CUST-10508,2023-08-01,8,2023,0,121.0,6,3,0.5436,0,5,1
CUST-10508,2023-09-01,9,2023,1,121.0,6,3,0.5193,0,5,1
CUST-10508,2023-10-01,10,2023,2,109.0,5,3,0.4366,1,5,1
CUST-10508,2023-11-01,11,2023,3,109.0,5,2,0.4392,1,5,1
CUST-10508,2023-12-01,12,2023,4,109.0,5,2,0.3248,1,4,1
CUST-10508,2024-01-01,1,2024,5,109.0,5,2,0.4708,1,5,1
CUST-10508,2024-02-01,2,2024,6,109.0,5,2,0.399,0,5,1
CUST-10508,2024-03-01,3,2024,7,109.0,5,2,0.3814,4,4,1
CUST-10508,2024-04-01,4,2024,8,97.0,4,2,0.3924,2,4,1
CUST-10508,2024-05-01,5,2024,9,97.0,4,2,0.4002,0,5,1
CUST-10508,2024-06-01,6,2024,10,97.0,4,1,0.2932,0,5,1
CUST-10508,2024-07-01,7,2024,11,97.0,4,2,0.3547,2,4,1
CUST-10508,2024-08-01,8,2024,12,97.0,4,1,0.3164,0,5,1
CUST-10508,2024-09-01,9,2024,13,97.0,4,2,0.3713,2,4,1
CUST-10509,2023-08-01,8,2023,0,207.74,3,1,0.3962,0,10,1
CUST-10509,2023-09-01,9,2023,1,207.74,3,1,0.4446,1,10,1
CUST-10509,2023-10-01,10,2023,2,207.74,3,1,0.4176,0,10,1
CUST-10509,2023-11-01,11,2023,3,207.74,3,1,0.4395,0,10,1
CUST-10509,2023-12-01,12,2023,4,207.74,3,1,0.3595,1,10,1
CUST-10509,2024-01-01,1,2024,5,207.74,3,1,0.3457,1,10,1
CUST-10509,2024-02-01,2,2024,6,207.74,3,1,0.2904,2,9,1
CUST-10509,2024-03-01,3,2024,7,207.74,3,1,0.2317,2,9,1
CUST-10509,2024-04-01,4,2024,8,188.16,2,0,0.1641,0,9,1
CUST-10509,2024-05-01,5,2024,9,188.16,2,0,0.1054,0,9,1
CUST-10509,2024-06-01,6,2024,10,188.16,2,0,0.1988,0,9,1
CUST-10509,2024-07-01,7,2024,11,188.16,2,0,0.1539,1,9,1
CUST-10509,2024-08-01,8,2024,12,188.16,2,0,0.2129,1,9,1
CUST-10509,2024-09-01,9,2024,13,188.16,2,0,0.1055,0,9,1
CUST-10509,2024-10-01,10,2024,14,188.16,2,0,0.0653,1,9,1
CUST-10509,2024-11-01,11,2024,15,188.16,2,0,0.0382,0,9,1
CUST-10509,2024-12-01,12,2024,16,188.16,2,0,0.03,0,9,1
CUST-10510,2023-08-01,8,2023,0,957.08,20,13,0.6997,1,9,1
CUST-10510,2023-09-01,9,2023,1,984.98,21,13,0.6323,0,9,1
CUST-10510,2023-10-01,10,2023,2,1012.89,22,13,0.6062,0,9,1
CUST-10511,2023-08-01,8,2023,0,214.08,3,2,0.6747,1,8,1
CUST-10511,2023-09-01,9,2023,1,214.08,3,2,0.5621,1,7,1
CUST-10512,2023-09-01,9,2023,0,370.78,31,21,0.6616,1,10,1
CUST-10512,2023-10-01,10,2023,1,350.02,29,15,0.5007,0,10,1
CUST-10512,2023-11-01,11,2023,2,339.64,28,12,0.4085,0,9,1
CUST-10512,2023-12-01,12,2023,3,329.26,27,10,0.3722,2,9,1
CUST-10512,2024-01-01,1,2024,4,318.88,26,12,0.4444,0,9,1
CUST-10512,2024-02-01,2,2024,5,298.12,24,8,0.3267,1,9,1
CUST-10512,2024-03-01,3,2024,6,287.74,23,6,0.2489,0,9,1
CUST-10512,2024-04-01,4,2024,7,266.98,21,6,0.2765,0,9,1
CUST-10512,2024-05-01,5,2024,8,266.98,21,2,0.1019,1,8,1
CUST-10512,2024-06-01,6,2024,9,256.6,20,3,0.1321,2,8,1
CUST-10512,2024-07-01,7,2024,10,246.22,19,1,0.0596,0,9,1
CUST-10512,2024-08-01,8,2024,11,246.22,19,1,0.03,1,8,1
CUST-10512,2024-09-01,9,2024,12,235.84,18,1,0.0738,0,9,1
CUST-10512,2024-10-01,10,2024,13,225.46,17,1,0.03,0,9,1
CUST-10512,2024-11-01,11,2024,14,215.08,16,1,0.03,2,8,1
CUST-10512,2024-12-01,12,2024,15,204.7,15,0,0.03,1,8,1
CUST-10513,2023-09-01,9,2023,0,72.23,2,1,0.3124,1,2,1
CUST-10513,2023-10-01,10,2023,1,72.23,2,1,0.2893,2,2,1
CUST-10514,2023-09-01,9,2023,0,341.32,28,1,0.0429,0,6,1
CUST-10514,2023-10-01,10,2023,1,362.2,30,9,0.3194,1,7,1
CUST-10514,2023-11-01,11,2023,2,351.76,29,5,0.1751,0,6,1
CUST-10514,2023-12-01,12,2023,3,310.0,25,4,0.1494,0,6,1
CUST-10514,2024-01-01,1,2024,4,310.0,25,7,0.2864,0,7,1
CUST-10514,2024-02-01,2,2024,5,320.44,26,6,0.2532,1,6,1
CUST-10514,2024-03-01,3,2024,6,320.44,26,6,0.2301,2,6,1
CUST-10514,2024-04-01,4,2024,7,310.0,25,6,0.2345,2,6,1
CUST-10514,2024-05-01,5,2024,8,330.88,27,5,0.2051,0,7,1
CUST-10514,2024-06-01,6,2024,9,310.0,25,1,0.03,0,6,1
CUST-10514,2024-07-01,7,2024,10,320.44,26,7,0.2627,3,6,1
CUST-10514,2024-08-01,8,2024,11,310.0,25,7,0.275,0,7,1
CUST-10514,2024-09-01,9,2024,12,320.44,26,7,0.2955,0,7,1
CUST-10514,2024-10-01,10,2024,13,320.44,26,7,0.2515,4,6,1
CUST-10514,2024-11-01,11,2024,14,310.0,25,9,0.3645,1,7,1
CUST-10514,2024-12-01,12,2024,15,320.44,26,10,0.4159,0,7,1
CUST-10515,2023-09-01,9,2023,0,570.52,20,3,0.1511,0,7,1
CUST-10515,2023-10-01,10,2023,1,549.44,19,5,0.2429,0,7,1
CUST-10515,2023-11-01,11,2023,2,570.52,20,5,0.2447,0,7,1
CUST-10515,2023-12-01,12,2023,3,612.67,22,5,0.2323,0,7,1
CUST-10515,2024-01-01,1,2024,4,591.6,21,7,0.3223,0,7,1
CUST-10515,2024-02-01,2,2024,5,570.52,20,5,0.2134,0,7,1
CUST-10515,2024-03-01,3,2024,6,591.6,21,8,0.3961,1,7,1
CUST-10515,2024-04-01,4,2024,7,570.52,20,5,0.2588,0,7,1
CUST-10515,2024-05-01,5,2024,8,633.75,23,5,0.2577,0,7,1
CUST-10515,2024-06-01,6,2024,9,591.6,21,9,0.3894,0,8,1
CUST-10515,2024-07-01,7,2024,10,633.75,23,5,0.2577,0,7,1
CUST-10515,2024-08-01,8,2024,11,633.75,23,6,0.2697,0,7,1
CUST-10515,2024-09-01,9,2024,12,654.82,24,8,0.3299,0,7,1
CUST-10515,2024-10-01,10,2024,13,675.9,25,8,0.3494,1,7,1
CUST-10515,2024-11-01,11,2024,14,696.98,26,7,0.2883,0,7,1
CUST-10515,2024-12-01,12,2024,15,739.13,28,8,0.3005,0,7,1
CUST-10516,2023-09-01,9,2023,0,84.53,3,1,0.4171,5,8,1
CUST-10516,2023-10-01,10,2023,1,84.53,3,1,0.3949,1,9,1
CUST-10516,2023-11-01,11,2023,2,84.53,3,1,0.392,1,9,1
CUST-10516,2023-12-01,12,2023,3,72.69,2,1,0.4251,3,9,1
CUST-10516,2024-01-01,1,2024,4,72.69,2,1,0.4294,3,9,1
CUST-10516,2024-02-01,2,2024,5,72.69,2,1,0.3802,2,9,1
CUST-10516,2024-03-01,3,2024,6,72.69,2,1,0.3024,2,9,1
CUST-10516,2024-04-01,4,2024,7,72.69,2,1,0.3882,3,9,1
CUST-10516,2024-05-01,5,2024,8,72.69,2,1,0.2543,1,9,1
CUST-10516,2024-06-01,6,2024,9,72.69,2,1,0.3418,2,9,1
CUST-10516,2024-07-01,7,2024,10,72.69,2,0,0.1977,1,9,1
CUST-10516,2024-08-01,8,2024,11,72.69,2,0,0.1646,2,8,1
CUST-10516,2024-09-01,9,2024,12,72.69,2,1,0.2695,2,9,1
CUST-10516,2024-10-01,10,2024,13,72.69,2,0,0.082,0,9,1
CUST-10516,2024-11-01,11,2024,14,72.69,2,0,0.163,2,8,1
CUST-10516,2024-12-01,12,2024,15,72.69,2,0,0.1342,0,9,1
CUST-10517,2023-09-01,9,2023,0,778.07,29,12,0.3656,2,5,1
CUST-10517,2023-10-01,10,2023,1,734.68,27,13,0.4624,2,5,1
CUST-10517,2023-11-01,11,2023,2,799.76,30,10,0.3909,0,5,1
CUST-10517,2023-12-01,12,2023,3,712.99,26,12,0.4042,0,5,1
CUST-10517,2024-01-01,1,2024,4,691.3,25,8,0.3151,0,5,1
CUST-10517,2024-02-01,2,2024,5,647.92,23,7,0.2966,1,5,1
CUST-10517,2024-03-01,3,2024,6,669.61,24,10,0.428,1,5,1
CUST-10517,2024-04-01,4,2024,7,691.3,25,6,0.2705,1,5,1
CUST-10517,2024-05-01,5,2024,8,691.3,25,9,0.3659,1,5,1
CUST-10517,2024-06-01,6,2024,9,647.92,23,8,0.2979,0,5,1
CUST-10517,2024-07-01,7,2024,10,647.92,23,4,0.1828,1,4,1
CUST-10517,2024-08-01,8,2024,11,604.53,21,1,3.2,1,4,1
CUST-10517,2024-09-01,9,2024,12,604.53,21,3,0.1325,1,4,1
CUST-10517,2024-10-01,10,2024,13,626.22,22,6,0.2797,0,5,1
CUST-10517,2024-11-01,11,2024,14,647.92,23,3,0.1187,2,4,1
CUST-10517,2024-12-01,12,2024,15,604.53,21,2,0.1047,0,4,1
CUST-10518,2023-09-01,9,2023,0,3455.19,106,38,0.3697,0,10,1
CUST-10518,2023-10-01,10,2023,1,3195.7,97,37,0.3472,2,10,1
CUST-10518,2023-11-01,11,2023,2,3051.54,92,40,0.4074,1,10,1
CUST-10518,2023-12-01,12,2023,3,3022.71,91,51,0.5604,1,10,1
CUST-10518,2024-01-01,1,2024,4,2705.56,80,30,0.3346,2,10,1
CUST-10518,2024-02-01,2,2024,5,2590.23,76,44,0.5505,2,10,1
CUST-10518,2024-03-01,3,2024,6,2647.9,78,39,0.5105,2,10,1
CUST-10518,2024-04-01,4,2024,7,2532.57,74,45,0.5703,2,10,1
CUST-10518,2024-05-01,5,2024,8,2734.39,81,41,0.5619,0,10,1
CUST-10518,2024-06-01,6,2024,9,2561.4,75,43,0.5302,1,10,1
CUST-10518,2024-07-01,7,2024,10,2503.74,73,37,0.4934,0,10,1
CUST-10518,2024-08-01,8,2024,11,2619.06,77,39,0.54,1,10,1
CUST-10518,2024-09-01,9,2024,12,2474.9,72,35,0.4503,0,10,1
CUST-10518,2024-10-01,10,2024,13,2330.74,67,42,0.5827,0,10,1
CUST-10518,2024-11-01,11,2024,14,2330.74,67,35,0.5282,2,10,1
CUST-10518,2024-12-01,12,2024,15,2330.74,67,40,0.6066,1,10,1
CUST-10519,2023-09-01,9,2023,0,1090.49,45,26,0.5868,1,10,1
CUST-10519,2023-10-01,10,2023,1,1069.57,44,28,0.6335,0,10,1
CUST-10519,2023-11-01,11,2023,2,1048.65,43,28,0.6204,0,10,1
CUST-10519,2023-12-01,12,2023,3,1069.57,44,28,0.6376,0,10,1
CUST-10519,2024-01-01,1,2024,4,1069.57,44,14,0.3213,2,9,1
CUST-10519,2024-02-01,2,2024,5,1111.41,46,22,0.4964,2,9,1
CUST-10519,2024-03-01,3,2024,6,1111.41,46,22,0.4837,1,9,1
CUST-10519,2024-04-01,4,2024,7,1153.26,48,27,0.5815,0,10,1
CUST-10519,2024-05-01,5,2024,8,1216.02,51,19,0.4061,0,9,1
CUST-10519,2024-06-01,6,2024,9,1195.1,50,21,0.4186,1,9,1
CUST-10519,2024-07-01,7,2024,10,1195.1,50,21,0.4112,3,9,1
CUST-10519,2024-08-01,8,2024,11,1320.63,56,19,0.3673,1,9,1
CUST-10519,2024-09-01,9,2024,12,1383.4,59,19,0.3382,1,9,1
CUST-10519,2024-10-01,10,2024,13,1383.4,59,30,0.515,1,9,1
CUST-10519,2024-11-01,11,2024,14,1404.32,60,24,0.399,0,9,1
CUST-10519,2024-12-01,12,2024,15,1404.32,60,32,0.5405,1,10,1
CUST-10520,2023-09-01,9,2023,0,880.79,16,1,0.0553,2,6,1
CUST-10520,2023-10-01,10,2023,1,850.68,15,1,0.0896,2,6,1
CUST-10520,2023-11-01,11,2023,2,790.46,13,2,0.1485,2,7,1
CUST-10520,2023-12-01,12,2023,3,820.57,14,2,0.176,2,7,1
CUST-10520,2024-01-01,1,2024,4,820.57,14,4,0.3005,2,7,1
CUST-10520,2024-02-01,2,2024,5,790.46,13,4,0.2539,2,7,1
CUST-10520,2024-03-01,3,2024,6,760.34,12,3,0.2613,0,7,1
CUST-10520,2024-04-01,4,2024,7,760.34,12,3,0.2433,1,7,1
CUST-10520,2024-05-01,5,2024,8,790.46,13,1,0.1199,2,7,1
CUST-10521,2023-09-01,9,2023,0,649.11,8,1,0.172,2,9,1
CUST-10521,2023-10-01,10,2023,1,649.11,8,1,0.1131,4,8,1
CUST-10521,2023-11-01,11,2023,2,680.38,9,1,0.1432,2,9,1
CUST-10521,2023-12-01,12,2023,3,680.38,9,0,0.03,3,8,1
CUST-10521,2024-01-01,1,2024,4,680.38,9,1,0.0567,3,8,1
CUST-10521,2024-02-01,2,2024,5,680.38,9,0,0.03,1,9,1
CUST-10521,2024-03-01,3,2024,6,711.64,10,0,0.03,0,9,1
CUST-10521,2024-04-01,4,2024,7,711.64,10,0,0.0436,3,8,1
CUST-10521,2024-05-01,5,2024,8,711.64,10,0,0.03,1,9,1
CUST-10521,2024-06-01,6,2024,9,711.64,10,0,0.03,1,9,1
CUST-10521,2024-07-01,7,2024,10,742.9,11,0,0.0339,2,8,1
CUST-10521,2024-08-01,8,2024,11,742.9,11,1,0.0471,2,8,1
CUST-10521,2024-09-01,9,2024,12,774.17,12,0,0.03,3,8,1
CUST-10521,2024-10-01,10,2024,13,742.9,11,0,0.03,0,9,1
CUST-10521,2024-11-01,11,2024,14,742.9,11,0,0.03,1,9,1
CUST-10521,2024-12-01,12,2024,15,711.64,10,0,0.0335,2,8,1
CUST-10522,2023-09-01,9,2023,0,79.82,3,2,0.818,0,10,1
CUST-10522,2023-10-01,10,2023,1,79.82,3,2,0.8252,0,10,1
CUST-10522,2023-11-01,11,2023,2,79.82,3,2,0.6631,0,10,1
CUST-10522,2023-12-01,12,2023,3,79.82,3,2,0.7021,0,10,1
CUST-10522,2024-01-01,1,2024,4,79.82,3,2,0.6138,1,10,1
CUST-10522,2024-02-01,2,2024,5,79.82,3,2,0.727,0,10,1
CUST-10522,2024-03-01,3,2024,6,90.09,4,2,0.6988,1,10,1
CUST-10522,2024-04-01,4,2024,7,90.09,4,2,0.6223,0,10,1
CUST-10522,2024-05-01,5,2024,8,90.09,4,2,0.5942,0,10,1
CUST-10522,2024-06-01,6,2024,9,90.09,4,3,0.6921,0,10,1
CUST-10522,2024-07-01,7,2024,10,90.09,4,2,0.578,1,10,1
CUST-10522,2024-08-01,8,2024,11,90.09,4,2,0.5107,1,10,1
CUST-10522,2024-09-01,9,2024,12,100.36,5,2,0.5573,1,10,1
CUST-10522,2024-10-01,10,2024,13,100.36,5,3,0.6425,0,10,1
CUST-10522,2024-11-01,11,2024,14,100.36,5,3,0.6103,2,10,1
CUST-10522,2024-12-01,12,2024,15,110.63,6,3,0.603,1,10,1
CUST-10523,2023-09-01,9,2023,0,92.82,4,2,0.5646,1,8,1
CUST-10523,2023-10-01,10,2023,1,92.82,4,2,0.4706,1,8,1
CUST-10523,2023-11-01,11,2023,2,92.82,4,2,0.5928,0,9,1
CUST-10523,2023-12-01,12,2023,3,81.87,3,1,0.3674,2,8,1
CUST-10523,2024-01-01,1,2024,4,81.87,3,1,0.4308,0,8,1
CUST-10523,2024-02-01,2,2024,5,81.87,3,2,0.5176,2,8,1
CUST-10523,2024-03-01,3,2024,6,81.87,3,1,0.4944,3,8,1
CUST-10523,2024-04-01,4,2024,7,81.87,3,1,0.1826,1,7,1
CUST-10523,2024-05-01,5,2024,8,81.87,3,1,0.1876,1,7,1
CUST-10523,2024-06-01,6,2024,9,81.87,3,0,0.1502,1,7,1
CUST-10523,2024-07-01,7,2024,10,81.87,3,1,0.1995,3,7,1
CUST-10523,2024-08-01,8,2024,11,81.87,3,1,0.2522,4,7,1
CUST-10523,2024-09-01,9,2024,12,81.87,3,1,0.2674,2,7,1
CUST-10523,2024-10-01,10,2024,13,81.87,3,1,0.1826,2,7,1
CUST-10523,2024-11-01,11,2024,14,81.87,3,0,0.03,1,7,1
CUST-10523,2024-12-01,12,2024,15,81.87,3,0,0.0516,2,7,1
CUST-10524,2023-09-01,9,2023,0,4531.58,93,53,0.5856,2,8,1
CUST-10524,2023-10-01,10,2023,1,4726.88,98,67,0.7171,0,9,1
CUST-10524,2023-11-01,11,2023,2,5039.36,106,80,0.8145,0,9,1
CUST-10524,2023-12-01,12,2023,3,5273.72,112,98,0.9331,0,10,1
CUST-10524,2024-01-01,1,2024,4,5273.72,112,83,0.7453,0,9,1
CUST-10524,2024-02-01,2,2024,5,4961.24,104,91,0.813,1,9,1
CUST-10524,2024-03-01,3,2024,6,5664.32,122,104,1.0,0,10,1
CUST-10524,2024-04-01,4,2024,7,5859.62,127,122,1.0,1,9,1
CUST-10524,2024-05-01,5,2024,8,6054.92,132,127,1.0,0,10,1
CUST-10524,2024-06-01,6,2024,9,6093.98,133,132,1.0,2,9,1
CUST-10524,2024-07-01,7,2024,10,6640.82,147,133,1.0,1,9,1
CUST-10524,2024-08-01,8,2024,11,6797.06,151,147,1.0,0,10,1
CUST-10524,2024-09-01,9,2024,12,7382.96,166,151,1.0,0,10,1
CUST-10524,2024-10-01,10,2024,13,7343.9,165,166,1.0,0,10,1
CUST-10524,2024-11-01,11,2024,14,7656.38,173,165,1.0,0,10,1
CUST-10524,2024-12-01,12,2024,15,7812.62,177,173,1.0,1,9,1
CUST-10525,2023-09-01,9,2023,0,143.08,10,5,0.499,2,10,1
CUST-10525,2023-10-01,10,2023,1,152.49,11,5,0.4782,2,10,1
CUST-10525,2023-11-01,11,2023,2,143.08,10,7,0.6417,1,10,1
CUST-10525,2023-12-01,12,2023,3,143.08,10,6,0.6053,1,10,1
CUST-10525,2024-01-01,1,2024,4,143.08,10,5,0.4964,0,10,1
CUST-10525,2024-02-01,2,2024,5,133.67,9,7,0.7,2,10,1
CUST-10526,2023-09-01,9,2023,0,1701.8,20,1,0.0588,1,5,1
CUST-10526,2023-10-01,10,2023,1,1661.66,19,1,0.0429,0,5,1
CUST-10526,2023-11-01,11,2023,2,1661.66,19,1,0.03,1,5,1
CUST-10526,2023-12-01,12,2023,3,1621.52,18,5,0.2796,0,6,1
CUST-10526,2024-01-01,1,2024,4,1621.52,18,5,0.2837,0,6,1
CUST-10526,2024-02-01,2,2024,5,1621.52,18,2,0.1327,2,5,1
CUST-10526,2024-03-01,3,2024,6,1621.52,18,1,0.048,3,5,1
CUST-10526,2024-04-01,4,2024,7,1621.52,18,1,0.0629,2,5,1
CUST-10526,2024-05-01,5,2024,8,1621.52,18,4,0.2212,1,5,1
CUST-10526,2024-06-01,6,2024,9,1621.52,18,2,0.1033,0,5,1
CUST-10526,2024-07-01,7,2024,10,1621.52,18,4,0.1965,0,6,1
CUST-10526,2024-08-01,8,2024,11,1541.24,16,3,0.183,1,5,1
CUST-10526,2024-09-01,9,2024,12,1581.38,17,4,0.2756,1,6,1
CUST-10526,2024-10-01,10,2024,13,1541.24,16,5,0.2868,2,5,1
CUST-10526,2024-11-01,11,2024,14,1541.24,16,4,0.2671,0,6,1
CUST-10526,2024-12-01,12,2024,15,1581.38,17,7,0.4202,0,6,1
CUST-10527,2023-09-01,9,2023,0,250.64,6,4,0.5935,1,8,1
CUST-10527,2023-10-01,10,2023,1,250.64,6,4,0.6072,1,8,1
CUST-10527,2023-11-01,11,2023,2,250.64,6,3,0.5548,0,8,1
CUST-10527,2023-12-01,12,2023,3,284.52,8,5,0.7121,2,8,1
CUST-10527,2024-01-01,1,2024,4,284.52,8,6,0.8511,0,9,1
CUST-10527,2024-02-01,2,2024,5,284.52,8,6,0.7168,3,8,1
CUST-10527,2024-03-01,3,2024,6,284.52,8,6,0.7118,0,9,1
CUST-10527,2024-04-01,4,2024,7,301.46,9,5,0.6528,1,8,1
CUST-10527,2024-05-01,5,2024,8,318.4,10,6,0.7,2,8,1
CUST-10527,2024-06-01,6,2024,9,318.4,10,8,0.8724,2,9,1
CUST-10527,2024-07-01,7,2024,10,318.4,10,8,0.8283,2,8,1
CUST-10527,2024-08-01,8,2024,11,318.4,10,9,0.853,1,9,1
CUST-10527,2024-09-01,9,2024,12,318.4,10,8,0.7649,1,9,1
CUST-10527,2024-10-01,10,2024,13,335.34,11,9,0.9312,0,9,1
CUST-10527,2024-11-01,11,2024,14,335.34,11,9,0.8485,1,9,1
CUST-10527,2024-12-01,12,2024,15,318.4,10,11,0.9318,1,9,1
CUST-10528,2023-09-01,9,2023,0,426.42,13,2,0.1394,0,7,1
CUST-10528,2023-10-01,10,2023,1,447.76,14,3,0.2343,3,6,1
CUST-10528,2023-11-01,11,2023,2,426.42,13,5,0.3279,1,7,1
CUST-10528,2023-12-01,12,2023,3,447.76,14,4,0.3376,1,7,1
CUST-10528,2024-01-01,1,2024,4,447.76,14,6,0.4167,0,7,1
CUST-10528,2024-02-01,2,2024,5,447.76,14,4,0.2931,0,7,1
CUST-10528,2024-03-01,3,2024,6,469.1,15,8,0.5896,0,8,1
CUST-10528,2024-04-01,4,2024,7,447.76,14,6,0.3986,0,7,1
CUST-10528,2024-05-01,5,2024,8,426.42,13,7,0.4673,0,7,1
CUST-10528,2024-06-01,6,2024,9,426.42,13,7,0.5604,2,7,1
CUST-10528,2024-07-01,7,2024,10,469.1,15,8,0.5955,0,8,1
CUST-10528,2024-08-01,8,2024,11,490.44,16,8,0.5185,3,7,1
CUST-10528,2024-09-01,9,2024,12,511.78,17,5,0.3216,0,7,1
CUST-10528,2024-10-01,10,2024,13,511.78,17,12,0.6729,1,8,1
CUST-10528,2024-11-01,11,2024,14,511.78,17,11,0.6335,1,8,1
CUST-10528,2024-12-01,12,2024,15,533.12,18,8,0.4557,0,7,1
CUST-10529,2023-09-01,9,2023,0,292.68,7,2,0.2245,0,7,1
CUST-10529,2023-10-01,10,2023,1,272.16,6,1,0.1704,1,7,1
CUST-10529,2023-11-01,11,2023,2,292.68,7,0,0.0396,0,7,1
CUST-10529,2023-12-01,12,2023,3,292.68,7,0,0.03,1,7,1
CUST-10529,2024-01-01,1,2024,4,272.16,6,0,0.03,1,7,1
CUST-10529,2024-02-01,2,2024,5,272.16,6,0,0.03,5,6,1
CUST-10529,2024-03-01,3,2024,6,272.16,6,0,0.03,0,7,1
CUST-10529,2024-04-01,4,2024,7,272.16,6,0,0.03,4,6,1
CUST-10529,2024-05-01,5,2024,8,272.16,6,0,0.03,2,6,1
CUST-10529,2024-06-01,6,2024,9,272.16,6,0,0.03,1,7,1
CUST-10529,2024-07-01,7,2024,10,251.63,5,0,0.03,0,7,1
CUST-10529,2024-08-01,8,2024,11,251.63,5,0,0.03,2,6,1
CUST-10529,2024-09-01,9,2024,12,251.63,5,0,0.03,2,6,1
CUST-10529,2024-10-01,10,2024,13,251.63,5,0,0.03,2,6,1
CUST-10529,2024-11-01,11,2024,14,251.63,5,0,0.03,0,7,1
CUST-10529,2024-12-01,12,2024,15,251.63,5,0,0.03,0,7,1
CUST-10530,2023-09-01,9,2023,0,186.58,2,1,0.45,3,8,1
CUST-10530,2023-10-01,10,2023,1,186.58,2,0,0.2538,1,8,1
CUST-10530,2023-11-01,11,2023,2,186.58,2,0,0.2646,1,8,1
CUST-10530,2023-12-01,12,2023,3,186.58,2,0,0.2415,4,8,1
CUST-10530,2024-01-01,1,2024,4,167.79,1,0,0.2581,1,8,1
CUST-10530,2024-02-01,2,2024,5,167.79,1,0,0.2999,2,8,1
CUST-10530,2024-03-01,3,2024,6,167.79,1,0,0.0965,1,8,1
CUST-10530,2024-04-01,4,2024,7,167.79,1,0,0.2479,5,7,1
CUST-10530,2024-05-01,5,2024,8,167.79,1,0,0.1567,1,8,1
CUST-10530,2024-06-01,6,2024,9,167.79,1,0,0.2018,4,8,1
CUST-10530,2024-07-01,7,2024,10,167.79,1,0,0.1746,1,8,1
CUST-10530,2024-08-01,8,2024,11,167.79,1,0,0.1134,1,8,1
CUST-10530,2024-09-01,9,2024,12,186.58,2,0,0.03,1,8,1
CUST-10530,2024-10-01,10,2024,13,186.58,2,0,0.0664,2,8,1
CUST-10531,2023-09-01,9,2023,0,1754.0,20,1,0.03,0,5,1
CUST-10531,2023-10-01,10,2023,1,1754.0,20,2,0.0908,0,5,1
CUST-10531,2023-11-01,11,2023,2,1711.25,19,1,0.0461,2,5,1
CUST-10531,2023-12-01,12,2023,3,1668.5,18,1,0.0498,0,5,1
CUST-10531,2024-01-01,1,2024,4,1754.0,20,1,0.03,3,5,1
CUST-10531,2024-02-01,2,2024,5,1796.75,21,5,0.2369,1,6,1
CUST-10531,2024-03-01,3,2024,6,1754.0,20,3,0.168,1,5,1
CUST-10531,2024-04-01,4,2024,7,1711.25,19,3,0.1554,1,5,1
CUST-10531,2024-05-01,5,2024,8,1711.25,19,3,0.1496,1,5,1
CUST-10531,2024-06-01,6,2024,9,1625.75,17,1,0.0752,1,5,1
CUST-10531,2024-07-01,7,2024,10,1583.0,16,4,0.2647,3,5,1
CUST-10531,2024-08-01,8,2024,11,1583.0,16,3,0.1579,2,5,1
CUST-10531,2024-09-01,9,2024,12,1625.75,17,5,0.3032,0,6,1
CUST-10531,2024-10-01,10,2024,13,1711.25,19,4,0.2389,0,6,1
CUST-10531,2024-11-01,11,2024,14,1711.25,19,7,0.3598,1,6,1
CUST-10531,2024-12-01,12,2024,15,1711.25,19,7,0.3505,1,6,1
CUST-10532,2023-09-01,9,2023,0,206.88,3,1,0.3011,0,7,1
CUST-10532,2023-10-01,10,2023,1,206.88,3,0,0.0499,4,5,1
CUST-10532,2023-11-01,11,2023,2,206.88,3,0,0.1032,3,6,1
CUST-10532,2023-12-01,12,2023,3,206.88,3,0,0.03,1,6,1
CUST-10532,2024-01-01,1,2024,4,206.88,3,0,0.0729,2,6,1
CUST-10532,2024-02-01,2,2024,5,206.88,3,0,0.03,5,5,1
CUST-10532,2024-03-01,3,2024,6,206.88,3,0,0.03,3,6,1
CUST-10532,2024-04-01,4,2024,7,226.18,4,0,0.03,4,5,1
CUST-10532,2024-05-01,5,2024,8,226.18,4,0,0.03,3,6,1
CUST-10532,2024-06-01,6,2024,9,226.18,4,0,0.03,2,6,1
CUST-10532,2024-07-01,7,2024,10,226.18,4,0,0.03,4,5,1
CUST-10532,2024-08-01,8,2024,11,206.88,3,0,0.03,1,6,1
CUST-10532,2024-09-01,9,2024,12,206.88,3,0,0.03,4,5,1
CUST-10532,2024-10-01,10,2024,13,206.88,3,0,0.03,1,6,1
CUST-10532,2024-11-01,11,2024,14,206.88,3,0,0.03,2,6,1
CUST-10532,2024-12-01,12,2024,15,206.88,3,0,0.03,5,5,1
CUST-10533,2023-09-01,9,2023,0,80.25,3,0,0.15,1,5,1
CUST-10533,2023-10-01,10,2023,1,80.25,3,1,20.5,2,5,1
CUST-10534,2023-09-01,9,2023,0,72.95,2,1,0.3031,1,6,1
CUST-10534,2023-10-01,10,2023,1,72.95,2,1,0.4078,2,6,1
CUST-10534,2023-11-01,11,2023,2,72.95,2,1,0.3213,1,6,1
CUST-10534,2023-12-01,12,2023,3,72.95,2,1,0.4617,0,6,1
CUST-10534,2024-01-01,1,2024,4,72.95,2,1,0.3103,1,6,1
CUST-10534,2024-02-01,2,2024,5,72.95,2,1,0.3198,1,6,1
CUST-10534,2024-03-01,3,2024,6,72.95,2,1,0.5072,0,6,1
CUST-10534,2024-04-01,4,2024,7,84.93,3,1,0.5208,2,6,1
CUST-10534,2024-05-01,5,2024,8,84.93,3,1,0.5456,0,7,1
CUST-10534,2024-06-01,6,2024,9,84.93,3,1,0.4356,0,6,1
CUST-10534,2024-07-01,7,2024,10,84.93,3,1,0.4752,2,6,1
CUST-10534,2024-08-01,8,2024,11,84.93,3,1,0.4654,1,6,1
CUST-10534,2024-09-01,9,2024,12,84.93,3,2,0.6039,0,7,1
CUST-10534,2024-10-01,10,2024,13,84.93,3,2,0.6846,1,7,1
CUST-10534,2024-11-01,11,2024,14,84.93,3,2,0.7251,0,7,1
CUST-10534,2024-12-01,12,2024,15,84.93,3,2,0.7624,0,7,1
CUST-10535,2023-09-01,9,2023,0,212.43,3,1,0.3279,0,9,1
CUST-10535,2023-10-01,10,2023,1,212.43,3,1,0.423,0,9,1
CUST-10535,2023-11-01,11,2023,2,212.43,3,1,0.3076,0,9,1
CUST-10535,2023-12-01,12,2023,3,212.43,3,1,0.4241,0,9,1
CUST-10535,2024-01-01,1,2024,4,212.43,3,1,0.3102,0,9,1
CUST-10535,2024-02-01,2,2024,5,212.43,3,1,0.2299,2,9,1
CUST-10535,2024-03-01,3,2024,6,212.43,3,1,0.3229,0,9,1
CUST-10535,2024-04-01,4,2024,7,212.43,3,1,0.3802,1,9,1
CUST-10535,2024-05-01,5,2024,8,212.43,3,1,0.3645,1,9,1
CUST-10535,2024-06-01,6,2024,9,212.43,3,1,0.2925,0,9,1
CUST-10535,2024-07-01,7,2024,10,212.43,3,1,0.2442,0,9,1
CUST-10535,2024-08-01,8,2024,11,212.43,3,1,0.3327,1,9,1
CUST-10535,2024-09-01,9,2024,12,212.43,3,1,0.4028,0,9,1
CUST-10535,2024-10-01,10,2024,13,212.43,3,1,0.3304,1,9,1
CUST-10535,2024-11-01,11,2024,14,212.43,3,1,0.1713,0,9,1
CUST-10535,2024-12-01,12,2024,15,212.43,3,1,0.2442,2,9,1
CUST-10536,2023-09-01,9,2023,0,1254.99,9,3,0.3865,3,7,1
CUST-10536,2023-10-01,10,2023,1,1294.55,10,4,0.4127,2,7,1
CUST-10536,2023-11-01,11,2023,2,1334.11,11,4,0.4214,0,8,1
CUST-10536,2023-12-01,12,2023,3,1373.66,12,3,0.2795,2,7,1
CUST-10536,2024-01-01,1,2024,4,1334.11,11,3,0.2734,0,7,1
CUST-10536,2024-02-01,2,2024,5,1373.66,12,4,0.3776,3,7,1
CUST-10536,2024-03-01,3,2024,6,1373.66,12,6,0.5108,0,8,1
CUST-10536,2024-04-01,4,2024,7,1452.77,14,4,0.3693,2,7,1
CUST-10536,2024-05-01,5,2024,8,1413.22,13,6,0.4235,1,7,1
CUST-10536,2024-06-01,6,2024,9,1452.77,14,4,0.2624,0,7,1
CUST-10536,2024-07-01,7,2024,10,1452.77,14,4,0.2803,2,7,1
CUST-10536,2024-08-01,8,2024,11,1492.33,15,5,0.3634,0,7,1
CUST-10536,2024-09-01,9,2024,12,1492.33,15,4,0.2838,3,7,1
CUST-10536,2024-10-01,10,2024,13,1492.33,15,5,0.3437,0,7,1
CUST-10536,2024-11-01,11,2024,14,1571.43,17,5,0.3073,1,7,1
CUST-10536,2024-12-01,12,2024,15,1571.43,17,4,0.2319,2,7,1
CUST-10537,2023-09-01,9,2023,0,486.55,3,2,0.5585,1,7,1
CUST-10537,2023-10-01,10,2023,1,486.55,3,1,0.4608,3,6,1
CUST-10537,2023-11-01,11,2023,2,486.55,3,1,0.5252,0,7,1
CUST-10537,2023-12-01,12,2023,3,486.55,3,1,0.2842,2,6,1
CUST-10537,2024-01-01,1,2024,4,486.55,3,2,0.5534,2,7,1
CUST-10537,2024-02-01,2,2024,5,486.55,3,1,0.4082,1,7,1
CUST-10537,2024-03-01,3,2024,6,486.55,3,1,0.4248,2,6,1
CUST-10537,2024-04-01,4,2024,7,486.55,3,1,0.4308,2,6,1
CUST-10537,2024-05-01,5,2024,8,486.55,3,2,0.4576,3,6,1
CUST-10537,2024-06-01,6,2024,9,486.55,3,1,0.4127,1,7,1
CUST-10537,2024-07-01,7,2024,10,486.55,3,2,0.4875,1,7,1
CUST-10537,2024-08-01,8,2024,11,515.74,4,2,0.4574,0,7,1
CUST-10537,2024-09-01,9,2024,12,486.55,3,1,0.2781,2,6,1
CUST-10537,2024-10-01,10,2024,13,486.55,3,1,0.3086,1,6,1
CUST-10537,2024-11-01,11,2024,14,486.55,3,1,0.4124,1,7,1
CUST-10537,2024-12-01,12,2024,15,486.55,3,1,0.3743,2,6,1
CUST-10538,2023-09-01,9,2023,0,85.0,3,2,0.6444,1,8,1
CUST-10538,2023-10-01,10,2023,1,85.0,3,2,0.693,0,8,1
CUST-10538,2023-11-01,11,2023,2,85.0,3,2,0.6999,1,8,1
CUST-10538,2023-12-01,12,2023,3,85.0,3,2,0.6869,2,7,1
CUST-10538,2024-01-01,1,2024,4,85.0,3,2,72.5,1,8,1
CUST-10538,2024-02-01,2,2024,5,85.0,3,2,0.8013,1,8,1
CUST-10538,2024-03-01,3,2024,6,85.0,3,2,0.8306,0,8,1
CUST-10538,2024-04-01,4,2024,7,85.0,3,2,0.6833,1,8,1
CUST-10538,2024-05-01,5,2024,8,85.0,3,2,0.6383,1,8,1
CUST-10538,2024-06-01,6,2024,9,85.0,3,2,0.7354,1,8,1
CUST-10538,2024-07-01,7,2024,10,85.0,3,2,0.6955,0,8,1
CUST-10538,2024-08-01,8,2024,11,85.0,3,2,0.7811,1,8,1
CUST-10538,2024-09-01,9,2024,12,85.0,3,2,0.8117,1,8,1
CUST-10538,2024-10-01,10,2024,13,85.0,3,2,0.7771,1,8,1
CUST-10538,2024-11-01,11,2024,14,85.0,3,2,0.7846,0,8,1
CUST-10538,2024-12-01,12,2024,15,85.0,3,2,0.7889,1,8,1
CUST-10539,2023-09-01,9,2023,0,280.9,25,15,0.5819,0,9,1
CUST-10539,2023-10-01,10,2023,1,280.9,25,12,0.4838,2,8,1
CUST-10539,2023-11-01,11,2023,2,271.62,24,17,0.6776,2,8,1
CUST-10539,2023-12-01,12,2023,3,271.62,24,18,0.7381,0,9,1
CUST-10539,2024-01-01,1,2024,4,271.62,24,15,0.6172,1,9,1
CUST-10539,2024-02-01,2,2024,5,299.45,27,18,0.7372,0,9,1
CUST-10539,2024-03-01,3,2024,6,308.73,28,21,0.7841,1,9,1
CUST-10539,2024-04-01,4,2024,7,327.28,30,24,0.8344,3,9,1
CUST-10539,2024-05-01,5,2024,8,336.56,31,25,0.8433,2,9,1
CUST-10539,2024-06-01,6,2024,9,327.28,30,28,0.9245,0,9,1
CUST-10539,2024-07-01,7,2024,10,318.0,29,29,0.9759,1,9,1
CUST-10539,2024-08-01,8,2024,11,318.0,29,28,0.9446,0,10,1
CUST-10539,2024-09-01,9,2024,12,327.28,30,29,1.0,2,9,1
CUST-10539,2024-10-01,10,2024,13,327.28,30,30,1.0,1,9,1
CUST-10539,2024-11-01,11,2024,14,327.28,30,30,1.0,1,9,1
CUST-10539,2024-12-01,12,2024,15,327.28,30,30,1.0,1,9,1
CUST-10540,2023-09-01,9,2023,0,317.94,26,1,0.0417,1,8,1
CUST-10540,2023-10-01,10,2023,1,348.98,29,4,0.1558,2,8,1
CUST-10540,2023-11-01,11,2023,2,328.29,27,5,0.1912,0,9,1
CUST-10540,2023-12-01,12,2023,3,328.29,27,2,0.0905,0,9,1
CUST-10540,2024-01-01,1,2024,4,317.94,26,2,0.0918,0,9,1
CUST-10540,2024-02-01,2,2024,5,317.94,26,3,0.1294,1,8,1
CUST-10540,2024-03-01,3,2024,6,338.63,28,1,0.0464,0,8,1
CUST-10540,2024-04-01,4,2024,7,380.01,32,1,0.048,2,8,1
CUST-10541,2023-09-01,9,2023,0,77.19,3,2,0.5606,0,6,1
CUST-10541,2023-10-01,10,2023,1,77.19,3,2,0.5519,0,6,1
CUST-10541,2023-11-01,11,2023,2,77.19,3,2,0.5299,0,6,1
CUST-10541,2023-12-01,12,2023,3,77.19,3,2,0.5362,1,6,1
CUST-10541,2024-01-01,1,2024,4,77.19,3,2,0.5493,0,6,1
CUST-10542,2023-09-01,9,2023,0,1609.8,80,46,0.553,1,8,1
CUST-10542,2023-10-01,10,2023,1,1609.8,80,46,0.571,1,8,1
CUST-10542,2023-11-01,11,2023,2,1518.5,75,51,0.64,2,8,1
CUST-10542,2023-12-01,12,2023,3,1555.02,77,49,0.6477,0,9,1
CUST-10542,2024-01-01,1,2024,4,1664.58,83,59,0.7566,1,9,1
CUST-10542,2024-02-01,2,2024,5,1810.66,91,62,0.7508,0,9,1
CUST-10542,2024-03-01,3,2024,6,1883.7,95,69,0.7563,0,9,1
CUST-10542,2024-04-01,4,2024,7,1956.74,99,78,0.8155,0,9,1
CUST-10542,2024-05-01,5,2024,8,2084.56,106,85,0.8531,0,9,1
CUST-10542,2024-06-01,6,2024,9,1920.22,97,85,0.8038,2,9,1
CUST-10542,2024-07-01,7,2024,10,1938.48,98,86,0.881,0,9,1
CUST-10542,2024-08-01,8,2024,11,1847.18,93,90,0.9171,1,9,1
CUST-10542,2024-09-01,9,2024,12,2011.52,102,93,1.0,0,10,1
CUST-10542,2024-10-01,10,2024,13,1956.74,99,102,1.0,0,10,1
CUST-10542,2024-11-01,11,2024,14,2029.78,103,99,1.0,0,10,1
CUST-10542,2024-12-01,12,2024,15,2029.78,103,103,1.0,0,10,1
CUST-10543,2023-09-01,9,2023,0,103.54,5,3,0.592,2,9,1
CUST-10543,2023-10-01,10,2023,1,103.54,5,3,0.6359,2,10,1
CUST-10543,2023-11-01,11,2023,2,114.45,6,3,0.6009,0,10,1
CUST-10543,2023-12-01,12,2023,3,114.45,6,4,0.6331,0,10,1
CUST-10543,2024-01-01,1,2024,4,114.45,6,3,0.5661,2,9,1
CUST-10543,2024-02-01,2,2024,5,114.45,6,3,0.4616,5,8,1
CUST-10543,2024-03-01,3,2024,6,125.36,7,3,0.5439,2,9,1
CUST-10543,2024-04-01,4,2024,7,136.26,8,4,0.5215,3,9,1
CUST-10543,2024-05-01,5,2024,8,125.36,7,3,0.4315,1,9,1
CUST-10543,2024-06-01,6,2024,9,125.36,7,3,0.3457,0,9,1
CUST-10543,2024-07-01,7,2024,10,136.26,8,3,0.4211,3,9,1
CUST-10543,2024-08-01,8,2024,11,136.26,8,2,0.3173,1,9,1
CUST-10543,2024-09-01,9,2024,12,136.26,8,3,0.3987,1,9,1
CUST-10543,2024-10-01,10,2024,13,147.17,9,2,0.2898,3,8,1
CUST-10543,2024-11-01,11,2024,14,147.17,9,4,0.4864,1,9,1
CUST-10543,2024-12-01,12,2024,15,147.17,9,4,0.3976,1,9,1
CUST-10544,2023-09-01,9,2023,0,523.0,17,12,0.7265,1,10,1
CUST-10544,2023-10-01,10,2023,1,545.0,18,12,0.677,0,10,1
CUST-10545,2023-09-01,9,2023,0,672.31,9,3,0.3447,0,7,1
CUST-10545,2023-10-01,10,2023,1,641.94,8,2,0.1769,1,6,1
CUST-10545,2023-11-01,11,2023,2,641.94,8,1,0.119,0,6,1
CUST-10545,2023-12-01,12,2023,3,641.94,8,1,0.0636,1,6,1
CUST-10545,2024-01-01,1,2024,4,641.94,8,1,0.1769,1,6,1
CUST-10545,2024-02-01,2,2024,5,611.58,7,1,0.0988,1,6,1
CUST-10545,2024-03-01,3,2024,6,641.94,8,1,0.148,1,6,1
CUST-10545,2024-04-01,4,2024,7,611.58,7,0,0.0625,2,6,1
CUST-10545,2024-05-01,5,2024,8,611.58,7,1,0.096,1,6,1
CUST-10545,2024-06-01,6,2024,9,641.94,8,2,0.2155,0,7,1
CUST-10545,2024-07-01,7,2024,10,641.94,8,1,0.1538,0,6,1
CUST-10545,2024-08-01,8,2024,11,611.58,7,1,0.0885,2,6,1
CUST-10545,2024-09-01,9,2024,12,611.58,7,0,0.0424,1,6,1
CUST-10545,2024-10-01,10,2024,13,611.58,7,0,0.03,2,6,1
CUST-10545,2024-11-01,11,2024,14,611.58,7,0,0.03,1,6,1
CUST-10545,2024-12-01,12,2024,15,611.58,7,0,0.03,1,6,1
CUST-10546,2023-09-01,9,2023,0,716.66,66,24,0.3721,3,4,1
CUST-10546,2023-10-01,10,2023,1,726.77,67,21,0.3152,4,4,1
CUST-10546,2023-11-01,11,2023,2,686.31,63,13,0.1945,0,4,1
CUST-10546,2023-12-01,12,2023,3,686.31,63,12,0.1833,4,4,1
CUST-10546,2024-01-01,1,2024,4,757.12,70,13,0.2074,5,3,1
CUST-10546,2024-02-01,2,2024,5,747.0,69,11,0.1606,1,4,1
CUST-10546,2024-03-01,3,2024,6,787.47,73,12,0.1776,4,4,1
CUST-10546,2024-04-01,4,2024,7,726.77,67,5,0.0619,0,4,1
CUST-10546,2024-05-01,5,2024,8,747.0,69,9,0.1389,2,4,1
CUST-10546,2024-06-01,6,2024,9,676.19,62,11,0.1583,1,4,1
CUST-10546,2024-07-01,7,2024,10,625.61,57,15,24.1,2,4,1
CUST-10546,2024-08-01,8,2024,11,655.96,60,2,0.03,8,2,1
CUST-10546,2024-09-01,9,2024,12,635.73,58,2,0.03,4,3,1
CUST-10546,2024-10-01,10,2024,13,696.42,64,2,0.03,4,3,1
CUST-10546,2024-11-01,11,2024,14,736.89,68,2,0.03,2,4,1
CUST-10546,2024-12-01,12,2024,15,706.54,65,2,0.03,4,3,1
CUST-10547,2023-09-01,9,2023,0,187.06,2,1,0.6823,0,10,1
CUST-10547,2023-10-01,10,2023,1,187.06,2,1,0.6055,3,10,1
CUST-10547,2023-11-01,11,2023,2,187.06,2,1,0.6055,1,10,1
CUST-10547,2023-12-01,12,2023,3,187.06,2,1,0.5818,2,10,1
CUST-10547,2024-01-01,1,2024,4,187.06,2,1,0.5669,0,10,1
CUST-10548,2023-09-01,9,2023,0,670.58,9,1,0.1392,4,6,1
CUST-10548,2023-10-01,10,2023,1,700.76,10,1,0.1523,4,6,1
CUST-10548,2023-11-01,11,2023,2,730.94,11,2,0.1937,1,7,1
CUST-10548,2023-12-01,12,2023,3,730.94,11,0,0.0426,3,6,1
CUST-10548,2024-01-01,1,2024,4,730.94,11,1,0.0493,2,6,1
CUST-10548,2024-02-01,2,2024,5,730.94,11,1,0.0913,0,7,1
CUST-10548,2024-03-01,3,2024,6,730.94,11,1,0.0664,3,6,1
CUST-10548,2024-04-01,4,2024,7,730.94,11,0,0.03,2,6,1
CUST-10548,2024-05-01,5,2024,8,761.11,12,0,0.03,5,5,1
CUST-10548,2024-06-01,6,2024,9,761.11,12,0,0.03,1,6,1
CUST-10548,2024-07-01,7,2024,10,761.11,12,0,0.03,0,7,1
CUST-10548,2024-08-01,8,2024,11,791.29,13,0,0.03,2,6,1
CUST-10548,2024-09-01,9,2024,12,821.46,14,1,0.1062,2,6,1
CUST-10548,2024-10-01,10,2024,13,821.46,14,0,0.03,2,6,1
CUST-10548,2024-11-01,11,2024,14,851.64,15,0,0.03,2,6,1
CUST-10548,2024-12-01,12,2024,15,821.46,14,0,0.03,2,6,1
CUST-10549,2023-09-01,9,2023,0,72.64,2,1,0.2776,0,4,1
CUST-10549,2023-10-01,10,2023,1,72.64,2,0,0.1428,3,3,1
CUST-10549,2023-11-01,11,2023,2,72.64,2,0,0.0409,3,2,1
CUST-10549,2023-12-01,12,2023,3,72.64,2,0,0.1747,3,3,1
CUST-10549,2024-01-01,1,2024,4,72.64,2,0,0.03,6,2,1
CUST-10549,2024-02-01,2,2024,5,72.64,2,0,0.03,2,3,1
CUST-10549,2024-03-01,3,2024,6,60.82,1,0,0.06,4,2,1
CUST-10549,2024-04-01,4,2024,7,60.82,1,0,0.03,1,3,1
CUST-10549,2024-05-01,5,2024,8,72.64,2,0,0.03,3,2,1
CUST-10549,2024-06-01,6,2024,9,60.82,1,0,0.03,1,3,1
CUST-10549,2024-07-01,7,2024,10,72.64,2,0,0.03,1,3,1
CUST-10549,2024-08-01,8,2024,11,60.82,1,0,0.03,1,3,1
CUST-10549,2024-09-01,9,2024,12,60.82,1,0,0.03,2,3,1
CUST-10549,2024-10-01,10,2024,13,60.82,1,0,0.03,1,3,1
CUST-10549,2024-11-01,11,2024,14,60.82,1,0,0.03,0,3,1
CUST-10549,2024-12-01,12,2024,15,60.82,1,0,0.03,3,2,1
CUST-10550,2023-09-01,9,2023,0,323.59,8,6,0.8055,1,9,1
CUST-10550,2023-10-01,10,2023,1,323.59,8,7,0.7849,1,9,1
CUST-10550,2023-11-01,11,2023,2,323.59,8,6,0.7687,0,9,1
CUST-10550,2023-12-01,12,2023,3,323.59,8,5,0.5877,1,9,1
CUST-10550,2024-01-01,1,2024,4,345.42,9,6,0.6988,0,9,1
CUST-10550,2024-02-01,2,2024,5,323.59,8,6,0.6848,1,9,1
CUST-10550,2024-03-01,3,2024,6,323.59,8,6,0.7534,0,9,1
CUST-10550,2024-04-01,4,2024,7,323.59,8,6,0.7036,0,9,1
CUST-10550,2024-05-01,5,2024,8,323.59,8,6,0.7895,1,9,1
CUST-10550,2024-06-01,6,2024,9,323.59,8,6,0.7831,0,9,1
CUST-10550,2024-07-01,7,2024,10,323.59,8,6,0.6957,0,9,1
CUST-10550,2024-08-01,8,2024,11,323.59,8,5,0.6928,1,9,1
CUST-10550,2024-09-01,9,2024,12,323.59,8,7,0.9387,0,10,1
CUST-10550,2024-10-01,10,2024,13,301.77,7,7,0.8833,2,9,1
CUST-10550,2024-11-01,11,2024,14,323.59,8,6,0.9021,0,10,1
CUST-10550,2024-12-01,12,2024,15,323.59,8,6,0.7967,0,9,1
CUST-10551,2023-09-01,9,2023,0,264.0,23,11,0.4658,2,8,1
CUST-10551,2023-10-01,10,2023,1,254.66,22,9,0.3943,1,8,1
CUST-10551,2023-11-01,11,2023,2,254.66,22,10,0.4435,4,8,1
CUST-10551,2023-12-01,12,2023,3,264.0,23,10,0.4338,1,8,1
CUST-10551,2024-01-01,1,2024,4,282.7,25,13,0.5785,2,8,1
CUST-10551,2024-02-01,2,2024,5,282.7,25,13,0.504,3,8,1
CUST-10551,2024-03-01,3,2024,6,292.05,26,13,0.5079,2,8,1
CUST-10551,2024-04-01,4,2024,7,273.35,24,11,0.4137,3,8,1
CUST-10551,2024-05-01,5,2024,8,292.05,26,16,0.6732,5,8,1
CUST-10551,2024-06-01,6,2024,9,292.05,26,11,0.4164,2,8,1
CUST-10551,2024-07-01,7,2024,10,301.4,27,13,0.5126,1,8,1
CUST-10551,2024-08-01,8,2024,11,320.09,29,16,0.5947,0,9,1
CUST-10551,2024-09-01,9,2024,12,310.74,28,17,0.5677,2,8,1
CUST-10551,2024-10-01,10,2024,13,320.09,29,16,0.5514,0,9,1
CUST-10551,2024-11-01,11,2024,14,320.09,29,13,0.4485,2,8,1
CUST-10551,2024-12-01,12,2024,15,338.79,31,18,0.6193,0,9,1
CUST-10552,2023-09-01,9,2023,0,61.0,1,1,0.551,0,6,1
CUST-10552,2023-10-01,10,2023,1,61.0,1,1,0.6584,1,6,1
CUST-10552,2023-11-01,11,2023,2,61.0,1,1,0.7497,1,7,1
CUST-10552,2023-12-01,12,2023,3,61.0,1,1,0.5596,2,6,1
CUST-10552,2024-01-01,1,2024,4,61.0,1,1,0.6127,0,6,1
CUST-10552,2024-02-01,2,2024,5,61.0,1,1,0.6392,1,6,1
CUST-10552,2024-03-01,3,2024,6,61.0,1,1,0.7137,0,7,1
CUST-10552,2024-04-01,4,2024,7,61.0,1,1,0.6611,0,7,1
CUST-10552,2024-05-01,5,2024,8,61.0,1,1,0.6192,2,6,1
CUST-10552,2024-06-01,6,2024,9,61.0,1,1,0.6173,1,6,1
CUST-10552,2024-07-01,7,2024,10,61.0,1,1,0.5955,1,6,1
CUST-10552,2024-08-01,8,2024,11,61.0,1,1,0.5507,2,6,1
CUST-10552,2024-09-01,9,2024,12,61.0,1,1,0.503,0,6,1
CUST-10552,2024-10-01,10,2024,13,61.0,1,1,0.602,1,6,1
CUST-10552,2024-11-01,11,2024,14,61.0,1,1,0.5448,3,6,1
CUST-10552,2024-12-01,12,2024,15,61.0,1,1,0.5532,0,6,1
CUST-10553,2023-09-01,9,2023,0,1454.16,13,8,0.671,1,9,1
CUST-10553,2023-10-01,10,2023,1,1454.16,13,9,0.6922,1,9,1
CUST-10553,2023-11-01,11,2023,2,1454.16,13,7,0.545,1,9,1
CUST-10553,2023-12-01,12,2023,3,1496.87,14,9,0.681,0,9,1
CUST-10553,2024-01-01,1,2024,4,1539.57,15,9,0.6302,0,9,1
CUST-10553,2024-02-01,2,2024,5,1539.57,15,13,0.8777,1,9,1
CUST-10553,2024-03-01,3,2024,6,1539.57,15,12,0.8515,0,10,1
CUST-10553,2024-04-01,4,2024,7,1582.28,16,13,0.8464,0,10,1
CUST-10553,2024-05-01,5,2024,8,1667.69,18,14,0.8681,0,10,1
CUST-10553,2024-06-01,6,2024,9,1667.69,18,16,0.8987,0,10,1
CUST-10553,2024-07-01,7,2024,10,1667.69,18,18,1.0,0,10,1
CUST-10553,2024-08-01,8,2024,11,1710.39,19,18,1.0,0,10,1
CUST-10553,2024-09-01,9,2024,12,1710.39,19,19,1.0,0,10,1
CUST-10553,2024-10-01,10,2024,13,1710.39,19,19,1.0,0,10,1
CUST-10553,2024-11-01,11,2024,14,1710.39,19,19,1.0,0,10,1
CUST-10553,2024-12-01,12,2024,15,1753.1,20,19,1.0,0,10,1
CUST-10554,2023-09-01,9,2023,0,113.73,6,2,0.4124,0,4,1
CUST-10554,2023-10-01,10,2023,1,113.73,6,2,0.3141,1,3,1
CUST-10554,2023-11-01,11,2023,2,113.73,6,2,0.314,1,3,1
CUST-10555,2023-09-01,9,2023,0,80.54,3,1,0.245,2,5,1
CUST-10555,2023-10-01,10,2023,1,80.54,3,1,0.3412,2,5,1
CUST-10556,2023-09-01,9,2023,0,67.98,2,1,0.4014,0,6,1
CUST-10556,2023-10-01,10,2023,1,67.98,2,1,0.5827,1,6,1
CUST-10556,2023-11-01,11,2023,2,67.98,2,1,0.5448,0,6,1
CUST-10556,2023-12-01,12,2023,3,67.98,2,1,0.5696,0,6,1
CUST-10556,2024-01-01,1,2024,4,67.98,2,1,0.5193,1,6,1
CUST-10556,2024-02-01,2,2024,5,67.98,2,1,0.6203,0,6,1
CUST-10556,2024-03-01,3,2024,6,67.98,2,1,0.7996,0,7,1
CUST-10556,2024-04-01,4,2024,7,67.98,2,1,0.7891,1,6,1
CUST-10556,2024-05-01,5,2024,8,67.98,2,1,0.7877,0,7,1
CUST-10556,2024-06-01,6,2024,9,67.98,2,1,0.7942,0,7,1
CUST-10556,2024-07-01,7,2024,10,67.98,2,1,0.6079,0,6,1
CUST-10556,2024-08-01,8,2024,11,67.98,2,1,0.7897,0,7,1
CUST-10556,2024-09-01,9,2024,12,67.98,2,2,0.8927,0,7,1
CUST-10556,2024-10-01,10,2024,13,67.98,2,1,0.8037,0,7,1
CUST-10556,2024-11-01,11,2024,14,67.98,2,2,0.8943,1,7,1
CUST-10556,2024-12-01,12,2024,15,67.98,2,1,0.8657,0,7,1
CUST-10557,2023-09-01,9,2023,0,82.08,3,1,0.4048,2,8,1
CUST-10557,2023-10-01,10,2023,1,82.08,3,2,0.5353,1,9,1
CUST-10557,2023-11-01,11,2023,2,82.08,3,1,0.3939,2,8,1
CUST-10557,2023-12-01,12,2023,3,82.08,3,1,0.2501,0,8,1
CUST-10557,2024-01-01,1,2024,4,82.08,3,1,0.4461,0,9,1
CUST-10557,2024-02-01,2,2024,5,93.11,4,2,0.4494,2,8,1
CUST-10557,2024-03-01,3,2024,6,93.11,4,1,0.3138,1,8,1
CUST-10557,2024-04-01,4,2024,7,93.11,4,1,0.3519,0,9,1
CUST-10557,2024-05-01,5,2024,8,82.08,3,2,0.4888,1,9,1
CUST-10557,2024-06-01,6,2024,9,82.08,3,1,0.4289,0,9,1
CUST-10557,2024-07-01,7,2024,10,82.08,3,1,0.3458,1,8,1
CUST-10557,2024-08-01,8,2024,11,82.08,3,1,0.2893,1,8,1
CUST-10557,2024-09-01,9,2024,12,82.08,3,1,0.4914,1,9,1
CUST-10557,2024-10-01,10,2024,13,82.08,3,1,0.4281,0,9,1
CUST-10557,2024-11-01,11,2024,14,82.08,3,1,0.2624,0,8,1
CUST-10557,2024-12-01,12,2024,15,82.08,3,1,0.2906,3,8,1
CUST-10558,2023-09-01,9,2023,0,2232.62,31,12,0.3922,5,4,1
CUST-10558,2023-10-01,10,2023,1,2275.64,32,13,0.4263,0,6,1
CUST-10558,2023-11-01,11,2023,2,2318.66,33,13,0.4059,1,5,1
CUST-10558,2023-12-01,12,2023,3,2275.64,32,15,0.4478,1,5,1
CUST-10558,2024-01-01,1,2024,4,2361.68,34,11,0.3403,1,5,1
CUST-10558,2024-02-01,2,2024,5,2361.68,34,16,0.456,3,5,1
CUST-10558,2024-03-01,3,2024,6,2232.62,31,17,0.4962,3,5,1
CUST-10558,2024-04-01,4,2024,7,2318.66,33,16,0.5082,2,5,1
CUST-10558,2024-05-01,5,2024,8,2275.64,32,12,0.3716,1,5,1
CUST-10558,2024-06-01,6,2024,9,2318.66,33,17,55.0,2,5,1
CUST-10558,2024-07-01,7,2024,10,2361.68,34,20,0.597,2,6,1
CUST-10558,2024-08-01,8,2024,11,2361.68,34,18,0.5343,3,5,1
CUST-10558,2024-09-01,9,2024,12,2275.64,32,17,0.5042,0,6,1
CUST-10558,2024-10-01,10,2024,13,2275.64,32,15,0.4563,0,6,1
CUST-10558,2024-11-01,11,2024,14,2361.68,34,14,0.4368,1,5,1
CUST-10558,2024-12-01,12,2024,15,2232.62,31,18,0.5377,1,6,1
CUST-10559,2023-09-01,9,2023,0,94.74,4,1,0.254,1,9,1
CUST-10559,2023-10-01,10,2023,1,94.74,4,1,0.2262,2,8,1
CUST-10560,2023-09-01,9,2023,0,706.3,11,4,0.3714,0,5,1
CUST-10560,2023-10-01,10,2023,1,734.23,12,5,0.4982,0,5,1
CUST-10560,2023-11-01,11,2023,2,762.17,13,8,0.6492,1,5,1
CUST-10560,2023-12-01,12,2023,3,762.17,13,7,0.5352,0,5,1
CUST-10560,2024-01-01,1,2024,4,790.1,14,9,0.7104,1,5,1
CUST-10560,2024-02-01,2,2024,5,790.1,14,8,0.5996,0,5,1
CUST-10560,2024-03-01,3,2024,6,790.1,14,8,0.5453,0,5,1
CUST-10560,2024-04-01,4,2024,7,790.1,14,10,0.7233,0,5,1
CUST-10560,2024-05-01,5,2024,8,762.17,13,8,0.5527,0,5,1
CUST-10560,2024-06-01,6,2024,9,762.17,13,11,0.8245,0,6,1
CUST-10560,2024-07-01,7,2024,10,790.1,14,9,0.6834,0,5,1
CUST-10560,2024-08-01,8,2024,11,790.1,14,8,0.6231,0,5,1
CUST-10560,2024-09-01,9,2024,12,818.04,15,12,0.823,0,6,1
CUST-10560,2024-10-01,10,2024,13,818.04,15,11,0.7221,0,5,1
CUST-10560,2024-11-01,11,2024,14,873.91,17,10,0.6226,0,5,1
CUST-10561,2023-09-01,9,2023,0,2917.88,91,22,0.2461,2,9,1
CUST-10561,2023-10-01,10,2023,1,2973.24,93,23,0.2496,1,9,1
CUST-10561,2023-11-01,11,2023,2,2779.48,86,29,0.3148,0,10,1
CUST-10561,2023-12-01,12,2023,3,2890.2,90,19,0.2231,2,9,1
CUST-10561,2024-01-01,1,2024,4,2862.52,89,26,0.2905,5,8,1
CUST-10561,2024-02-01,2,2024,5,3000.92,94,20,0.2207,2,9,1
CUST-10561,2024-03-01,3,2024,6,3028.6,95,26,0.274,2,9,1
CUST-10561,2024-04-01,4,2024,7,2973.24,93,28,0.3001,0,10,1
CUST-10561,2024-05-01,5,2024,8,2862.52,89,29,0.3076,1,9,1
CUST-10561,2024-06-01,6,2024,9,2751.8,85,24,0.2738,3,9,1
CUST-10561,2024-07-01,7,2024,10,2751.8,85,24,0.277,0,9,1
CUST-10561,2024-08-01,8,2024,11,2613.4,80,33,0.3938,0,10,1
CUST-10561,2024-09-01,9,2024,12,2724.12,84,29,0.3563,1,9,1
CUST-10561,2024-10-01,10,2024,13,2696.44,83,25,0.2989,2,9,1
CUST-10561,2024-11-01,11,2024,14,2751.8,85,31,0.3693,0,10,1
CUST-10561,2024-12-01,12,2024,15,2807.16,87,37,0.4332,2,9,1
CUST-10562,2023-09-01,9,2023,0,237.5,17,3,0.1687,2,6,1
CUST-10563,2023-09-01,9,2023,0,12844.18,446,122,0.2745,2,8,1
CUST-10563,2023-10-01,10,2023,1,12955.8,450,66,0.1483,2,8,1
CUST-10563,2023-11-01,11,2023,2,13988.25,487,95,0.2105,4,8,1
CUST-10563,2023-12-01,12,2023,3,13876.63,483,78,0.1609,4,8,1
CUST-10563,2024-01-01,1,2024,4,14797.46,516,146,0.3027,2,9,1
CUST-10563,2024-02-01,2,2024,5,14434.71,503,104,0.2012,5,8,1
CUST-10563,2024-03-01,3,2024,6,14881.18,519,191,0.3799,2,9,1
CUST-10563,2024-04-01,4,2024,7,14546.33,507,182,0.3514,4,8,1
CUST-10563,2024-05-01,5,2024,8,15104.41,527,207,0.4087,1,9,1
CUST-10563,2024-06-01,6,2024,9,14211.48,495,202,0.3843,5,8,1
CUST-10563,2024-07-01,7,2024,10,15020.7,524,158,0.3196,2,9,1
CUST-10563,2024-08-01,8,2024,11,15216.02,531,128,0.2445,3,8,1
CUST-10563,2024-09-01,9,2024,12,15132.31,528,135,0.2551,5,8,1
CUST-10563,2024-10-01,10,2024,13,14713.75,513,210,0.3971,1,9,1
CUST-10563,2024-11-01,11,2024,14,15132.31,528,222,0.4324,1,9,1
CUST-10563,2024-12-01,12,2024,15,15634.58,546,209,0.3954,4,8,1
CUST-10564,2023-09-01,9,2023,0,127.04,7,1,0.2032,1,5,1
CUST-10564,2023-10-01,10,2023,1,138.18,8,2,0.213,2,5,1
CUST-10565,2023-09-01,9,2023,0,318.29,9,6,0.6302,1,6,1
CUST-10565,2023-10-01,10,2023,1,318.29,9,5,0.6126,0,6,1
CUST-10565,2023-11-01,11,2023,2,337.1,10,5,0.5939,6,5,1
CUST-10565,2023-12-01,12,2023,3,337.1,10,6,0.6524,1,6,1
CUST-10565,2024-01-01,1,2024,4,337.1,10,6,0.657,0,6,1
CUST-10565,2024-02-01,2,2024,5,337.1,10,6,0.64,1,6,1
CUST-10565,2024-03-01,3,2024,6,318.29,9,5,0.5442,1,6,1
CUST-10565,2024-04-01,4,2024,7,337.1,10,6,0.7002,0,7,1
CUST-10565,2024-05-01,5,2024,8,337.1,10,7,0.7357,1,6,1
CUST-10565,2024-06-01,6,2024,9,337.1,10,7,0.727,1,6,1
CUST-10565,2024-07-01,7,2024,10,355.91,11,6,0.633,0,6,1
CUST-10565,2024-08-01,8,2024,11,355.91,11,7,0.6755,1,6,1
CUST-10565,2024-09-01,9,2024,12,355.91,11,7,0.6541,1,6,1
CUST-10565,2024-10-01,10,2024,13,355.91,11,8,0.7426,0,7,1
CUST-10565,2024-11-01,11,2024,14,355.91,11,9,0.7681,0,7,1
CUST-10565,2024-12-01,12,2024,15,374.72,12,6,56.0,1,6,1
CUST-10566,2023-09-01,9,2023,0,177.59,12,6,0.4749,0,9,1
CUST-10566,2023-10-01,10,2023,1,177.59,12,4,0.3417,1,8,1
CUST-10566,2023-11-01,11,2023,2,177.59,12,4,0.3658,0,8,1
CUST-10566,2023-12-01,12,2023,3,177.59,12,6,0.4662,0,9,1
CUST-10566,2024-01-01,1,2024,4,177.59,12,6,0.4674,0,9,1
CUST-10566,2024-02-01,2,2024,5,177.59,12,6,0.4942,0,9,1
CUST-10566,2024-03-01,3,2024,6,166.88,11,5,0.3869,1,8,1
CUST-10566,2024-04-01,4,2024,7,145.44,9,4,0.3945,1,8,1
CUST-10566,2024-05-01,5,2024,8,145.44,9,4,0.4988,0,9,1
CUST-10566,2024-06-01,6,2024,9,134.73,8,4,0.4597,0,9,1
CUST-10566,2024-07-01,7,2024,10,134.73,8,4,0.4959,1,9,1
CUST-10566,2024-08-01,8,2024,11,134.73,8,4,0.5312,0,9,1
CUST-10566,2024-09-01,9,2024,12,134.73,8,4,0.4452,0,9,1
CUST-10566,2024-10-01,10,2024,13,145.44,9,4,0.4621,0,9,1
CUST-10566,2024-11-01,11,2024,14,145.44,9,5,0.5208,0,9,1
CUST-10566,2024-12-01,12,2024,15,134.73,8,4,0.4964,1,9,1
CUST-10567,2023-09-01,9,2023,0,143.18,9,2,0.2259,3,6,1
CUST-10567,2023-10-01,10,2023,1,143.18,9,2,0.1946,1,6,1
CUST-10567,2023-11-01,11,2023,2,143.18,9,2,0.1694,2,6,1
CUST-10567,2023-12-01,12,2023,3,143.18,9,2,0.1897,0,6,1
CUST-10567,2024-01-01,1,2024,4,143.18,9,1,0.0756,4,5,1
CUST-10567,2024-02-01,2,2024,5,132.71,8,0,0.0426,3,5,1
CUST-10567,2024-03-01,3,2024,6,132.71,8,0,0.03,0,6,1
CUST-10567,2024-04-01,4,2024,7,132.71,8,0,0.03,2,5,1
CUST-10567,2024-05-01,5,2024,8,132.71,8,0,0.03,0,6,1
CUST-10567,2024-06-01,6,2024,9,122.25,7,0,0.03,1,5,1
CUST-10567,2024-07-01,7,2024,10,122.25,7,0,0.03,5,5,1
CUST-10567,2024-08-01,8,2024,11,122.25,7,0,0.03,2,5,1
CUST-10567,2024-09-01,9,2024,12,111.78,6,0,0.03,4,5,1
CUST-10567,2024-10-01,10,2024,13,111.78,6,0,0.03,1,5,1
CUST-10568,2023-09-01,9,2023,0,130.14,7,3,0.3647,0,7,1
CUST-10568,2023-10-01,10,2023,1,130.14,7,3,0.4007,0,7,1
CUST-10568,2023-11-01,11,2023,2,130.14,7,3,0.4717,1,7,1
CUST-10568,2023-12-01,12,2023,3,130.14,7,3,0.4586,1,7,1
CUST-10568,2024-01-01,1,2024,4,130.14,7,3,0.4865,1,7,1
CUST-10568,2024-02-01,2,2024,5,130.14,7,3,0.4244,1,7,1
CUST-10568,2024-03-01,3,2024,6,130.14,7,3,0.4958,3,7,1
CUST-10568,2024-04-01,4,2024,7,118.55,6,3,0.4452,2,7,1
CUST-10568,2024-05-01,5,2024,8,118.55,6,3,0.422,0,8,1
CUST-10568,2024-06-01,6,2024,9,118.55,6,3,0.4402,1,7,1
CUST-10568,2024-07-01,7,2024,10,118.55,6,2,0.2648,1,7,1
CUST-10568,2024-08-01,8,2024,11,118.55,6,2,0.3245,2,7,1
CUST-10568,2024-09-01,9,2024,12,118.55,6,2,0.3939,0,7,1
CUST-10568,2024-10-01,10,2024,13,118.55,6,2,0.3919,2,7,1
CUST-10568,2024-11-01,11,2024,14,118.55,6,3,0.4241,1,7,1
CUST-10568,2024-12-01,12,2024,15,118.55,6,2,0.366,1,7,1
CUST-10569,2023-09-01,9,2023,0,281.0,6,2,0.3352,0,9,1
CUST-10569,2023-10-01,10,2023,1,281.0,6,2,0.2669,0,9,1
CUST-10569,2023-11-01,11,2023,2,303.0,7,2,0.3824,1,9,1
CUST-10569,2023-12-01,12,2023,3,303.0,7,3,0.3886,0,9,1
CUST-10569,2024-01-01,1,2024,4,303.0,7,2,0.3196,0,9,1
CUST-10569,2024-02-01,2,2024,5,303.0,7,2,0.294,1,9,1
CUST-10569,2024-03-01,3,2024,6,325.0,8,3,0.3644,1,9,1
CUST-10569,2024-04-01,4,2024,7,303.0,7,4,0.4571,1,9,1
CUST-10569,2024-05-01,5,2024,8,325.0,8,2,0.3276,1,9,1
CUST-10569,2024-06-01,6,2024,9,303.0,7,3,0.3763,1,9,1
CUST-10569,2024-07-01,7,2024,10,325.0,8,2,0.2336,1,9,1
CUST-10569,2024-08-01,8,2024,11,325.0,8,2,0.2149,0,9,1
CUST-10569,2024-09-01,9,2024,12,325.0,8,2,0.2325,1,9,1
CUST-10569,2024-10-01,10,2024,13,347.0,9,1,0.1525,0,9,1
CUST-10569,2024-11-01,11,2024,14,347.0,9,2,0.272,1,9,1
CUST-10569,2024-12-01,12,2024,15,369.0,10,2,0.2257,0,9,1
CUST-10570,2023-09-01,9,2023,0,137.02,9,2,0.2405,0,7,1
CUST-10570,2023-10-01,10,2023,1,137.02,9,2,0.1768,1,7,1
CUST-10570,2023-11-01,11,2023,2,137.02,9,2,0.1891,1,7,1
CUST-10570,2023-12-01,12,2023,3,127.24,8,3,0.3546,1,7,1
CUST-10570,2024-01-01,1,2024,4,137.02,9,2,0.2789,1,7,1
CUST-10570,2024-02-01,2,2024,5,127.24,8,3,0.2909,1,7,1
CUST-10570,2024-03-01,3,2024,6,127.24,8,1,0.1761,1,7,1
CUST-10570,2024-04-01,4,2024,7,127.24,8,1,0.081,1,7,1
CUST-10570,2024-05-01,5,2024,8,117.46,7,0,0.0404,2,6,1
CUST-10570,2024-06-01,6,2024,9,117.46,7,0,0.03,1,7,1
CUST-10570,2024-07-01,7,2024,10,117.46,7,0,0.0375,1,7,1
CUST-10570,2024-08-01,8,2024,11,117.46,7,0,0.03,1,7,1
CUST-10570,2024-09-01,9,2024,12,107.68,6,0,0.03,2,6,1
CUST-10570,2024-10-01,10,2024,13,107.68,6,0,0.03,2,6,1
CUST-10570,2024-11-01,11,2024,14,107.68,6,0,0.0749,2,7,1
CUST-10570,2024-12-01,12,2024,15,107.68,6,0,0.03,1,7,1
CUST-10571,2023-09-01,9,2023,0,162.52,11,6,0.5189,0,7,1
CUST-10571,2023-10-01,10,2023,1,152.2,10,6,0.5442,0,7,1
CUST-10571,2023-11-01,11,2023,2,152.2,10,4,0.4184,1,6,1
CUST-10571,2023-12-01,12,2023,3,152.2,10,6,0.6449,0,7,1
CUST-10571,2024-01-01,1,2024,4,152.2,10,6,0.5903,0,7,1
CUST-10571,2024-02-01,2,2024,5,141.88,9,5,0.5582,2,6,1
CUST-10571,2024-03-01,3,2024,6,141.88,9,6,0.6588,3,6,1
CUST-10571,2024-04-01,4,2024,7,131.56,8,5,0.5444,1,7,1
CUST-10571,2024-05-01,5,2024,8,131.56,8,4,0.5313,0,7,1
CUST-10571,2024-06-01,6,2024,9,141.88,9,5,0.6513,1,7,1
CUST-10571,2024-07-01,7,2024,10,141.88,9,4,0.4549,1,6,1
CUST-10571,2024-08-01,8,2024,11,152.2,10,5,0.566,2,6,1
CUST-10571,2024-09-01,9,2024,12,152.2,10,6,0.5929,1,7,1
CUST-10571,2024-10-01,10,2024,13,152.2,10,6,0.5934,3,6,1
CUST-10571,2024-11-01,11,2024,14,152.2,10,6,0.6049,0,7,1
CUST-10571,2024-12-01,12,2024,15,152.2,10,6,0.6041,2,6,1
CUST-10572,2023-09-01,9,2023,0,121.0,6,2,0.2813,1,3,1
CUST-10572,2023-10-01,10,2023,1,121.0,6,2,0.3244,0,3,1
CUST-10572,2023-11-01,11,2023,2,109.0,5,1,0.2249,0,3,1
CUST-10572,2023-12-01,12,2023,3,109.0,5,1,0.1458,1,2,1
CUST-10572,2024-01-01,1,2024,4,109.0,5,1,0.2342,1,3,1
CUST-10572,2024-02-01,2,2024,5,109.0,5,1,0.1421,0,3,1
CUST-10572,2024-03-01,3,2024,6,109.0,5,0,0.03,0,2,1
CUST-10572,2024-04-01,4,2024,7,109.0,5,0,0.03,0,2,1
CUST-10572,2024-05-01,5,2024,8,109.0,5,0,0.0438,1,2,1
CUST-10572,2024-06-01,6,2024,9,109.0,5,1,0.1336,3,2,1
CUST-10572,2024-07-01,7,2024,10,121.0,6,0,0.0452,1,2,1
CUST-10572,2024-08-01,8,2024,11,121.0,6,0,0.03,1,2,1
CUST-10572,2024-09-01,9,2024,12,121.0,6,0,0.03,1,2,1
CUST-10572,2024-10-01,10,2024,13,121.0,6,0,0.03,0,2,1
CUST-10572,2024-11-01,11,2024,14,121.0,6,0,0.0472,0,2,1
CUST-10572,2024-12-01,12,2024,15,121.0,6,0,0.03,2,2,1
CUST-10573,2023-09-01,9,2023,0,17651.24,424,201,0.4778,3,4,1
CUST-10574,2023-09-01,9,2023,0,736.88,31,25,0.7286,3,8,1
CUST-10574,2023-10-01,10,2023,1,698.96,29,23,0.7336,1,8,1
CUST-10574,2023-11-01,11,2023,2,698.96,29,21,0.7282,1,8,1
CUST-10574,2023-12-01,12,2023,3,698.96,29,14,0.4903,0,8,1
CUST-10574,2024-01-01,1,2024,4,661.03,27,12,0.4181,0,7,1
CUST-10574,2024-02-01,2,2024,5,604.14,24,11,0.419,1,7,1
CUST-10574,2024-03-01,3,2024,6,604.14,24,8,0.3509,0,7,1
CUST-10574,2024-04-01,4,2024,7,566.21,22,8,0.3276,2,7,1
CUST-10574,2024-05-01,5,2024,8,528.28,20,5,0.2101,1,7,1
CUST-10574,2024-06-01,6,2024,9,566.21,22,8,0.4041,0,7,1
CUST-10574,2024-07-01,7,2024,10,566.21,22,5,0.2185,0,7,1
CUST-10574,2024-08-01,8,2024,11,604.14,24,4,0.1708,0,7,1
CUST-10574,2024-09-01,9,2024,12,585.17,23,2,0.0845,1,6,1
CUST-10574,2024-10-01,10,2024,13,547.24,21,1,0.03,0,7,1
CUST-10574,2024-11-01,11,2024,14,566.21,22,1,0.0497,0,7,1
CUST-10574,2024-12-01,12,2024,15,585.17,23,1,0.03,4,6,1
CUST-10575,2023-09-01,9,2023,0,162.78,11,3,0.3076,1,10,1
CUST-10575,2023-10-01,10,2023,1,152.44,10,3,0.2974,0,10,1
CUST-10575,2023-11-01,11,2023,2,162.78,11,3,0.3282,0,10,1
CUST-10575,2023-12-01,12,2023,3,162.78,11,3,0.232,0,10,1
CUST-10575,2024-01-01,1,2024,4,162.78,11,4,0.3392,0,10,1
CUST-10575,2024-02-01,2,2024,5,162.78,11,5,0.4236,1,10,1
CUST-10575,2024-03-01,3,2024,6,162.78,11,4,0.3629,0,10,1
CUST-10575,2024-04-01,4,2024,7,162.78,11,6,0.5237,0,10,1
CUST-10575,2024-05-01,5,2024,8,173.13,12,4,0.3231,1,10,1
CUST-10575,2024-06-01,6,2024,9,162.78,11,3,0.2583,0,10,1
CUST-10575,2024-07-01,7,2024,10,162.78,11,5,0.4581,0,10,1
CUST-10575,2024-08-01,8,2024,11,162.78,11,6,0.568,1,10,1
CUST-10575,2024-09-01,9,2024,12,162.78,11,6,0.5429,1,10,1
CUST-10575,2024-10-01,10,2024,13,162.78,11,5,0.4538,0,10,1
CUST-10575,2024-11-01,11,2024,14,152.44,10,5,0.4593,0,10,1
CUST-10575,2024-12-01,12,2024,15,152.44,10,6,0.5876,0,10,1
CUST-10576,2023-09-01,9,2023,0,1301.16,9,6,0.646,0,6,1
CUST-10576,2023-10-01,10,2023,1,1345.85,10,6,0.6068,0,6,1
CUST-10576,2023-11-01,11,2023,2,1345.85,10,5,0.4785,1,5,1
CUST-10576,2023-12-01,12,2023,3,1345.85,10,6,0.559,0,6,1
CUST-10576,2024-01-01,1,2024,4,1345.85,10,4,0.3952,0,5,1
CUST-10576,2024-02-01,2,2024,5,1345.85,10,5,0.5154,1,5,1
CUST-10576,2024-03-01,3,2024,6,1301.16,9,4,0.3627,0,5,1
CUST-10576,2024-04-01,4,2024,7,1301.16,9,4,0.3812,0,5,1
CUST-10576,2024-05-01,5,2024,8,1301.16,9,4,0.4408,0,5,1
CUST-10576,2024-06-01,6,2024,9,1256.48,8,3,0.3646,0,5,1
CUST-10576,2024-07-01,7,2024,10,1256.48,8,2,0.1985,0,5,1
CUST-10576,2024-08-01,8,2024,11,1256.48,8,2,0.2791,0,5,1
CUST-10576,2024-09-01,9,2024,12,1256.48,8,3,0.3235,0,5,1
CUST-10576,2024-10-01,10,2024,13,1256.48,8,4,0.4296,0,5,1
CUST-10576,2024-11-01,11,2024,14,1256.48,8,1,0.1391,0,5,1
CUST-10576,2024-12-01,12,2024,15,1256.48,8,1,0.1893,1,5,1
CUST-10577,2023-09-01,9,2023,0,3239.0,52,37,0.7477,0,9,1
CUST-10577,2023-10-01,10,2023,1,3374.0,55,37,0.7244,0,9,1
CUST-10577,2023-11-01,11,2023,2,3554.0,59,41,0.7529,0,9,1
CUST-10577,2023-12-01,12,2023,3,3464.0,57,49,0.8236,1,9,1
CUST-10577,2024-01-01,1,2024,4,3644.0,61,40,0.6932,1,9,1
CUST-10577,2024-02-01,2,2024,5,3869.0,66,48,0.786,0,10,1
CUST-10577,2024-03-01,3,2024,6,3959.0,68,54,0.8312,1,9,1
CUST-10577,2024-04-01,4,2024,7,3959.0,68,48,0.7,4,8,1
CUST-10577,2024-05-01,5,2024,8,4094.0,71,60,0.8757,0,10,1
CUST-10577,2024-06-01,6,2024,9,4004.0,69,56,0.7864,1,9,1
CUST-10577,2024-07-01,7,2024,10,4139.0,72,58,0.8315,0,10,1
CUST-10577,2024-08-01,8,2024,11,4139.0,72,49,0.6791,2,9,1
CUST-10577,2024-09-01,9,2024,12,4184.0,73,53,0.7276,1,9,1
CUST-10577,2024-10-01,10,2024,13,4409.0,78,61,0.8383,0,10,1
CUST-10577,2024-11-01,11,2024,14,4364.0,77,67,0.8492,0,10,1
CUST-10577,2024-12-01,12,2024,15,4544.0,81,54,0.6983,1,9,1
CUST-10578,2023-09-01,9,2023,0,655.0,8,6,0.7505,2,6,1
CUST-10578,2023-10-01,10,2023,1,655.0,8,5,0.562,4,5,1
CUST-10578,2023-11-01,11,2023,2,655.0,8,7,0.8731,0,6,1
CUST-10578,2023-12-01,12,2023,3,655.0,8,6,0.7136,2,5,1
CUST-10578,2024-01-01,1,2024,4,655.0,8,7,0.8185,0,6,1
CUST-10578,2024-02-01,2,2024,5,655.0,8,7,0.7897,1,6,1
CUST-10578,2024-03-01,3,2024,6,655.0,8,6,0.6774,1,6,1
CUST-10578,2024-04-01,4,2024,7,655.0,8,6,0.6784,4,5,1
CUST-10578,2024-05-01,5,2024,8,623.0,7,6,0.7363,4,5,1
CUST-10578,2024-06-01,6,2024,9,623.0,7,5,0.6981,0,6,1
CUST-10578,2024-07-01,7,2024,10,623.0,7,6,0.7774,1,6,1
CUST-10578,2024-08-01,8,2024,11,623.0,7,5,0.7106,1,6,1
CUST-10578,2024-09-01,9,2024,12,623.0,7,6,0.8443,1,6,1
CUST-10578,2024-10-01,10,2024,13,623.0,7,4,0.6169,2,5,1
CUST-10578,2024-11-01,11,2024,14,623.0,7,5,0.7456,3,5,1
CUST-10578,2024-12-01,12,2024,15,623.0,7,5,0.6794,3,5,1
CUST-10579,2023-09-01,9,2023,0,518.3,4,3,0.6921,0,9,1
CUST-10579,2023-10-01,10,2023,1,548.12,5,2,0.517,2,8,1
CUST-10579,2023-11-01,11,2023,2,518.3,4,2,0.4973,2,8,1
CUST-10579,2023-12-01,12,2023,3,518.3,4,2,0.539,3,8,1
CUST-10579,2024-01-01,1,2024,4,518.3,4,2,0.4826,1,8,1
CUST-10579,2024-02-01,2,2024,5,518.3,4,2,0.4886,3,8,1
CUST-10579,2024-03-01,3,2024,6,518.3,4,1,0.3498,1,8,1
CUST-10579,2024-04-01,4,2024,7,488.47,3,1,0.306,1,8,1
CUST-10579,2024-05-01,5,2024,8,518.3,4,1,0.2278,1,7,1
CUST-10579,2024-06-01,6,2024,9,518.3,4,1,0.211,2,7,1
CUST-10579,2024-07-01,7,2024,10,518.3,4,1,0.2002,0,8,1
CUST-10579,2024-08-01,8,2024,11,518.3,4,0,0.03,4,6,1
CUST-10579,2024-09-01,9,2024,12,518.3,4,0,0.1253,1,7,1
CUST-10579,2024-10-01,10,2024,13,518.3,4,0,0.0608,2,7,1
CUST-10579,2024-11-01,11,2024,14,518.3,4,0,0.0416,2,7,1
CUST-10579,2024-12-01,12,2024,15,488.47,3,0,0.0321,0,7,1
CUST-10580,2023-09-01,9,2023,0,102.1,5,2,0.344,0,5,1
CUST-10580,2023-10-01,10,2023,1,102.1,5,1,0.2585,3,4,1
CUST-10580,2023-11-01,11,2023,2,102.1,5,2,0.4143,3,4,1
CUST-10580,2023-12-01,12,2023,3,102.1,5,2,0.3746,0,5,1
CUST-10580,2024-01-01,1,2024,4,102.1,5,2,0.2965,2,4,1
CUST-10580,2024-02-01,2,2024,5,102.1,5,1,0.1102,0,4,1
CUST-10580,2024-03-01,3,2024,6,102.1,5,1,0.1605,1,4,1
CUST-10580,2024-04-01,4,2024,7,102.1,5,0,0.0576,5,3,1
CUST-10580,2024-05-01,5,2024,8,102.1,5,0,0.03,4,3,1
CUST-10580,2024-06-01,6,2024,9,112.72,6,0,0.03,5,3,1
CUST-10580,2024-07-01,7,2024,10,112.72,6,0,0.03,0,4,1
CUST-10580,2024-08-01,8,2024,11,102.1,5,0,0.03,3,3,1
CUST-10580,2024-09-01,9,2024,12,102.1,5,0,0.03,2,4,1
CUST-10580,2024-10-01,10,2024,13,102.1,5,0,0.03,4,3,1
CUST-10580,2024-11-01,11,2024,14,102.1,5,0,0.03,3,3,1
CUST-10580,2024-12-01,12,2024,15,102.1,5,0,0.03,4,3,1
CUST-10581,2023-09-01,9,2023,0,623.0,7,5,0.6112,0,8,1
CUST-10581,2023-10-01,10,2023,1,655.0,8,5,0.637,0,8,1
CUST-10581,2023-11-01,11,2023,2,655.0,8,4,0.5367,0,8,1
CUST-10581,2023-12-01,12,2023,3,655.0,8,4,0.5315,0,8,1
CUST-10581,2024-01-01,1,2024,4,655.0,8,4,0.4513,0,7,1
CUST-10581,2024-02-01,2,2024,5,655.0,8,4,0.5165,0,7,1
CUST-10581,2024-03-01,3,2024,6,655.0,8,4,0.4656,0,7,1
CUST-10581,2024-04-01,4,2024,7,655.0,8,4,0.506,0,7,1
CUST-10581,2024-05-01,5,2024,8,623.0,7,4,0.5931,0,8,1
CUST-10581,2024-06-01,6,2024,9,623.0,7,4,0.5225,0,8,1
CUST-10581,2024-07-01,7,2024,10,591.0,6,5,0.6481,0,8,1
CUST-10581,2024-08-01,8,2024,11,623.0,7,3,0.4107,0,7,1
CUST-10581,2024-09-01,9,2024,12,623.0,7,3,0.4011,0,7,1
CUST-10581,2024-10-01,10,2024,13,623.0,7,4,0.5194,0,8,1
CUST-10581,2024-11-01,11,2024,14,591.0,6,3,0.4856,0,7,1
CUST-10581,2024-12-01,12,2024,15,591.0,6,3,0.5141,0,7,1
CUST-10582,2023-09-01,9,2023,0,139.34,8,3,0.4055,0,9,1
CUST-10583,2023-09-01,9,2023,0,171.0,1,0,0.3344,4,6,1
CUST-10583,2023-10-01,10,2023,1,171.0,1,0,0.3753,0,7,1
CUST-10583,2023-11-01,11,2023,2,171.0,1,0,0.3488,1,7,1
CUST-10583,2023-12-01,12,2023,3,171.0,1,0,0.3394,4,6,1
CUST-10583,2024-01-01,1,2024,4,171.0,1,0,0.3666,3,7,1
CUST-10583,2024-02-01,2,2024,5,171.0,1,1,0.4574,1,7,1
CUST-10583,2024-03-01,3,2024,6,171.0,1,1,0.4131,0,8,1
CUST-10583,2024-04-01,4,2024,7,171.0,1,0,0.3684,4,7,1
CUST-10583,2024-05-01,5,2024,8,171.0,1,1,0.4261,3,7,1
CUST-10583,2024-06-01,6,2024,9,193.0,2,0,0.268,0,7,1
CUST-10583,2024-07-01,7,2024,10,193.0,2,0,0.2579,2,7,1
CUST-10583,2024-08-01,8,2024,11,193.0,2,1,0.3192,4,6,1
CUST-10583,2024-09-01,9,2024,12,193.0,2,1,0.3528,0,7,1
CUST-10583,2024-10-01,10,2024,13,193.0,2,1,0.3372,2,7,1
CUST-10583,2024-11-01,11,2024,14,193.0,2,0,0.2668,2,7,1
CUST-10583,2024-12-01,12,2024,15,193.0,2,1,0.294,2,7,1
CUST-10584,2023-09-01,9,2023,0,214.67,3,0,0.0982,1,5,1
CUST-10584,2023-10-01,10,2023,1,214.67,3,1,0.1991,4,5,1
CUST-10584,2023-11-01,11,2023,2,214.67,3,0,0.1384,1,5,1
CUST-10584,2023-12-01,12,2023,3,214.67,3,1,0.2414,0,6,1
CUST-10584,2024-01-01,1,2024,4,214.67,3,0,0.1579,3,5,1
CUST-10584,2024-02-01,2,2024,5,214.67,3,1,0.2967,2,6,1
CUST-10584,2024-03-01,3,2024,6,214.67,3,1,0.3209,0,6,1
CUST-10584,2024-04-01,4,2024,7,214.67,3,0,0.0788,3,5,1
CUST-10584,2024-05-01,5,2024,8,214.67,3,0,0.1424,5,4,1
CUST-10584,2024-06-01,6,2024,9,214.67,3,0,0.107,2,5,1
CUST-10584,2024-07-01,7,2024,10,214.67,3,0,0.1153,4,5,1
CUST-10584,2024-08-01,8,2024,11,214.67,3,0,0.1053,4,5,1
CUST-10584,2024-09-01,9,2024,12,236.56,4,0,0.0421,1,5,1
CUST-10584,2024-10-01,10,2024,13,236.56,4,0,0.03,3,5,1
CUST-10584,2024-11-01,11,2024,14,236.56,4,0,0.03,2,5,1
CUST-10584,2024-12-01,12,2024,15,236.56,4,0,0.03,3,5,1
CUST-10585,2023-10-01,10,2023,0,69.93,2,0,0.1933,0,5,1
CUST-10585,2023-11-01,11,2023,1,69.93,2,1,0.2339,0,5,1
CUST-10585,2023-12-01,12,2023,2,69.93,2,1,0.2208,1,4,1
CUST-10585,2024-01-01,1,2024,3,69.93,2,0,0.0734,0,4,1
CUST-10585,2024-02-01,2,2024,4,69.93,2,1,0.3199,0,5,1
CUST-10585,2024-03-01,3,2024,5,69.93,2,0,0.204,0,5,1
CUST-10585,2024-04-01,4,2024,6,69.93,2,1,0.2243,1,4,1
CUST-10585,2024-05-01,5,2024,7,80.39,3,1,0.4194,2,5,1
CUST-10585,2024-06-01,6,2024,8,80.39,3,1,0.3712,0,5,1
CUST-10585,2024-07-01,7,2024,9,80.39,3,1,0.2409,0,5,1
CUST-10585,2024-08-01,8,2024,10,80.39,3,1,0.3599,0,5,1
CUST-10585,2024-09-01,9,2024,11,80.39,3,1,0.4292,1,5,1
CUST-10585,2024-10-01,10,2024,12,80.39,3,1,0.3593,0,5,1
CUST-10585,2024-11-01,11,2024,13,80.39,3,1,0.3748,1,5,1
CUST-10585,2024-12-01,12,2024,14,80.39,3,1,0.3537,0,5,1
CUST-10586,2023-10-01,10,2023,0,996.66,19,14,0.6512,0,9,1
CUST-10586,2023-11-01,11,2023,1,996.66,19,11,0.5711,4,8,1
CUST-10586,2023-12-01,12,2023,2,996.66,19,12,0.6394,1,8,1
CUST-10586,2024-01-01,1,2024,3,965.21,18,13,0.692,1,8,1
CUST-10586,2024-02-01,2,2024,4,933.75,17,12,0.6775,2,8,1
CUST-10586,2024-03-01,3,2024,5,902.3,16,10,0.5858,1,8,1
CUST-10586,2024-04-01,4,2024,6,902.3,16,11,0.6426,2,8,1
CUST-10586,2024-05-01,5,2024,7,933.75,17,13,0.8099,0,9,1
CUST-10586,2024-06-01,6,2024,8,933.75,17,13,0.7656,0,9,1
CUST-10586,2024-07-01,7,2024,9,933.75,17,13,0.8052,1,9,1
CUST-10586,2024-08-01,8,2024,10,902.3,16,14,0.81,0,9,1
CUST-10586,2024-09-01,9,2024,11,902.3,16,13,0.8124,0,9,1
CUST-10586,2024-10-01,10,2024,12,933.75,17,13,0.7872,3,8,1
CUST-10586,2024-11-01,11,2024,13,933.75,17,14,0.8064,1,9,1
CUST-10586,2024-12-01,12,2024,14,902.3,16,14,0.8438,1,9,1
CUST-10587,2023-10-01,10,2023,0,672.62,58,38,0.603,0,9,1
CUST-10587,2023-11-01,11,2023,1,640.36,55,36,0.6136,0,9,1
CUST-10587,2023-12-01,12,2023,2,651.11,56,33,0.5988,0,9,1
CUST-10587,2024-01-01,1,2024,3,640.36,55,34,0.5979,0,9,1
CUST-10587,2024-02-01,2,2024,4,661.86,57,30,0.5459,1,9,1
CUST-10587,2024-03-01,3,2024,5,661.86,57,26,0.4464,0,9,1
CUST-10587,2024-04-01,4,2024,6,661.86,57,24,0.4162,0,9,1
CUST-10587,2024-05-01,5,2024,7,651.11,56,25,0.4391,2,8,1
CUST-10587,2024-06-01,6,2024,8,704.87,61,27,0.4924,0,9,1
CUST-10587,2024-07-01,7,2024,9,747.88,65,29,0.472,0,9,1
CUST-10587,2024-08-01,8,2024,10,737.13,64,27,0.4077,0,9,1
CUST-10587,2024-09-01,9,2024,11,747.88,65,19,0.2923,0,9,1
CUST-10587,2024-10-01,10,2024,12,780.14,68,26,0.3976,2,8,1
CUST-10587,2024-11-01,11,2024,13,780.14,68,24,0.3489,2,8,1
CUST-10587,2024-12-01,12,2024,14,790.89,69,21,0.3074,1,8,1
CUST-10588,2023-10-01,10,2023,0,135.78,8,3,0.3655,1,6,1
CUST-10588,2023-11-01,11,2023,1,124.94,7,2,0.2904,1,6,1
CUST-10588,2023-12-01,12,2023,2,124.94,7,3,0.3848,1,6,1
CUST-10588,2024-01-01,1,2024,3,124.94,7,2,0.2527,1,6,1
CUST-10588,2024-02-01,2,2024,4,124.94,7,2,0.2817,3,6,1
CUST-10588,2024-03-01,3,2024,5,124.94,7,2,0.3199,1,6,1
CUST-10588,2024-04-01,4,2024,6,124.94,7,2,0.2562,2,6,1
CUST-10588,2024-05-01,5,2024,7,124.94,7,2,0.2582,1,6,1
CUST-10588,2024-06-01,6,2024,8,135.78,8,2,0.2562,1,6,1
CUST-10588,2024-07-01,7,2024,9,124.94,7,3,0.3513,0,7,1
CUST-10588,2024-08-01,8,2024,10,124.94,7,2,0.3433,0,7,1
CUST-10588,2024-09-01,9,2024,11,135.78,8,2,0.3437,0,7,1
CUST-10588,2024-10-01,10,2024,12,124.94,7,3,0.3763,0,7,1
CUST-10588,2024-11-01,11,2024,13,124.94,7,2,0.2397,3,6,1
CUST-10588,2024-12-01,12,2024,14,135.78,8,3,0.4413,2,6,1
CUST-10589,2023-10-01,10,2023,0,575.26,6,2,0.3163,4,5,1
CUST-10589,2023-11-01,11,2023,1,545.88,5,2,0.2982,1,6,1
CUST-10589,2023-12-01,12,2023,2,575.26,6,1,0.2704,1,6,1
CUST-10589,2024-01-01,1,2024,3,575.26,6,1,0.1744,2,5,1
CUST-10589,2024-02-01,2,2024,4,575.26,6,1,0.2097,2,5,1
CUST-10589,2024-03-01,3,2024,5,575.26,6,2,0.3339,3,5,1
CUST-10589,2024-04-01,4,2024,6,575.26,6,1,0.13,1,5,1
CUST-10589,2024-05-01,5,2024,7,575.26,6,1,0.1534,3,5,1
CUST-10589,2024-06-01,6,2024,8,575.26,6,1,0.1809,1,6,1
CUST-10589,2024-07-01,7,2024,9,575.26,6,1,0.1061,1,5,1
CUST-10589,2024-08-01,8,2024,10,575.26,6,0,0.03,2,5,1
CUST-10589,2024-09-01,9,2024,11,575.26,6,0,0.03,4,5,1
CUST-10589,2024-10-01,10,2024,12,575.26,6,1,0.1283,1,5,1
CUST-10589,2024-11-01,11,2024,13,575.26,6,0,0.03,2,5,1
CUST-10589,2024-12-01,12,2024,14,575.26,6,0,0.03,2,5,1
CUST-10590,2023-10-01,10,2023,0,68.37,2,1,0.5577,1,6,1
CUST-10590,2023-11-01,11,2023,1,68.37,2,1,0.4987,0,6,1
CUST-10590,2023-12-01,12,2023,2,68.37,2,1,0.416,1,6,1
CUST-10590,2024-01-01,1,2024,3,68.37,2,1,0.4615,0,6,1
CUST-10590,2024-02-01,2,2024,4,68.37,2,1,0.3942,1,6,1
CUST-10590,2024-03-01,3,2024,5,68.37,2,1,0.3995,1,6,1
CUST-10590,2024-04-01,4,2024,6,68.37,2,0,0.2044,0,6,1
CUST-10590,2024-05-01,5,2024,7,68.37,2,1,0.256,1,6,1
CUST-10590,2024-06-01,6,2024,8,68.37,2,0,0.0306,0,5,1
CUST-10590,2024-07-01,7,2024,9,68.37,2,0,0.1824,0,6,1
CUST-10590,2024-08-01,8,2024,10,78.05,3,0,0.0527,1,5,1
CUST-10590,2024-09-01,9,2024,11,78.05,3,0,0.03,1,5,1
CUST-10590,2024-10-01,10,2024,12,78.05,3,0,0.03,1,5,1
CUST-10590,2024-11-01,11,2024,13,78.05,3,0,0.03,2,5,1
CUST-10590,2024-12-01,12,2024,14,78.05,3,0,0.03,2,5,1
CUST-10591,2023-10-01,10,2023,0,400.33,14,9,0.6774,0,7,1
CUST-10591,2023-11-01,11,2023,1,418.28,15,9,0.6271,0,7,1
CUST-10591,2023-12-01,12,2023,2,400.33,14,8,0.5249,0,7,1
CUST-10591,2024-01-01,1,2024,3,382.38,13,6,0.4249,0,7,1
CUST-10591,2024-02-01,2,2024,4,382.38,13,8,0.6341,3,7,1
CUST-10591,2024-03-01,3,2024,5,364.42,12,7,0.5678,3,6,1
CUST-10591,2024-04-01,4,2024,6,364.42,12,6,0.4597,1,7,1
CUST-10591,2024-05-01,5,2024,7,364.42,12,5,0.4303,0,7,1
CUST-10591,2024-06-01,6,2024,8,382.38,13,5,0.4398,0,7,1
CUST-10591,2024-07-01,7,2024,9,382.38,13,6,0.5044,1,7,1
CUST-10591,2024-08-01,8,2024,10,382.38,13,5,0.3979,0,7,1
CUST-10591,2024-09-01,9,2024,11,364.42,12,4,0.3452,1,6,1
CUST-10591,2024-10-01,10,2024,12,364.42,12,5,0.4198,1,7,1
CUST-10591,2024-11-01,11,2024,13,346.47,11,4,0.3102,1,6,1
CUST-10591,2024-12-01,12,2024,14,346.47,11,3,0.276,1,6,1
CUST-10592,2023-10-01,10,2023,0,475.13,17,1,0.0763,0,5,1
CUST-10592,2023-11-01,11,2023,1,455.94,16,1,0.03,0,5,1
CUST-10592,2023-12-01,12,2023,2,436.76,15,0,0.03,0,5,1
CUST-10592,2024-01-01,1,2024,3,436.76,15,0,3.0,1,5,1
CUST-10592,2024-02-01,2,2024,4,436.76,15,0,0.03,1,5,1
CUST-10592,2024-03-01,3,2024,5,417.58,14,0,0.03,1,5,1
CUST-10592,2024-04-01,4,2024,6,417.58,14,0,0.03,1,5,1
CUST-10592,2024-05-01,5,2024,7,417.58,14,0,0.03,1,5,1
CUST-10592,2024-06-01,6,2024,8,436.76,15,0,0.03,0,5,1
CUST-10592,2024-07-01,7,2024,9,436.76,15,0,0.03,0,5,1
CUST-10592,2024-08-01,8,2024,10,417.58,14,0,0.03,0,5,1
CUST-10592,2024-09-01,9,2024,11,417.58,14,0,0.03,0,5,1
CUST-10592,2024-10-01,10,2024,12,417.58,14,0,0.03,1,5,1
CUST-10592,2024-11-01,11,2024,13,436.76,15,0,0.03,0,5,1
CUST-10592,2024-12-01,12,2024,14,455.94,16,0,0.03,1,5,1
CUST-10593,2023-10-01,10,2023,0,1279.98,123,50,0.4064,0,7,1
CUST-10593,2023-11-01,11,2023,1,1229.94,118,42,0.3409,3,7,1
CUST-10593,2023-12-01,12,2023,2,1219.94,117,33,0.2797,0,7,1
CUST-10593,2024-01-01,1,2024,3,1179.9,113,54,0.4594,1,7,1
CUST-10593,2024-02-01,2,2024,4,1169.9,112,42,0.3708,2,7,1
CUST-10593,2024-03-01,3,2024,5,1179.9,113,36,0.3221,0,7,1
CUST-10593,2024-04-01,4,2024,6,1149.88,110,48,0.4241,0,7,1
CUST-10593,2024-05-01,5,2024,7,1109.85,106,54,0.4913,0,8,1
CUST-10593,2024-06-01,6,2024,8,1129.86,108,47,0.4391,1,7,1
CUST-10593,2024-07-01,7,2024,9,1019.78,97,56,0.5152,0,8,1
CUST-10593,2024-08-01,8,2024,10,1029.78,98,49,0.5014,0,8,1
CUST-10593,2024-09-01,9,2024,11,1049.8,100,56,0.567,0,8,1
CUST-10593,2024-10-01,10,2024,12,1039.79,99,51,0.5083,0,8,1
CUST-10593,2024-11-01,11,2024,13,1079.82,103,42,0.424,2,7,1
CUST-10593,2024-12-01,12,2024,14,1079.82,103,58,0.5611,1,8,1
CUST-10594,2023-10-01,10,2023,0,8943.1,341,89,0.2632,1,9,1
CUST-10594,2023-11-01,11,2023,1,9494.33,363,92,0.2707,0,9,1
CUST-10594,2023-12-01,12,2023,2,9769.94,374,95,0.2627,1,9,1
CUST-10594,2024-01-01,1,2024,3,9769.94,374,110,0.2935,2,9,1
CUST-10594,2024-02-01,2,2024,4,9243.77,353,141,0.3761,2,9,1
CUST-10594,2024-03-01,3,2024,5,9143.54,349,99,0.2796,2,9,1
CUST-10594,2024-04-01,4,2024,6,8943.1,341,82,0.2362,1,9,1
CUST-10594,2024-05-01,5,2024,7,9168.6,350,88,0.258,1,9,1
CUST-10594,2024-06-01,6,2024,8,8542.2,325,92,0.2622,1,9,1
CUST-10594,2024-07-01,7,2024,9,8817.82,336,47,0.146,1,9,1
CUST-10594,2024-08-01,8,2024,10,8767.7,334,72,0.2133,3,8,1
CUST-10594,2024-09-01,9,2024,11,8391.86,319,58,0.1752,2,8,1
CUST-10594,2024-10-01,10,2024,12,7940.86,301,43,0.1335,2,8,1
CUST-10594,2024-11-01,11,2024,13,7865.69,298,30,0.0995,3,8,1
CUST-10594,2024-12-01,12,2024,14,7063.9,266,9,0.03,3,8,1
CUST-10595,2023-10-01,10,2023,0,777.72,33,8,0.2346,0,6,1
CUST-10595,2023-11-01,11,2023,1,777.72,33,7,0.2014,2,5,1
CUST-10595,2023-12-01,12,2023,2,758.66,32,2,0.0579,4,4,1
CUST-10595,2024-01-01,1,2024,3,758.66,32,1,0.0318,1,5,1
CUST-10595,2024-02-01,2,2024,4,739.61,31,4,0.1136,1,5,1
CUST-10595,2024-03-01,3,2024,5,777.72,33,3,0.0907,2,5,1
CUST-10595,2024-04-01,4,2024,6,777.72,33,2,0.0517,0,5,1
CUST-10595,2024-05-01,5,2024,7,758.66,32,2,0.0542,1,5,1
CUST-10595,2024-06-01,6,2024,8,720.56,30,6,0.1816,2,5,1
CUST-10595,2024-07-01,7,2024,9,701.51,29,1,0.03,1,5,1
CUST-10595,2024-08-01,8,2024,10,701.51,29,3,0.104,0,5,1
CUST-10595,2024-09-01,9,2024,11,606.25,24,4,0.1361,1,5,1
CUST-10595,2024-10-01,10,2024,12,587.2,23,1,0.03,1,5,1
CUST-10595,2024-11-01,11,2024,13,568.14,22,1,0.03,3,4,1
CUST-10595,2024-12-01,12,2024,14,568.14,22,1,0.03,2,5,1
CUST-10596,2023-10-01,10,2023,0,2988.23,148,66,0.4746,0,7,1
CUST-10596,2023-11-01,11,2023,1,2853.94,141,77,0.5229,2,7,1
CUST-10596,2023-12-01,12,2023,2,2988.23,148,41,0.2942,2,6,1
CUST-10596,2024-01-01,1,2024,3,3160.89,157,58,0.3921,1,7,1
CUST-10596,2024-02-01,2,2024,4,3391.1,169,47,0.2967,0,7,1
CUST-10596,2024-03-01,3,2024,5,3506.2,175,63,0.3708,1,7,1
CUST-10596,2024-04-01,4,2024,6,3678.86,184,61,0.3465,0,7,1
CUST-10596,2024-05-01,5,2024,7,3717.22,186,48,0.258,0,7,1
CUST-10596,2024-06-01,6,2024,8,3736.41,187,47,0.2526,0,7,1
CUST-10596,2024-07-01,7,2024,9,4177.64,210,41,0.2202,0,7,1
CUST-10596,2024-08-01,8,2024,10,4465.4,225,31,0.1458,1,6,1
CUST-10596,2024-09-01,9,2024,11,4542.14,229,15,0.0659,3,6,1
CUST-10596,2024-10-01,10,2024,12,4618.87,233,7,0.03,1,6,1
CUST-10596,2024-11-01,11,2024,13,4465.4,225,31,0.1346,0,7,1
CUST-10596,2024-12-01,12,2024,14,4695.61,237,14,0.0605,0,6,1
CUST-10597,2023-10-01,10,2023,0,422.9,15,6,0.3944,0,6,1
CUST-10597,2023-11-01,11,2023,1,404.64,14,5,0.3514,1,5,1
CUST-10597,2023-12-01,12,2023,2,404.64,14,7,0.4881,0,6,1
CUST-10597,2024-01-01,1,2024,3,404.64,14,5,0.3592,1,5,1
CUST-10597,2024-02-01,2,2024,4,422.9,15,6,0.4351,0,6,1
CUST-10597,2024-03-01,3,2024,5,422.9,15,7,0.5073,1,6,1
CUST-10597,2024-04-01,4,2024,6,441.16,16,8,0.5313,0,6,1
CUST-10597,2024-05-01,5,2024,7,441.16,16,9,0.5971,0,6,1
CUST-10597,2024-06-01,6,2024,8,441.16,16,9,0.5712,3,5,1
CUST-10597,2024-07-01,7,2024,9,459.42,17,10,0.6515,1,6,1
CUST-10597,2024-08-01,8,2024,10,477.68,18,12,0.687,0,6,1
CUST-10597,2024-09-01,9,2024,11,495.94,19,12,0.644,0,6,1
CUST-10597,2024-10-01,10,2024,12,550.72,22,15,0.778,0,6,1
CUST-10597,2024-11-01,11,2024,13,514.2,20,17,0.7493,1,6,1
CUST-10597,2024-12-01,12,2024,14,495.94,19,16,0.7803,0,6,1
CUST-10598,2023-10-01,10,2023,0,742.3,12,8,0.6501,0,9,1
CUST-10598,2023-11-01,11,2023,1,742.3,12,8,0.665,0,9,1
CUST-10598,2023-12-01,12,2023,2,713.69,11,8,0.6923,2,9,1
CUST-10598,2024-01-01,1,2024,3,713.69,11,8,0.7236,3,8,1
CUST-10598,2024-02-01,2,2024,4,742.3,12,8,0.7099,0,9,1
CUST-10598,2024-03-01,3,2024,5,742.3,12,8,0.6565,3,8,1
CUST-10598,2024-04-01,4,2024,6,742.3,12,8,0.6477,3,8,1
CUST-10598,2024-05-01,5,2024,7,742.3,12,8,0.6722,1,9,1
CUST-10598,2024-06-01,6,2024,8,742.3,12,8,0.6248,4,8,1
CUST-10598,2024-07-01,7,2024,9,742.3,12,6,0.5381,0,9,1
CUST-10598,2024-08-01,8,2024,10,742.3,12,7,0.5684,6,7,1
CUST-10598,2024-09-01,9,2024,11,742.3,12,8,0.6701,1,9,1
CUST-10598,2024-10-01,10,2024,12,742.3,12,7,0.5543,3,8,1
CUST-10598,2024-11-01,11,2024,13,742.3,12,6,0.5147,4,8,1
CUST-10598,2024-12-01,12,2024,14,770.9,13,6,0.5252,1,8,1
CUST-10599,2023-10-01,10,2023,0,655.0,8,4,0.5152,1,10,1
CUST-10599,2023-11-01,11,2023,1,655.0,8,6,0.6896,2,10,1
CUST-10599,2023-12-01,12,2023,2,655.0,8,5,0.5568,1,10,1
CUST-10599,2024-01-01,1,2024,3,655.0,8,4,0.5261,1,10,1
CUST-10599,2024-02-01,2,2024,4,687.0,9,5,0.6455,0,10,1
CUST-10599,2024-03-01,3,2024,5,687.0,9,6,0.6849,0,10,1
CUST-10599,2024-04-01,4,2024,6,655.0,8,6,0.6521,2,10,1
CUST-10599,2024-05-01,5,2024,7,687.0,9,5,0.656,1,10,1
CUST-10599,2024-06-01,6,2024,8,687.0,9,6,0.6398,3,10,1
CUST-10599,2024-07-01,7,2024,9,719.0,10,6,0.6375,1,10,1
CUST-10599,2024-08-01,8,2024,10,719.0,10,6,0.6,0,10,1
CUST-10599,2024-09-01,9,2024,11,719.0,10,6,0.6396,1,10,1
CUST-10599,2024-10-01,10,2024,12,719.0,10,7,0.7074,2,10,1
CUST-10599,2024-11-01,11,2024,13,719.0,10,7,0.6822,2,10,1
CUST-10599,2024-12-01,12,2024,14,719.0,10,6,0.6456,0,10,1
CUST-10600,2023-10-01,10,2023,0,71.73,2,1,0.3197,1,8,1
CUST-10600,2023-11-01,11,2023,1,71.73,2,1,0.4424,2,8,1
CUST-10600,2023-12-01,12,2023,2,71.73,2,1,0.5417,0,9,1
CUST-10600,2024-01-01,1,2024,3,71.73,2,1,0.3374,0,8,1
CUST-10600,2024-02-01,2,2024,4,71.73,2,1,0.4864,0,9,1
CUST-10600,2024-03-01,3,2024,5,71.73,2,1,0.2953,4,7,1
CUST-10600,2024-04-01,4,2024,6,71.73,2,1,0.4211,0,8,1
CUST-10600,2024-05-01,5,2024,7,71.73,2,1,0.5238,4,8,1
CUST-10600,2024-06-01,6,2024,8,83.09,3,1,0.2996,1,8,1
CUST-10600,2024-07-01,7,2024,9,83.09,3,1,0.4408,2,8,1
CUST-10600,2024-08-01,8,2024,10,83.09,3,1,0.3777,2,8,1
CUST-10600,2024-09-01,9,2024,11,83.09,3,1,0.4487,0,9,1
CUST-10600,2024-10-01,10,2024,12,83.09,3,1,0.4867,1,8,1
CUST-10600,2024-11-01,11,2024,13,83.09,3,2,0.5529,2,8,1
CUST-10600,2024-12-01,12,2024,14,83.09,3,1,0.4201,2,8,1
CUST-10601,2023-10-01,10,2023,0,453.61,14,1,0.1129,0,7,1
CUST-10601,2023-11-01,11,2023,1,453.61,14,3,0.2391,2,7,1
CUST-10601,2023-12-01,12,2023,2,453.61,14,3,0.2024,2,7,1
CUST-10601,2024-01-01,1,2024,3,453.61,14,4,0.2834,1,8,1
CUST-10601,2024-02-01,2,2024,4,431.85,13,5,0.3223,2,8,1
CUST-10601,2024-03-01,3,2024,5,453.61,14,2,0.1378,3,7,1
CUST-10601,2024-04-01,4,2024,6,431.85,13,2,0.1224,0,7,1
CUST-10601,2024-05-01,5,2024,7,431.85,13,3,0.2285,1,8,1
CUST-10601,2024-06-01,6,2024,8,475.37,15,5,0.3597,0,8,1
CUST-10601,2024-07-01,7,2024,9,453.61,14,2,0.1286,0,8,1
CUST-10601,2024-08-01,8,2024,10,475.37,15,2,0.1671,1,7,1
CUST-10601,2024-09-01,9,2024,11,453.61,14,3,0.1671,1,7,1
CUST-10601,2024-10-01,10,2024,12,453.61,14,3,0.2466,1,8,1
CUST-10601,2024-11-01,11,2024,13,453.61,14,2,0.1113,1,7,1
CUST-10601,2024-12-01,12,2024,14,453.61,14,4,0.2619,0,8,1
CUST-10602,2023-10-01,10,2023,0,275.55,21,12,0.5599,1,4,1
CUST-10602,2023-11-01,11,2023,1,275.55,21,9,0.4594,2,4,1
CUST-10602,2023-12-01,12,2023,2,275.55,21,12,0.5762,1,4,1
CUST-10602,2024-01-01,1,2024,3,275.55,21,13,0.5967,1,4,1
CUST-10602,2024-02-01,2,2024,4,275.55,21,10,0.4426,1,4,1
CUST-10602,2024-03-01,3,2024,5,275.55,21,9,0.4446,2,4,1
CUST-10602,2024-04-01,4,2024,6,297.12,23,10,0.4921,1,4,1
CUST-10602,2024-05-01,5,2024,7,286.34,22,10,0.4474,2,4,1
CUST-10602,2024-06-01,6,2024,8,275.55,21,10,0.4719,0,4,1
CUST-10602,2024-07-01,7,2024,9,264.76,20,10,0.4499,0,4,1
CUST-10602,2024-08-01,8,2024,10,275.55,21,11,0.5569,1,4,1
CUST-10602,2024-09-01,9,2024,11,286.34,22,9,0.427,1,4,1
CUST-10602,2024-10-01,10,2024,12,318.7,25,10,0.4666,0,4,1
CUST-10602,2024-11-01,11,2024,13,340.28,27,14,0.5677,1,4,1
CUST-10602,2024-12-01,12,2024,14,351.06,28,13,0.4968,1,4,1
CUST-10603,2023-10-01,10,2023,0,415.42,14,7,0.506,1,6,1
CUST-10603,2023-11-01,11,2023,1,415.42,14,9,0.6753,0,7,1
CUST-10603,2023-12-01,12,2023,2,415.42,14,11,0.7843,0,7,1
CUST-10603,2024-01-01,1,2024,3,453.48,16,10,0.7053,0,7,1
CUST-10603,2024-02-01,2,2024,4,415.42,14,10,0.6564,1,6,1
CUST-10603,2024-03-01,3,2024,5,396.39,13,10,0.6956,1,6,1
CUST-10603,2024-04-01,4,2024,6,396.39,13,11,0.8613,0,7,1
CUST-10603,2024-05-01,5,2024,7,396.39,13,10,0.79,2,6,1
CUST-10603,2024-06-01,6,2024,8,396.39,13,10,0.7675,0,7,1
CUST-10603,2024-07-01,7,2024,9,377.36,12,10,0.7906,1,7,1
CUST-10603,2024-08-01,8,2024,10,377.36,12,9,0.7991,0,7,1
CUST-10603,2024-09-01,9,2024,11,415.42,14,12,1.0,1,7,1
CUST-10603,2024-10-01,10,2024,12,396.39,13,11,0.8298,1,7,1
CUST-10603,2024-11-01,11,2024,13,377.36,12,13,1.0,1,7,1
CUST-10603,2024-12-01,12,2024,14,396.39,13,12,0.9294,0,7,1
CUST-10604,2023-10-01,10,2023,0,134.54,8,1,0.1646,1,7,1
CUST-10604,2023-11-01,11,2023,1,134.54,8,2,0.2612,2,7,1
CUST-10604,2023-12-01,12,2023,2,134.54,8,1,0.147,2,7,1
CUST-10604,2024-01-01,1,2024,3,134.54,8,1,0.103,3,6,1
CUST-10605,2023-10-01,10,2023,0,2685.34,78,46,0.5435,0,7,1
CUST-10605,2023-11-01,11,2023,1,2597.4,75,36,0.458,1,7,1
CUST-10605,2023-12-01,12,2023,2,2480.15,71,37,0.4967,1,7,1
CUST-10605,2024-01-01,1,2024,3,2480.15,71,33,0.4658,0,7,1
CUST-10605,2024-02-01,2,2024,4,2392.22,68,26,0.3654,0,7,1
CUST-10605,2024-03-01,3,2024,5,2480.15,71,29,0.4205,1,7,1
CUST-10605,2024-04-01,4,2024,6,2656.02,77,30,0.4285,0,7,1
CUST-10605,2024-05-01,5,2024,7,2568.09,74,28,0.3694,1,7,1
CUST-10605,2024-06-01,6,2024,8,2538.78,73,26,0.3477,2,7,1
CUST-10605,2024-07-01,7,2024,9,2568.09,74,29,0.3908,1,7,1
CUST-10605,2024-08-01,8,2024,10,2597.4,75,23,0.317,2,6,1
CUST-10605,2024-09-01,9,2024,11,2538.78,73,23,0.3064,3,6,1
CUST-10605,2024-10-01,10,2024,12,2626.71,76,23,0.3109,2,6,1
CUST-10605,2024-11-01,11,2024,13,2656.02,77,22,0.2864,0,7,1
CUST-10605,2024-12-01,12,2024,14,2685.34,78,33,0.4273,1,7,1
CUST-10606,2023-10-01,10,2023,0,191.42,2,1,0.3482,3,4,1
CUST-10606,2023-11-01,11,2023,1,191.42,2,1,0.3721,1,4,1
CUST-10606,2023-12-01,12,2023,2,191.42,2,1,0.3157,4,3,1
CUST-10606,2024-01-01,1,2024,3,191.42,2,1,0.3177,3,4,1
CUST-10606,2024-02-01,2,2024,4,191.42,2,1,0.3833,3,4,1
CUST-10606,2024-03-01,3,2024,5,191.42,2,1,0.352,4,3,1
CUST-10606,2024-04-01,4,2024,6,191.42,2,1,0.3795,4,3,1
CUST-10607,2023-10-01,10,2023,0,862.68,15,10,0.7294,0,8,1
CUST-10607,2023-11-01,11,2023,1,862.68,15,11,0.7467,3,8,1
CUST-10607,2023-12-01,12,2023,2,862.68,15,10,0.6578,0,8,1
CUST-10607,2024-01-01,1,2024,3,893.59,16,12,0.8087,1,8,1
CUST-10607,2024-02-01,2,2024,4,893.59,16,11,0.6846,0,8,1
CUST-10607,2024-03-01,3,2024,5,924.5,17,9,0.5779,1,8,1
CUST-10607,2024-04-01,4,2024,6,924.5,17,11,0.6496,1,8,1
CUST-10607,2024-05-01,5,2024,7,924.5,17,12,0.6957,1,8,1
CUST-10607,2024-06-01,6,2024,8,924.5,17,9,0.5654,3,7,1
CUST-10607,2024-07-01,7,2024,9,924.5,17,9,0.5348,3,7,1
CUST-10607,2024-08-01,8,2024,10,955.42,18,11,0.6407,1,8,1
CUST-10607,2024-09-01,9,2024,11,955.42,18,12,0.6736,0,8,1
CUST-10607,2024-10-01,10,2024,12,1048.15,21,12,0.6544,1,8,1
CUST-10607,2024-11-01,11,2024,13,1079.06,22,12,0.583,0,8,1
CUST-10607,2024-12-01,12,2024,14,1079.06,22,16,0.7391,1,8,1
CUST-10608,2023-10-01,10,2023,0,1629.34,48,8,0.1631,2,6,1
CUST-10608,2023-11-01,11,2023,1,1603.7,47,4,0.0835,0,6,1
CUST-10608,2023-12-01,12,2023,2,1603.7,47,5,0.0983,1,6,1
CUST-10608,2024-01-01,1,2024,3,1526.81,44,8,0.1665,1,6,1
CUST-10608,2024-02-01,2,2024,4,1552.44,45,8,0.1882,2,6,1
CUST-10608,2024-03-01,3,2024,5,1654.97,49,4,0.0885,0,6,1
CUST-10608,2024-04-01,4,2024,6,1731.86,52,9,0.1759,2,6,1
CUST-10608,2024-05-01,5,2024,7,1680.6,50,12,0.2326,1,6,1
CUST-10608,2024-06-01,6,2024,8,1654.97,49,10,0.1968,0,6,1
CUST-10608,2024-07-01,7,2024,9,1706.23,51,10,0.199,2,6,1
CUST-10608,2024-08-01,8,2024,10,1757.5,53,8,0.1511,3,6,1
CUST-10608,2024-09-01,9,2024,11,1731.86,52,10,0.1845,1,6,1
CUST-10608,2024-10-01,10,2024,12,1783.13,54,17,0.333,0,7,1
CUST-10608,2024-11-01,11,2024,13,1885.66,58,24,0.4436,1,7,1
CUST-10608,2024-12-01,12,2024,14,1860.02,57,22,0.3818,1,7,1
CUST-10609,2023-10-01,10,2023,0,677.0,25,6,0.2578,0,8,1
CUST-10609,2023-11-01,11,2023,1,719.24,27,7,0.286,0,8,1
CUST-10609,2023-12-01,12,2023,2,719.24,27,2,0.0584,0,8,1
CUST-10609,2024-01-01,1,2024,3,698.12,26,3,0.1082,0,8,1
CUST-10609,2024-02-01,2,2024,4,740.36,28,8,0.2881,0,8,1
CUST-10609,2024-03-01,3,2024,5,719.24,27,9,31.2,0,9,1
CUST-10609,2024-04-01,4,2024,6,782.6,30,9,0.3307,0,9,1
CUST-10609,2024-05-01,5,2024,7,824.84,32,4,0.1254,0,8,1
CUST-10609,2024-06-01,6,2024,8,782.6,30,3,0.1069,1,8,1
CUST-10609,2024-07-01,7,2024,9,824.84,32,8,0.265,0,8,1
CUST-10609,2024-08-01,8,2024,10,845.96,33,2,0.0714,0,8,1
CUST-10609,2024-09-01,9,2024,11,845.96,33,1,0.0378,0,8,1
CUST-10609,2024-10-01,10,2024,12,845.96,33,2,0.0561,0,8,1
CUST-10609,2024-11-01,11,2024,13,824.84,32,6,0.1791,0,8,1
CUST-10609,2024-12-01,12,2024,14,761.48,29,3,0.1073,0,8,1
CUST-10610,2023-10-01,10,2023,0,233.32,16,7,0.4002,1,7,1
CUST-10610,2023-11-01,11,2023,1,233.32,16,7,0.3993,1,7,1
CUST-10610,2023-12-01,12,2023,2,256.36,18,4,0.2599,2,7,1
CUST-10610,2024-01-01,1,2024,3,233.32,16,7,0.3762,0,7,1
CUST-10610,2024-02-01,2,2024,4,221.8,15,7,41.2,2,7,1
CUST-10610,2024-03-01,3,2024,5,210.28,14,7,0.4423,2,7,1
CUST-10610,2024-04-01,4,2024,6,198.76,13,5,0.3501,2,7,1
CUST-10610,2024-05-01,5,2024,7,198.76,13,7,0.4978,0,8,1
CUST-10610,2024-06-01,6,2024,8,198.76,13,5,0.3771,1,7,1
CUST-10611,2023-10-01,10,2023,0,61.0,1,0,0.3339,2,7,1
CUST-10611,2023-11-01,11,2023,1,61.0,1,0,0.4745,2,7,1
CUST-10612,2023-10-01,10,2023,0,572.19,21,5,0.2204,1,8,1
CUST-10612,2023-11-01,11,2023,1,531.89,19,4,0.2093,1,8,1
CUST-10612,2023-12-01,12,2023,2,552.04,20,6,0.3291,0,8,1
CUST-10612,2024-01-01,1,2024,3,572.19,21,8,0.3991,1,8,1
CUST-10612,2024-02-01,2,2024,4,592.34,22,8,0.4084,0,8,1
CUST-10612,2024-03-01,3,2024,5,612.5,23,9,0.4089,1,8,1
CUST-10612,2024-04-01,4,2024,6,652.8,25,13,0.562,0,9,1
CUST-10612,2024-05-01,5,2024,7,652.8,25,9,0.3659,0,8,1
CUST-10612,2024-06-01,6,2024,8,652.8,25,9,0.366,1,8,1
CUST-10612,2024-07-01,7,2024,9,672.95,26,15,0.5775,1,9,1
CUST-10612,2024-08-01,8,2024,10,632.65,24,15,0.5953,0,9,1
CUST-10612,2024-09-01,9,2024,11,612.5,23,13,0.5571,2,8,1
CUST-10612,2024-10-01,10,2024,12,612.5,23,15,0.6535,0,9,1
CUST-10612,2024-11-01,11,2024,13,592.34,22,12,0.5297,0,9,1
CUST-10612,2024-12-01,12,2024,14,612.5,23,13,0.6145,1,9,1
CUST-10613,2023-10-01,10,2023,0,325.0,8,6,0.6944,2,7,1
CUST-10613,2023-11-01,11,2023,1,303.0,7,6,0.712,1,7,1
CUST-10613,2023-12-01,12,2023,2,303.0,7,5,0.6539,0,7,1
CUST-10613,2024-01-01,1,2024,3,281.0,6,5,0.7121,0,8,1
CUST-10613,2024-02-01,2,2024,4,281.0,6,4,0.6437,1,7,1
CUST-10613,2024-03-01,3,2024,5,303.0,7,4,0.6749,3,7,1
CUST-10613,2024-04-01,4,2024,6,303.0,7,6,0.7916,1,8,1
CUST-10613,2024-05-01,5,2024,7,281.0,6,5,0.7287,1,7,1
CUST-10613,2024-06-01,6,2024,8,281.0,6,5,0.7524,2,7,1
CUST-10613,2024-07-01,7,2024,9,303.0,7,5,0.823,0,8,1
CUST-10613,2024-08-01,8,2024,10,281.0,6,5,0.8141,0,8,1
CUST-10613,2024-09-01,9,2024,11,259.0,5,5,0.7355,1,7,1
CUST-10613,2024-10-01,10,2024,12,259.0,5,4,0.6851,1,7,1
CUST-10613,2024-11-01,11,2024,13,259.0,5,4,0.7566,1,7,1
CUST-10613,2024-12-01,12,2024,14,259.0,5,4,0.855,3,7,1
CUST-10614,2023-10-01,10,2023,0,719.0,10,1,0.1573,4,9,1
CUST-10614,2023-11-01,11,2023,1,719.0,10,1,0.1125,3,9,1
CUST-10614,2023-12-01,12,2023,2,751.0,11,2,0.1696,2,10,1
CUST-10614,2024-01-01,1,2024,3,719.0,10,3,0.2395,2,10,1
CUST-10614,2024-02-01,2,2024,4,783.0,12,1,0.0783,4,9,1
CUST-10614,2024-03-01,3,2024,5,783.0,12,1,0.12,5,9,1
CUST-10615,2023-10-01,10,2023,0,169.28,1,1,0.665,0,8,1
CUST-10615,2023-11-01,11,2023,1,169.28,1,1,0.6756,0,8,1
CUST-10615,2023-12-01,12,2023,2,169.28,1,1,0.5479,1,8,1
CUST-10615,2024-01-01,1,2024,3,169.28,1,1,0.5332,1,8,1
CUST-10615,2024-02-01,2,2024,4,169.28,1,0,0.3775,0,7,1
CUST-10615,2024-03-01,3,2024,5,169.28,1,1,0.4979,2,7,1
CUST-10615,2024-04-01,4,2024,6,169.28,1,0,0.3661,1,7,1
CUST-10615,2024-05-01,5,2024,7,169.28,1,0,0.1949,3,6,1
CUST-10615,2024-06-01,6,2024,8,169.28,1,0,0.2543,2,7,1
CUST-10615,2024-07-01,7,2024,9,169.28,1,0,0.1817,0,7,1
CUST-10615,2024-08-01,8,2024,10,169.28,1,0,0.1636,1,7,1
CUST-10615,2024-09-01,9,2024,11,169.28,1,0,0.2126,0,7,1
CUST-10615,2024-10-01,10,2024,12,169.28,1,0,0.1144,0,7,1
CUST-10615,2024-11-01,11,2024,13,169.28,1,0,0.0386,1,6,1
CUST-10616,2023-10-01,10,2023,0,683.01,27,19,0.6744,0,8,1
CUST-10616,2023-11-01,11,2023,1,702.78,28,18,0.6649,1,8,1
CUST-10616,2023-12-01,12,2023,2,742.34,30,19,0.6816,1,8,1
CUST-10616,2024-01-01,1,2024,3,722.56,29,19,0.6534,0,8,1
CUST-10616,2024-02-01,2,2024,4,742.34,30,18,0.6063,0,8,1
CUST-10616,2024-03-01,3,2024,5,702.78,28,21,0.6862,0,8,1
CUST-10616,2024-04-01,4,2024,6,683.01,27,17,0.5878,2,8,1
CUST-10616,2024-05-01,5,2024,7,683.01,27,19,0.6882,1,8,1
CUST-10616,2024-06-01,6,2024,8,683.01,27,13,0.4966,1,8,1
CUST-10616,2024-07-01,7,2024,9,643.45,25,12,0.4378,2,7,1
CUST-10616,2024-08-01,8,2024,10,663.23,26,14,0.5367,1,8,1
CUST-10616,2024-09-01,9,2024,11,643.45,25,15,0.5705,0,8,1
CUST-10616,2024-10-01,10,2024,12,623.67,24,13,0.5115,3,7,1
CUST-10616,2024-11-01,11,2024,13,623.67,24,11,0.4594,4,7,1
CUST-10616,2024-12-01,12,2024,14,603.89,23,16,0.6631,2,8,1
CUST-10617,2023-10-01,10,2023,0,183.06,2,1,0.3662,3,7,1
CUST-10618,2023-10-01,10,2023,0,85.0,3,1,0.4184,3,10,1
CUST-10618,2023-11-01,11,2023,1,85.0,3,1,0.3304,2,10,1
CUST-10618,2023-12-01,12,2023,2,85.0,3,1,0.4472,1,10,1
CUST-10618,2024-01-01,1,2024,3,85.0,3,1,0.4912,3,10,1
CUST-10618,2024-02-01,2,2024,4,85.0,3,2,0.5459,0,10,1
CUST-10619,2023-10-01,10,2023,0,501.09,46,15,0.3105,2,8,1
CUST-10619,2023-11-01,11,2023,1,471.6,43,18,0.3968,2,8,1
CUST-10619,2023-12-01,12,2023,2,442.12,40,12,0.291,0,9,1
CUST-10619,2024-01-01,1,2024,3,422.46,38,9,0.2315,1,8,1
CUST-10619,2024-02-01,2,2024,4,422.46,38,6,0.1643,0,8,1
CUST-10619,2024-03-01,3,2024,5,412.64,37,4,0.1061,0,8,1
CUST-10619,2024-04-01,4,2024,6,392.98,35,4,0.0965,1,8,1
CUST-10619,2024-05-01,5,2024,7,422.46,38,1,0.03,2,8,1
CUST-10619,2024-06-01,6,2024,8,402.81,36,1,0.03,1,8,1
CUST-10619,2024-07-01,7,2024,9,402.81,36,1,0.03,1,8,1
CUST-10619,2024-08-01,8,2024,10,412.64,37,1,0.03,1,8,1
CUST-10619,2024-09-01,9,2024,11,412.64,37,1,0.03,1,8,1
CUST-10619,2024-10-01,10,2024,12,412.64,37,1,0.03,2,8,1
CUST-10619,2024-11-01,11,2024,13,383.15,34,1,0.03,1,8,1
CUST-10619,2024-12-01,12,2024,14,373.32,33,1,0.03,3,7,1
CUST-10620,2023-10-01,10,2023,0,389.01,31,14,0.491,1,8,1
CUST-10620,2023-11-01,11,2023,1,367.07,29,15,0.5054,2,7,1
CUST-10620,2023-12-01,12,2023,2,356.1,28,11,0.3781,1,7,1
CUST-10620,2024-01-01,1,2024,3,356.1,28,8,0.279,0,7,1
CUST-10620,2024-02-01,2,2024,4,334.17,26,11,0.4011,1,7,1
CUST-10620,2024-03-01,3,2024,5,334.17,26,10,0.3701,2,7,1
CUST-10620,2024-04-01,4,2024,6,323.2,25,7,28.6,2,7,1
CUST-10620,2024-05-01,5,2024,7,334.17,26,7,0.272,1,7,1
CUST-10620,2024-06-01,6,2024,8,334.17,26,10,0.3674,0,8,1
CUST-10620,2024-07-01,7,2024,9,323.2,25,8,0.3219,2,7,1
CUST-10620,2024-08-01,8,2024,10,323.2,25,8,0.3351,1,7,1
CUST-10620,2024-09-01,9,2024,11,312.23,24,3,0.1345,0,7,1
CUST-10620,2024-10-01,10,2024,12,301.26,23,8,0.3524,0,8,1
CUST-10620,2024-11-01,11,2024,13,301.26,23,4,0.1765,1,7,1
CUST-10620,2024-12-01,12,2024,14,312.23,24,2,0.1076,2,7,1
CUST-10621,2023-10-01,10,2023,0,178.01,13,9,0.6182,3,7,1
CUST-10621,2023-11-01,11,2023,1,178.01,13,10,0.7268,1,8,1
CUST-10621,2023-12-01,12,2023,2,178.01,13,9,0.7008,2,8,1
CUST-10621,2024-01-01,1,2024,3,168.09,12,11,0.8604,2,8,1
CUST-10621,2024-02-01,2,2024,4,168.09,12,12,1.0,2,8,1
CUST-10621,2024-03-01,3,2024,5,178.01,13,12,0.9429,3,8,1
CUST-10621,2024-04-01,4,2024,6,168.09,12,13,1.0,1,9,1
CUST-10621,2024-05-01,5,2024,7,168.09,12,12,1.0,0,9,1
CUST-10621,2024-06-01,6,2024,8,178.01,13,12,1.0,1,9,1
CUST-10621,2024-07-01,7,2024,9,178.01,13,13,1.0,5,8,1
CUST-10621,2024-08-01,8,2024,10,148.24,10,13,1.0,3,8,1
CUST-10621,2024-09-01,9,2024,11,148.24,10,10,1.0,0,9,1
CUST-10621,2024-10-01,10,2024,12,148.24,10,10,1.0,0,9,1
CUST-10621,2024-11-01,11,2024,13,138.32,9,10,1.0,1,9,1
CUST-10621,2024-12-01,12,2024,14,128.39,8,9,1.0,0,9,1
CUST-10622,2023-10-01,10,2023,0,86.82,4,2,0.3972,2,8,1
CUST-10622,2023-11-01,11,2023,1,86.82,4,2,0.474,3,8,1
CUST-10623,2023-10-01,10,2023,0,1044.0,111,44,0.4151,0,7,1
CUST-10623,2023-11-01,11,2023,1,1097.79,117,54,0.4838,1,7,1
CUST-10623,2023-12-01,12,2023,2,1052.97,112,56,0.4801,0,7,1
CUST-10623,2024-01-01,1,2024,3,1035.04,110,52,0.4653,5,6,1
CUST-10624,2023-10-01,10,2023,0,1844.0,21,3,0.1541,2,5,1
CUST-10624,2023-11-01,11,2023,1,1754.0,19,5,0.2478,5,5,1
CUST-10624,2023-12-01,12,2023,2,1844.0,21,6,0.3185,2,6,1
CUST-10624,2024-01-01,1,2024,3,1844.0,21,4,0.1853,5,5,1
CUST-10624,2024-02-01,2,2024,4,1889.0,22,3,0.1488,5,5,1
CUST-10624,2024-03-01,3,2024,5,1889.0,22,6,0.2553,2,6,1
CUST-10624,2024-04-01,4,2024,6,1844.0,21,7,33.0,2,6,1
CUST-10624,2024-05-01,5,2024,7,1844.0,21,6,0.3032,0,6,1
CUST-10624,2024-06-01,6,2024,8,1844.0,21,6,0.3027,2,6,1
CUST-10624,2024-07-01,7,2024,9,1844.0,21,5,0.2478,1,6,1
CUST-10624,2024-08-01,8,2024,10,1844.0,21,5,0.2479,5,5,1
CUST-10624,2024-09-01,9,2024,11,1754.0,19,9,0.4363,0,6,1
CUST-10624,2024-10-01,10,2024,12,1754.0,19,9,0.4635,5,5,1
CUST-10624,2024-11-01,11,2024,13,1709.0,18,9,0.4764,3,6,1
CUST-10624,2024-12-01,12,2024,14,1709.0,18,8,0.4108,2,6,1
CUST-10625,2023-10-01,10,2023,0,267.99,21,12,0.5969,1,6,1
CUST-10625,2023-11-01,11,2023,1,278.42,22,11,0.5217,0,6,1
CUST-10625,2023-12-01,12,2023,2,267.99,21,10,0.4722,2,5,1
CUST-10625,2024-01-01,1,2024,3,267.99,21,11,0.5161,1,5,1
CUST-10625,2024-02-01,2,2024,4,278.42,22,13,0.6242,3,5,1
CUST-10625,2024-03-01,3,2024,5,288.84,23,10,0.4596,0,5,1
CUST-10625,2024-04-01,4,2024,6,288.84,23,6,0.265,1,5,1
CUST-10625,2024-05-01,5,2024,7,278.42,22,11,0.4745,0,5,1
CUST-10625,2024-06-01,6,2024,8,278.42,22,8,0.3757,3,5,1
CUST-10625,2024-07-01,7,2024,9,267.99,21,6,0.2887,0,5,1
CUST-10625,2024-08-01,8,2024,10,278.42,22,8,0.3713,1,5,1
CUST-10625,2024-09-01,9,2024,11,288.84,23,7,0.3258,1,5,1
CUST-10625,2024-10-01,10,2024,12,288.84,23,10,0.4394,0,5,1
CUST-10625,2024-11-01,11,2024,13,299.27,24,7,0.3232,1,5,1
CUST-10625,2024-12-01,12,2024,14,309.7,25,7,0.2822,2,5,1
CUST-10626,2023-10-01,10,2023,0,88.36,4,1,0.2132,0,9,1
CUST-10626,2023-11-01,11,2023,1,88.36,4,0,0.0993,1,9,1
CUST-10626,2023-12-01,12,2023,2,88.36,4,1,0.1514,1,9,1
CUST-10627,2023-10-01,10,2023,0,1179.48,30,12,0.4276,2,8,1
CUST-10627,2023-11-01,11,2023,1,1153.46,29,12,0.3903,0,8,1
CUST-10627,2023-12-01,12,2023,2,1075.42,26,15,0.5164,0,9,1
CUST-10627,2024-01-01,1,2024,3,1075.42,26,11,0.4145,0,8,1
CUST-10627,2024-02-01,2,2024,4,1075.42,26,13,0.4845,0,9,1
CUST-10627,2024-03-01,3,2024,5,1049.4,25,10,0.3861,0,8,1
CUST-10627,2024-04-01,4,2024,6,1101.43,27,9,0.3667,2,8,1
CUST-10627,2024-05-01,5,2024,7,1127.45,28,14,0.5339,2,8,1
CUST-10627,2024-06-01,6,2024,8,1101.43,27,9,0.3301,0,8,1
CUST-10627,2024-07-01,7,2024,9,1049.4,25,15,0.5488,0,9,1
CUST-10627,2024-08-01,8,2024,10,1049.4,25,13,0.5318,0,9,1
CUST-10627,2024-09-01,9,2024,11,997.37,23,11,0.4441,0,8,1
CUST-10627,2024-10-01,10,2024,12,945.34,21,13,0.566,0,9,1
CUST-10627,2024-11-01,11,2024,13,945.34,21,10,0.4946,0,9,1
CUST-10627,2024-12-01,12,2024,14,945.34,21,11,0.5241,0,9,1
CUST-10628,2023-10-01,10,2023,0,391.0,11,2,0.1851,0,7,1
CUST-10628,2023-11-01,11,2023,1,369.0,10,3,0.2862,0,7,1
CUST-10628,2023-12-01,12,2023,2,369.0,10,2,0.2211,0,7,1
CUST-10628,2024-01-01,1,2024,3,369.0,10,2,0.2362,3,7,1
CUST-10628,2024-02-01,2,2024,4,391.0,11,3,0.3441,0,7,1
CUST-10628,2024-03-01,3,2024,5,391.0,11,4,0.3297,0,7,1
CUST-10628,2024-04-01,4,2024,6,391.0,11,3,0.2556,2,7,1
CUST-10628,2024-05-01,5,2024,7,391.0,11,5,0.4308,1,7,1
CUST-10628,2024-06-01,6,2024,8,413.0,12,5,0.44,2,7,1
CUST-10628,2024-07-01,7,2024,9,413.0,12,7,0.5684,0,8,1
CUST-10628,2024-08-01,8,2024,10,413.0,12,5,0.462,1,8,1
CUST-10628,2024-09-01,9,2024,11,435.0,13,5,0.3943,0,8,1
CUST-10628,2024-10-01,10,2024,12,435.0,13,7,0.508,2,7,1
CUST-10628,2024-11-01,11,2024,13,435.0,13,8,0.626,0,8,1
CUST-10628,2024-12-01,12,2024,14,457.0,14,9,0.7077,2,8,1
CUST-10629,2023-10-01,10,2023,0,211.96,3,1,0.4716,2,9,1
CUST-10629,2023-11-01,11,2023,1,211.96,3,1,0.4398,1,9,1
CUST-10629,2023-12-01,12,2023,2,211.96,3,2,0.5078,3,9,1
CUST-10629,2024-01-01,1,2024,3,211.96,3,2,0.5693,0,9,1
CUST-10629,2024-02-01,2,2024,4,211.96,3,1,0.3929,1,9,1
CUST-10629,2024-03-01,3,2024,5,211.96,3,2,0.5226,3,9,1
CUST-10629,2024-04-01,4,2024,6,211.96,3,1,0.4014,0,9,1
CUST-10629,2024-05-01,5,2024,7,211.96,3,2,0.5897,1,9,1
CUST-10629,2024-06-01,6,2024,8,211.96,3,2,0.7225,0,10,1
CUST-10629,2024-07-01,7,2024,9,211.96,3,2,0.6536,1,9,1
CUST-10629,2024-08-01,8,2024,10,211.96,3,2,0.6072,0,9,1
CUST-10629,2024-09-01,9,2024,11,211.96,3,2,0.6004,2,9,1
CUST-10630,2023-10-01,10,2023,0,98.44,5,1,0.1677,1,7,1
CUST-10630,2023-11-01,11,2023,1,98.44,5,1,0.1485,1,7,1
CUST-10630,2023-12-01,12,2023,2,98.44,5,1,0.2698,0,8,1
CUST-10630,2024-01-01,1,2024,3,98.44,5,1,0.1398,0,7,1
CUST-10630,2024-02-01,2,2024,4,98.44,5,2,0.3572,0,8,1
CUST-10630,2024-03-01,3,2024,5,98.44,5,1,0.2649,1,8,1
CUST-10630,2024-04-01,4,2024,6,98.44,5,2,0.398,0,8,1
CUST-10630,2024-05-01,5,2024,7,98.44,5,1,0.1365,0,7,1
CUST-10630,2024-06-01,6,2024,8,98.44,5,1,0.1488,1,7,1
CUST-10630,2024-07-01,7,2024,9,98.44,5,1,0.295,0,8,1
CUST-10630,2024-08-01,8,2024,10,98.44,5,1,0.2164,3,7,1
CUST-10630,2024-09-01,9,2024,11,98.44,5,1,0.1452,0,7,1
CUST-10630,2024-10-01,10,2024,12,98.44,5,1,0.2634,0,8,1
CUST-10630,2024-11-01,11,2024,13,98.44,5,1,0.185,2,7,1
CUST-10630,2024-12-01,12,2024,14,88.55,4,2,0.3113,0,8,1
CUST-10631,2023-10-01,10,2023,0,1562.53,15,4,0.2268,2,9,1
CUST-10631,2023-11-01,11,2023,1,1518.29,14,3,0.2342,4,9,1
CUST-10631,2023-12-01,12,2023,2,1562.53,15,2,0.1132,3,9,1
CUST-10631,2024-01-01,1,2024,3,1562.53,15,2,0.1123,4,8,1
CUST-10631,2024-02-01,2,2024,4,1474.05,13,1,0.0472,1,9,1
CUST-10631,2024-03-01,3,2024,5,1518.29,14,2,0.169,3,9,1
CUST-10631,2024-04-01,4,2024,6,1474.05,13,1,0.0536,3,8,1
CUST-10631,2024-05-01,5,2024,7,1518.29,14,1,0.0765,3,9,1
CUST-10632,2023-10-01,10,2023,0,2554.28,44,18,0.4169,1,6,1
CUST-10632,2023-11-01,11,2023,1,2591.9,45,17,0.3938,3,5,1
CUST-10632,2023-12-01,12,2023,2,2629.52,46,9,0.1946,2,5,1
CUST-10632,2024-01-01,1,2024,3,2554.28,44,18,0.392,2,5,1
CUST-10632,2024-02-01,2,2024,4,2591.9,45,11,0.2519,1,5,1
CUST-10632,2024-03-01,3,2024,5,2667.14,47,7,0.1517,4,4,1
CUST-10632,2024-04-01,4,2024,6,2817.62,51,3,0.067,2,4,1
CUST-10633,2023-10-01,10,2023,0,1326.44,60,43,0.738,1,8,1
CUST-10633,2023-11-01,11,2023,1,1306.82,59,43,0.7167,0,8,1
CUST-10633,2023-12-01,12,2023,2,1208.7,54,41,0.7005,1,8,1
CUST-10633,2024-01-01,1,2024,3,1090.95,48,36,0.6764,0,8,1
CUST-10633,2024-02-01,2,2024,4,1169.45,52,29,0.6052,1,8,1
CUST-10633,2024-03-01,3,2024,5,1149.82,51,27,0.5169,1,8,1
CUST-10633,2024-04-01,4,2024,6,1130.2,50,32,0.6131,0,8,1
CUST-10633,2024-05-01,5,2024,7,1051.7,46,24,0.4902,3,7,1
CUST-10633,2024-06-01,6,2024,8,1051.7,46,32,0.6847,1,8,1
CUST-10633,2024-07-01,7,2024,9,1032.08,45,24,0.5327,1,8,1
CUST-10633,2024-08-01,8,2024,10,1071.33,47,21,0.4719,0,8,1
CUST-10633,2024-09-01,9,2024,11,1051.7,46,22,0.4677,2,7,1
CUST-10633,2024-10-01,10,2024,12,953.58,41,20,0.4263,1,7,1
CUST-10633,2024-11-01,11,2024,13,933.96,40,23,0.5747,2,7,1
CUST-10633,2024-12-01,12,2024,14,953.58,41,23,0.5887,2,7,1
CUST-10634,2023-10-01,10,2023,0,1430.28,65,14,0.1826,2,6,1
CUST-10634,2023-11-01,11,2023,1,1410.57,64,3,0.0458,3,6,1
CUST-10634,2023-12-01,12,2023,2,1430.28,65,11,0.169,5,6,1
CUST-10634,2024-01-01,1,2024,3,1509.13,69,8,0.1259,3,6,1
CUST-10634,2024-02-01,2,2024,4,1666.82,77,12,0.1801,2,6,1
CUST-10634,2024-03-01,3,2024,5,1607.69,74,16,0.2059,2,6,1
CUST-10634,2024-04-01,4,2024,6,1627.4,75,6,0.0769,0,7,1
CUST-10634,2024-05-01,5,2024,7,1647.11,76,6,0.0855,4,6,1
CUST-10634,2024-06-01,6,2024,8,1666.82,77,11,0.1378,1,6,1
CUST-10634,2024-07-01,7,2024,9,1666.82,77,3,0.0381,2,6,1
CUST-10634,2024-08-01,8,2024,10,1785.1,83,8,0.097,3,6,1
CUST-10634,2024-09-01,9,2024,11,1686.54,78,2,0.03,2,6,1
CUST-10634,2024-10-01,10,2024,12,1666.82,77,2,0.03,1,6,1
CUST-10634,2024-11-01,11,2024,13,1627.4,75,3,0.0426,2,6,1
CUST-10634,2024-12-01,12,2024,14,1647.11,76,2,0.03,3,6,1
CUST-10635,2023-10-01,10,2023,0,2427.74,38,5,0.1395,0,8,1
CUST-10635,2023-11-01,11,2023,1,2387.51,37,1,0.03,2,8,1
CUST-10635,2023-12-01,12,2023,2,2467.97,39,1,0.03,0,8,1
CUST-10635,2024-01-01,1,2024,3,2508.2,40,3,0.0743,0,8,1
CUST-10635,2024-02-01,2,2024,4,2347.28,36,6,0.1619,0,8,1
CUST-10635,2024-03-01,3,2024,5,2427.74,38,2,0.0554,2,8,1
CUST-10635,2024-04-01,4,2024,6,2307.05,35,4,0.119,1,8,1
CUST-10635,2024-05-01,5,2024,7,2186.36,32,7,0.1895,2,8,1
CUST-10635,2024-06-01,6,2024,8,2186.36,32,1,0.03,2,8,1
CUST-10635,2024-07-01,7,2024,9,2186.36,32,1,0.03,0,8,1
CUST-10635,2024-08-01,8,2024,10,2226.59,33,1,0.03,1,8,1
CUST-10635,2024-09-01,9,2024,11,2347.28,36,1,0.03,2,8,1
CUST-10635,2024-10-01,10,2024,12,2508.2,40,1,0.03,0,8,1
CUST-10635,2024-11-01,11,2024,13,2427.74,38,1,0.03,1,8,1
CUST-10635,2024-12-01,12,2024,14,2588.66,42,1,0.03,1,8,1
CUST-10636,2023-10-01,10,2023,0,251.24,19,8,0.4329,1,7,1
CUST-10636,2023-11-01,11,2023,1,240.59,18,8,0.4206,0,7,1
CUST-10636,2023-12-01,12,2023,2,219.3,16,4,0.2283,1,7,1
CUST-10636,2024-01-01,1,2024,3,219.3,16,6,0.3516,1,7,1
CUST-10636,2024-02-01,2,2024,4,208.66,15,5,0.2995,1,7,1
CUST-10636,2024-03-01,3,2024,5,198.02,14,7,0.4305,2,7,1
CUST-10636,2024-04-01,4,2024,6,208.66,15,2,0.1769,0,7,1
CUST-10636,2024-05-01,5,2024,7,208.66,15,4,0.2685,2,7,1
CUST-10636,2024-06-01,6,2024,8,219.3,16,3,0.2223,2,6,1
CUST-10636,2024-07-01,7,2024,9,208.66,15,6,0.3482,0,7,1
CUST-10636,2024-08-01,8,2024,10,219.3,16,3,0.1629,0,7,1
CUST-10636,2024-09-01,9,2024,11,208.66,15,4,0.2537,1,7,1
CUST-10636,2024-10-01,10,2024,12,208.66,15,5,0.3357,1,7,1
CUST-10636,2024-11-01,11,2024,13,208.66,15,1,0.0425,0,6,1
CUST-10636,2024-12-01,12,2024,14,208.66,15,3,0.2152,0,7,1
CUST-10637,2023-10-01,10,2023,0,642.71,8,2,0.29,1,9,1
CUST-10637,2023-11-01,11,2023,1,673.18,9,2,0.2764,2,9,1
CUST-10637,2023-12-01,12,2023,2,673.18,9,3,0.3091,4,8,1
CUST-10637,2024-01-01,1,2024,3,642.71,8,2,0.2248,0,9,1
CUST-10637,2024-02-01,2,2024,4,612.25,7,1,0.1893,0,9,1
CUST-10637,2024-03-01,3,2024,5,612.25,7,2,0.2795,2,9,1
CUST-10637,2024-04-01,4,2024,6,612.25,7,1,0.1549,2,8,1
CUST-10637,2024-05-01,5,2024,7,612.25,7,2,0.3094,0,9,1
CUST-10637,2024-06-01,6,2024,8,581.78,6,3,0.3987,1,9,1
CUST-10637,2024-07-01,7,2024,9,612.25,7,2,0.2967,2,9,1
CUST-10637,2024-08-01,8,2024,10,581.78,6,2,0.348,3,9,1
CUST-10637,2024-09-01,9,2024,11,581.78,6,2,0.2832,2,9,1
CUST-10637,2024-10-01,10,2024,12,581.78,6,2,0.3042,1,9,1
CUST-10637,2024-11-01,11,2024,13,581.78,6,2,0.3514,1,9,1
CUST-10637,2024-12-01,12,2024,14,581.78,6,2,0.2993,1,9,1
CUST-10638,2023-10-01,10,2023,0,1872.12,25,11,0.4327,5,7,1
CUST-10638,2023-11-01,11,2023,1,1794.28,23,12,0.4957,0,9,1
CUST-10638,2023-12-01,12,2023,2,1872.12,25,13,0.5564,0,9,1
CUST-10638,2024-01-01,1,2024,3,1911.05,26,7,0.287,1,8,1
CUST-10638,2024-02-01,2,2024,4,1911.05,26,10,0.3845,1,8,1
CUST-10638,2024-03-01,3,2024,5,1988.9,28,11,0.4378,1,8,1
CUST-10638,2024-04-01,4,2024,6,1949.97,27,11,0.3805,1,8,1
CUST-10638,2024-05-01,5,2024,7,1872.12,25,7,0.2587,1,8,1
CUST-10638,2024-06-01,6,2024,8,1872.12,25,10,0.3958,0,8,1
CUST-10638,2024-07-01,7,2024,9,1833.2,24,4,0.1655,0,8,1
CUST-10638,2024-08-01,8,2024,10,1872.12,25,8,0.327,3,8,1
CUST-10638,2024-09-01,9,2024,11,1911.05,26,3,0.1284,0,8,1
CUST-10638,2024-10-01,10,2024,12,1833.2,24,8,0.3299,1,8,1
CUST-10638,2024-11-01,11,2024,13,1911.05,26,5,0.2014,1,8,1
CUST-10638,2024-12-01,12,2024,14,1911.05,26,6,0.2351,1,8,1
CUST-10639,2023-10-01,10,2023,0,839.62,36,14,0.3958,0,4,1
CUST-10639,2023-11-01,11,2023,1,839.62,36,15,0.4172,2,4,1
CUST-10639,2023-12-01,12,2023,2,839.62,36,16,0.4329,1,4,1
CUST-10639,2024-01-01,1,2024,3,897.18,39,15,0.4223,0,4,1
CUST-10639,2024-02-01,2,2024,4,877.99,38,12,29.7,0,4,1
CUST-10639,2024-03-01,3,2024,5,916.36,40,13,0.3463,2,4,1
CUST-10639,2024-04-01,4,2024,6,1012.28,45,11,0.2704,2,3,1
CUST-10639,2024-05-01,5,2024,7,993.1,44,11,0.2436,2,3,1
CUST-10639,2024-06-01,6,2024,8,993.1,44,10,0.2206,3,3,1
CUST-10639,2024-07-01,7,2024,9,1050.65,47,6,0.1381,2,3,1
CUST-10639,2024-08-01,8,2024,10,1012.28,45,6,0.1268,2,3,1
CUST-10639,2024-09-01,9,2024,11,1069.83,48,5,0.106,0,3,1
CUST-10639,2024-10-01,10,2024,12,1146.57,52,1,0.03,4,2,1
CUST-10639,2024-11-01,11,2024,13,1184.94,54,6,10.9,3,3,1
CUST-10639,2024-12-01,12,2024,14,1165.75,53,2,0.0453,1,3,1
CUST-10640,2023-10-01,10,2023,0,259.0,5,4,0.714,0,8,1
CUST-10640,2023-11-01,11,2023,1,259.0,5,4,0.6688,2,8,1
CUST-10640,2023-12-01,12,2023,2,259.0,5,3,0.6384,2,8,1
CUST-10640,2024-01-01,1,2024,3,259.0,5,3,0.604,1,8,1
CUST-10640,2024-02-01,2,2024,4,259.0,5,2,0.4248,0,8,1
CUST-10640,2024-03-01,3,2024,5,259.0,5,3,0.6233,0,8,1
CUST-10640,2024-04-01,4,2024,6,237.0,4,2,0.5094,1,8,1
CUST-10640,2024-05-01,5,2024,7,237.0,4,2,0.3798,2,7,1
CUST-10640,2024-06-01,6,2024,8,237.0,4,2,0.4281,5,6,1
CUST-10640,2024-07-01,7,2024,9,259.0,5,1,0.22,0,7,1
CUST-10640,2024-08-01,8,2024,10,259.0,5,2,0.3102,4,6,1
CUST-10640,2024-09-01,9,2024,11,281.0,6,2,0.3086,1,7,1
CUST-10640,2024-10-01,10,2024,12,259.0,5,2,0.3369,3,7,1
CUST-10640,2024-11-01,11,2024,13,259.0,5,1,0.2219,2,7,1
CUST-10640,2024-12-01,12,2024,14,259.0,5,2,0.3069,1,7,1
CUST-10641,2023-10-01,10,2023,0,158.44,10,3,0.2941,0,7,1
CUST-10641,2023-11-01,11,2023,1,147.5,9,2,0.216,0,7,1
CUST-10641,2023-12-01,12,2023,2,147.5,9,2,0.248,0,7,1
CUST-10641,2024-01-01,1,2024,3,158.44,10,3,0.2933,1,7,1
CUST-10641,2024-02-01,2,2024,4,158.44,10,1,0.0951,2,6,1
CUST-10641,2024-03-01,3,2024,5,158.44,10,3,0.3424,3,7,1
CUST-10641,2024-04-01,4,2024,6,169.38,11,2,0.1942,2,7,1
CUST-10641,2024-05-01,5,2024,7,180.33,12,3,0.2591,0,7,1
CUST-10641,2024-06-01,6,2024,8,191.27,13,1,0.1097,2,6,1
CUST-10641,2024-07-01,7,2024,9,191.27,13,3,0.2242,2,7,1
CUST-10641,2024-08-01,8,2024,10,191.27,13,3,0.2053,1,7,1
CUST-10641,2024-09-01,9,2024,11,191.27,13,2,0.175,2,7,1
CUST-10641,2024-10-01,10,2024,12,180.33,12,2,0.1351,0,7,1
CUST-10641,2024-11-01,11,2024,13,180.33,12,1,0.0971,0,7,1
CUST-10641,2024-12-01,12,2024,14,180.33,12,2,0.1406,2,6,1
CUST-10642,2023-10-01,10,2023,0,181.22,14,9,0.6378,1,6,1
CUST-10642,2023-11-01,11,2023,1,190.66,15,7,0.5169,2,6,1
CUST-10642,2023-12-01,12,2023,2,190.66,15,9,0.5785,1,6,1
CUST-10642,2024-01-01,1,2024,3,181.22,14,10,0.6698,1,7,1
CUST-10642,2024-02-01,2,2024,4,181.22,14,9,0.6079,0,7,1
CUST-10642,2024-03-01,3,2024,5,171.77,13,9,0.6731,1,7,1
CUST-10642,2024-04-01,4,2024,6,181.22,14,9,0.6784,0,7,1
CUST-10642,2024-05-01,5,2024,7,190.66,15,10,0.6958,1,7,1
CUST-10642,2024-06-01,6,2024,8,181.22,14,12,0.8082,2,7,1
CUST-10642,2024-07-01,7,2024,9,190.66,15,10,0.7117,1,7,1
CUST-10642,2024-08-01,8,2024,10,209.55,17,13,0.8537,0,7,1
CUST-10642,2024-09-01,9,2024,11,209.55,17,13,0.8013,0,7,1
CUST-10642,2024-10-01,10,2024,12,218.99,18,14,0.8185,0,7,1
CUST-10642,2024-11-01,11,2024,13,218.99,18,14,0.786,0,7,1
CUST-10642,2024-12-01,12,2024,14,218.99,18,15,0.8409,1,7,1
CUST-10643,2023-10-01,10,2023,0,631.06,22,1,0.0586,0,7,1
CUST-10643,2023-11-01,11,2023,1,609.15,21,2,0.0719,1,7,1
CUST-10643,2023-12-01,12,2023,2,652.98,23,3,0.1241,4,7,1
CUST-10643,2024-01-01,1,2024,3,674.89,24,1,0.03,0,7,1
CUST-10643,2024-02-01,2,2024,4,674.89,24,2,0.0792,2,7,1
CUST-10643,2024-03-01,3,2024,5,674.89,24,4,0.1727,2,7,1
CUST-10643,2024-04-01,4,2024,6,696.8,25,2,0.0946,4,6,1
CUST-10643,2024-05-01,5,2024,7,674.89,24,1,0.0459,2,7,1
CUST-10643,2024-06-01,6,2024,8,696.8,25,1,0.0625,0,7,1
CUST-10643,2024-07-01,7,2024,9,696.8,25,1,0.03,2,7,1
CUST-10643,2024-08-01,8,2024,10,718.71,26,1,0.03,2,7,1
CUST-10643,2024-09-01,9,2024,11,740.62,27,2,0.0586,3,7,1
CUST-10643,2024-10-01,10,2024,12,762.54,28,1,0.0467,2,7,1
CUST-10643,2024-11-01,11,2024,13,806.36,30,1,0.03,4,6,1
CUST-10643,2024-12-01,12,2024,14,828.27,31,4,0.1206,3,7,1
CUST-10644,2023-10-01,10,2023,0,257.13,5,1,0.1586,0,7,1
CUST-10644,2023-11-01,11,2023,1,257.13,5,1,0.2399,1,7,1
CUST-10644,2023-12-01,12,2023,2,257.13,5,0,0.03,1,6,1
CUST-10644,2024-01-01,1,2024,3,257.13,5,1,0.1398,2,6,1
CUST-10644,2024-02-01,2,2024,4,257.13,5,0,0.03,2,6,1
CUST-10644,2024-03-01,3,2024,5,235.5,4,0,0.0386,1,6,1
CUST-10644,2024-04-01,4,2024,6,235.5,4,1,0.2352,0,7,1
CUST-10644,2024-05-01,5,2024,7,235.5,4,0,0.0455,2,6,1
CUST-10644,2024-06-01,6,2024,8,257.13,5,0,3.0,1,6,1
CUST-10644,2024-07-01,7,2024,9,278.76,6,0,0.0788,3,6,1
CUST-10644,2024-08-01,8,2024,10,278.76,6,0,0.0401,3,6,1
CUST-10644,2024-09-01,9,2024,11,278.76,6,0,0.0582,4,5,1
CUST-10644,2024-10-01,10,2024,12,278.76,6,0,0.03,1,6,1
CUST-10644,2024-11-01,11,2024,13,278.76,6,0,0.03,4,5,1
CUST-10644,2024-12-01,12,2024,14,278.76,6,0,0.03,2,6,1
CUST-10645,2023-10-01,10,2023,0,448.68,14,3,0.2603,4,6,1
CUST-10645,2023-11-01,11,2023,1,448.68,14,5,0.3665,1,6,1
CUST-10645,2023-12-01,12,2023,2,448.68,14,6,0.3962,3,6,1
CUST-10645,2024-01-01,1,2024,3,470.09,15,4,0.3131,3,6,1
CUST-10645,2024-02-01,2,2024,4,470.09,15,4,0.2558,0,6,1
CUST-10645,2024-03-01,3,2024,5,491.5,16,4,0.2873,3,6,1
CUST-10645,2024-04-01,4,2024,6,512.9,17,3,0.1924,0,6,1
CUST-10645,2024-05-01,5,2024,7,512.9,17,3,0.1869,4,5,1
CUST-10645,2024-06-01,6,2024,8,512.9,17,3,0.1746,2,6,1
CUST-10645,2024-07-01,7,2024,9,534.31,18,6,0.3193,3,6,1
CUST-10645,2024-08-01,8,2024,10,555.71,19,6,0.3109,0,7,1
CUST-10645,2024-09-01,9,2024,11,555.71,19,5,0.2356,2,6,1
CUST-10645,2024-10-01,10,2024,12,577.12,20,6,0.2905,2,6,1
CUST-10645,2024-11-01,11,2024,13,598.53,21,3,0.1309,2,6,1
CUST-10645,2024-12-01,12,2024,14,641.34,23,7,0.3109,2,6,1
CUST-10646,2023-10-01,10,2023,0,107.68,5,1,0.2797,0,6,1
CUST-10646,2023-11-01,11,2023,1,107.68,5,1,0.2849,2,5,1
CUST-10646,2023-12-01,12,2023,2,95.94,4,1,0.1154,3,5,1
CUST-10646,2024-01-01,1,2024,3,95.94,4,0,0.0325,3,4,1
CUST-10647,2023-10-01,10,2023,0,835.35,14,6,0.4247,5,6,1
CUST-10647,2023-11-01,11,2023,1,866.52,15,6,0.4316,1,7,1
CUST-10648,2023-10-01,10,2023,0,7005.82,169,69,0.3924,0,10,1
CUST-10648,2023-11-01,11,2023,1,7222.62,175,67,0.3978,0,10,1
CUST-10648,2023-12-01,12,2023,2,6969.68,168,87,49.8,0,10,1
CUST-10648,2024-01-01,1,2024,3,6752.87,162,86,0.5144,0,10,1
CUST-10648,2024-02-01,2,2024,4,6608.33,158,81,0.4998,0,10,1
CUST-10648,2024-03-01,3,2024,5,6572.2,157,57,0.3583,1,10,1
CUST-10648,2024-04-01,4,2024,6,6680.6,160,67,0.429,0,10,1
CUST-10648,2024-05-01,5,2024,7,7150.36,173,57,0.3593,0,10,1
CUST-10648,2024-06-01,6,2024,8,6680.6,160,74,0.4296,0,10,1
CUST-10648,2024-07-01,7,2024,9,6319.25,150,70,0.4384,1,10,1
CUST-10648,2024-08-01,8,2024,10,6138.58,145,54,0.3637,0,10,1
CUST-10648,2024-09-01,9,2024,11,6246.98,148,50,0.3474,1,10,1
CUST-10648,2024-10-01,10,2024,12,6283.12,149,35,0.2375,0,10,1
CUST-10648,2024-11-01,11,2024,13,5994.03,141,56,0.3755,0,10,1
CUST-10648,2024-12-01,12,2024,14,5957.9,140,52,0.3695,1,10,1
CUST-10649,2023-10-01,10,2023,0,333.14,9,3,0.3807,0,6,1
CUST-10649,2023-11-01,11,2023,1,333.14,9,4,0.4594,1,6,1
CUST-10649,2023-12-01,12,2023,2,333.14,9,5,0.5262,1,6,1
CUST-10649,2024-01-01,1,2024,3,333.14,9,5,0.5485,3,5,1
CUST-10649,2024-02-01,2,2024,4,333.14,9,4,0.4448,0,6,1
CUST-10649,2024-03-01,3,2024,5,353.6,10,5,0.5888,0,6,1
CUST-10649,2024-04-01,4,2024,6,353.6,10,6,0.6294,0,6,1
CUST-10649,2024-05-01,5,2024,7,353.6,10,5,0.5384,1,6,1
CUST-10649,2024-06-01,6,2024,8,333.14,9,6,0.576,0,6,1
CUST-10649,2024-07-01,7,2024,9,333.14,9,7,0.7206,1,6,1
CUST-10649,2024-08-01,8,2024,10,333.14,9,6,0.6272,1,6,1
CUST-10649,2024-09-01,9,2024,11,333.14,9,6,0.6836,2,6,1
CUST-10649,2024-10-01,10,2024,12,353.6,10,6,0.6586,0,6,1
CUST-10649,2024-11-01,11,2024,13,353.6,10,5,0.5574,2,6,1
CUST-10649,2024-12-01,12,2024,14,353.6,10,7,0.7705,0,7,1
CUST-10650,2023-10-01,10,2023,0,675.99,29,10,0.3201,0,7,1
CUST-10650,2023-11-01,11,2023,1,694.16,30,9,0.3023,0,7,1
CUST-10650,2023-12-01,12,2023,2,730.5,32,8,0.2748,1,6,1
CUST-10650,2024-01-01,1,2024,3,712.33,31,7,0.2257,1,6,1
CUST-10650,2024-02-01,2,2024,4,730.5,32,7,0.2083,1,6,1
CUST-10650,2024-03-01,3,2024,5,766.85,34,12,0.3667,0,7,1
CUST-10650,2024-04-01,4,2024,6,766.85,34,14,0.4024,0,7,1
CUST-10650,2024-05-01,5,2024,7,748.68,33,10,0.2835,1,6,1
CUST-10650,2024-06-01,6,2024,8,821.36,37,10,0.3136,0,7,1
CUST-10650,2024-07-01,7,2024,9,875.88,40,9,0.2553,1,6,1
CUST-10650,2024-08-01,8,2024,10,894.05,41,6,0.1598,2,6,1
CUST-10650,2024-09-01,9,2024,11,821.36,37,8,0.1874,0,6,1
CUST-10650,2024-10-01,10,2024,12,821.36,37,9,0.2279,1,6,1
CUST-10650,2024-11-01,11,2024,13,821.36,37,6,0.1563,1,6,1
CUST-10650,2024-12-01,12,2024,14,839.54,38,8,0.2077,2,6,1
CUST-10651,2023-10-01,10,2023,0,960.79,19,2,0.1179,1,10,1
CUST-10651,2023-11-01,11,2023,1,960.79,19,4,0.1993,4,10,1
CUST-10651,2023-12-01,12,2023,2,1019.93,21,3,0.1322,2,10,1
CUST-10651,2024-01-01,1,2024,3,1049.5,22,6,0.3,1,10,1
CUST-10651,2024-02-01,2,2024,4,1108.63,24,6,0.2733,1,10,1
CUST-10651,2024-03-01,3,2024,5,1167.77,26,6,0.2325,3,10,1
CUST-10651,2024-04-01,4,2024,6,1226.9,28,8,0.2862,1,10,1
CUST-10651,2024-05-01,5,2024,7,1345.18,32,7,0.2396,1,10,1
CUST-10651,2024-06-01,6,2024,8,1404.31,34,10,0.3058,0,10,1
CUST-10651,2024-07-01,7,2024,9,1493.02,37,7,0.1999,0,10,1
CUST-10651,2024-08-01,8,2024,10,1493.02,37,13,0.3672,3,10,1
CUST-10651,2024-09-01,9,2024,11,1493.02,37,9,0.2371,1,10,1
CUST-10652,2023-10-01,10,2023,0,2027.64,65,31,0.4913,1,9,1
CUST-10652,2023-11-01,11,2023,1,2077.75,67,44,0.6809,1,9,1
CUST-10652,2023-12-01,12,2023,2,2002.58,64,40,0.5891,0,9,1
CUST-10652,2024-01-01,1,2024,3,1977.53,63,36,0.5571,3,8,1
CUST-10652,2024-02-01,2,2024,4,2077.75,67,44,0.7025,1,9,1
CUST-10652,2024-03-01,3,2024,5,1877.3,59,43,0.6385,1,9,1
CUST-10652,2024-04-01,4,2024,6,1902.36,60,35,0.587,1,9,1
CUST-10652,2024-05-01,5,2024,7,1877.3,59,43,0.7246,2,9,1
CUST-10652,2024-06-01,6,2024,8,1877.3,59,38,0.6361,1,9,1
CUST-10652,2024-07-01,7,2024,9,2002.58,64,41,0.6937,0,9,1
CUST-10652,2024-08-01,8,2024,10,1902.36,60,40,0.6316,3,8,1
CUST-10652,2024-09-01,9,2024,11,1701.91,52,36,0.5939,2,9,1
CUST-10652,2024-10-01,10,2024,12,1752.02,54,37,0.7196,0,9,1
CUST-10652,2024-11-01,11,2024,13,1676.86,51,32,0.5896,1,9,1
CUST-10652,2024-12-01,12,2024,14,1626.74,49,39,0.7556,0,9,1
CUST-10653,2023-10-01,10,2023,0,527.0,4,2,0.55,0,9,1
CUST-10653,2023-11-01,11,2023,1,527.0,4,2,0.5868,0,9,1
CUST-10653,2023-12-01,12,2023,2,495.0,3,1,0.3793,1,8,1
CUST-10653,2024-01-01,1,2024,3,495.0,3,1,0.4219,2,8,1
CUST-10653,2024-02-01,2,2024,4,495.0,3,1,0.3614,3,8,1
CUST-10653,2024-03-01,3,2024,5,495.0,3,1,0.2935,3,8,1
CUST-10653,2024-04-01,4,2024,6,495.0,3,1,0.3332,1,8,1
CUST-10653,2024-05-01,5,2024,7,495.0,3,1,0.3941,2,8,1
CUST-10653,2024-06-01,6,2024,8,495.0,3,1,0.1919,4,7,1
CUST-10653,2024-07-01,7,2024,9,495.0,3,1,0.3028,1,8,1
CUST-10653,2024-08-01,8,2024,10,495.0,3,1,0.2895,0,8,1
CUST-10653,2024-09-01,9,2024,11,495.0,3,1,0.2173,2,8,1
CUST-10653,2024-10-01,10,2024,12,495.0,3,1,0.2262,3,7,1
CUST-10653,2024-11-01,11,2024,13,495.0,3,1,0.2501,3,7,1
CUST-10653,2024-12-01,12,2024,14,495.0,3,0,0.1309,4,7,1
CUST-10654,2023-10-01,10,2023,0,262.65,6,2,0.4155,2,8,1
CUST-10654,2023-11-01,11,2023,1,262.65,6,2,0.3911,1,8,1
CUST-10654,2023-12-01,12,2023,2,262.65,6,2,0.347,0,8,1
CUST-10654,2024-01-01,1,2024,3,262.65,6,3,0.5532,1,8,1
CUST-10654,2024-02-01,2,2024,4,243.71,5,2,0.398,2,8,1
CUST-10655,2023-10-01,10,2023,0,937.35,38,1,0.03,2,3,1
CUST-10655,2023-11-01,11,2023,1,916.6,37,3,0.0731,1,3,1
CUST-10655,2023-12-01,12,2023,2,978.84,40,2,0.0577,2,3,1
CUST-10655,2024-01-01,1,2024,3,958.09,39,4,0.0969,1,3,1
CUST-10655,2024-02-01,2,2024,4,978.84,40,1,0.03,0,3,1
CUST-10655,2024-03-01,3,2024,5,999.59,41,1,0.03,1,3,1
CUST-10655,2024-04-01,4,2024,6,1103.32,46,1,0.03,3,2,1
CUST-10655,2024-05-01,5,2024,7,1165.55,49,1,0.03,4,2,1
CUST-10655,2024-06-01,6,2024,8,1144.81,48,9,0.1885,2,3,1
CUST-10655,2024-07-01,7,2024,9,1124.06,47,1,0.03,4,2,1
CUST-10655,2024-08-01,8,2024,10,1103.32,46,5,10.4,0,3,1
CUST-10655,2024-09-01,9,2024,11,1165.55,49,2,0.048,3,2,1
CUST-10655,2024-10-01,10,2024,12,1124.06,47,2,0.0399,2,3,1
CUST-10655,2024-11-01,11,2024,13,1082.57,45,3,0.061,0,3,1
CUST-10655,2024-12-01,12,2024,14,1144.81,48,1,0.03,0,3,1
CUST-10656,2023-10-01,10,2023,0,225.74,4,2,0.3817,1,5,1
CUST-10656,2023-11-01,11,2023,1,244.92,5,1,0.2793,2,5,1
CUST-10656,2023-12-01,12,2023,2,244.92,5,2,0.3557,2,5,1
CUST-10656,2024-01-01,1,2024,3,244.92,5,2,0.399,1,5,1
CUST-10656,2024-02-01,2,2024,4,244.92,5,1,0.2348,0,5,1
CUST-10656,2024-03-01,3,2024,5,244.92,5,1,0.2232,0,5,1
CUST-10656,2024-04-01,4,2024,6,264.1,6,1,0.1498,2,4,1
CUST-10656,2024-05-01,5,2024,7,264.1,6,1,0.2379,2,5,1
CUST-10656,2024-06-01,6,2024,8,264.1,6,1,0.2259,0,5,1
CUST-10656,2024-07-01,7,2024,9,264.1,6,0,0.0782,0,5,1
CUST-10656,2024-08-01,8,2024,10,264.1,6,0,0.0527,2,4,1
CUST-10656,2024-09-01,9,2024,11,264.1,6,1,0.1637,1,5,1
CUST-10657,2023-11-01,11,2023,0,665.52,26,4,0.1523,0,5,1
CUST-10658,2023-11-01,11,2023,0,214.78,15,6,0.4406,0,8,1
CUST-10658,2023-12-01,12,2023,1,214.78,15,5,0.319,0,8,1
CUST-10658,2024-01-01,1,2024,2,214.78,15,5,0.3369,0,8,1
CUST-10658,2024-02-01,2,2024,3,214.78,15,7,0.4411,1,8,1
CUST-10658,2024-03-01,3,2024,4,214.78,15,6,0.3669,1,8,1
CUST-10658,2024-04-01,4,2024,5,225.83,16,6,0.4218,0,8,1
CUST-10658,2024-05-01,5,2024,6,214.78,15,5,0.3113,1,7,1
CUST-10658,2024-06-01,6,2024,7,214.78,15,5,0.3378,0,8,1
CUST-10658,2024-07-01,7,2024,8,214.78,15,3,0.2038,2,7,1
CUST-10658,2024-08-01,8,2024,9,214.78,15,4,0.2488,1,7,1
CUST-10658,2024-09-01,9,2024,10,214.78,15,3,0.213,0,7,1
CUST-10658,2024-10-01,10,2024,11,225.83,16,4,0.2735,1,7,1
CUST-10658,2024-11-01,11,2024,12,236.88,17,2,0.1478,0,7,1
CUST-10658,2024-12-01,12,2024,13,225.83,16,3,0.1698,1,7,1
CUST-10659,2023-11-01,11,2023,0,300.71,8,2,0.2754,2,10,1
CUST-10659,2023-12-01,12,2023,1,300.71,8,3,0.3679,3,10,1
CUST-10659,2024-01-01,1,2024,2,281.75,7,3,37.5,1,10,1
CUST-10659,2024-02-01,2,2024,3,281.75,7,3,0.4711,2,10,1
CUST-10659,2024-03-01,3,2024,4,262.78,6,3,0.4339,3,10,1
CUST-10659,2024-04-01,4,2024,5,281.75,7,2,0.3463,0,10,1
CUST-10659,2024-05-01,5,2024,6,262.78,6,2,0.3284,1,10,1
CUST-10659,2024-06-01,6,2024,7,262.78,6,2,0.4097,2,10,1
CUST-10659,2024-07-01,7,2024,8,262.78,6,2,0.4014,0,10,1
CUST-10660,2023-11-01,11,2023,0,1804.28,88,23,0.2376,1,7,1
CUST-10660,2023-12-01,12,2023,1,1898.33,93,21,0.233,2,7,1
CUST-10660,2024-01-01,1,2024,2,1841.9,90,20,0.2159,1,7,1
CUST-10660,2024-02-01,2,2024,3,1898.33,93,20,0.2261,2,7,1
CUST-10660,2024-03-01,3,2024,4,2199.29,109,20,0.2125,0,8,1
CUST-10660,2024-04-01,4,2024,5,2199.29,109,10,0.0941,1,7,1
CUST-10660,2024-05-01,5,2024,6,2255.72,112,15,0.1359,0,7,1
CUST-10660,2024-06-01,6,2024,7,2124.05,105,3,0.03,2,7,1
CUST-10660,2024-07-01,7,2024,8,2105.24,104,3,0.03,1,7,1
CUST-10660,2024-08-01,8,2024,9,2048.81,101,4,0.0373,3,7,1
CUST-10660,2024-09-01,9,2024,10,2161.67,107,3,0.03,2,7,1
CUST-10661,2023-11-01,11,2023,0,134.15,8,1,0.1758,2,10,1
CUST-10661,2023-12-01,12,2023,1,134.15,8,2,0.2582,1,10,1
CUST-10661,2024-01-01,1,2024,2,134.15,8,2,0.2873,2,10,1
CUST-10661,2024-02-01,2,2024,3,144.8,9,1,0.0769,1,10,1
CUST-10661,2024-03-01,3,2024,4,144.8,9,2,0.2242,2,10,1
CUST-10661,2024-04-01,4,2024,5,144.8,9,1,0.1304,3,9,1
CUST-10661,2024-05-01,5,2024,6,144.8,9,1,0.1027,1,10,1
CUST-10661,2024-06-01,6,2024,7,144.8,9,2,0.2428,0,10,1
CUST-10661,2024-07-01,7,2024,8,155.44,10,1,0.091,1,10,1
CUST-10661,2024-08-01,8,2024,9,155.44,10,1,0.0805,1,10,1
CUST-10661,2024-09-01,9,2024,10,166.08,11,1,0.1119,2,10,1
CUST-10661,2024-10-01,10,2024,11,155.44,10,0,0.03,2,9,1
CUST-10661,2024-11-01,11,2024,12,166.08,11,0,0.03,4,9,1
CUST-10661,2024-12-01,12,2024,13,166.08,11,0,0.03,2,9,1
CUST-10662,2023-11-01,11,2023,0,591.0,6,4,0.6118,1,7,1
CUST-10662,2023-12-01,12,2023,1,591.0,6,4,0.728,0,8,1
CUST-10662,2024-01-01,1,2024,2,591.0,6,4,0.6805,0,8,1
CUST-10662,2024-02-01,2,2024,3,591.0,6,4,0.6875,0,8,1
CUST-10662,2024-03-01,3,2024,4,623.0,7,5,0.7296,0,8,1
CUST-10662,2024-04-01,4,2024,5,623.0,7,5,0.7261,2,7,1
CUST-10662,2024-05-01,5,2024,6,623.0,7,4,0.5812,3,7,1
CUST-10662,2024-06-01,6,2024,7,623.0,7,5,0.7536,2,7,1
CUST-10662,2024-07-01,7,2024,8,591.0,6,5,0.7051,3,7,1
CUST-10662,2024-08-01,8,2024,9,591.0,6,4,0.6372,1,7,1
CUST-10662,2024-09-01,9,2024,10,591.0,6,4,0.6306,2,7,1
CUST-10662,2024-10-01,10,2024,11,591.0,6,5,0.7921,0,8,1
CUST-10662,2024-11-01,11,2024,12,591.0,6,3,0.5325,1,7,1
CUST-10662,2024-12-01,12,2024,13,591.0,6,5,0.8558,3,7,1
CUST-10663,2023-11-01,11,2023,0,83.24,3,1,0.283,3,6,1
CUST-10663,2023-12-01,12,2023,1,83.24,3,1,0.3726,2,6,1
CUST-10663,2024-01-01,1,2024,2,83.24,3,1,0.4175,0,7,1
CUST-10664,2023-11-01,11,2023,0,60.9,1,1,0.5921,0,6,1
CUST-10664,2023-12-01,12,2023,1,60.9,1,1,0.7246,0,7,1
CUST-10664,2024-01-01,1,2024,2,60.9,1,1,0.7864,0,7,1
CUST-10664,2024-02-01,2,2024,3,60.9,1,1,0.6963,0,6,1
CUST-10664,2024-03-01,3,2024,4,60.9,1,1,0.6662,0,6,1
CUST-10664,2024-04-01,4,2024,5,60.9,1,1,0.6588,0,6,1
CUST-10664,2024-05-01,5,2024,6,60.9,1,1,0.5877,0,6,1
CUST-10664,2024-06-01,6,2024,7,60.9,1,1,0.5289,0,6,1
CUST-10664,2024-07-01,7,2024,8,60.9,1,1,0.5881,0,6,1
CUST-10664,2024-08-01,8,2024,9,60.9,1,0,0.3867,1,6,1
CUST-10664,2024-09-01,9,2024,10,60.9,1,1,0.6685,1,6,1
CUST-10664,2024-10-01,10,2024,11,60.9,1,1,0.6649,0,6,1
CUST-10664,2024-11-01,11,2024,12,60.9,1,1,0.6151,1,6,1
CUST-10664,2024-12-01,12,2024,13,60.9,1,1,0.5975,0,6,1
CUST-10665,2023-11-01,11,2023,0,236.68,17,3,0.1694,3,10,1
CUST-10665,2023-12-01,12,2023,1,236.68,17,5,0.2998,1,10,1
CUST-10665,2024-01-01,1,2024,2,236.68,17,4,0.2631,3,10,1
CUST-10665,2024-02-01,2,2024,3,258.76,19,6,0.3332,2,10,1
CUST-10665,2024-03-01,3,2024,4,269.8,20,3,0.1592,2,10,1
CUST-10665,2024-04-01,4,2024,5,269.8,20,5,0.2644,1,10,1
CUST-10665,2024-05-01,5,2024,6,269.8,20,6,0.2918,2,10,1
CUST-10665,2024-06-01,6,2024,7,291.88,22,6,0.3104,4,10,1
CUST-10665,2024-07-01,7,2024,8,302.92,23,6,0.2864,2,10,1
CUST-10665,2024-08-01,8,2024,9,325.0,25,11,0.5065,1,10,1
CUST-10665,2024-09-01,9,2024,10,325.0,25,10,0.4112,2,10,1
CUST-10665,2024-10-01,10,2024,11,347.08,27,10,0.4075,0,10,1
CUST-10665,2024-11-01,11,2024,12,347.08,27,13,0.4703,1,10,1
CUST-10665,2024-12-01,12,2024,13,325.0,25,10,0.3701,0,10,1
CUST-10666,2023-11-01,11,2023,0,71.92,2,1,0.6708,0,7,1
CUST-10666,2023-12-01,12,2023,1,71.92,2,1,0.6148,0,7,1
CUST-10666,2024-01-01,1,2024,2,71.92,2,1,0.6571,0,7,1
CUST-10666,2024-02-01,2,2024,3,71.92,2,1,0.6063,0,7,1
CUST-10666,2024-03-01,3,2024,4,71.92,2,1,0.6484,0,7,1
CUST-10666,2024-04-01,4,2024,5,71.92,2,1,0.5733,1,7,1
CUST-10666,2024-05-01,5,2024,6,71.92,2,1,0.6437,1,7,1
CUST-10666,2024-06-01,6,2024,7,71.92,2,1,0.5694,1,7,1
CUST-10666,2024-07-01,7,2024,8,71.92,2,1,0.5188,1,7,1
CUST-10666,2024-08-01,8,2024,9,71.92,2,1,0.5269,0,7,1
CUST-10666,2024-09-01,9,2024,10,71.92,2,1,0.5904,0,7,1
CUST-10666,2024-10-01,10,2024,11,71.92,2,1,0.5027,0,7,1
CUST-10666,2024-11-01,11,2024,12,71.92,2,1,0.5369,2,6,1
CUST-10666,2024-12-01,12,2024,13,71.92,2,1,0.4904,1,7,1
CUST-10667,2023-11-01,11,2023,0,2319.65,35,23,0.6433,3,6,1
CUST-10667,2023-12-01,12,2023,1,2238.47,33,24,0.6811,1,7,1
CUST-10667,2024-01-01,1,2024,2,2157.29,31,18,0.5304,3,6,1
CUST-10667,2024-02-01,2,2024,3,2116.7,30,17,0.5338,2,6,1
CUST-10667,2024-03-01,3,2024,4,2035.52,28,15,0.4856,0,7,1
CUST-10667,2024-04-01,4,2024,5,1954.34,26,13,0.4686,1,6,1
CUST-10667,2024-05-01,5,2024,6,2035.52,28,14,0.5382,2,6,1
CUST-10667,2024-06-01,6,2024,7,2035.52,28,12,0.4315,0,7,1
CUST-10668,2023-11-01,11,2023,0,213.42,3,0,0.1218,1,6,1
CUST-10668,2023-12-01,12,2023,1,213.42,3,0,0.1562,0,6,1
CUST-10668,2024-01-01,1,2024,2,213.42,3,0,0.1169,1,6,1
CUST-10668,2024-02-01,2,2024,3,213.42,3,0,0.1161,0,6,1
CUST-10668,2024-03-01,3,2024,4,213.42,3,0,0.03,2,6,1
CUST-10668,2024-04-01,4,2024,5,213.42,3,0,0.0336,1,6,1
CUST-10668,2024-05-01,5,2024,6,213.42,3,0,0.03,1,6,1
CUST-10668,2024-06-01,6,2024,7,213.42,3,0,0.03,0,6,1
CUST-10668,2024-07-01,7,2024,8,213.42,3,0,0.03,1,6,1
CUST-10668,2024-08-01,8,2024,9,213.42,3,0,0.0784,0,6,1
CUST-10668,2024-09-01,9,2024,10,213.42,3,0,0.03,2,6,1
CUST-10668,2024-10-01,10,2024,11,213.42,3,0,0.0381,1,6,1
CUST-10668,2024-11-01,11,2024,12,213.42,3,0,0.03,3,5,1
CUST-10668,2024-12-01,12,2024,13,213.42,3,0,0.03,1,6,1
CUST-10669,2023-11-01,11,2023,0,721.0,26,11,0.442,0,10,1
CUST-10669,2023-12-01,12,2023,1,765.0,28,11,0.441,1,10,1
CUST-10669,2024-01-01,1,2024,2,721.0,26,14,0.5046,3,10,1
CUST-10669,2024-02-01,2,2024,3,765.0,28,11,0.4078,4,10,1
CUST-10669,2024-03-01,3,2024,4,809.0,30,9,0.3112,3,10,1
CUST-10669,2024-04-01,4,2024,5,853.0,32,11,0.3631,3,10,1
CUST-10669,2024-05-01,5,2024,6,831.0,31,9,0.2706,2,10,1
CUST-10669,2024-06-01,6,2024,7,897.0,34,3,0.0823,2,10,1
CUST-10669,2024-07-01,7,2024,8,853.0,32,5,0.1533,0,10,1
CUST-10670,2023-11-01,11,2023,0,279.47,22,20,0.9754,2,10,1
CUST-10670,2023-12-01,12,2023,1,300.42,24,20,0.9198,2,10,1
CUST-10670,2024-01-01,1,2024,2,321.38,26,22,90.4,0,10,1
CUST-10670,2024-02-01,2,2024,3,331.85,27,21,0.8151,2,9,1
CUST-10670,2024-03-01,3,2024,4,352.8,29,22,0.841,1,10,1
CUST-10671,2023-11-01,11,2023,0,2671.0,71,35,0.4814,0,9,1
CUST-10671,2023-12-01,12,2023,1,2511.0,66,23,0.3214,0,8,1
CUST-10671,2024-01-01,1,2024,2,2607.0,69,21,31.5,0,8,1
CUST-10671,2024-02-01,2,2024,3,2735.0,73,23,0.3259,2,8,1
CUST-10671,2024-03-01,3,2024,4,2799.0,75,24,0.3322,1,8,1
CUST-10671,2024-04-01,4,2024,5,2863.0,77,26,0.344,4,8,1
CUST-10671,2024-05-01,5,2024,6,3023.0,82,39,0.5108,0,9,1
CUST-10671,2024-06-01,6,2024,7,3151.0,86,35,0.4312,1,8,1
CUST-10671,2024-07-01,7,2024,8,3055.0,83,35,0.4032,1,8,1
CUST-10671,2024-08-01,8,2024,9,2991.0,81,30,0.3622,0,9,1
CUST-10671,2024-09-01,9,2024,10,3279.0,90,39,0.4805,1,9,1
CUST-10671,2024-10-01,10,2024,11,3279.0,90,42,0.4646,1,9,1
CUST-10671,2024-11-01,11,2024,12,3215.0,88,53,0.5857,0,9,1
CUST-10671,2024-12-01,12,2024,13,3343.0,92,48,0.5375,0,9,1
CUST-10672,2023-11-01,11,2023,0,809.0,30,9,0.3093,1,6,1
CUST-10672,2023-12-01,12,2023,1,743.0,27,7,0.2409,1,5,1
CUST-10673,2023-11-01,11,2023,0,1701.53,48,17,0.3511,2,4,1
CUST-10673,2023-12-01,12,2023,1,1647.26,46,23,0.4695,1,5,1
CUST-10673,2024-01-01,1,2024,2,1592.98,44,23,0.4878,2,5,1
CUST-10673,2024-02-01,2,2024,3,1620.12,45,23,0.5234,0,5,1
CUST-10673,2024-03-01,3,2024,4,1647.26,46,29,0.6522,0,6,1
CUST-10673,2024-04-01,4,2024,5,1755.8,50,19,0.4211,2,5,1
CUST-10673,2024-05-01,5,2024,6,1864.34,54,30,0.6027,0,5,1
CUST-10673,2024-06-01,6,2024,7,1864.34,54,38,0.7048,3,5,1
CUST-10673,2024-07-01,7,2024,8,1972.89,58,32,0.5944,1,5,1
CUST-10673,2024-08-01,8,2024,9,2000.02,59,35,0.599,2,5,1
CUST-10673,2024-09-01,9,2024,10,2054.3,61,42,0.7061,0,6,1
CUST-10673,2024-10-01,10,2024,11,2027.16,60,40,0.6533,1,5,1
CUST-10673,2024-11-01,11,2024,12,2000.02,59,43,0.706,2,5,1
CUST-10673,2024-12-01,12,2024,13,1972.89,58,49,0.8218,1,6,1
CUST-10674,2023-11-01,11,2023,0,70.67,2,0,0.1893,3,5,1
CUST-10674,2023-12-01,12,2023,1,70.67,2,1,0.3985,3,6,1
CUST-10674,2024-01-01,1,2024,2,70.67,2,0,0.2433,2,6,1
CUST-10674,2024-02-01,2,2024,3,70.67,2,0,0.25,3,6,1
CUST-10675,2023-11-01,11,2023,0,60.54,1,0,0.2133,3,8,1
CUST-10675,2023-12-01,12,2023,1,60.54,1,0,0.2093,2,8,1
CUST-10675,2024-01-01,1,2024,2,60.54,1,0,0.1433,0,9,1
CUST-10675,2024-02-01,2,2024,3,60.54,1,0,0.2744,1,9,1
CUST-10675,2024-03-01,3,2024,4,60.54,1,0,0.2532,1,9,1
CUST-10675,2024-04-01,4,2024,5,60.54,1,0,0.2291,1,9,1
CUST-10675,2024-05-01,5,2024,6,60.54,1,0,0.2169,0,9,1
CUST-10675,2024-06-01,6,2024,7,60.54,1,0,0.17,0,9,1
CUST-10675,2024-07-01,7,2024,8,60.54,1,0,0.2216,2,8,1
CUST-10675,2024-08-01,8,2024,9,60.54,1,0,0.181,1,9,1
CUST-10675,2024-09-01,9,2024,10,60.54,1,0,0.1567,3,8,1
CUST-10675,2024-10-01,10,2024,11,60.54,1,0,0.3118,0,9,1
CUST-10675,2024-11-01,11,2024,12,60.54,1,0,0.2002,2,8,1
CUST-10675,2024-12-01,12,2024,13,60.54,1,0,0.1309,2,8,1
CUST-10676,2023-11-01,11,2023,0,1653.11,19,3,0.1665,2,5,1
CUST-10676,2023-12-01,12,2023,1,1653.11,19,5,0.2371,0,6,1
CUST-10676,2024-01-01,1,2024,2,1653.11,19,6,0.295,1,6,1
CUST-10676,2024-02-01,2,2024,3,1692.8,20,2,0.1184,5,5,1
CUST-10676,2024-03-01,3,2024,4,1692.8,20,1,0.064,0,6,1
CUST-10676,2024-04-01,4,2024,5,1692.8,20,3,0.1685,5,5,1
CUST-10676,2024-05-01,5,2024,6,1692.8,20,3,0.1329,3,5,1
CUST-10676,2024-06-01,6,2024,7,1692.8,20,3,0.1324,2,5,1
CUST-10676,2024-07-01,7,2024,8,1692.8,20,5,0.2564,3,5,1
CUST-10676,2024-08-01,8,2024,9,1732.49,21,3,0.1257,2,5,1
CUST-10676,2024-09-01,9,2024,10,1732.49,21,2,0.0993,3,5,1
CUST-10676,2024-10-01,10,2024,11,1692.8,20,1,0.03,3,5,1
CUST-10676,2024-11-01,11,2024,12,1772.18,22,3,0.1448,3,5,1
CUST-10676,2024-12-01,12,2024,13,1851.56,24,2,0.0903,4,5,1
CUST-10677,2023-11-01,11,2023,0,81.51,3,0,0.0868,1,9,1
CUST-10677,2023-12-01,12,2023,1,81.51,3,0,0.0952,1,9,1
CUST-10677,2024-01-01,1,2024,2,81.51,3,1,0.2389,1,9,1
CUST-10677,2024-02-01,2,2024,3,81.51,3,1,0.2581,2,9,1
CUST-10677,2024-03-01,3,2024,4,81.51,3,1,0.1813,2,9,1
CUST-10677,2024-04-01,4,2024,5,81.51,3,1,0.2522,4,9,1
CUST-10677,2024-05-01,5,2024,6,81.51,3,1,0.25,0,9,1
CUST-10677,2024-06-01,6,2024,7,81.51,3,1,0.2081,1,9,1
CUST-10677,2024-07-01,7,2024,8,81.51,3,1,0.273,3,9,1
CUST-10677,2024-08-01,8,2024,9,81.51,3,1,0.2176,0,9,1
CUST-10677,2024-09-01,9,2024,10,81.51,3,1,0.3883,1,10,1
CUST-10677,2024-10-01,10,2024,11,81.51,3,1,0.4013,1,10,1
CUST-10677,2024-11-01,11,2024,12,81.51,3,1,0.2777,0,10,1
CUST-10677,2024-12-01,12,2024,13,81.51,3,1,0.3633,1,10,1
CUST-10678,2023-11-01,11,2023,0,117.76,6,2,0.4002,0,7,1
CUST-10678,2023-12-01,12,2023,1,117.76,6,3,0.4607,2,7,1
CUST-10678,2024-01-01,1,2024,2,106.3,5,2,0.4192,2,6,1
CUST-10678,2024-02-01,2,2024,3,106.3,5,1,0.2805,1,6,1
CUST-10678,2024-03-01,3,2024,4,106.3,5,1,0.3001,3,6,1
CUST-10678,2024-04-01,4,2024,5,117.76,6,1,0.2413,0,6,1
CUST-10678,2024-05-01,5,2024,6,117.76,6,1,0.2045,0,6,1
CUST-10678,2024-06-01,6,2024,7,106.3,5,1,0.183,3,6,1
CUST-10678,2024-07-01,7,2024,8,106.3,5,1,0.1417,1,6,1
CUST-10678,2024-08-01,8,2024,9,106.3,5,1,0.0995,0,6,1
CUST-10678,2024-09-01,9,2024,10,106.3,5,0,0.03,5,5,1
CUST-10678,2024-10-01,10,2024,11,117.76,6,1,0.1196,0,6,1
CUST-10678,2024-11-01,11,2024,12,117.76,6,0,3.0,1,6,1
CUST-10678,2024-12-01,12,2024,13,117.76,6,0,0.03,0,6,1
CUST-10679,2023-11-01,11,2023,0,276.91,6,3,0.4314,4,8,1
CUST-10679,2023-12-01,12,2023,1,276.91,6,2,0.2854,2,8,1
CUST-10679,2024-01-01,1,2024,2,298.23,7,2,0.3354,1,8,1
CUST-10679,2024-02-01,2,2024,3,298.23,7,3,0.4179,0,9,1
CUST-10679,2024-03-01,3,2024,4,276.91,6,2,0.3475,1,8,1
CUST-10679,2024-04-01,4,2024,5,298.23,7,2,0.2966,1,8,1
CUST-10679,2024-05-01,5,2024,6,298.23,7,2,0.258,4,8,1
CUST-10679,2024-06-01,6,2024,7,298.23,7,2,0.267,5,7,1
CUST-10679,2024-07-01,7,2024,8,298.23,7,2,0.2589,4,8,1
CUST-10679,2024-08-01,8,2024,9,298.23,7,1,0.2082,2,8,1
CUST-10679,2024-09-01,9,2024,10,298.23,7,3,0.3448,1,8,1
CUST-10679,2024-10-01,10,2024,11,298.23,7,2,0.2314,2,8,1
CUST-10679,2024-11-01,11,2024,12,298.23,7,2,0.2257,1,8,1
CUST-10679,2024-12-01,12,2024,13,298.23,7,1,0.1038,4,7,1
CUST-10680,2023-11-01,11,2023,0,300.44,23,1,0.03,1,9,1
CUST-10680,2023-12-01,12,2023,1,278.57,21,4,0.1682,1,9,1
CUST-10680,2024-01-01,1,2024,2,256.71,19,1,0.0498,0,9,1
CUST-10680,2024-02-01,2,2024,3,245.78,18,1,0.0799,2,9,1
CUST-10680,2024-03-01,3,2024,4,245.78,18,1,0.03,2,9,1
CUST-10680,2024-04-01,4,2024,5,234.84,17,2,0.1261,2,9,1
CUST-10680,2024-05-01,5,2024,6,256.71,19,1,0.0726,0,9,1
CUST-10680,2024-06-01,6,2024,7,256.71,19,2,0.0859,0,9,1
CUST-10680,2024-07-01,7,2024,8,245.78,18,1,0.03,0,9,1
CUST-10680,2024-08-01,8,2024,9,234.84,17,1,0.0681,0,9,1
CUST-10680,2024-09-01,9,2024,10,234.84,17,1,0.03,2,9,1
CUST-10680,2024-10-01,10,2024,11,256.71,19,1,0.0497,1,9,1
CUST-10680,2024-11-01,11,2024,12,256.71,19,2,0.1154,0,9,1
CUST-10680,2024-12-01,12,2024,13,256.71,19,1,0.03,0,9,1
CUST-10681,2023-11-01,11,2023,0,953.87,45,38,0.8432,0,5,1
CUST-10681,2023-12-01,12,2023,1,935.98,44,38,0.8495,1,5,1
CUST-10681,2024-01-01,1,2024,2,882.33,41,35,0.7956,0,5,1
CUST-10681,2024-02-01,2,2024,3,882.33,41,30,0.7376,7,3,1
CUST-10681,2024-03-01,3,2024,4,846.55,39,32,0.7653,1,5,1
CUST-10681,2024-04-01,4,2024,5,846.55,39,32,0.8293,1,5,1
CUST-10681,2024-05-01,5,2024,6,828.67,38,28,0.7362,1,5,1
CUST-10681,2024-06-01,6,2024,7,792.9,36,24,0.6306,2,4,1
CUST-10681,2024-07-01,7,2024,8,775.01,35,23,0.6482,0,5,1
CUST-10681,2024-08-01,8,2024,9,739.24,33,28,0.7811,1,5,1
CUST-10681,2024-09-01,9,2024,10,757.12,34,23,0.7129,1,4,1
CUST-10681,2024-10-01,10,2024,11,721.35,32,19,0.5526,3,4,1
CUST-10681,2024-11-01,11,2024,12,685.58,30,20,0.62,5,3,1
CUST-10681,2024-12-01,12,2024,13,703.47,31,22,0.7199,2,4,1
CUST-10682,2023-11-01,11,2023,0,1424.42,12,6,0.4353,2,7,1
CUST-10682,2023-12-01,12,2023,1,1424.42,12,5,0.4288,2,7,1
CUST-10682,2024-01-01,1,2024,2,1380.63,11,4,0.3705,1,8,1
CUST-10682,2024-02-01,2,2024,3,1380.63,11,5,0.4422,0,8,1
CUST-10682,2024-03-01,3,2024,4,1336.85,10,5,0.4884,1,8,1
CUST-10682,2024-04-01,4,2024,5,1336.85,10,6,0.5383,2,8,1
CUST-10682,2024-05-01,5,2024,6,1336.85,10,4,0.4444,2,8,1
CUST-10682,2024-06-01,6,2024,7,1293.07,9,5,0.5137,1,8,1
CUST-10682,2024-07-01,7,2024,8,1293.07,9,5,0.575,0,8,1
CUST-10682,2024-08-01,8,2024,9,1249.28,8,5,0.6041,1,8,1
CUST-10682,2024-09-01,9,2024,10,1249.28,8,6,0.7527,1,8,1
CUST-10682,2024-10-01,10,2024,11,1249.28,8,4,0.5542,1,8,1
CUST-10682,2024-11-01,11,2024,12,1205.49,7,4,0.5093,1,8,1
CUST-10682,2024-12-01,12,2024,13,1205.49,7,5,0.6896,2,8,1
CUST-10683,2023-11-01,11,2023,0,1437.65,14,5,0.4039,5,9,1
CUST-10683,2023-12-01,12,2023,1,1437.65,14,6,0.4393,1,10,1
CUST-10683,2024-01-01,1,2024,2,1437.65,14,5,0.3423,2,10,1
CUST-10683,2024-02-01,2,2024,3,1476.12,15,3,0.2219,2,9,1
CUST-10683,2024-03-01,3,2024,4,1437.65,14,5,0.3144,2,10,1
CUST-10683,2024-04-01,4,2024,5,1437.65,14,4,0.2784,3,9,1
CUST-10683,2024-05-01,5,2024,6,1437.65,14,2,0.1518,2,9,1
CUST-10683,2024-06-01,6,2024,7,1437.65,14,1,0.0707,4,9,1
CUST-10683,2024-07-01,7,2024,8,1437.65,14,0,0.03,1,9,1
CUST-10683,2024-08-01,8,2024,9,1399.17,13,2,0.1405,3,9,1
CUST-10683,2024-09-01,9,2024,10,1437.65,14,0,0.03,1,9,1
CUST-10683,2024-10-01,10,2024,11,1476.12,15,0,0.03,3,9,1
CUST-10683,2024-11-01,11,2024,12,1437.65,14,0,0.03,2,9,1
CUST-10683,2024-12-01,12,2024,13,1437.65,14,0,0.03,3,9,1
CUST-10684,2023-11-01,11,2023,0,1348.34,33,15,0.4425,2,8,1
CUST-10684,2023-12-01,12,2023,1,1319.58,32,12,0.3571,3,8,1
CUST-10684,2024-01-01,1,2024,2,1290.81,31,13,0.4024,2,8,1
CUST-10684,2024-02-01,2,2024,3,1290.81,31,8,0.2671,2,8,1
CUST-10684,2024-03-01,3,2024,4,1319.58,32,8,25.0,1,8,1
CUST-10684,2024-04-01,4,2024,5,1290.81,31,5,0.158,1,8,1
CUST-10684,2024-05-01,5,2024,6,1405.88,35,8,0.2411,0,8,1
CUST-10684,2024-06-01,6,2024,7,1434.65,36,6,0.1586,2,7,1
CUST-10684,2024-07-01,7,2024,8,1405.88,35,10,0.2767,0,8,1
CUST-10684,2024-08-01,8,2024,9,1463.42,37,6,0.1768,2,7,1
CUST-10684,2024-09-01,9,2024,10,1492.18,38,1,0.03,2,7,1
CUST-10684,2024-10-01,10,2024,11,1549.72,40,4,0.1095,2,7,1
CUST-10684,2024-11-01,11,2024,12,1492.18,38,3,0.0722,4,7,1
CUST-10684,2024-12-01,12,2024,13,1463.42,37,1,0.03,3,7,1
CUST-10685,2023-11-01,11,2023,0,92.54,4,1,0.3126,0,7,1
CUST-10685,2023-12-01,12,2023,1,92.54,4,1,0.2482,0,7,1
CUST-10685,2024-01-01,1,2024,2,92.54,4,1,0.3292,3,6,1
CUST-10685,2024-02-01,2,2024,3,103.42,5,1,0.2698,1,6,1
CUST-10685,2024-03-01,3,2024,4,103.42,5,1,0.2917,1,6,1
CUST-10685,2024-04-01,4,2024,5,103.42,5,1,0.2343,0,6,1
CUST-10685,2024-05-01,5,2024,6,114.3,6,1,0.2782,0,7,1
CUST-10685,2024-06-01,6,2024,7,114.3,6,2,0.3179,3,6,1
CUST-10685,2024-07-01,7,2024,8,114.3,6,2,0.4154,0,7,1
CUST-10685,2024-08-01,8,2024,9,114.3,6,1,0.26,2,6,1
CUST-10685,2024-09-01,9,2024,10,114.3,6,2,0.3591,0,7,1
CUST-10685,2024-10-01,10,2024,11,114.3,6,1,0.1828,1,6,1
CUST-10686,2023-11-01,11,2023,0,5602.4,120,4,0.03,0,6,1
CUST-10686,2023-12-01,12,2023,1,5524.01,118,4,0.03,0,6,1
CUST-10686,2024-01-01,1,2024,2,5249.65,111,4,0.03,0,6,1
CUST-10686,2024-02-01,2,2024,3,4857.69,101,3,0.03,0,6,1
CUST-10686,2024-03-01,3,2024,4,4896.89,102,3,0.03,1,6,1
CUST-10687,2023-11-01,11,2023,0,73.0,2,1,0.403,1,10,1
CUST-10687,2023-12-01,12,2023,1,73.0,2,1,0.4373,2,10,1
CUST-10687,2024-01-01,1,2024,2,73.0,2,1,0.5351,3,10,1
CUST-10687,2024-02-01,2,2024,3,73.0,2,1,0.4506,2,10,1
CUST-10687,2024-03-01,3,2024,4,85.0,3,1,0.3467,1,10,1
CUST-10687,2024-04-01,4,2024,5,85.0,3,1,0.4067,4,10,1
CUST-10687,2024-05-01,5,2024,6,85.0,3,1,0.3417,2,10,1
CUST-10687,2024-06-01,6,2024,7,85.0,3,1,0.4067,3,10,1
CUST-10687,2024-07-01,7,2024,8,85.0,3,1,0.3321,2,10,1
CUST-10688,2023-11-01,11,2023,0,369.0,10,2,0.222,1,5,1
CUST-10688,2023-12-01,12,2023,1,391.0,11,2,0.228,2,5,1
CUST-10688,2024-01-01,1,2024,2,391.0,11,4,0.4,2,5,1
CUST-10688,2024-02-01,2,2024,3,391.0,11,3,0.304,4,4,1
CUST-10688,2024-03-01,3,2024,4,391.0,11,4,0.4091,2,5,1
CUST-10688,2024-04-01,4,2024,5,369.0,10,4,0.3912,2,5,1
CUST-10688,2024-05-01,5,2024,6,391.0,11,3,0.3041,2,5,1
CUST-10688,2024-06-01,6,2024,7,369.0,10,6,0.5717,1,6,1
CUST-10688,2024-07-01,7,2024,8,347.0,9,4,0.4127,1,5,1
CUST-10688,2024-08-01,8,2024,9,347.0,9,6,0.6011,3,5,1
CUST-10688,2024-09-01,9,2024,10,347.0,9,4,0.477,0,6,1
CUST-10688,2024-10-01,10,2024,11,347.0,9,6,0.6026,0,6,1
CUST-10688,2024-11-01,11,2024,12,347.0,9,6,0.6168,0,6,1
CUST-10688,2024-12-01,12,2024,13,347.0,9,6,0.6851,1,6,1
CUST-10689,2023-11-01,11,2023,0,2165.4,60,14,0.2369,3,6,1
CUST-10689,2023-12-01,12,2023,1,1988.76,54,12,0.195,3,6,1
CUST-10689,2024-01-01,1,2024,2,1871.0,50,8,0.1562,2,6,1
CUST-10689,2024-02-01,2,2024,3,1812.12,48,4,0.0761,1,6,1
CUST-10689,2024-03-01,3,2024,4,1723.8,45,4,0.0802,1,6,1
CUST-10689,2024-04-01,4,2024,5,1782.68,47,2,0.048,1,6,1
CUST-10689,2024-05-01,5,2024,6,1753.24,46,1,0.03,3,6,1
CUST-10689,2024-06-01,6,2024,7,1723.8,45,3,0.073,2,6,1
CUST-10689,2024-07-01,7,2024,8,1812.12,48,1,0.03,1,6,1
CUST-10689,2024-08-01,8,2024,9,1812.12,48,1,0.03,0,6,1
CUST-10689,2024-09-01,9,2024,10,1782.68,47,1,0.03,1,6,1
CUST-10689,2024-10-01,10,2024,11,1782.68,47,1,0.03,2,6,1
CUST-10689,2024-11-01,11,2024,12,1664.92,43,1,0.03,4,6,1
CUST-10689,2024-12-01,12,2024,13,1694.36,44,1,0.03,7,5,1
CUST-10690,2023-11-01,11,2023,0,214.89,16,7,0.4359,1,6,1
CUST-10690,2023-12-01,12,2023,1,214.89,16,7,45.3,0,7,1
CUST-10690,2024-01-01,1,2024,2,214.89,16,9,0.6063,0,7,1
CUST-10690,2024-02-01,2,2024,3,214.89,16,9,0.5273,1,7,1
CUST-10690,2024-03-01,3,2024,4,225.26,17,8,0.512,1,6,1
CUST-10690,2024-04-01,4,2024,5,214.89,16,9,0.537,0,7,1
CUST-10690,2024-05-01,5,2024,6,204.52,15,7,0.4411,0,7,1
CUST-10690,2024-06-01,6,2024,7,214.89,16,8,0.5374,0,7,1
CUST-10690,2024-07-01,7,2024,8,225.26,17,10,0.6267,0,7,1
CUST-10690,2024-08-01,8,2024,9,225.26,17,9,0.5687,1,7,1
CUST-10690,2024-09-01,9,2024,10,214.89,16,7,0.4139,1,6,1
CUST-10690,2024-10-01,10,2024,11,214.89,16,5,0.3333,3,6,1
CUST-10690,2024-11-01,11,2024,12,214.89,16,9,0.5778,0,7,1
CUST-10690,2024-12-01,12,2024,13,225.26,17,10,0.6537,0,7,1
CUST-10691,2023-11-01,11,2023,0,1889.0,22,4,0.1981,1,10,1
CUST-10691,2023-12-01,12,2023,1,1889.0,22,7,0.3022,1,10,1
CUST-10691,2024-01-01,1,2024,2,1889.0,22,6,0.2946,0,10,1
CUST-10691,2024-02-01,2,2024,3,1934.0,23,6,0.2745,0,10,1
CUST-10691,2024-03-01,3,2024,4,1934.0,23,6,0.2505,3,10,1
CUST-10691,2024-04-01,4,2024,5,1889.0,22,6,0.2848,2,10,1
CUST-10691,2024-05-01,5,2024,6,1979.0,24,5,0.2347,2,10,1
CUST-10691,2024-06-01,6,2024,7,2024.0,25,6,0.2494,1,10,1
CUST-10691,2024-07-01,7,2024,8,2069.0,26,6,0.2319,1,10,1
CUST-10691,2024-08-01,8,2024,9,2069.0,26,9,0.3647,1,10,1
CUST-10691,2024-09-01,9,2024,10,2114.0,27,10,0.3603,3,10,1
CUST-10691,2024-10-01,10,2024,11,2114.0,27,8,0.287,1,10,1
CUST-10691,2024-11-01,11,2024,12,2204.0,29,10,0.3785,4,10,1
CUST-10691,2024-12-01,12,2024,13,2204.0,29,8,0.2674,3,10,1
CUST-10692,2023-11-01,11,2023,0,81.94,3,2,0.8051,3,10,1
CUST-10692,2023-12-01,12,2023,1,81.94,3,2,0.77,1,10,1
CUST-10693,2023-11-01,11,2023,0,812.76,15,7,0.4947,4,6,1
CUST-10693,2023-12-01,12,2023,1,785.18,14,5,0.3331,2,6,1
CUST-10693,2024-01-01,1,2024,2,785.18,14,5,0.3222,2,6,1
CUST-10693,2024-02-01,2,2024,3,812.76,15,4,0.3172,1,7,1
CUST-10693,2024-03-01,3,2024,4,785.18,14,5,0.3581,2,6,1
CUST-10693,2024-04-01,4,2024,5,812.76,15,5,0.3661,2,6,1
CUST-10693,2024-05-01,5,2024,6,812.76,15,3,0.2025,1,6,1
CUST-10693,2024-06-01,6,2024,7,812.76,15,4,0.289,1,7,1
CUST-10693,2024-07-01,7,2024,8,785.18,14,3,0.1969,6,5,1
CUST-10693,2024-08-01,8,2024,9,812.76,15,4,0.2729,2,6,1
CUST-10693,2024-09-01,9,2024,10,812.76,15,5,0.2993,1,7,1
CUST-10693,2024-10-01,10,2024,11,840.34,16,2,0.1316,3,6,1
CUST-10693,2024-11-01,11,2024,12,785.18,14,4,0.2777,4,6,1
CUST-10693,2024-12-01,12,2024,13,785.18,14,2,0.1713,5,5,1
CUST-10694,2023-11-01,11,2023,0,103.72,6,3,0.5119,1,7,1
CUST-10694,2023-12-01,12,2023,1,103.72,6,4,0.6443,1,7,1
CUST-10694,2024-01-01,1,2024,2,112.84,7,3,0.5096,1,7,1
CUST-10694,2024-02-01,2,2024,3,121.96,8,4,0.515,1,7,1
CUST-10694,2024-03-01,3,2024,4,131.08,9,3,0.3346,0,7,1
CUST-10694,2024-04-01,4,2024,5,140.2,10,4,0.4247,2,7,1
CUST-10694,2024-05-01,5,2024,6,140.2,10,2,0.2395,4,6,1
CUST-10694,2024-06-01,6,2024,7,140.2,10,2,0.2438,3,6,1
CUST-10694,2024-07-01,7,2024,8,140.2,10,3,0.2936,1,6,1
CUST-10694,2024-08-01,8,2024,9,140.2,10,2,0.1577,1,6,1
CUST-10694,2024-09-01,9,2024,10,149.32,11,1,0.1018,2,6,1
CUST-10694,2024-10-01,10,2024,11,158.44,12,1,0.097,0,6,1
CUST-10694,2024-11-01,11,2024,12,158.44,12,0,0.03,0,6,1
CUST-10694,2024-12-01,12,2024,13,167.56,13,0,0.03,1,6,1
CUST-10695,2023-11-01,11,2023,0,431.44,14,7,0.514,2,5,1
CUST-10695,2023-12-01,12,2023,1,431.44,14,8,0.5539,1,6,1
CUST-10695,2024-01-01,1,2024,2,431.44,14,7,0.5282,3,5,1
CUST-10695,2024-02-01,2,2024,3,451.61,15,6,0.4376,1,5,1
CUST-10695,2024-03-01,3,2024,4,451.61,15,9,0.5986,0,6,1
CUST-10695,2024-04-01,4,2024,5,431.44,14,7,0.4905,0,6,1
CUST-10695,2024-05-01,5,2024,6,411.26,13,7,0.5184,0,6,1
CUST-10695,2024-06-01,6,2024,7,391.09,12,7,0.527,0,6,1
CUST-10695,2024-07-01,7,2024,8,370.91,11,7,0.5431,0,6,1
CUST-10695,2024-08-01,8,2024,9,370.91,11,6,0.5167,2,5,1
CUST-10695,2024-09-01,9,2024,10,370.91,11,6,0.5631,2,5,1
CUST-10695,2024-10-01,10,2024,11,370.91,11,7,0.6439,1,6,1
CUST-10695,2024-11-01,11,2024,12,370.91,11,7,0.613,1,6,1
CUST-10695,2024-12-01,12,2024,13,370.91,11,8,0.7197,0,6,1
CUST-10696,2023-11-01,11,2023,0,259.0,5,1,0.2271,1,8,1
CUST-10696,2023-12-01,12,2023,1,259.0,5,2,0.275,3,8,1
CUST-10696,2024-01-01,1,2024,2,259.0,5,1,0.2715,0,9,1
CUST-10696,2024-02-01,2,2024,3,259.0,5,2,0.3488,0,9,1
CUST-10696,2024-03-01,3,2024,4,259.0,5,2,0.4083,2,8,1
CUST-10696,2024-04-01,4,2024,5,259.0,5,1,0.2377,0,8,1
CUST-10696,2024-05-01,5,2024,6,259.0,5,1,0.2982,1,8,1
CUST-10696,2024-06-01,6,2024,7,259.0,5,1,0.2378,0,8,1
CUST-10696,2024-07-01,7,2024,8,259.0,5,1,0.2795,0,9,1
CUST-10696,2024-08-01,8,2024,9,259.0,5,2,0.3539,1,9,1
CUST-10696,2024-09-01,9,2024,10,259.0,5,1,0.2832,1,8,1
CUST-10696,2024-10-01,10,2024,11,259.0,5,2,0.4335,1,9,1
CUST-10696,2024-11-01,11,2024,12,237.0,4,2,0.4111,1,9,1
CUST-10696,2024-12-01,12,2024,13,237.0,4,2,0.3792,2,8,1
CUST-10697,2023-11-01,11,2023,0,1400.48,14,2,0.1918,2,7,1
CUST-10697,2023-12-01,12,2023,1,1400.48,14,5,0.3627,1,8,1
CUST-10697,2024-01-01,1,2024,2,1364.66,13,4,0.2473,2,7,1
CUST-10697,2024-02-01,2,2024,3,1436.3,15,3,0.1887,3,7,1
CUST-10697,2024-03-01,3,2024,4,1436.3,15,5,0.3561,1,8,1
CUST-10697,2024-04-01,4,2024,5,1472.12,16,3,0.2235,0,8,1
CUST-10697,2024-05-01,5,2024,6,1472.12,16,3,0.1806,2,7,1
CUST-10697,2024-06-01,6,2024,7,1472.12,16,3,0.211,3,7,1
CUST-10697,2024-07-01,7,2024,8,1507.94,17,1,0.0621,0,7,1
CUST-10697,2024-08-01,8,2024,9,1543.76,18,4,0.2063,0,8,1
CUST-10697,2024-09-01,9,2024,10,1543.76,18,3,0.1479,3,7,1
CUST-10697,2024-10-01,10,2024,11,1543.76,18,2,0.0897,1,7,1
CUST-10697,2024-11-01,11,2024,12,1579.58,19,4,0.2228,0,8,1
CUST-10697,2024-12-01,12,2024,13,1615.4,20,3,0.1539,2,7,1
CUST-10698,2023-11-01,11,2023,0,2388.41,38,30,0.7718,0,6,1
CUST-10698,2023-12-01,12,2023,1,2427.61,39,31,0.8255,1,6,1
CUST-10698,2024-01-01,1,2024,2,2388.41,38,32,0.8063,1,6,1
CUST-10698,2024-02-01,2,2024,3,2349.22,37,35,0.9184,0,7,1
CUST-10698,2024-03-01,3,2024,4,2349.22,37,29,0.805,1,6,1
CUST-10698,2024-04-01,4,2024,5,2388.41,38,33,0.8931,2,6,1
CUST-10698,2024-05-01,5,2024,6,2192.43,33,34,0.8969,0,7,1
CUST-10698,2024-06-01,6,2024,7,2310.02,36,33,1.0,2,7,1
CUST-10698,2024-07-01,7,2024,8,2388.41,38,36,1.0,0,7,1
CUST-10698,2024-08-01,8,2024,9,2466.8,40,38,1.0,0,7,1
CUST-10698,2024-09-01,9,2024,10,2349.22,37,38,0.9423,1,7,1
CUST-10698,2024-10-01,10,2024,11,2310.02,36,36,0.9859,0,7,1
CUST-10698,2024-11-01,11,2024,12,2192.43,33,36,0.985,1,7,1
CUST-10698,2024-12-01,12,2024,13,2074.85,30,33,1.0,1,7,1
CUST-10699,2023-11-01,11,2023,0,831.0,31,1,0.0357,1,6,1
CUST-10699,2023-12-01,12,2023,1,831.0,31,7,0.2153,0,7,1
CUST-10699,2024-01-01,1,2024,2,831.0,31,3,0.0969,0,6,1
CUST-10699,2024-02-01,2,2024,3,831.0,31,8,0.2683,1,7,1
CUST-10699,2024-03-01,3,2024,4,831.0,31,4,0.13,0,6,1
CUST-10699,2024-04-01,4,2024,5,787.0,29,2,0.069,1,6,1
CUST-10699,2024-05-01,5,2024,6,875.0,33,6,0.1954,1,6,1
CUST-10699,2024-06-01,6,2024,7,831.0,31,5,0.1587,1,6,1
CUST-10699,2024-07-01,7,2024,8,853.0,32,4,0.1163,0,6,1
CUST-10699,2024-08-01,8,2024,9,897.0,34,4,0.1321,2,6,1
CUST-10699,2024-09-01,9,2024,10,919.0,35,6,0.1752,0,7,1
CUST-10699,2024-10-01,10,2024,11,897.0,34,5,0.1567,0,7,1
CUST-10700,2023-11-01,11,2023,0,2764.43,42,24,0.6188,1,9,1
CUST-10700,2023-12-01,12,2023,1,2631.18,39,24,0.5845,2,9,1
CUST-10700,2024-01-01,1,2024,2,2631.18,39,22,0.5606,2,8,1
CUST-10700,2024-02-01,2,2024,3,2720.01,41,20,0.5182,0,9,1
CUST-10700,2024-03-01,3,2024,4,2720.01,41,20,0.4792,0,9,1
CUST-10700,2024-04-01,4,2024,5,2586.77,38,28,0.6829,2,9,1
CUST-10701,2023-11-01,11,2023,0,72.14,2,1,0.45,0,6,1
CUST-10701,2023-12-01,12,2023,1,72.14,2,1,0.5466,2,6,1
CUST-10701,2024-01-01,1,2024,2,72.14,2,1,0.6439,0,7,1
CUST-10701,2024-02-01,2,2024,3,72.14,2,1,0.4113,2,6,1
CUST-10701,2024-03-01,3,2024,4,72.14,2,1,0.5104,0,7,1
CUST-10701,2024-04-01,4,2024,5,72.14,2,1,0.5992,0,7,1
CUST-10701,2024-05-01,5,2024,6,72.14,2,1,0.6685,1,7,1
CUST-10701,2024-06-01,6,2024,7,83.7,3,2,0.6896,2,7,1
CUST-10701,2024-07-01,7,2024,8,72.14,2,1,0.5482,2,6,1
CUST-10701,2024-08-01,8,2024,9,72.14,2,1,0.5401,3,6,1
CUST-10701,2024-09-01,9,2024,10,72.14,2,2,0.6802,1,7,1
CUST-10701,2024-10-01,10,2024,11,83.7,3,2,0.7751,2,7,1
CUST-10701,2024-11-01,11,2024,12,83.7,3,2,0.7224,1,7,1
CUST-10701,2024-12-01,12,2024,13,83.7,3,2,0.6412,1,7,1
CUST-10702,2023-11-01,11,2023,0,118.89,7,2,0.2274,0,8,1
CUST-10702,2023-12-01,12,2023,1,118.89,7,3,0.3882,3,8,1
CUST-10702,2024-01-01,1,2024,2,108.9,6,2,0.2421,1,8,1
CUST-10702,2024-02-01,2,2024,3,108.9,6,1,0.1695,4,7,1
CUST-10702,2024-03-01,3,2024,4,108.9,6,2,0.2796,1,8,1
CUST-10702,2024-04-01,4,2024,5,98.92,5,1,0.1768,0,8,1
CUST-10702,2024-05-01,5,2024,6,98.92,5,0,0.0903,0,8,1
CUST-10702,2024-06-01,6,2024,7,98.92,5,1,0.2098,0,8,1
CUST-10702,2024-07-01,7,2024,8,98.92,5,1,0.161,0,8,1
CUST-10702,2024-08-01,8,2024,9,98.92,5,1,0.1607,1,8,1
CUST-10702,2024-09-01,9,2024,10,98.92,5,1,0.1135,1,8,1
CUST-10702,2024-10-01,10,2024,11,98.92,5,0,0.0669,1,8,1
CUST-10702,2024-11-01,11,2024,12,88.94,4,0,0.0509,2,7,1
CUST-10702,2024-12-01,12,2024,13,88.94,4,0,0.0312,1,7,1
CUST-10703,2023-11-01,11,2023,0,227.18,16,7,0.4465,2,4,1
CUST-10703,2023-12-01,12,2023,1,227.18,16,8,0.5077,3,4,1
CUST-10703,2024-01-01,1,2024,2,216.04,15,8,0.4967,2,4,1
CUST-10703,2024-02-01,2,2024,3,204.9,14,8,0.514,2,4,1
CUST-10703,2024-03-01,3,2024,4,193.77,13,6,0.4255,1,4,1
CUST-10703,2024-04-01,4,2024,5,193.77,13,7,0.532,3,4,1
CUST-10703,2024-05-01,5,2024,6,171.5,11,6,0.453,0,5,1
CUST-10703,2024-06-01,6,2024,7,171.5,11,5,0.4115,3,4,1
CUST-10703,2024-07-01,7,2024,8,160.36,10,5,0.458,1,4,1
CUST-10703,2024-08-01,8,2024,9,149.22,9,4,0.4573,1,4,1
CUST-10703,2024-09-01,9,2024,10,138.09,8,3,0.3417,2,4,1
CUST-10703,2024-10-01,10,2024,11,149.22,9,3,0.3704,2,4,1
CUST-10703,2024-11-01,11,2024,12,138.09,8,5,0.6021,1,5,1
CUST-10703,2024-12-01,12,2024,13,138.09,8,4,0.4973,0,5,1
CUST-10704,2023-11-01,11,2023,0,89.56,4,1,0.2472,1,9,1
CUST-10704,2023-12-01,12,2023,1,89.56,4,1,0.1969,4,8,1
CUST-10704,2024-01-01,1,2024,2,89.56,4,0,0.1106,1,8,1
CUST-10704,2024-02-01,2,2024,3,89.56,4,1,0.1894,1,8,1
CUST-10704,2024-03-01,3,2024,4,79.42,3,0,0.077,0,8,1
CUST-10704,2024-04-01,4,2024,5,89.56,4,0,0.0784,2,8,1
CUST-10704,2024-05-01,5,2024,6,89.56,4,0,0.0349,1,8,1
CUST-10705,2023-11-01,11,2023,0,83.09,3,2,0.588,0,5,1
CUST-10705,2023-12-01,12,2023,1,83.09,3,2,0.6021,1,5,1
CUST-10705,2024-01-01,1,2024,2,83.09,3,2,0.7352,1,5,1
CUST-10705,2024-02-01,2,2024,3,71.73,2,1,0.4936,0,4,1
CUST-10705,2024-03-01,3,2024,4,71.73,2,1,0.5639,0,5,1
CUST-10705,2024-04-01,4,2024,5,71.73,2,1,0.506,0,5,1
CUST-10705,2024-05-01,5,2024,6,71.73,2,2,0.7179,1,5,1
CUST-10705,2024-06-01,6,2024,7,71.73,2,1,0.5546,1,4,1
CUST-10705,2024-07-01,7,2024,8,71.73,2,1,0.4037,2,4,1
CUST-10705,2024-08-01,8,2024,9,83.09,3,1,0.5228,1,4,1
CUST-10705,2024-09-01,9,2024,10,83.09,3,1,0.5762,0,5,1
CUST-10705,2024-10-01,10,2024,11,83.09,3,1,0.5408,2,4,1
CUST-10705,2024-11-01,11,2024,12,83.09,3,1,0.4549,2,4,1
CUST-10705,2024-12-01,12,2024,13,83.09,3,1,0.3932,1,4,1
CUST-10706,2023-11-01,11,2023,0,2188.4,103,66,0.6501,0,3,1
CUST-10706,2023-12-01,12,2023,1,2228.0,105,56,0.5397,2,2,1
CUST-10707,2023-11-01,11,2023,0,79.78,3,1,0.2037,4,2,1
CUST-10707,2023-12-01,12,2023,1,79.78,3,0,0.1508,9,1,1
CUST-10708,2023-11-01,11,2023,0,5412.57,217,71,0.323,2,8,1
CUST-10708,2023-12-01,12,2023,1,5920.86,239,54,0.2476,2,8,1
CUST-10708,2024-01-01,1,2024,2,6013.27,243,53,0.2209,0,8,1
CUST-10708,2024-02-01,2,2024,3,5990.17,242,79,0.3248,0,8,1
CUST-10708,2024-03-01,3,2024,4,6267.42,254,78,0.3222,2,8,1
CUST-10708,2024-04-01,4,2024,5,6475.35,263,112,0.4401,1,9,1
CUST-10708,2024-05-01,5,2024,6,6521.56,265,108,0.4097,0,9,1
CUST-10708,2024-06-01,6,2024,7,6498.46,264,97,0.3651,1,8,1
CUST-10708,2024-07-01,7,2024,8,6198.1,251,87,0.3308,0,8,1
CUST-10708,2024-08-01,8,2024,9,6544.66,266,117,0.466,1,9,1
CUST-10708,2024-09-01,9,2024,10,6452.25,262,105,0.3943,0,9,1
CUST-10708,2024-10-01,10,2024,11,6244.31,253,121,0.4623,2,8,1
CUST-10708,2024-11-01,11,2024,12,6590.87,268,83,0.3261,0,8,1
CUST-10708,2024-12-01,12,2024,13,6521.56,265,103,0.3861,1,8,1
CUST-10709,2023-11-01,11,2023,0,1679.0,40,17,0.4026,0,4,1
CUST-10709,2023-12-01,12,2023,1,1679.0,40,21,0.5186,1,4,1
CUST-10709,2024-01-01,1,2024,2,1647.0,39,21,0.5282,2,4,1
CUST-10709,2024-02-01,2,2024,3,1583.0,37,20,0.5139,5,3,1
CUST-10709,2024-03-01,3,2024,4,1647.0,39,19,0.534,0,5,1
CUST-10709,2024-04-01,4,2024,5,1743.0,42,25,0.6292,1,5,1
CUST-10709,2024-05-01,5,2024,6,1743.0,42,20,0.4757,3,4,1
CUST-10709,2024-06-01,6,2024,7,1807.0,44,25,0.5789,0,5,1
CUST-10709,2024-07-01,7,2024,8,1807.0,44,28,0.6431,0,5,1
CUST-10709,2024-08-01,8,2024,9,1871.0,46,30,0.6842,2,5,1
CUST-10709,2024-09-01,9,2024,10,1871.0,46,33,0.7179,4,4,1
CUST-10709,2024-10-01,10,2024,11,1903.0,47,35,0.7619,3,5,1
CUST-10709,2024-11-01,11,2024,12,1935.0,48,34,0.739,1,5,1
CUST-10709,2024-12-01,12,2024,13,1871.0,46,36,0.7448,3,4,1
CUST-10710,2023-11-01,11,2023,0,22823.0,580,155,0.2866,0,7,1
CUST-10710,2023-12-01,12,2023,1,23125.4,588,123,0.2128,1,7,1
CUST-10710,2024-01-01,1,2024,2,22369.4,568,106,0.1804,1,6,1
CUST-10710,2024-02-01,2,2024,3,21840.2,554,158,0.2779,2,7,1
CUST-10710,2024-03-01,3,2024,4,20517.2,519,202,0.3651,3,7,1
CUST-10710,2024-04-01,4,2024,5,21046.4,533,182,0.3504,2,7,1
CUST-10710,2024-05-01,5,2024,6,19912.4,503,177,0.3321,0,7,1
CUST-10710,2024-06-01,6,2024,7,20101.4,508,180,0.3579,0,7,1
CUST-10710,2024-07-01,7,2024,8,21273.2,539,164,0.3221,0,7,1
CUST-10710,2024-08-01,8,2024,9,22029.2,559,249,0.4629,2,7,1
CUST-10710,2024-09-01,9,2024,10,23276.6,592,183,32.8,0,7,1
CUST-10710,2024-10-01,10,2024,11,24410.6,622,291,0.4913,1,7,1
CUST-10710,2024-11-01,11,2024,12,24675.2,629,307,0.4936,0,7,1
CUST-10710,2024-12-01,12,2024,13,25128.8,641,276,0.4389,1,7,1
CUST-10711,2023-11-01,11,2023,0,1203.06,53,28,0.5787,2,6,1
CUST-10711,2023-12-01,12,2023,1,1322.39,59,26,0.4888,4,6,1
CUST-10711,2024-01-01,1,2024,2,1362.17,61,33,0.5633,1,6,1
CUST-10711,2024-02-01,2,2024,3,1461.61,66,34,0.5552,1,6,1
CUST-10711,2024-03-01,3,2024,4,1521.27,69,31,0.4662,3,6,1
CUST-10711,2024-04-01,4,2024,5,1620.71,74,38,0.5471,1,6,1
CUST-10711,2024-05-01,5,2024,6,1620.71,74,36,0.4863,0,6,1
CUST-10711,2024-06-01,6,2024,7,1680.38,77,37,0.5009,0,6,1
CUST-10711,2024-07-01,7,2024,8,1779.82,82,36,0.4703,0,6,1
CUST-10711,2024-08-01,8,2024,9,1899.14,88,47,0.5736,0,7,1
CUST-10711,2024-09-01,9,2024,10,1998.58,93,29,0.3364,2,6,1
CUST-10711,2024-10-01,10,2024,11,2058.25,96,44,0.4744,1,6,1
CUST-10711,2024-11-01,11,2024,12,2316.79,109,59,0.6093,1,6,1
CUST-10711,2024-12-01,12,2024,13,2575.34,122,52,0.4765,1,6,1
CUST-10712,2023-11-01,11,2023,0,6264.92,230,171,0.7684,1,9,1
CUST-10712,2023-12-01,12,2023,1,6647.48,245,153,0.6642,0,9,1
CUST-10712,2024-01-01,1,2024,2,6723.99,248,191,0.7799,0,10,1
CUST-10712,2024-02-01,2,2024,3,7489.11,278,202,0.8143,0,10,1
CUST-10712,2024-03-01,3,2024,4,8075.7,301,208,0.7475,1,9,1
CUST-10712,2024-04-01,4,2024,5,8101.21,302,247,0.8206,0,10,1
CUST-10712,2024-05-01,5,2024,6,8407.26,314,225,0.7458,1,9,1
CUST-10712,2024-06-01,6,2024,7,8152.22,304,280,0.8909,2,9,1
CUST-10712,2024-07-01,7,2024,8,7234.07,268,241,0.7936,2,9,1
CUST-10712,2024-08-01,8,2024,9,6902.52,255,196,0.7301,0,9,1
CUST-10712,2024-09-01,9,2024,10,7361.59,273,200,0.7824,0,10,1
CUST-10712,2024-10-01,10,2024,11,7514.62,279,238,0.8726,3,9,1
CUST-10712,2024-11-01,11,2024,12,6928.02,256,184,0.6573,0,9,1
CUST-10712,2024-12-01,12,2024,13,6953.53,257,203,0.7932,2,9,1
CUST-10713,2023-11-01,11,2023,0,1296.12,58,30,0.544,0,8,1
CUST-10713,2023-12-01,12,2023,1,1414.79,64,40,0.6986,0,8,1
CUST-10713,2024-01-01,1,2024,2,1395.01,63,28,0.4337,1,7,1
CUST-10713,2024-02-01,2,2024,3,1375.24,62,25,0.4039,0,8,1
CUST-10713,2024-03-01,3,2024,4,1315.9,59,35,0.5581,0,8,1
CUST-10713,2024-04-01,4,2024,5,1315.9,59,31,0.5228,0,8,1
CUST-10713,2024-05-01,5,2024,6,1315.9,59,21,0.3506,1,7,1
CUST-10713,2024-06-01,6,2024,7,1296.12,58,18,0.3104,1,7,1
CUST-10713,2024-07-01,7,2024,8,1315.9,59,25,0.4207,0,8,1
CUST-10713,2024-08-01,8,2024,9,1454.35,66,22,37.2,1,7,1
CUST-10713,2024-09-01,9,2024,10,1395.01,63,26,0.3915,2,7,1
CUST-10713,2024-10-01,10,2024,11,1375.24,62,19,0.305,1,7,1
CUST-10713,2024-11-01,11,2024,12,1395.01,63,17,0.277,0,7,1
CUST-10714,2023-11-01,11,2023,0,73.0,2,0,0.2304,1,6,1
CUST-10714,2023-12-01,12,2023,1,73.0,2,1,0.258,2,5,1
CUST-10714,2024-01-01,1,2024,2,73.0,2,1,0.2362,2,5,1
CUST-10714,2024-02-01,2,2024,3,73.0,2,1,0.3146,1,6,1
CUST-10714,2024-03-01,3,2024,4,73.0,2,0,0.2011,3,5,1
CUST-10714,2024-04-01,4,2024,5,73.0,2,0,0.1507,1,5,1
CUST-10714,2024-05-01,5,2024,6,73.0,2,0,0.0801,1,5,1
CUST-10714,2024-06-01,6,2024,7,73.0,2,1,0.2722,0,6,1
CUST-10714,2024-07-01,7,2024,8,73.0,2,0,0.0589,2,5,1
CUST-10714,2024-08-01,8,2024,9,73.0,2,1,0.2742,2,5,1
CUST-10714,2024-09-01,9,2024,10,85.0,3,0,0.1297,1,5,1
CUST-10714,2024-10-01,10,2024,11,85.0,3,0,0.1421,1,5,1
CUST-10714,2024-11-01,11,2024,12,85.0,3,0,0.1521,0,6,1
CUST-10714,2024-12-01,12,2024,13,85.0,3,0,0.047,2,5,1
CUST-10715,2023-11-01,11,2023,0,70.5,2,1,0.5093,4,9,1
CUST-10715,2023-12-01,12,2023,1,70.5,2,1,0.593,2,10,1
CUST-10716,2023-11-01,11,2023,0,625.78,24,14,0.6263,2,8,1
CUST-10716,2023-12-01,12,2023,1,625.78,24,15,0.6464,0,8,1
CUST-10716,2024-01-01,1,2024,2,625.78,24,13,0.5357,3,7,1
CUST-10717,2023-11-01,11,2023,0,272.02,6,1,0.2301,0,3,1
CUST-10717,2023-12-01,12,2023,1,292.53,7,1,0.1653,1,2,1
CUST-10717,2024-01-01,1,2024,2,292.53,7,1,0.1449,1,2,1
CUST-10717,2024-02-01,2,2024,3,313.03,8,1,0.1338,1,2,1
CUST-10717,2024-03-01,3,2024,4,292.53,7,1,0.0844,1,2,1
CUST-10717,2024-04-01,4,2024,5,313.03,8,2,0.2389,0,3,1
CUST-10717,2024-05-01,5,2024,6,313.03,8,2,0.2977,0,3,1
CUST-10717,2024-06-01,6,2024,7,333.54,9,2,0.2301,0,3,1
CUST-10717,2024-07-01,7,2024,8,333.54,9,3,0.3034,0,3,1
CUST-10717,2024-08-01,8,2024,9,354.04,10,4,0.382,0,3,1
CUST-10717,2024-09-01,9,2024,10,374.54,11,4,0.3464,2,3,1
CUST-10717,2024-10-01,10,2024,11,374.54,11,3,0.3046,1,3,1
CUST-10718,2023-11-01,11,2023,0,303.0,7,4,0.5299,2,6,1
CUST-10719,2023-11-01,11,2023,0,107.68,5,3,0.5224,0,9,1
CUST-10719,2023-12-01,12,2023,1,107.68,5,2,0.3898,0,9,1
CUST-10719,2024-01-01,1,2024,2,107.68,5,2,0.4048,1,8,1
CUST-10719,2024-02-01,2,2024,3,119.42,6,2,0.4487,0,9,1
CUST-10719,2024-03-01,3,2024,4,119.42,6,3,0.5163,1,9,1
CUST-10719,2024-04-01,4,2024,5,119.42,6,2,0.3794,0,8,1
CUST-10719,2024-05-01,5,2024,6,119.42,6,3,0.4274,0,9,1
CUST-10719,2024-06-01,6,2024,7,119.42,6,2,0.3126,0,8,1
CUST-10719,2024-07-01,7,2024,8,131.15,7,2,0.369,0,8,1
CUST-10719,2024-08-01,8,2024,9,119.42,6,2,0.2314,0,8,1
CUST-10719,2024-09-01,9,2024,10,119.42,6,2,0.2852,0,8,1
CUST-10719,2024-10-01,10,2024,11,119.42,6,1,0.1873,0,8,1
CUST-10719,2024-11-01,11,2024,12,119.42,6,2,0.2749,0,8,1
CUST-10719,2024-12-01,12,2024,13,119.42,6,0,0.0674,0,8,1
CUST-10720,2023-11-01,11,2023,0,69.81,2,1,0.6773,1,7,1
CUST-10720,2023-12-01,12,2023,1,69.81,2,2,80.2,1,7,1
CUST-10720,2024-01-01,1,2024,2,69.81,2,1,0.5107,2,6,1
CUST-10720,2024-02-01,2,2024,3,69.81,2,1,0.5917,2,6,1
CUST-10720,2024-03-01,3,2024,4,80.21,3,1,0.5497,1,6,1
CUST-10720,2024-04-01,4,2024,5,69.81,2,1,0.5883,3,6,1
CUST-10720,2024-05-01,5,2024,6,69.81,2,1,0.5252,4,6,1
CUST-10720,2024-06-01,6,2024,7,69.81,2,1,0.5089,1,6,1
CUST-10720,2024-07-01,7,2024,8,80.21,3,1,0.3721,2,6,1
CUST-10720,2024-08-01,8,2024,9,80.21,3,1,0.4714,0,6,1
CUST-10720,2024-09-01,9,2024,10,80.21,3,1,0.3236,0,6,1
CUST-10720,2024-10-01,10,2024,11,80.21,3,1,0.2722,1,6,1
CUST-10720,2024-11-01,11,2024,12,80.21,3,0,0.1808,4,5,1
CUST-10720,2024-12-01,12,2024,13,80.21,3,1,0.2264,1,5,1
CUST-10721,2023-11-01,11,2023,0,60.88,1,0,0.2357,1,8,1
CUST-10721,2023-12-01,12,2023,1,60.88,1,0,0.3542,1,8,1
CUST-10722,2023-11-01,11,2023,0,89.85,4,2,0.3978,1,8,1
CUST-10722,2023-12-01,12,2023,1,89.85,4,1,0.3583,1,8,1
CUST-10722,2024-01-01,1,2024,2,89.85,4,2,0.4424,1,8,1
CUST-10722,2024-02-01,2,2024,3,89.85,4,1,0.2823,0,8,1
CUST-10723,2023-11-01,11,2023,0,287.6,7,4,0.6241,1,10,1
CUST-10723,2023-12-01,12,2023,1,287.6,7,5,0.7613,1,10,1
CUST-10723,2024-01-01,1,2024,2,287.6,7,6,0.811,0,10,1
CUST-10723,2024-02-01,2,2024,3,287.6,7,5,0.6658,2,10,1
CUST-10723,2024-03-01,3,2024,4,267.8,6,6,0.8529,0,10,1
CUST-10723,2024-04-01,4,2024,5,267.8,6,6,0.9412,0,10,1
CUST-10723,2024-05-01,5,2024,6,287.6,7,5,0.7998,1,10,1
CUST-10723,2024-06-01,6,2024,7,287.6,7,7,1.0,0,10,1
CUST-10723,2024-07-01,7,2024,8,287.6,7,6,0.9333,1,10,1
CUST-10723,2024-08-01,8,2024,9,287.6,7,7,1.0,2,10,1
CUST-10723,2024-09-01,9,2024,10,287.6,7,7,1.0,0,10,1
CUST-10723,2024-10-01,10,2024,11,307.4,8,7,1.0,1,10,1
CUST-10723,2024-11-01,11,2024,12,307.4,8,8,1.0,2,10,1
CUST-10723,2024-12-01,12,2024,13,307.4,8,8,1.0,0,10,1
CUST-10724,2023-11-01,11,2023,0,72.88,2,1,0.4138,0,8,1
CUST-10724,2023-12-01,12,2023,1,72.88,2,0,0.1651,1,7,1
CUST-10724,2024-01-01,1,2024,2,72.88,2,0,0.1608,1,7,1
CUST-10724,2024-02-01,2,2024,3,72.88,2,0,0.03,0,7,1
CUST-10724,2024-03-01,3,2024,4,72.88,2,0,0.0457,1,7,1
CUST-10725,2023-11-01,11,2023,0,92.44,4,3,0.788,1,9,1
CUST-10725,2023-12-01,12,2023,1,92.44,4,3,0.7422,1,9,1
CUST-10725,2024-01-01,1,2024,2,92.44,4,3,0.6988,0,9,1
CUST-10725,2024-02-01,2,2024,3,92.44,4,3,0.6402,2,9,1
CUST-10725,2024-03-01,3,2024,4,103.3,5,3,0.6189,0,9,1
CUST-10725,2024-04-01,4,2024,5,92.44,4,3,55.0,1,9,1
CUST-10725,2024-05-01,5,2024,6,92.44,4,3,0.6629,0,9,1
CUST-10725,2024-06-01,6,2024,7,103.3,5,2,0.4034,0,8,1
CUST-10725,2024-07-01,7,2024,8,103.3,5,2,0.4615,0,9,1
CUST-10725,2024-08-01,8,2024,9,103.3,5,2,0.3959,1,8,1
CUST-10725,2024-09-01,9,2024,10,103.3,5,2,0.4069,1,8,1
CUST-10725,2024-10-01,10,2024,11,103.3,5,2,0.441,1,8,1
CUST-10725,2024-11-01,11,2024,12,103.3,5,2,0.3414,2,8,1
CUST-10726,2023-12-01,12,2023,0,145.77,9,2,0.25,2,8,1
CUST-10727,2023-12-01,12,2023,0,59.57,1,0,0.03,2,4,1
CUST-10728,2023-12-01,12,2023,0,461.85,2,1,0.2915,3,6,1
CUST-10728,2024-01-01,1,2024,1,461.85,2,1,0.3062,0,7,1
CUST-10728,2024-02-01,2,2024,2,461.85,2,1,0.3021,1,7,1
CUST-10728,2024-03-01,3,2024,3,461.85,2,1,0.3785,1,7,1
CUST-10728,2024-04-01,4,2024,4,461.85,2,1,0.3006,1,7,1
CUST-10728,2024-05-01,5,2024,5,461.85,2,1,0.4051,0,7,1
CUST-10728,2024-06-01,6,2024,6,461.85,2,1,0.3727,2,7,1
CUST-10728,2024-07-01,7,2024,7,461.85,2,1,0.4678,1,7,1
CUST-10729,2023-12-01,12,2023,0,1966.22,28,1,0.03,0,9,1
CUST-10729,2024-01-01,1,2024,1,1928.11,27,4,0.1561,2,9,1
CUST-10729,2024-02-01,2,2024,2,1813.76,24,3,0.1242,1,9,1
CUST-10729,2024-03-01,3,2024,3,1813.76,24,3,0.1121,1,9,1
CUST-10729,2024-04-01,4,2024,4,1851.88,25,4,0.1798,0,9,1
CUST-10729,2024-05-01,5,2024,5,2004.34,29,4,0.1811,1,9,1
CUST-10729,2024-06-01,6,2024,6,2004.34,29,6,0.1954,2,9,1
CUST-10729,2024-07-01,7,2024,7,2042.45,30,4,0.1411,4,8,1
CUST-10729,2024-08-01,8,2024,8,2042.45,30,5,0.1665,2,9,1
CUST-10729,2024-09-01,9,2024,9,2080.57,31,4,0.1355,0,9,1
CUST-10729,2024-10-01,10,2024,10,2118.68,32,1,0.03,1,9,1
CUST-10729,2024-11-01,11,2024,11,2042.45,30,2,0.0771,1,9,1
CUST-10729,2024-12-01,12,2024,12,2042.45,30,5,0.1587,1,9,1
CUST-10730,2023-12-01,12,2023,0,612.25,8,5,0.5806,2,10,1
CUST-10730,2024-01-01,1,2024,1,612.25,8,4,0.4496,3,9,1
CUST-10730,2024-02-01,2,2024,2,612.25,8,4,0.5423,3,9,1
CUST-10730,2024-03-01,3,2024,3,638.9,9,4,0.5114,3,9,1
CUST-10730,2024-04-01,4,2024,4,665.56,10,5,0.5639,3,9,1
CUST-10730,2024-05-01,5,2024,5,665.56,10,4,0.4164,2,9,1
CUST-10730,2024-06-01,6,2024,6,692.22,11,3,0.308,2,9,1
CUST-10730,2024-07-01,7,2024,7,692.22,11,3,0.255,4,8,1
CUST-10730,2024-08-01,8,2024,8,718.87,12,2,0.2042,2,9,1
CUST-10730,2024-09-01,9,2024,9,692.22,11,3,0.2161,3,8,1
CUST-10730,2024-10-01,10,2024,10,692.22,11,2,0.2161,3,8,1
CUST-10730,2024-11-01,11,2024,11,692.22,11,2,0.1397,1,9,1
CUST-10730,2024-12-01,12,2024,12,718.87,12,1,0.0828,5,8,1
CUST-10731,2023-12-01,12,2023,0,154.6,10,6,0.6255,1,4,1
CUST-10731,2024-01-01,1,2024,1,165.16,11,5,0.4751,0,4,1
CUST-10731,2024-02-01,2,2024,2,165.16,11,6,0.5928,0,4,1
CUST-10731,2024-03-01,3,2024,3,154.6,10,6,0.6065,0,4,1
CUST-10731,2024-04-01,4,2024,4,144.04,9,3,0.3471,1,4,1
CUST-10731,2024-05-01,5,2024,5,144.04,9,3,0.3021,0,4,1
CUST-10731,2024-06-01,6,2024,6,144.04,9,3,0.3671,1,4,1
CUST-10731,2024-07-01,7,2024,7,133.48,8,2,0.2796,2,3,1
CUST-10731,2024-08-01,8,2024,8,133.48,8,4,0.431,0,4,1
CUST-10731,2024-09-01,9,2024,9,133.48,8,2,0.2567,2,3,1
CUST-10731,2024-10-01,10,2024,10,122.92,7,2,0.2968,2,3,1
CUST-10731,2024-11-01,11,2024,11,122.92,7,2,0.2341,1,3,1
CUST-10731,2024-12-01,12,2024,12,112.36,6,1,0.1913,0,3,1
CUST-10732,2023-12-01,12,2023,0,60.29,1,1,0.6526,2,10,1
CUST-10732,2024-01-01,1,2024,1,60.29,1,1,0.6622,1,10,1
CUST-10732,2024-02-01,2,2024,2,60.29,1,1,0.7354,1,10,1
CUST-10732,2024-03-01,3,2024,3,60.29,1,1,0.6115,0,10,1
CUST-10732,2024-04-01,4,2024,4,60.29,1,1,0.6025,1,10,1
CUST-10732,2024-05-01,5,2024,5,60.29,1,0,0.4508,1,10,1
CUST-10732,2024-06-01,6,2024,6,60.29,1,1,0.56,0,10,1
CUST-10732,2024-07-01,7,2024,7,60.29,1,0,0.4717,0,10,1
CUST-10732,2024-08-01,8,2024,8,60.29,1,0,0.4985,1,10,1
CUST-10732,2024-09-01,9,2024,9,60.29,1,0,0.4399,1,10,1
CUST-10732,2024-10-01,10,2024,10,60.29,1,0,0.4091,1,9,1
CUST-10732,2024-11-01,11,2024,11,60.29,1,1,0.5015,1,10,1
CUST-10732,2024-12-01,12,2024,12,60.29,1,0,0.4399,0,10,1
CUST-10733,2023-12-01,12,2023,0,251.74,5,1,0.1839,2,8,1
CUST-10733,2024-01-01,1,2024,1,231.19,4,1,0.1854,3,8,1
CUST-10733,2024-02-01,2,2024,2,231.19,4,1,0.1954,2,8,1
CUST-10733,2024-03-01,3,2024,3,231.19,4,0,0.1144,3,7,1
CUST-10733,2024-04-01,4,2024,4,231.19,4,0,0.0816,6,7,1
CUST-10733,2024-05-01,5,2024,5,231.19,4,0,0.03,2,8,1
CUST-10733,2024-06-01,6,2024,6,231.19,4,0,0.03,2,8,1
CUST-10733,2024-07-01,7,2024,7,231.19,4,0,0.03,6,7,1
CUST-10733,2024-08-01,8,2024,8,231.19,4,0,0.03,6,7,1
CUST-10733,2024-09-01,9,2024,9,210.64,3,0,0.03,2,8,1
CUST-10733,2024-10-01,10,2024,10,210.64,3,0,0.03,6,7,1
CUST-10733,2024-11-01,11,2024,11,231.19,4,0,0.03,4,7,1
CUST-10733,2024-12-01,12,2024,12,210.64,3,0,0.03,3,7,1
CUST-10734,2023-12-01,12,2023,0,71.54,2,0,0.1991,2,3,1
CUST-10734,2024-01-01,1,2024,1,71.54,2,1,0.2468,2,4,1
CUST-10734,2024-02-01,2,2024,2,71.54,2,1,0.4929,1,4,1
CUST-10734,2024-03-01,3,2024,3,71.54,2,1,0.4229,5,3,1
CUST-10734,2024-04-01,4,2024,4,82.8,3,1,0.505,0,5,1
CUST-10734,2024-05-01,5,2024,5,82.8,3,1,0.3716,2,4,1
CUST-10734,2024-06-01,6,2024,6,82.8,3,1,0.4745,2,4,1
CUST-10734,2024-07-01,7,2024,7,82.8,3,2,0.6455,1,5,1
CUST-10734,2024-08-01,8,2024,8,82.8,3,2,0.6882,2,5,1
CUST-10734,2024-09-01,9,2024,9,82.8,3,2,0.5508,2,4,1
CUST-10734,2024-10-01,10,2024,10,82.8,3,2,0.5433,2,4,1
CUST-10734,2024-11-01,11,2024,11,82.8,3,2,0.6755,1,5,1
CUST-10734,2024-12-01,12,2024,12,82.8,3,2,0.7704,0,5,1
CUST-10735,2023-12-01,12,2023,0,1379.03,121,98,0.8402,1,8,1
CUST-10735,2024-01-01,1,2024,1,1368.04,120,87,0.7181,1,8,1
CUST-10735,2024-02-01,2,2024,2,1488.95,131,93,0.7732,1,8,1
CUST-10735,2024-03-01,3,2024,3,1423.0,125,101,0.7776,2,7,1
CUST-10735,2024-04-01,4,2024,4,1423.0,125,90,0.7218,0,8,1
CUST-10735,2024-05-01,5,2024,5,1488.95,131,89,0.7088,2,7,1
CUST-10735,2024-06-01,6,2024,6,1444.98,127,82,0.6221,1,7,1
CUST-10735,2024-07-01,7,2024,7,1379.03,121,75,0.5891,0,7,1
CUST-10735,2024-08-01,8,2024,8,1357.05,119,72,0.5913,0,7,1
CUST-10735,2024-09-01,9,2024,9,1401.02,123,59,0.4981,4,6,1
CUST-10735,2024-10-01,10,2024,10,1488.95,131,61,0.4947,1,7,1
CUST-10735,2024-11-01,11,2024,11,1565.9,138,59,0.4497,1,7,1
CUST-10735,2024-12-01,12,2024,12,1587.88,140,55,0.3993,1,7,1
CUST-10736,2023-12-01,12,2023,0,5872.94,122,4,0.03,2,8,1
CUST-10736,2024-01-01,1,2024,1,5669.09,117,4,0.03,1,8,1
CUST-10736,2024-02-01,2,2024,2,5669.09,117,14,0.1226,2,8,1
CUST-10736,2024-03-01,3,2024,3,5995.25,125,4,0.03,1,8,1
CUST-10736,2024-04-01,4,2024,4,6362.18,134,4,0.03,2,8,1
CUST-10736,2024-05-01,5,2024,5,5954.48,124,5,0.035,0,9,1
CUST-10736,2024-06-01,6,2024,6,6076.79,127,4,0.03,0,9,1
CUST-10736,2024-07-01,7,2024,7,5995.25,125,4,0.03,2,8,1
CUST-10736,2024-08-01,8,2024,8,6606.8,140,4,0.03,0,9,1
CUST-10736,2024-09-01,9,2024,9,7014.5,150,4,0.03,1,8,1
CUST-10736,2024-10-01,10,2024,10,7626.05,165,5,0.03,1,8,1
CUST-10736,2024-11-01,11,2024,11,7544.51,163,5,0.03,2,8,1
CUST-10736,2024-12-01,12,2024,12,7340.66,158,5,0.03,6,7,1
CUST-10737,2023-12-01,12,2023,0,1643.16,40,25,0.6106,2,8,1
CUST-10737,2024-01-01,1,2024,1,1580.95,38,23,0.588,2,8,1
CUST-10737,2024-02-01,2,2024,2,1549.85,37,22,0.5806,1,8,1
CUST-10737,2024-03-01,3,2024,3,1518.74,36,19,0.5219,0,8,1
CUST-10737,2024-04-01,4,2024,4,1456.54,34,22,0.6041,0,8,1
CUST-10737,2024-05-01,5,2024,5,1456.54,34,15,0.4401,0,8,1
CUST-10737,2024-06-01,6,2024,6,1487.64,35,17,0.4905,1,8,1
CUST-10737,2024-07-01,7,2024,7,1518.74,36,18,0.5256,0,8,1
CUST-10737,2024-08-01,8,2024,8,1549.85,37,19,0.5294,0,8,1
CUST-10737,2024-09-01,9,2024,9,1518.74,36,20,0.5379,1,8,1
CUST-10737,2024-10-01,10,2024,10,1549.85,37,16,44.4,0,8,1
CUST-10737,2024-11-01,11,2024,11,1705.37,42,14,0.3693,0,8,1
CUST-10737,2024-12-01,12,2024,12,1705.37,42,17,0.4066,2,7,1
CUST-10738,2023-12-01,12,2023,0,69.78,2,1,0.2542,4,5,1
CUST-10738,2024-01-01,1,2024,1,69.78,2,0,0.272,3,6,1
CUST-10738,2024-02-01,2,2024,2,69.78,2,1,0.3838,1,6,1
CUST-10738,2024-03-01,3,2024,3,69.78,2,1,0.3416,0,7,1
CUST-10738,2024-04-01,4,2024,4,69.78,2,1,0.3042,3,6,1
CUST-10738,2024-05-01,5,2024,5,69.78,2,1,0.5092,1,7,1
CUST-10738,2024-06-01,6,2024,6,69.78,2,1,0.3729,1,6,1
CUST-10738,2024-07-01,7,2024,7,69.78,2,1,0.4593,0,7,1
CUST-10738,2024-08-01,8,2024,8,69.78,2,1,0.4718,1,7,1
CUST-10738,2024-09-01,9,2024,9,69.78,2,1,0.3911,3,6,1
CUST-10738,2024-10-01,10,2024,10,69.78,2,1,0.4936,3,6,1
CUST-10738,2024-11-01,11,2024,11,69.78,2,1,0.5129,2,7,1
CUST-10738,2024-12-01,12,2024,12,69.78,2,1,0.4762,3,6,1
CUST-10739,2023-12-01,12,2023,0,1943.19,58,18,0.3061,0,6,1
CUST-10739,2024-01-01,1,2024,1,1783.45,52,20,0.3529,1,6,1
CUST-10739,2024-02-01,2,2024,2,1756.82,51,11,0.2163,0,6,1
CUST-10740,2023-12-01,12,2023,0,139.4,9,5,0.6012,1,7,1
CUST-10740,2024-01-01,1,2024,1,149.44,10,5,0.56,3,6,1
CUST-10740,2024-02-01,2,2024,2,149.44,10,6,0.5944,4,6,1
CUST-10740,2024-03-01,3,2024,3,139.4,9,5,0.5094,0,7,1
CUST-10740,2024-04-01,4,2024,4,139.4,9,4,0.3875,3,6,1
CUST-10740,2024-05-01,5,2024,5,139.4,9,5,0.5204,1,6,1
CUST-10740,2024-06-01,6,2024,6,139.4,9,2,0.2596,3,5,1
CUST-10740,2024-07-01,7,2024,7,139.4,9,3,0.3135,2,6,1
CUST-10740,2024-08-01,8,2024,8,139.4,9,3,0.3483,2,6,1
CUST-10740,2024-09-01,9,2024,9,139.4,9,3,0.2978,4,5,1
CUST-10740,2024-10-01,10,2024,10,139.4,9,3,0.3134,3,5,1
CUST-10740,2024-11-01,11,2024,11,139.4,9,2,0.217,4,5,1
CUST-10740,2024-12-01,12,2024,12,129.35,8,2,0.2257,2,5,1
CUST-10741,2023-12-01,12,2023,0,822.2,36,13,0.3717,0,6,1
CUST-10741,2024-01-01,1,2024,1,859.6,38,9,0.2633,1,5,1
CUST-10741,2024-02-01,2,2024,2,934.4,42,11,0.2929,0,6,1
CUST-10741,2024-03-01,3,2024,3,971.8,44,11,0.265,2,5,1
CUST-10741,2024-04-01,4,2024,4,1009.2,46,12,0.2714,0,6,1
CUST-10741,2024-05-01,5,2024,5,990.5,45,13,0.2722,0,6,1
CUST-10741,2024-06-01,6,2024,6,1027.9,47,8,0.1862,0,5,1
CUST-10741,2024-07-01,7,2024,7,1009.2,46,12,0.2584,0,6,1
CUST-10741,2024-08-01,8,2024,8,971.8,44,11,0.2372,0,6,1
CUST-10741,2024-09-01,9,2024,9,953.1,43,6,0.1252,1,5,1
CUST-10741,2024-10-01,10,2024,10,934.4,42,8,0.1929,2,5,1
CUST-10741,2024-11-01,11,2024,11,971.8,44,2,0.0514,2,5,1
CUST-10741,2024-12-01,12,2024,12,915.7,41,6,0.1334,2,5,1
CUST-10742,2023-12-01,12,2023,0,585.14,7,0,0.03,2,9,1
CUST-10742,2024-01-01,1,2024,1,585.14,7,0,0.03,2,9,1
CUST-10742,2024-02-01,2,2024,2,558.55,6,0,0.0453,1,9,1
CUST-10742,2024-03-01,3,2024,3,558.55,6,0,0.03,3,9,1
CUST-10742,2024-04-01,4,2024,4,531.96,5,0,0.03,6,8,1
CUST-10742,2024-05-01,5,2024,5,558.55,6,0,0.03,3,9,1
CUST-10742,2024-06-01,6,2024,6,558.55,6,0,0.03,3,9,1
CUST-10742,2024-07-01,7,2024,7,558.55,6,0,0.03,1,9,1
CUST-10742,2024-08-01,8,2024,8,558.55,6,0,0.03,3,9,1
CUST-10742,2024-09-01,9,2024,9,558.55,6,0,0.03,4,9,1
CUST-10742,2024-10-01,10,2024,10,558.55,6,0,0.03,2,9,1
CUST-10742,2024-11-01,11,2024,11,558.55,6,0,0.03,3,9,1
CUST-10742,2024-12-01,12,2024,12,558.55,6,0,0.03,3,9,1
CUST-10743,2023-12-01,12,2023,0,828.54,36,8,0.2216,1,5,1
CUST-10743,2024-01-01,1,2024,1,828.54,36,6,0.1714,0,5,1
CUST-10743,2024-02-01,2,2024,2,809.66,35,7,0.1831,2,5,1
CUST-10743,2024-03-01,3,2024,3,809.66,35,9,0.2559,2,5,1
CUST-10743,2024-04-01,4,2024,4,790.78,34,1,0.0387,1,5,1
CUST-10743,2024-05-01,5,2024,5,809.66,35,6,0.1818,1,5,1
CUST-10743,2024-06-01,6,2024,6,828.54,36,3,0.0754,2,4,1
CUST-10743,2024-07-01,7,2024,7,866.29,38,1,0.03,4,4,1
CUST-10743,2024-08-01,8,2024,8,828.54,36,3,0.0668,1,5,1
CUST-10743,2024-09-01,9,2024,9,885.16,39,1,0.03,6,3,1
CUST-10743,2024-10-01,10,2024,10,866.29,38,1,0.03,0,5,1
CUST-10743,2024-11-01,11,2024,11,922.92,41,1,0.03,1,4,1
CUST-10744,2023-12-01,12,2023,0,133.19,8,2,0.1967,2,2,1
CUST-10744,2024-01-01,1,2024,1,133.19,8,2,0.2313,0,3,1
CUST-10744,2024-02-01,2,2024,2,133.19,8,1,0.1536,2,2,1
CUST-10744,2024-03-01,3,2024,3,122.67,7,1,0.1387,4,2,1
CUST-10744,2024-04-01,4,2024,4,122.67,7,2,0.2651,2,2,1
CUST-10744,2024-05-01,5,2024,5,133.19,8,2,0.3316,3,2,1
CUST-10745,2023-12-01,12,2023,0,1478.92,61,10,0.156,3,5,1
CUST-10745,2024-01-01,1,2024,1,1413.52,58,2,0.03,1,5,1
CUST-10745,2024-02-01,2,2024,2,1326.31,54,9,0.1487,3,5,1
CUST-10745,2024-03-01,3,2024,3,1304.51,53,7,0.1257,0,6,1
CUST-10745,2024-04-01,4,2024,4,1217.3,49,2,0.03,1,5,1
CUST-10745,2024-05-01,5,2024,5,1130.09,45,3,0.0679,1,5,1
CUST-10745,2024-06-01,6,2024,6,1086.49,43,6,0.1369,2,5,1
CUST-10745,2024-07-01,7,2024,7,1086.49,43,4,0.0864,5,4,1
CUST-10745,2024-08-01,8,2024,8,1086.49,43,3,0.0691,2,5,1
CUST-10745,2024-09-01,9,2024,9,1042.88,41,1,0.03,2,5,1
CUST-10745,2024-10-01,10,2024,10,999.28,39,1,0.03,0,5,1
CUST-10745,2024-11-01,11,2024,11,977.48,38,1,0.03,2,5,1
CUST-10745,2024-12-01,12,2024,12,846.66,32,1,0.03,1,5,1
CUST-10746,2023-12-01,12,2023,0,1155.8,25,21,0.7948,2,10,1
CUST-10746,2024-01-01,1,2024,1,1155.8,25,21,0.8128,2,10,1
CUST-10746,2024-02-01,2,2024,2,1125.53,24,21,0.8337,0,10,1
CUST-10746,2024-03-01,3,2024,3,1095.26,23,19,0.8058,1,10,1
CUST-10746,2024-04-01,4,2024,4,1064.98,22,17,0.744,2,10,1
CUST-10746,2024-05-01,5,2024,5,1034.71,21,20,0.9129,2,10,1
CUST-10746,2024-06-01,6,2024,6,1004.44,20,18,0.8581,3,10,1
CUST-10746,2024-07-01,7,2024,7,1004.44,20,16,77.0,2,10,1
CUST-10746,2024-08-01,8,2024,8,943.9,18,16,0.8287,0,10,1
CUST-10746,2024-09-01,9,2024,9,913.62,17,15,0.8836,2,10,1
CUST-10746,2024-10-01,10,2024,10,883.35,16,15,0.8726,1,10,1
CUST-10746,2024-11-01,11,2024,11,853.08,15,13,0.8259,2,10,1
CUST-10746,2024-12-01,12,2024,12,822.81,14,14,0.9578,0,10,1
CUST-10747,2023-12-01,12,2023,0,1527.56,16,9,0.4818,1,7,1
CUST-10747,2024-01-01,1,2024,1,1527.56,16,9,0.5353,2,7,1
CUST-10747,2024-02-01,2,2024,2,1527.56,16,9,0.562,1,7,1
CUST-10747,2024-03-01,3,2024,3,1527.56,16,10,0.63,2,7,1
CUST-10747,2024-04-01,4,2024,4,1566.85,17,8,0.5287,1,7,1
CUST-10747,2024-05-01,5,2024,5,1684.7,20,11,0.6415,1,8,1
CUST-10747,2024-06-01,6,2024,6,1684.7,20,7,0.3404,1,7,1
CUST-10747,2024-07-01,7,2024,7,1684.7,20,12,0.6041,1,7,1
CUST-10747,2024-08-01,8,2024,8,1723.99,21,12,0.5839,2,7,1
CUST-10747,2024-09-01,9,2024,9,1763.27,22,15,0.7063,0,8,1
CUST-10747,2024-10-01,10,2024,10,1763.27,22,14,0.6405,1,8,1
CUST-10747,2024-11-01,11,2024,11,1763.27,22,12,0.5417,1,7,1
CUST-10747,2024-12-01,12,2024,12,1723.99,21,11,0.5022,1,7,1
CUST-10748,2023-12-01,12,2023,0,1156.73,27,9,0.3695,0,6,1
CUST-10748,2024-01-01,1,2024,1,1212.86,29,8,0.2943,1,5,1
CUST-10748,2024-02-01,2,2024,2,1297.05,32,8,0.2658,1,5,1
CUST-10748,2024-03-01,3,2024,3,1268.98,31,14,0.4366,1,6,1
CUST-10748,2024-04-01,4,2024,4,1268.98,31,13,0.4252,1,6,1
CUST-10748,2024-05-01,5,2024,5,1353.18,34,14,0.4553,0,6,1
CUST-10748,2024-06-01,6,2024,6,1381.24,35,13,0.394,0,6,1
CUST-10748,2024-07-01,7,2024,7,1465.43,38,13,0.375,0,6,1
CUST-10748,2024-08-01,8,2024,8,1437.37,37,18,0.4795,1,6,1
CUST-10748,2024-09-01,9,2024,9,1493.5,39,16,0.4223,1,6,1
CUST-10749,2023-12-01,12,2023,0,828.22,17,9,0.5392,2,10,1
CUST-10749,2024-01-01,1,2024,1,828.22,17,9,0.5288,2,10,1
CUST-10749,2024-02-01,2,2024,2,828.22,17,9,0.5465,1,10,1
CUST-10749,2024-03-01,3,2024,3,853.46,18,9,0.515,0,10,1
CUST-10749,2024-04-01,4,2024,4,802.97,16,9,0.4879,1,10,1
CUST-10749,2024-05-01,5,2024,5,828.22,17,9,0.5339,0,10,1
CUST-10749,2024-06-01,6,2024,6,802.97,16,10,0.61,1,10,1
CUST-10749,2024-07-01,7,2024,7,802.97,16,4,0.2768,1,10,1
CUST-10749,2024-08-01,8,2024,8,802.97,16,5,0.3154,2,10,1
CUST-10749,2024-09-01,9,2024,9,802.97,16,8,0.5193,2,10,1
CUST-10749,2024-10-01,10,2024,10,777.72,15,5,0.3171,1,10,1
CUST-10749,2024-11-01,11,2024,11,802.97,16,6,0.3717,3,10,1
CUST-10749,2024-12-01,12,2024,12,777.72,15,5,0.3195,2,10,1
CUST-10750,2023-12-01,12,2023,0,60.7,1,0,0.03,1,8,1
CUST-10750,2024-01-01,1,2024,1,60.7,1,0,0.0668,0,8,1
CUST-10750,2024-02-01,2,2024,2,60.7,1,0,0.0459,1,8,1
CUST-10750,2024-03-01,3,2024,3,60.7,1,0,0.195,0,8,1
CUST-10750,2024-04-01,4,2024,4,60.7,1,0,0.1416,2,8,1
CUST-10750,2024-05-01,5,2024,5,60.7,1,0,0.1343,0,8,1
CUST-10750,2024-06-01,6,2024,6,60.7,1,0,0.0634,1,8,1
CUST-10750,2024-07-01,7,2024,7,60.7,1,0,0.0338,2,7,1
CUST-10750,2024-08-01,8,2024,8,60.7,1,0,0.0866,0,8,1
CUST-10750,2024-09-01,9,2024,9,60.7,1,0,0.0558,3,7,1
CUST-10750,2024-10-01,10,2024,10,60.7,1,0,0.0715,2,7,1
CUST-10750,2024-11-01,11,2024,11,60.7,1,0,0.03,1,8,1
CUST-10750,2024-12-01,12,2024,12,60.7,1,0,0.03,1,8,1
CUST-10751,2023-12-01,12,2023,0,121.41,7,2,0.2318,0,7,1
CUST-10751,2024-01-01,1,2024,1,121.41,7,1,0.1595,0,7,1
CUST-10751,2024-02-01,2,2024,2,111.06,6,0,0.03,0,7,1
CUST-10751,2024-03-01,3,2024,3,111.06,6,0,0.03,0,7,1
CUST-10751,2024-04-01,4,2024,4,111.06,6,0,0.03,0,7,1
CUST-10751,2024-05-01,5,2024,5,111.06,6,0,0.03,0,7,1
CUST-10751,2024-06-01,6,2024,6,111.06,6,0,0.03,0,7,1
CUST-10751,2024-07-01,7,2024,7,100.72,5,0,0.03,0,7,1
CUST-10751,2024-08-01,8,2024,8,100.72,5,0,0.03,0,7,1
CUST-10751,2024-09-01,9,2024,9,100.72,5,0,0.03,0,7,1
CUST-10751,2024-10-01,10,2024,10,100.72,5,0,0.03,0,7,1
CUST-10751,2024-11-01,11,2024,11,100.72,5,0,0.03,1,6,1
CUST-10751,2024-12-01,12,2024,12,100.72,5,0,0.03,0,7,1
CUST-10752,2023-12-01,12,2023,0,59.91,1,0,0.03,1,8,1
CUST-10752,2024-01-01,1,2024,1,59.91,1,0,0.03,0,8,1
CUST-10752,2024-02-01,2,2024,2,59.91,1,0,0.03,1,8,1
CUST-10752,2024-03-01,3,2024,3,59.91,1,0,0.0547,0,9,1
CUST-10752,2024-04-01,4,2024,4,59.91,1,0,0.03,1,8,1
CUST-10752,2024-05-01,5,2024,5,59.91,1,0,0.03,0,8,1
CUST-10752,2024-06-01,6,2024,6,59.91,1,0,0.03,2,8,1
CUST-10752,2024-07-01,7,2024,7,59.91,1,0,0.03,0,8,1
CUST-10752,2024-08-01,8,2024,8,59.91,1,0,0.03,0,8,1
CUST-10752,2024-09-01,9,2024,9,59.91,1,0,0.03,0,8,1
CUST-10752,2024-10-01,10,2024,10,59.91,1,0,0.03,0,8,1
CUST-10752,2024-11-01,11,2024,11,59.91,1,0,3.0,1,8,1
CUST-10752,2024-12-01,12,2024,12,59.91,1,0,0.03,0,8,1
CUST-10753,2023-12-01,12,2023,0,486.84,3,2,0.7864,1,7,1
CUST-10753,2024-01-01,1,2024,1,486.84,3,3,0.8306,1,7,1
CUST-10753,2024-02-01,2,2024,2,486.84,3,2,0.7861,0,7,1
CUST-10753,2024-03-01,3,2024,3,486.84,3,3,0.7794,0,7,1
CUST-10753,2024-04-01,4,2024,4,486.84,3,3,0.8997,1,7,1
CUST-10753,2024-05-01,5,2024,5,486.84,3,2,0.6155,1,7,1
CUST-10753,2024-06-01,6,2024,6,486.84,3,2,0.6789,2,7,1
CUST-10753,2024-07-01,7,2024,7,486.84,3,2,0.6016,0,7,1
CUST-10753,2024-08-01,8,2024,8,486.84,3,2,0.6344,0,7,1
CUST-10753,2024-09-01,9,2024,9,486.84,3,2,0.487,2,6,1
CUST-10753,2024-10-01,10,2024,10,486.84,3,2,0.5878,0,7,1
CUST-10753,2024-11-01,11,2024,11,486.84,3,2,0.5578,2,6,1
CUST-10753,2024-12-01,12,2024,12,486.84,3,2,0.4755,0,7,1
CUST-10754,2023-12-01,12,2023,0,451.72,40,16,0.4104,1,9,1
CUST-10754,2024-01-01,1,2024,1,451.72,40,15,0.3763,3,8,1
CUST-10754,2024-02-01,2,2024,2,441.65,39,16,0.4115,0,9,1
CUST-10754,2024-03-01,3,2024,3,431.58,38,14,0.3616,0,9,1
CUST-10754,2024-04-01,4,2024,4,401.38,35,19,0.5123,0,9,1
CUST-10754,2024-05-01,5,2024,5,391.31,34,12,0.351,2,8,1
CUST-10754,2024-06-01,6,2024,6,381.24,33,8,0.2238,0,9,1
CUST-10754,2024-07-01,7,2024,7,361.11,31,7,0.2186,1,8,1
CUST-10754,2024-08-01,8,2024,8,351.04,30,16,0.5113,2,9,1
CUST-10754,2024-09-01,9,2024,9,361.11,31,6,0.185,2,8,1
CUST-10754,2024-10-01,10,2024,10,351.04,30,12,0.3979,1,9,1
CUST-10754,2024-11-01,11,2024,11,340.97,29,9,0.3077,0,9,1
CUST-10754,2024-12-01,12,2024,12,361.11,31,8,0.2849,1,9,1
CUST-10755,2023-12-01,12,2023,0,105.34,5,2,0.429,0,9,1
CUST-10755,2024-01-01,1,2024,1,105.34,5,2,0.3551,2,9,1
CUST-10755,2024-02-01,2,2024,2,105.34,5,2,0.4029,1,9,1
CUST-10755,2024-03-01,3,2024,3,116.61,6,1,0.279,0,9,1
CUST-10755,2024-04-01,4,2024,4,116.61,6,2,0.4016,0,9,1
CUST-10755,2024-05-01,5,2024,5,105.34,5,2,0.4014,1,9,1
CUST-10755,2024-06-01,6,2024,6,105.34,5,1,0.2056,1,9,1
CUST-10755,2024-07-01,7,2024,7,116.61,6,1,0.2455,0,9,1
CUST-10755,2024-08-01,8,2024,8,116.61,6,1,0.2525,1,9,1
CUST-10755,2024-09-01,9,2024,9,116.61,6,1,0.2239,0,9,1
CUST-10755,2024-10-01,10,2024,10,116.61,6,1,0.1112,4,8,1
CUST-10755,2024-11-01,11,2024,11,127.88,7,2,0.3074,1,9,1
CUST-10755,2024-12-01,12,2024,12,127.88,7,2,0.2391,0,9,1
CUST-10756,2023-12-01,12,2023,0,104.2,5,2,0.3694,1,7,1
CUST-10756,2024-01-01,1,2024,1,104.2,5,2,0.3169,2,6,1
CUST-10756,2024-02-01,2,2024,2,104.2,5,2,0.4639,5,6,1
CUST-10756,2024-03-01,3,2024,3,104.2,5,1,0.2916,1,6,1
CUST-10756,2024-04-01,4,2024,4,104.2,5,1,0.2016,0,6,1
CUST-10756,2024-05-01,5,2024,5,104.2,5,2,0.3224,1,6,1
CUST-10756,2024-06-01,6,2024,6,104.2,5,2,0.3405,3,6,1
CUST-10756,2024-07-01,7,2024,7,104.2,5,1,0.1522,0,6,1
CUST-10756,2024-08-01,8,2024,8,104.2,5,0,0.03,2,6,1
CUST-10756,2024-09-01,9,2024,9,104.2,5,0,0.03,3,5,1
CUST-10756,2024-10-01,10,2024,10,104.2,5,0,0.03,1,6,1
CUST-10756,2024-11-01,11,2024,11,104.2,5,0,0.03,2,6,1
CUST-10756,2024-12-01,12,2024,12,104.2,5,0,0.03,1,6,1
CUST-10757,2023-12-01,12,2023,0,4639.51,162,68,0.4232,2,7,1
CUST-10757,2024-01-01,1,2024,1,4456.28,155,84,0.5176,1,8,1
CUST-10757,2024-02-01,2,2024,2,4953.62,174,55,0.3548,0,7,1
CUST-10757,2024-03-01,3,2024,3,4482.46,156,71,0.4051,0,8,1
CUST-10757,2024-04-01,4,2024,4,4796.57,168,66,0.4226,1,7,1
CUST-10757,2024-05-01,5,2024,5,4848.92,170,87,0.5158,0,8,1
CUST-10757,2024-06-01,6,2024,6,5424.79,192,61,0.3564,0,7,1
CUST-10757,2024-07-01,7,2024,7,5529.5,196,81,0.4215,2,7,1
CUST-10757,2024-08-01,8,2024,8,5320.09,188,101,0.515,2,7,1
CUST-10757,2024-09-01,9,2024,9,5555.67,197,92,0.4909,2,7,1
CUST-10757,2024-10-01,10,2024,10,5660.38,201,86,0.4365,3,7,1
CUST-10757,2024-11-01,11,2024,11,5686.55,202,72,0.359,2,7,1
CUST-10757,2024-12-01,12,2024,12,5765.08,205,88,0.4325,1,7,1
CUST-10758,2023-12-01,12,2023,0,968.6,20,4,0.2228,0,6,1
CUST-10758,2024-01-01,1,2024,1,968.6,20,7,0.3499,0,7,1
CUST-10758,2024-02-01,2,2024,2,997.08,21,3,0.1488,0,6,1
CUST-10758,2024-03-01,3,2024,3,968.6,20,6,0.2701,0,7,1
CUST-10758,2024-04-01,4,2024,4,968.6,20,5,0.2322,0,6,1
CUST-10758,2024-05-01,5,2024,5,968.6,20,5,0.2257,0,6,1
CUST-10759,2023-12-01,12,2023,0,401.54,13,2,0.2019,2,10,1
CUST-10759,2024-01-01,1,2024,1,401.54,13,2,0.1275,1,10,1
CUST-10759,2024-02-01,2,2024,2,401.54,13,3,0.2321,0,10,1
CUST-10759,2024-03-01,3,2024,3,382.11,12,4,0.2845,0,10,1
CUST-10759,2024-04-01,4,2024,4,401.54,13,4,36.6,2,10,1
CUST-10759,2024-05-01,5,2024,5,420.96,14,4,0.3214,1,10,1
CUST-10759,2024-06-01,6,2024,6,401.54,13,4,0.275,0,10,1
CUST-10759,2024-07-01,7,2024,7,420.96,14,4,0.2937,2,10,1
CUST-10759,2024-08-01,8,2024,8,440.39,15,6,0.425,3,10,1
CUST-10759,2024-09-01,9,2024,9,440.39,15,4,0.2942,0,10,1
CUST-10759,2024-10-01,10,2024,10,420.96,14,5,0.3526,0,10,1
CUST-10759,2024-11-01,11,2024,11,420.96,14,4,0.2693,0,10,1
CUST-10759,2024-12-01,12,2024,12,440.39,15,4,0.2784,0,10,1
CUST-10760,2023-12-01,12,2023,0,59.7,1,0,0.2146,1,5,1
CUST-10760,2024-01-01,1,2024,1,59.7,1,0,0.2744,2,5,1
CUST-10760,2024-02-01,2,2024,2,59.7,1,0,0.134,0,5,1
CUST-10760,2024-03-01,3,2024,3,59.7,1,0,0.15,1,5,1
CUST-10760,2024-04-01,4,2024,4,59.7,1,0,0.1622,2,5,1
CUST-10760,2024-05-01,5,2024,5,59.7,1,0,0.1349,3,4,1
CUST-10760,2024-06-01,6,2024,6,59.7,1,0,0.0789,0,5,1
CUST-10760,2024-07-01,7,2024,7,59.7,1,0,0.0756,1,5,1
CUST-10760,2024-08-01,8,2024,8,70.41,2,0,0.1576,3,4,1
CUST-10760,2024-09-01,9,2024,9,59.7,1,0,0.03,0,5,1
CUST-10760,2024-10-01,10,2024,10,59.7,1,0,0.1211,1,5,1
CUST-10760,2024-11-01,11,2024,11,59.7,1,0,0.03,2,4,1
CUST-10760,2024-12-01,12,2024,12,70.41,2,0,0.0409,3,4,1
CUST-10761,2023-12-01,12,2023,0,318.84,8,5,0.6548,0,8,1
CUST-10761,2024-01-01,1,2024,1,318.84,8,5,0.6529,1,8,1
CUST-10761,2024-02-01,2,2024,2,318.84,8,4,0.4631,1,8,1
CUST-10761,2024-03-01,3,2024,3,340.07,9,5,0.58,1,8,1
CUST-10761,2024-04-01,4,2024,4,340.07,9,5,0.5722,1,8,1
CUST-10761,2024-05-01,5,2024,5,340.07,9,5,0.5591,1,8,1
CUST-10761,2024-06-01,6,2024,6,318.84,8,5,0.5331,0,8,1
CUST-10761,2024-07-01,7,2024,7,318.84,8,5,0.5556,2,8,1
CUST-10761,2024-08-01,8,2024,8,318.84,8,5,0.5924,2,8,1
CUST-10761,2024-09-01,9,2024,9,318.84,8,3,0.3692,1,8,1
CUST-10761,2024-10-01,10,2024,10,318.84,8,3,0.41,4,7,1
CUST-10761,2024-11-01,11,2024,11,318.84,8,2,0.2853,3,7,1
CUST-10761,2024-12-01,12,2024,12,318.84,8,3,0.347,3,7,1
CUST-10762,2023-12-01,12,2023,0,2396.09,71,21,0.313,0,7,1
CUST-10762,2024-01-01,1,2024,1,2480.47,74,29,0.4151,1,7,1
CUST-10763,2023-12-01,12,2023,0,503.18,17,5,0.2752,1,9,1
CUST-10763,2024-01-01,1,2024,1,503.18,17,2,0.1233,3,8,1
CUST-10763,2024-02-01,2,2024,2,544.85,19,1,0.03,1,8,1
CUST-10763,2024-03-01,3,2024,3,565.68,20,3,0.1739,1,8,1
CUST-10763,2024-04-01,4,2024,4,586.51,21,2,0.1025,2,8,1
CUST-10763,2024-05-01,5,2024,5,544.85,19,3,0.1246,1,8,1
CUST-10763,2024-06-01,6,2024,6,565.68,20,2,0.0786,0,8,1
CUST-10763,2024-07-01,7,2024,7,607.35,22,1,0.03,1,8,1
CUST-10763,2024-08-01,8,2024,8,649.02,24,1,0.03,2,8,1
CUST-10763,2024-09-01,9,2024,9,649.02,24,2,0.0767,2,8,1
CUST-10763,2024-10-01,10,2024,10,669.85,25,1,0.03,4,7,1
CUST-10763,2024-11-01,11,2024,11,690.68,26,1,0.03,1,8,1
CUST-10763,2024-12-01,12,2024,12,732.35,28,1,0.03,2,8,1
CUST-10764,2023-12-01,12,2023,0,170.54,1,1,0.8838,1,10,1
CUST-10764,2024-01-01,1,2024,1,170.54,1,1,0.9071,0,10,1
CUST-10764,2024-02-01,2,2024,2,170.54,1,1,0.8788,0,10,1
CUST-10764,2024-03-01,3,2024,3,170.54,1,1,0.8967,1,10,1
CUST-10764,2024-04-01,4,2024,4,170.54,1,1,0.6758,3,9,1
CUST-10764,2024-05-01,5,2024,5,170.54,1,1,0.6878,1,9,1
CUST-10764,2024-06-01,6,2024,6,170.54,1,1,0.6812,0,10,1
CUST-10764,2024-07-01,7,2024,7,170.54,1,1,0.7791,0,10,1
CUST-10764,2024-08-01,8,2024,8,170.54,1,1,0.8044,1,10,1
CUST-10764,2024-09-01,9,2024,9,170.54,1,1,0.6538,0,10,1
CUST-10764,2024-10-01,10,2024,10,170.54,1,1,0.6563,1,9,1
CUST-10764,2024-11-01,11,2024,11,170.54,1,1,0.6728,2,9,1
CUST-10764,2024-12-01,12,2024,12,192.08,2,1,0.6159,3,9,1
CUST-10765,2023-12-01,12,2023,0,3049.46,52,42,0.8015,0,7,1
CUST-10765,2024-01-01,1,2024,1,2842.69,47,45,0.8537,0,7,1
CUST-10765,2024-02-01,2,2024,2,2842.69,47,38,0.814,0,7,1
CUST-10765,2024-03-01,3,2024,3,2759.98,45,36,0.7737,1,7,1
CUST-10765,2024-04-01,4,2024,4,2759.98,45,39,0.8643,0,7,1
CUST-10765,2024-05-01,5,2024,5,2801.33,46,41,0.9093,0,7,1
CUST-10765,2024-06-01,6,2024,6,2718.62,44,37,0.8068,0,7,1
CUST-10765,2024-07-01,7,2024,7,2842.69,47,39,0.8703,1,7,1
CUST-10765,2024-08-01,8,2024,8,2925.39,49,39,0.834,0,7,1
CUST-10765,2024-09-01,9,2024,9,2801.33,46,44,0.9013,1,7,1
CUST-10765,2024-10-01,10,2024,10,2759.98,45,46,0.9882,0,7,1
CUST-10765,2024-11-01,11,2024,11,2677.27,43,36,0.8089,0,7,1
CUST-10765,2024-12-01,12,2024,12,2801.33,46,41,0.953,1,7,1
CUST-10766,2023-12-01,12,2023,0,71.03,2,0,0.2305,2,5,1
CUST-10766,2024-01-01,1,2024,1,71.03,2,1,0.3858,1,6,1
CUST-10766,2024-02-01,2,2024,2,71.03,2,1,0.3863,0,6,1
CUST-10766,2024-03-01,3,2024,3,71.03,2,0,0.2781,1,5,1
CUST-10766,2024-04-01,4,2024,4,71.03,2,1,0.4445,3,5,1
CUST-10766,2024-05-01,5,2024,5,71.03,2,1,0.4336,0,6,1
CUST-10766,2024-06-01,6,2024,6,71.03,2,1,0.4266,3,5,1
CUST-10766,2024-07-01,7,2024,7,71.03,2,1,0.4693,2,6,1
CUST-10766,2024-08-01,8,2024,8,71.03,2,1,0.5556,0,6,1
CUST-10766,2024-09-01,9,2024,9,71.03,2,1,0.3984,1,6,1
CUST-10766,2024-10-01,10,2024,10,71.03,2,1,0.4397,1,6,1
CUST-10766,2024-11-01,11,2024,11,71.03,2,1,0.4544,0,6,1
CUST-10766,2024-12-01,12,2024,12,71.03,2,1,0.3345,3,5,1
CUST-10767,2023-12-01,12,2023,0,130.7,8,0,0.0507,1,5,1
CUST-10767,2024-01-01,1,2024,1,130.7,8,1,0.1081,1,6,1
CUST-10767,2024-02-01,2,2024,2,120.48,7,1,0.1538,1,6,1
CUST-10767,2024-03-01,3,2024,3,120.48,7,0,0.03,0,6,1
CUST-10767,2024-04-01,4,2024,4,120.48,7,1,0.1405,2,5,1
CUST-10767,2024-05-01,5,2024,5,110.27,6,0,0.0483,1,5,1
CUST-10767,2024-06-01,6,2024,6,120.48,7,0,0.0461,0,6,1
CUST-10767,2024-07-01,7,2024,7,120.48,7,1,0.0969,2,5,1
CUST-10767,2024-08-01,8,2024,8,110.27,6,0,0.03,1,5,1
CUST-10767,2024-09-01,9,2024,9,110.27,6,0,0.0668,3,5,1
CUST-10767,2024-10-01,10,2024,10,110.27,6,0,0.03,1,5,1
CUST-10767,2024-11-01,11,2024,11,110.27,6,1,0.1159,1,6,1
CUST-10767,2024-12-01,12,2024,12,110.27,6,0,0.03,1,5,1
CUST-10768,2023-12-01,12,2023,0,1999.0,50,9,0.1781,1,8,1
CUST-10768,2024-01-01,1,2024,1,1775.0,43,12,0.2496,2,8,1
CUST-10768,2024-02-01,2,2024,2,1711.0,41,18,0.4114,1,9,1
CUST-10768,2024-03-01,3,2024,3,1647.0,39,12,0.3075,0,9,1
CUST-10768,2024-04-01,4,2024,4,1615.0,38,13,0.3258,3,8,1
CUST-10768,2024-05-01,5,2024,5,1551.0,36,14,0.3697,1,9,1
CUST-10768,2024-06-01,6,2024,6,1519.0,35,7,0.2052,1,8,1
CUST-10768,2024-07-01,7,2024,7,1487.0,34,15,0.4265,2,9,1
CUST-10768,2024-08-01,8,2024,8,1551.0,36,14,0.4222,1,9,1
CUST-10768,2024-09-01,9,2024,9,1583.0,37,11,0.3112,1,9,1
CUST-10768,2024-10-01,10,2024,10,1391.0,31,14,0.3716,4,8,1
CUST-10768,2024-11-01,11,2024,11,1327.0,29,11,0.355,3,8,1
CUST-10768,2024-12-01,12,2024,12,1263.0,27,8,0.2827,0,9,1
CUST-10769,2023-12-01,12,2023,0,97.84,5,3,0.5408,1,8,1
CUST-10769,2024-01-01,1,2024,1,97.84,5,3,0.5623,2,8,1
CUST-10769,2024-02-01,2,2024,2,97.84,5,3,0.6216,1,8,1
CUST-10769,2024-03-01,3,2024,3,97.84,5,3,0.6319,0,9,1
CUST-10769,2024-04-01,4,2024,4,97.84,5,2,0.4797,0,8,1
CUST-10769,2024-05-01,5,2024,5,97.84,5,4,0.724,2,8,1
CUST-10770,2023-12-01,12,2023,0,117.33,6,0,0.0645,2,7,1
CUST-10770,2024-01-01,1,2024,1,117.33,6,0,0.03,1,7,1
CUST-10770,2024-02-01,2,2024,2,117.33,6,0,0.03,0,7,1
CUST-10770,2024-03-01,3,2024,3,105.94,5,0,0.03,0,7,1
CUST-10770,2024-04-01,4,2024,4,105.94,5,0,0.0316,2,7,1
CUST-10770,2024-05-01,5,2024,5,105.94,5,0,0.0498,1,7,1
CUST-10770,2024-06-01,6,2024,6,105.94,5,0,0.03,0,7,1
CUST-10770,2024-07-01,7,2024,7,105.94,5,0,0.0753,1,7,1
CUST-10770,2024-08-01,8,2024,8,105.94,5,0,0.03,0,7,1
CUST-10770,2024-09-01,9,2024,9,105.94,5,0,0.03,0,7,1
CUST-10770,2024-10-01,10,2024,10,105.94,5,0,0.03,1,7,1
CUST-10770,2024-11-01,11,2024,11,105.94,5,0,0.0543,3,6,1
CUST-10770,2024-12-01,12,2024,12,105.94,5,0,0.03,3,6,1
CUST-10771,2023-12-01,12,2023,0,152.8,10,6,0.5611,0,5,1
CUST-10771,2024-01-01,1,2024,1,163.18,11,5,0.5182,2,4,1
CUST-10771,2024-02-01,2,2024,2,152.8,10,5,0.4781,2,4,1
CUST-10771,2024-03-01,3,2024,3,152.8,10,4,0.4081,0,4,1
CUST-10771,2024-04-01,4,2024,4,142.42,9,5,0.5282,0,4,1
CUST-10771,2024-05-01,5,2024,5,163.18,11,4,0.4891,2,4,1
CUST-10771,2024-06-01,6,2024,6,173.56,12,5,0.4717,2,4,1
CUST-10771,2024-07-01,7,2024,7,173.56,12,5,0.4111,3,4,1
CUST-10771,2024-08-01,8,2024,8,183.94,13,5,0.4429,2,4,1
CUST-10771,2024-09-01,9,2024,9,194.32,14,6,0.4319,0,4,1
CUST-10771,2024-10-01,10,2024,10,183.94,13,6,0.4229,2,4,1
CUST-10771,2024-11-01,11,2024,11,194.32,14,7,0.5585,0,5,1
CUST-10771,2024-12-01,12,2024,12,183.94,13,6,0.4107,1,4,1
CUST-10772,2023-12-01,12,2023,0,82.05,3,0,0.03,0,5,1
CUST-10772,2024-01-01,1,2024,1,82.05,3,0,0.03,0,5,1
CUST-10772,2024-02-01,2,2024,2,82.05,3,0,0.0769,1,5,1
CUST-10772,2024-03-01,3,2024,3,82.05,3,0,0.03,0,5,1
CUST-10772,2024-04-01,4,2024,4,82.05,3,0,0.0902,0,6,1
CUST-10772,2024-05-01,5,2024,5,82.05,3,0,0.0835,0,5,1
CUST-10772,2024-06-01,6,2024,6,82.05,3,0,0.03,1,5,1
CUST-10772,2024-07-01,7,2024,7,82.05,3,0,0.03,1,5,1
CUST-10772,2024-08-01,8,2024,8,93.06,4,0,0.03,2,5,1
CUST-10772,2024-09-01,9,2024,9,82.05,3,0,0.03,1,5,1
CUST-10772,2024-10-01,10,2024,10,82.05,3,0,0.03,0,5,1
CUST-10772,2024-11-01,11,2024,11,82.05,3,0,0.03,2,5,1
CUST-10772,2024-12-01,12,2024,12,93.06,4,0,0.03,2,5,1
CUST-10773,2023-12-01,12,2023,0,203.19,3,2,0.5818,0,8,1
CUST-10773,2024-01-01,1,2024,1,203.19,3,2,0.6376,0,8,1
CUST-10773,2024-02-01,2,2024,2,203.19,3,1,0.4203,2,7,1
CUST-10773,2024-03-01,3,2024,3,203.19,3,2,0.5294,0,8,1
CUST-10773,2024-04-01,4,2024,4,203.19,3,1,0.4536,1,8,1
CUST-10773,2024-05-01,5,2024,5,203.19,3,2,0.6339,0,8,1
CUST-10773,2024-06-01,6,2024,6,203.19,3,2,0.4983,0,8,1
CUST-10773,2024-07-01,7,2024,7,203.19,3,1,0.457,0,8,1
CUST-10773,2024-08-01,8,2024,8,203.19,3,2,0.4846,1,8,1
CUST-10773,2024-09-01,9,2024,9,221.25,4,1,0.3552,0,8,1
CUST-10773,2024-10-01,10,2024,10,221.25,4,1,0.3087,1,7,1
CUST-10773,2024-11-01,11,2024,11,203.19,3,1,0.2218,0,7,1
CUST-10773,2024-12-01,12,2024,12,203.19,3,1,0.4095,1,8,1
CUST-10774,2023-12-01,12,2023,0,252.95,5,1,0.2427,1,10,1
CUST-10774,2024-01-01,1,2024,1,252.95,5,1,0.2425,1,10,1
CUST-10774,2024-02-01,2,2024,2,252.95,5,1,0.1544,1,10,1
CUST-10774,2024-03-01,3,2024,3,252.95,5,1,0.1866,0,10,1
CUST-10774,2024-04-01,4,2024,4,252.95,5,1,0.2657,0,10,1
CUST-10774,2024-05-01,5,2024,5,252.95,5,0,0.089,2,9,1
CUST-10774,2024-06-01,6,2024,6,273.74,6,0,0.03,1,9,1
CUST-10774,2024-07-01,7,2024,7,273.74,6,0,0.03,1,9,1
CUST-10774,2024-08-01,8,2024,8,273.74,6,0,0.0779,2,9,1
CUST-10774,2024-09-01,9,2024,9,273.74,6,0,0.0397,1,9,1
CUST-10774,2024-10-01,10,2024,10,273.74,6,0,0.03,2,9,1
CUST-10774,2024-11-01,11,2024,11,273.74,6,0,0.03,2,9,1
CUST-10774,2024-12-01,12,2024,12,252.95,5,0,0.03,4,9,1
CUST-10775,2023-12-01,12,2023,0,1477.88,16,9,0.5307,3,8,1
CUST-10775,2024-01-01,1,2024,1,1477.88,16,10,0.6286,1,9,1
CUST-10775,2024-02-01,2,2024,2,1441.7,15,9,0.6001,0,9,1
CUST-10775,2024-03-01,3,2024,3,1514.06,17,11,0.7196,2,9,1
CUST-10775,2024-04-01,4,2024,4,1586.42,19,12,0.7081,3,8,1
CUST-10775,2024-05-01,5,2024,5,1622.6,20,13,0.6659,1,9,1
CUST-10775,2024-06-01,6,2024,6,1622.6,20,14,0.7265,3,8,1
CUST-10775,2024-07-01,7,2024,7,1658.78,21,18,0.8579,2,9,1
CUST-10775,2024-08-01,8,2024,8,1658.78,21,16,0.7943,2,9,1
CUST-10775,2024-09-01,9,2024,9,1658.78,21,18,0.8186,2,9,1
CUST-10775,2024-10-01,10,2024,10,1803.5,25,20,0.9239,2,9,1
CUST-10775,2024-11-01,11,2024,11,1767.32,24,22,0.8865,0,9,1
CUST-10775,2024-12-01,12,2024,12,1767.32,24,20,0.8304,2,9,1
CUST-10776,2023-12-01,12,2023,0,2471.0,74,15,0.2211,3,6,1
CUST-10776,2024-01-01,1,2024,1,2443.0,73,31,0.4158,3,6,1
CUST-10776,2024-02-01,2,2024,2,2387.0,71,17,0.23,1,6,1
CUST-10776,2024-03-01,3,2024,3,2331.0,69,18,0.2549,1,7,1
CUST-10776,2024-04-01,4,2024,4,2191.0,64,21,0.3029,0,7,1
CUST-10776,2024-05-01,5,2024,5,2303.0,68,18,0.2814,1,7,1
CUST-10776,2024-06-01,6,2024,6,2499.0,75,12,0.1817,0,7,1
CUST-10776,2024-07-01,7,2024,7,2527.0,76,12,0.1676,0,7,1
CUST-10776,2024-08-01,8,2024,8,2443.0,73,15,0.1919,0,7,1
CUST-10776,2024-09-01,9,2024,9,2387.0,71,10,0.1323,1,6,1
CUST-10776,2024-10-01,10,2024,10,2359.0,70,19,0.2677,1,7,1
CUST-10776,2024-11-01,11,2024,11,2359.0,70,7,0.0958,0,6,1
CUST-10776,2024-12-01,12,2024,12,2443.0,73,13,0.1924,2,6,1
CUST-10777,2023-12-01,12,2023,0,1094.46,98,47,0.4891,0,4,1
CUST-10777,2024-01-01,1,2024,1,1158.47,104,33,0.3423,0,4,1
CUST-10777,2024-02-01,2,2024,2,1158.47,104,18,0.1735,0,4,1
CUST-10777,2024-03-01,3,2024,3,1083.8,97,28,0.2684,0,4,1
CUST-10777,2024-04-01,4,2024,4,1083.8,97,23,0.2428,0,4,1
CUST-10777,2024-05-01,5,2024,5,1094.46,98,29,0.2957,0,4,1
CUST-10777,2024-06-01,6,2024,6,1041.12,93,21,0.2193,0,4,1
CUST-10777,2024-07-01,7,2024,7,1073.13,96,15,0.1613,0,4,1
CUST-10777,2024-08-01,8,2024,8,1115.8,100,17,0.1724,0,4,1
CUST-10777,2024-09-01,9,2024,9,1211.81,109,3,0.03,0,3,1
CUST-10777,2024-10-01,10,2024,10,1179.81,106,15,13.7,0,4,1
CUST-10777,2024-11-01,11,2024,11,1137.14,102,14,0.1309,0,4,1
CUST-10777,2024-12-01,12,2024,12,1147.8,103,3,0.03,0,3,1
CUST-10778,2023-12-01,12,2023,0,1878.74,197,97,0.4933,2,10,1
CUST-10778,2024-01-01,1,2024,1,1869.45,196,132,0.6671,2,10,1
CUST-10778,2024-02-01,2,2024,2,1878.74,197,99,0.5068,3,9,1
CUST-10778,2024-03-01,3,2024,3,1804.43,189,57,0.2917,2,9,1
CUST-10779,2023-12-01,12,2023,0,1567.21,79,55,0.6855,1,10,1
CUST-10779,2024-01-01,1,2024,1,1459.5,73,41,0.5162,1,10,1
CUST-10779,2024-02-01,2,2024,2,1495.4,75,53,0.7258,2,10,1
CUST-10779,2024-03-01,3,2024,3,1423.59,71,40,0.5307,1,10,1
CUST-10779,2024-04-01,4,2024,4,1567.21,79,43,0.6111,1,10,1
CUST-10779,2024-05-01,5,2024,5,1656.97,84,46,0.5855,3,10,1
CUST-10779,2024-06-01,6,2024,6,1764.68,90,62,0.7339,2,10,1
CUST-10779,2024-07-01,7,2024,7,1854.44,95,52,0.5809,0,10,1
CUST-10779,2024-08-01,8,2024,8,1800.58,92,57,0.6065,3,10,1
CUST-10779,2024-09-01,9,2024,9,1890.34,97,65,0.7047,0,10,1
CUST-10779,2024-10-01,10,2024,10,2033.96,105,57,0.5903,1,10,1
CUST-10779,2024-11-01,11,2024,11,2159.62,112,74,0.7043,0,10,1
CUST-10779,2024-12-01,12,2024,12,2213.48,115,94,0.8453,0,10,1
CUST-10780,2023-12-01,12,2023,0,209.26,3,2,57.3,2,6,1
CUST-10780,2024-01-01,1,2024,1,209.26,3,2,0.5241,0,6,1
CUST-10780,2024-02-01,2,2024,2,209.26,3,2,0.5321,1,6,1
CUST-10780,2024-03-01,3,2024,3,209.26,3,1,0.4768,1,6,1
CUST-10780,2024-04-01,4,2024,4,209.26,3,2,0.6214,2,6,1
CUST-10780,2024-05-01,5,2024,5,209.26,3,2,0.7027,0,7,1
CUST-10780,2024-06-01,6,2024,6,209.26,3,2,0.5708,2,6,1
CUST-10780,2024-07-01,7,2024,7,189.17,2,1,0.502,0,6,1
CUST-10780,2024-08-01,8,2024,8,209.26,3,2,0.6087,0,6,1
CUST-10780,2024-09-01,9,2024,9,189.17,2,2,0.7677,0,7,1
CUST-10780,2024-10-01,10,2024,10,189.17,2,1,0.5967,1,6,1
CUST-10780,2024-11-01,11,2024,11,189.17,2,1,0.6023,1,6,1
CUST-10780,2024-12-01,12,2024,12,189.17,2,1,0.574,3,6,1
CUST-10781,2023-12-01,12,2023,0,876.52,80,31,0.3742,0,10,1
CUST-10781,2024-01-01,1,2024,1,855.83,78,25,0.3105,2,9,1
CUST-10781,2024-02-01,2,2024,2,917.9,84,27,0.3442,1,9,1
CUST-10781,2024-03-01,3,2024,3,948.93,87,31,0.3657,2,9,1
CUST-10781,2024-04-01,4,2024,4,969.62,89,16,0.1857,1,9,1
CUST-10781,2024-05-01,5,2024,5,855.83,78,27,0.3038,1,9,1
CUST-10781,2024-06-01,6,2024,6,814.46,74,25,0.3216,0,10,1
CUST-10781,2024-07-01,7,2024,7,793.77,72,18,0.2471,0,9,1
CUST-10781,2024-08-01,8,2024,8,855.83,78,19,0.2678,0,9,1
CUST-10781,2024-09-01,9,2024,9,804.11,73,21,0.2692,1,9,1
CUST-10781,2024-10-01,10,2024,10,897.21,82,15,0.2007,1,9,1
CUST-10781,2024-11-01,11,2024,11,969.62,89,5,0.058,4,8,1
CUST-10781,2024-12-01,12,2024,12,907.55,83,19,0.2162,3,9,1
CUST-10782,2023-12-01,12,2023,0,109.0,5,1,0.306,2,4,1
CUST-10782,2024-01-01,1,2024,1,109.0,5,1,0.1484,0,5,1
CUST-10782,2024-02-01,2,2024,2,121.0,6,1,0.1448,2,4,1
CUST-10782,2024-03-01,3,2024,3,121.0,6,1,0.1141,2,4,1
CUST-10782,2024-04-01,4,2024,4,121.0,6,1,0.095,1,4,1
CUST-10782,2024-05-01,5,2024,5,121.0,6,0,0.0563,2,4,1
CUST-10782,2024-06-01,6,2024,6,121.0,6,0,0.03,3,4,1
CUST-10783,2023-12-01,12,2023,0,95.08,4,2,0.5705,2,8,1
CUST-10783,2024-01-01,1,2024,1,95.08,4,2,0.5368,1,8,1
CUST-10783,2024-02-01,2,2024,2,95.08,4,2,0.531,1,8,1
CUST-10783,2024-03-01,3,2024,3,95.08,4,2,0.4634,1,8,1
CUST-10783,2024-04-01,4,2024,4,95.08,4,2,0.5708,3,8,1
CUST-10783,2024-05-01,5,2024,5,106.6,5,2,0.4788,1,8,1
CUST-10784,2023-12-01,12,2023,0,70.07,2,1,25.9,0,6,1
CUST-10784,2024-01-01,1,2024,1,70.07,2,1,0.3788,1,6,1
CUST-10784,2024-02-01,2,2024,2,70.07,2,1,0.27,2,6,1
CUST-10784,2024-03-01,3,2024,3,70.07,2,1,0.4258,1,6,1
CUST-10784,2024-04-01,4,2024,4,70.07,2,1,0.3967,1,6,1
CUST-10784,2024-05-01,5,2024,5,70.07,2,1,0.4125,0,6,1
CUST-10785,2023-12-01,12,2023,0,2226.07,61,28,0.4587,0,7,1
CUST-10785,2024-01-01,1,2024,1,2256.02,62,34,0.5548,1,7,1
CUST-10785,2024-02-01,2,2024,2,2375.83,66,30,0.4787,2,6,1
CUST-10785,2024-03-01,3,2024,3,2315.93,64,29,0.4422,1,6,1
CUST-10785,2024-04-01,4,2024,4,2256.02,62,31,0.4845,0,7,1
CUST-10785,2024-05-01,5,2024,5,2345.88,65,33,0.5309,0,7,1
CUST-10785,2024-06-01,6,2024,6,2405.78,67,25,0.3924,0,7,1
CUST-10785,2024-07-01,7,2024,7,2465.69,69,39,0.5872,1,7,1
CUST-10785,2024-08-01,8,2024,8,2495.64,70,35,0.5131,1,7,1
CUST-10785,2024-09-01,9,2024,9,2525.59,71,31,0.4391,0,7,1
CUST-10785,2024-10-01,10,2024,10,2435.74,68,31,0.4316,0,7,1
CUST-10785,2024-11-01,11,2024,11,2405.78,67,37,0.5508,0,7,1
CUST-10785,2024-12-01,12,2024,12,2585.5,73,39,0.5813,0,7,1
CUST-10786,2023-12-01,12,2023,0,81.58,3,1,0.3733,1,9,1
CUST-10786,2024-01-01,1,2024,1,81.58,3,1,0.4265,2,9,1
CUST-10786,2024-02-01,2,2024,2,92.44,4,1,0.3875,4,8,1
CUST-10786,2024-03-01,3,2024,3,92.44,4,2,0.5432,0,10,1
CUST-10786,2024-04-01,4,2024,4,92.44,4,2,0.5093,0,10,1
CUST-10786,2024-05-01,5,2024,5,92.44,4,2,0.4543,0,9,1
CUST-10786,2024-06-01,6,2024,6,92.44,4,2,0.5384,2,9,1
CUST-10786,2024-07-01,7,2024,7,92.44,4,2,0.5036,3,9,1
CUST-10786,2024-08-01,8,2024,8,92.44,4,1,0.3961,2,9,1
CUST-10786,2024-09-01,9,2024,9,92.44,4,2,0.5076,1,9,1
CUST-10786,2024-10-01,10,2024,10,103.3,5,2,0.4156,2,9,1
CUST-10786,2024-11-01,11,2024,11,92.44,4,2,0.4883,0,10,1
CUST-10786,2024-12-01,12,2024,12,103.3,5,2,0.3806,2,9,1
CUST-10787,2023-12-01,12,2023,0,223.45,4,2,0.4446,0,8,1
CUST-10787,2024-01-01,1,2024,1,223.45,4,2,0.4819,3,7,1
CUST-10788,2023-12-01,12,2023,0,173.85,12,5,0.4579,0,8,1
CUST-10789,2023-12-01,12,2023,0,114.95,6,3,0.5642,3,6,1
CUST-10789,2024-01-01,1,2024,1,125.94,7,4,0.6254,3,6,1
CUST-10790,2023-12-01,12,2023,0,60.54,1,1,0.5429,1,8,1
CUST-10790,2024-01-01,1,2024,1,60.54,1,0,0.381,1,8,1
CUST-10790,2024-02-01,2,2024,2,60.54,1,0,0.3445,0,8,1
CUST-10790,2024-03-01,3,2024,3,60.54,1,1,0.4568,0,8,1
CUST-10790,2024-04-01,4,2024,4,60.54,1,1,0.4433,0,8,1
CUST-10790,2024-05-01,5,2024,5,60.54,1,1,0.6108,1,8,1
CUST-10790,2024-06-01,6,2024,6,60.54,1,1,0.4795,1,8,1
CUST-10790,2024-07-01,7,2024,7,60.54,1,1,0.4163,0,8,1
CUST-10790,2024-08-01,8,2024,8,60.54,1,1,0.543,1,8,1
CUST-10790,2024-09-01,9,2024,9,60.54,1,1,0.5073,1,8,1
CUST-10790,2024-10-01,10,2024,10,60.54,1,1,0.6882,0,9,1
CUST-10790,2024-11-01,11,2024,11,60.54,1,1,0.4885,0,8,1
CUST-10790,2024-12-01,12,2024,12,60.54,1,1,0.5288,1,8,1
CUST-10791,2023-12-01,12,2023,0,162.04,10,1,0.0611,7,5,1
CUST-10792,2023-12-01,12,2023,0,380.11,11,4,0.3982,0,5,1
CUST-10792,2024-01-01,1,2024,1,380.11,11,3,0.2416,0,5,1
CUST-10792,2024-02-01,2,2024,2,422.13,13,2,0.2254,0,5,1
CUST-10792,2024-03-01,3,2024,3,401.12,12,3,0.2146,0,4,1
CUST-10792,2024-04-01,4,2024,4,422.13,13,2,0.1426,2,4,1
CUST-10792,2024-05-01,5,2024,5,401.12,12,2,0.1817,1,4,1
CUST-10792,2024-06-01,6,2024,6,380.11,11,1,0.1208,4,3,1
CUST-10792,2024-07-01,7,2024,7,401.12,12,1,0.119,3,4,1
CUST-10792,2024-08-01,8,2024,8,401.12,12,1,0.0961,1,4,1
CUST-10792,2024-09-01,9,2024,9,380.11,11,1,0.0966,2,4,1
CUST-10792,2024-10-01,10,2024,10,380.11,11,1,0.1159,2,4,1
CUST-10792,2024-11-01,11,2024,11,380.11,11,0,0.03,2,4,1
CUST-10792,2024-12-01,12,2024,12,380.11,11,1,0.0508,3,3,1
CUST-10793,2024-01-01,1,2024,0,1667.67,43,29,0.6775,0,6,1
CUST-10793,2024-02-01,2,2024,1,1756.18,46,34,0.7878,1,6,1
CUST-10793,2024-03-01,3,2024,2,1903.7,51,42,0.9015,2,6,1
CUST-10793,2024-04-01,4,2024,3,1874.2,50,49,0.9577,0,7,1
CUST-10793,2024-05-01,5,2024,4,1844.7,49,42,0.8336,0,7,1
CUST-10793,2024-06-01,6,2024,5,1903.7,51,39,0.7921,1,6,1
CUST-10793,2024-07-01,7,2024,6,1962.71,53,39,0.7647,0,7,1
CUST-10793,2024-08-01,8,2024,7,2051.22,56,45,0.8426,0,7,1
CUST-10793,2024-09-01,9,2024,8,2139.74,59,49,0.8805,0,7,1
CUST-10793,2024-10-01,10,2024,9,2169.24,60,59,1.0,0,7,1
CUST-10793,2024-11-01,11,2024,10,2198.74,61,59,0.9834,0,7,1
CUST-10793,2024-12-01,12,2024,11,2228.25,62,50,81.2,0,7,1
CUST-10794,2024-01-01,1,2024,0,95.68,5,4,0.8485,0,7,1
CUST-10794,2024-02-01,2,2024,1,95.68,5,4,0.8633,0,7,1
CUST-10794,2024-03-01,3,2024,2,105.02,6,4,0.7421,1,7,1
CUST-10794,2024-04-01,4,2024,3,105.02,6,5,0.8513,0,7,1
CUST-10794,2024-05-01,5,2024,4,105.02,6,5,0.8666,0,7,1
CUST-10794,2024-06-01,6,2024,5,105.02,6,4,0.7068,0,7,1
CUST-10794,2024-07-01,7,2024,6,105.02,6,5,0.8284,0,7,1
CUST-10794,2024-08-01,8,2024,7,105.02,6,6,0.8523,0,7,1
CUST-10794,2024-09-01,9,2024,8,105.02,6,5,0.7438,0,7,1
CUST-10794,2024-10-01,10,2024,9,105.02,6,5,0.7901,1,7,1
CUST-10794,2024-11-01,11,2024,10,105.02,6,4,0.7072,1,7,1
CUST-10794,2024-12-01,12,2024,11,105.02,6,4,0.7351,2,7,1
CUST-10795,2024-01-01,1,2024,0,14225.48,332,81,0.2444,5,7,1
CUST-10795,2024-02-01,2,2024,1,13944.5,325,107,0.3228,3,7,1
CUST-10795,2024-03-01,3,2024,2,13703.66,319,51,0.1577,0,8,1
CUST-10795,2024-04-01,4,2024,3,13944.5,325,45,0.1416,2,7,1
CUST-10795,2024-05-01,5,2024,4,12499.46,289,29,0.0901,3,7,1
CUST-10795,2024-06-01,6,2024,5,13101.56,304,28,0.0966,3,7,1
CUST-10795,2024-07-01,7,2024,6,12660.02,293,9,0.03,5,6,1
CUST-10795,2024-08-01,8,2024,7,12981.14,301,9,0.03,8,6,1
CUST-10795,2024-09-01,9,2024,8,11656.52,268,9,0.03,6,6,1
CUST-10795,2024-10-01,10,2024,9,11536.1,265,8,0.0312,3,7,1
CUST-10795,2024-11-01,11,2024,10,10934.0,250,8,0.03,3,7,1
CUST-10795,2024-12-01,12,2024,11,9689.66,219,7,0.03,3,7,1
CUST-10796,2024-01-01,1,2024,0,320.47,9,2,0.2189,0,7,1
CUST-10796,2024-02-01,2,2024,1,320.47,9,2,0.2663,0,7,1
CUST-10796,2024-03-01,3,2024,2,320.47,9,3,0.372,1,7,1
CUST-10796,2024-04-01,4,2024,3,320.47,9,4,0.3929,0,7,1
CUST-10796,2024-05-01,5,2024,4,301.42,8,4,0.4149,2,7,1
CUST-10796,2024-06-01,6,2024,5,301.42,8,4,0.4455,2,7,1
CUST-10796,2024-07-01,7,2024,6,301.42,8,2,24.9,1,7,1
CUST-10796,2024-08-01,8,2024,7,320.47,9,3,0.3912,1,7,1
CUST-10796,2024-09-01,9,2024,8,320.47,9,3,0.4007,4,6,1
CUST-10796,2024-10-01,10,2024,9,320.47,9,4,0.4209,1,7,1
CUST-10796,2024-11-01,11,2024,10,339.52,10,4,0.4754,3,7,1
CUST-10796,2024-12-01,12,2024,11,339.52,10,4,0.4362,2,7,1
CUST-10797,2024-01-01,1,2024,0,323.83,9,5,0.5661,0,9,1
CUST-10797,2024-02-01,2,2024,1,343.26,10,6,0.6165,0,10,1
CUST-10797,2024-03-01,3,2024,2,343.26,10,6,0.6699,0,10,1
CUST-10797,2024-04-01,4,2024,3,323.83,9,4,0.4701,1,9,1
CUST-10797,2024-05-01,5,2024,4,343.26,10,6,0.6607,0,10,1
CUST-10797,2024-06-01,6,2024,5,323.83,9,6,0.6304,1,9,1
CUST-10797,2024-07-01,7,2024,6,323.83,9,5,0.5223,0,9,1
CUST-10797,2024-08-01,8,2024,7,323.83,9,6,0.5907,0,9,1
CUST-10797,2024-09-01,9,2024,8,343.26,10,7,0.7126,0,10,1
CUST-10797,2024-10-01,10,2024,9,362.69,11,5,0.4892,0,9,1
CUST-10798,2024-01-01,1,2024,0,256.36,5,1,0.2548,1,8,1
CUST-10799,2024-01-01,1,2024,0,850.58,16,5,0.2917,0,6,1
CUST-10799,2024-02-01,2,2024,1,850.58,16,4,0.2541,2,5,1
CUST-10800,2024-01-01,1,2024,0,85.0,3,1,0.3486,3,4,1
CUST-10800,2024-02-01,2,2024,1,85.0,3,1,0.3951,1,5,1
CUST-10800,2024-03-01,3,2024,2,97.0,4,1,0.4247,1,5,1
CUST-10800,2024-04-01,4,2024,3,97.0,4,2,0.4956,3,4,1
CUST-10800,2024-05-01,5,2024,4,97.0,4,1,0.3737,1,4,1
CUST-10801,2024-01-01,1,2024,0,405.56,14,8,0.5652,1,8,1
CUST-10801,2024-02-01,2,2024,1,405.56,14,7,0.4685,0,8,1
CUST-10801,2024-03-01,3,2024,2,368.91,12,6,0.456,0,8,1
CUST-10801,2024-04-01,4,2024,3,387.24,13,7,0.5498,1,8,1
CUST-10801,2024-05-01,5,2024,4,387.24,13,6,0.4601,1,8,1
CUST-10801,2024-06-01,6,2024,5,387.24,13,5,0.43,1,8,1
CUST-10801,2024-07-01,7,2024,6,368.91,12,7,0.5804,2,8,1
CUST-10801,2024-08-01,8,2024,7,350.59,11,6,0.4867,0,8,1
CUST-10801,2024-09-01,9,2024,8,332.26,10,6,0.5098,3,8,1
CUST-10801,2024-10-01,10,2024,9,332.26,10,5,0.5084,1,8,1
CUST-10801,2024-11-01,11,2024,10,332.26,10,4,0.3931,3,8,1
CUST-10801,2024-12-01,12,2024,11,313.93,9,5,0.5057,0,9,1
CUST-10802,2024-01-01,1,2024,0,581.9,56,17,0.3158,2,8,1
CUST-10802,2024-02-01,2,2024,1,600.93,58,6,0.1042,2,8,1
CUST-10802,2024-03-01,3,2024,2,534.32,51,12,0.2135,0,9,1
CUST-10803,2024-01-01,1,2024,0,571.42,6,1,0.1058,1,4,1
CUST-10803,2024-02-01,2,2024,1,600.15,7,1,0.1078,2,4,1
CUST-10803,2024-03-01,3,2024,2,600.15,7,1,0.0817,7,3,1
CUST-10803,2024-04-01,4,2024,3,600.15,7,0,0.03,2,4,1
CUST-10803,2024-05-01,5,2024,4,600.15,7,0,0.066,2,4,1
CUST-10803,2024-06-01,6,2024,5,571.42,6,0,0.03,1,4,1
CUST-10803,2024-07-01,7,2024,6,571.42,6,0,0.03,2,4,1
CUST-10803,2024-08-01,8,2024,7,571.42,6,0,0.03,1,4,1
CUST-10803,2024-09-01,9,2024,8,571.42,6,1,0.1331,3,4,1
CUST-10803,2024-10-01,10,2024,9,542.68,5,0,0.03,0,4,1
CUST-10803,2024-11-01,11,2024,10,542.68,5,0,0.0391,1,4,1
CUST-10803,2024-12-01,12,2024,11,542.68,5,0,0.03,2,4,1
CUST-10804,2024-01-01,1,2024,0,552.04,20,10,0.454,3,8,1
CUST-10804,2024-02-01,2,2024,1,531.89,19,10,0.4966,2,8,1
CUST-10804,2024-03-01,3,2024,2,552.04,20,8,0.4392,1,8,1
CUST-10804,2024-04-01,4,2024,3,572.19,21,9,0.461,3,8,1
CUST-10804,2024-05-01,5,2024,4,612.5,23,8,0.3596,3,7,1
CUST-10804,2024-06-01,6,2024,5,612.5,23,9,0.4102,1,8,1
CUST-10804,2024-07-01,7,2024,6,612.5,23,6,0.2386,2,7,1
CUST-10804,2024-08-01,8,2024,7,612.5,23,5,0.2155,7,6,1
CUST-10804,2024-09-01,9,2024,8,632.65,24,4,0.1717,2,7,1
CUST-10804,2024-10-01,10,2024,9,592.34,22,1,0.0327,6,6,1
CUST-10804,2024-11-01,11,2024,10,612.5,23,2,0.0984,3,7,1
CUST-10804,2024-12-01,12,2024,11,612.5,23,2,0.0714,3,7,1
CUST-10805,2024-01-01,1,2024,0,207.76,15,9,0.5501,2,6,1
CUST-10805,2024-02-01,2,2024,1,207.76,15,6,0.3924,1,6,1
CUST-10805,2024-03-01,3,2024,2,197.18,14,8,0.5354,2,6,1
CUST-10805,2024-04-01,4,2024,3,197.18,14,8,0.5677,1,7,1
CUST-10805,2024-05-01,5,2024,4,197.18,14,6,0.4597,3,6,1
CUST-10805,2024-06-01,6,2024,5,186.59,13,8,0.5695,2,7,1
CUST-10805,2024-07-01,7,2024,6,186.59,13,7,0.5042,3,6,1
CUST-10805,2024-08-01,8,2024,7,186.59,13,7,0.5516,1,7,1
CUST-10805,2024-09-01,9,2024,8,186.59,13,6,0.5035,0,7,1
CUST-10805,2024-10-01,10,2024,9,186.59,13,6,0.4621,0,7,1
CUST-10805,2024-11-01,11,2024,10,186.59,13,7,0.5387,3,6,1
CUST-10805,2024-12-01,12,2024,11,186.59,13,6,0.4491,0,7,1
CUST-10806,2024-01-01,1,2024,0,1927.43,26,11,0.404,1,5,1
CUST-10806,2024-02-01,2,2024,1,1927.43,26,8,0.3205,1,5,1
CUST-10806,2024-03-01,3,2024,2,1887.88,25,10,0.3742,0,6,1
CUST-10806,2024-04-01,4,2024,3,1848.32,24,9,0.3684,3,5,1
CUST-10806,2024-05-01,5,2024,4,1848.32,24,7,0.2779,0,5,1
CUST-10806,2024-06-01,6,2024,5,1808.76,23,5,0.2092,4,4,1
CUST-10806,2024-07-01,7,2024,6,1808.76,23,6,0.2778,2,5,1
CUST-10806,2024-08-01,8,2024,7,1769.21,22,4,0.1605,3,4,1
CUST-10806,2024-09-01,9,2024,8,1729.65,21,5,0.241,0,5,1
CUST-10806,2024-10-01,10,2024,9,1729.65,21,3,0.1442,4,4,1
CUST-10806,2024-11-01,11,2024,10,1729.65,21,3,0.165,2,5,1
CUST-10806,2024-12-01,12,2024,11,1650.55,19,1,3.0,0,5,1
CUST-10807,2024-01-01,1,2024,0,4897.34,97,54,0.5786,0,8,1
CUST-10807,2024-02-01,2,2024,1,4938.56,98,61,0.6288,0,8,1
CUST-10807,2024-03-01,3,2024,2,5309.54,107,70,0.7125,3,7,1
CUST-10807,2024-04-01,4,2024,3,5474.42,111,95,0.893,1,8,1
CUST-10807,2024-05-01,5,2024,4,6133.94,127,71,0.6363,0,8,1
CUST-10807,2024-06-01,6,2024,5,6463.7,135,93,0.733,0,8,1
CUST-10807,2024-07-01,7,2024,6,6711.02,141,115,0.8554,3,8,1
CUST-10807,2024-08-01,8,2024,7,6834.68,144,120,0.8548,1,8,1
CUST-10807,2024-09-01,9,2024,8,6875.9,145,144,1.0,1,9,1
CUST-10807,2024-10-01,10,2024,9,6917.12,146,145,1.0,1,9,1
CUST-10807,2024-11-01,11,2024,10,7452.98,159,136,0.9321,0,9,1
CUST-10807,2024-12-01,12,2024,11,7246.88,154,159,1.0,1,9,1
CUST-10808,2024-01-01,1,2024,0,7016.52,159,32,0.2162,3,7,1
CUST-10808,2024-02-01,2,2024,1,7285.85,166,25,0.1578,1,7,1
CUST-10808,2024-03-01,3,2024,2,7439.75,170,13,0.0775,3,6,1
CUST-10808,2024-04-01,4,2024,3,7862.97,181,5,0.03,0,7,1
CUST-10808,2024-05-01,5,2024,4,7285.85,166,5,0.03,0,7,1
CUST-10808,2024-06-01,6,2024,5,6862.62,155,6,0.0391,5,6,1
CUST-10808,2024-07-01,7,2024,6,7093.47,161,5,0.03,2,7,1
CUST-10808,2024-08-01,8,2024,7,6824.15,154,5,0.03,2,7,1
CUST-10808,2024-09-01,9,2024,8,7016.52,159,5,0.03,1,7,1
CUST-10808,2024-10-01,10,2024,9,7285.85,166,5,0.03,1,7,1
CUST-10808,2024-11-01,11,2024,10,7747.55,178,5,0.03,8,5,1
CUST-10808,2024-12-01,12,2024,11,7786.02,179,5,0.03,4,6,1
CUST-10809,2024-01-01,1,2024,0,364.95,12,4,0.3209,3,6,1
CUST-10809,2024-02-01,2,2024,1,346.96,11,4,0.3609,2,6,1
CUST-10809,2024-03-01,3,2024,2,364.95,12,3,0.314,3,6,1
CUST-10809,2024-04-01,4,2024,3,364.95,12,4,0.3224,3,6,1
CUST-10809,2024-05-01,5,2024,4,364.95,12,3,0.2598,0,6,1
CUST-10809,2024-06-01,6,2024,5,364.95,12,2,0.2155,1,6,1
CUST-10809,2024-07-01,7,2024,6,346.96,11,5,0.4248,2,6,1
CUST-10809,2024-08-01,8,2024,7,346.96,11,4,0.3305,1,6,1
CUST-10809,2024-09-01,9,2024,8,364.95,12,3,0.2818,2,6,1
CUST-10809,2024-10-01,10,2024,9,382.95,13,5,0.4176,0,7,1
CUST-10810,2024-01-01,1,2024,0,204.37,3,3,0.8352,1,6,1
CUST-10810,2024-02-01,2,2024,1,204.37,3,3,0.7905,1,6,1
CUST-10810,2024-03-01,3,2024,2,204.37,3,2,0.6961,0,6,1
CUST-10810,2024-04-01,4,2024,3,204.37,3,2,0.7089,1,6,1
CUST-10810,2024-05-01,5,2024,4,204.37,3,2,0.6385,2,6,1
CUST-10810,2024-06-01,6,2024,5,204.37,3,2,0.6351,1,6,1
CUST-10810,2024-07-01,7,2024,6,204.37,3,1,0.5338,1,6,1
CUST-10810,2024-08-01,8,2024,7,204.37,3,1,0.4755,0,6,1
CUST-10810,2024-09-01,9,2024,8,204.37,3,1,0.5296,1,6,1
CUST-10811,2024-01-01,1,2024,0,380.37,13,11,0.8433,0,5,1
CUST-10811,2024-02-01,2,2024,1,398.17,14,11,0.8088,0,4,1
CUST-10811,2024-03-01,3,2024,2,398.17,14,10,0.7231,1,4,1
CUST-10811,2024-04-01,4,2024,3,415.97,15,9,0.6426,0,4,1
CUST-10811,2024-05-01,5,2024,4,398.17,14,11,0.7674,0,4,1
CUST-10811,2024-06-01,6,2024,5,415.97,15,10,0.7163,0,4,1
CUST-10811,2024-07-01,7,2024,6,398.17,14,9,0.5951,1,4,1
CUST-10811,2024-08-01,8,2024,7,398.17,14,7,0.529,1,4,1
CUST-10811,2024-09-01,9,2024,8,380.37,13,8,0.5826,1,4,1
CUST-10811,2024-10-01,10,2024,9,380.37,13,7,0.5336,0,4,1
CUST-10811,2024-11-01,11,2024,10,398.17,14,8,0.5617,0,4,1
CUST-10811,2024-12-01,12,2024,11,380.37,13,7,0.5428,0,4,1
CUST-10812,2024-01-01,1,2024,0,79.53,3,1,0.3523,1,9,1
CUST-10812,2024-02-01,2,2024,1,79.53,3,1,0.2248,1,9,1
CUST-10812,2024-03-01,3,2024,2,69.35,2,1,0.3916,2,9,1
CUST-10812,2024-04-01,4,2024,3,69.35,2,1,0.224,2,9,1
CUST-10812,2024-05-01,5,2024,4,69.35,2,1,0.3056,2,9,1
CUST-10812,2024-06-01,6,2024,5,69.35,2,1,0.3454,2,9,1
CUST-10812,2024-07-01,7,2024,6,69.35,2,1,0.3764,1,9,1
CUST-10812,2024-08-01,8,2024,7,69.35,2,1,0.2833,2,9,1
CUST-10812,2024-09-01,9,2024,8,69.35,2,1,0.3466,0,9,1
CUST-10812,2024-10-01,10,2024,9,69.35,2,1,0.2891,0,9,1
CUST-10812,2024-11-01,11,2024,10,69.35,2,0,0.1702,1,9,1
CUST-10812,2024-12-01,12,2024,11,69.35,2,1,0.3646,4,9,1
CUST-10813,2024-01-01,1,2024,0,484.28,20,8,0.384,3,7,1
CUST-10814,2024-01-01,1,2024,0,313.74,8,0,0.03,1,5,1
CUST-10814,2024-02-01,2,2024,1,313.74,8,1,0.1598,2,5,1
CUST-10814,2024-03-01,3,2024,2,313.74,8,1,0.0759,0,5,1
CUST-10814,2024-04-01,4,2024,3,313.74,8,1,0.1316,2,5,1
CUST-10814,2024-05-01,5,2024,4,313.74,8,0,0.03,2,4,1
CUST-10814,2024-06-01,6,2024,5,313.74,8,0,0.03,1,5,1
CUST-10814,2024-07-01,7,2024,6,313.74,8,0,0.03,1,5,1
CUST-10814,2024-08-01,8,2024,7,334.33,9,0,0.03,3,4,1
CUST-10814,2024-09-01,9,2024,8,334.33,9,0,0.03,2,4,1
CUST-10814,2024-10-01,10,2024,9,375.51,11,0,0.03,0,5,1
CUST-10814,2024-11-01,11,2024,10,354.92,10,1,0.0976,2,5,1
CUST-10814,2024-12-01,12,2024,11,354.92,10,0,0.03,1,5,1
CUST-10815,2024-01-01,1,2024,0,59.56,1,0,0.4656,4,7,1
CUST-10815,2024-02-01,2,2024,1,59.56,1,0,0.4242,1,8,1
CUST-10815,2024-03-01,3,2024,2,59.56,1,0,0.4264,0,8,1
CUST-10815,2024-04-01,4,2024,3,59.56,1,0,0.3635,2,7,1
CUST-10815,2024-05-01,5,2024,4,59.56,1,0,0.3942,4,7,1
CUST-10815,2024-06-01,6,2024,5,59.56,1,0,0.2023,2,7,1
CUST-10815,2024-07-01,7,2024,6,59.56,1,0,0.3007,2,7,1
CUST-10815,2024-08-01,8,2024,7,59.56,1,0,0.2278,0,7,1
CUST-10815,2024-09-01,9,2024,8,59.56,1,0,0.2134,3,7,1
CUST-10815,2024-10-01,10,2024,9,59.56,1,0,0.2273,2,7,1
CUST-10815,2024-11-01,11,2024,10,59.56,1,0,0.066,2,6,1
CUST-10815,2024-12-01,12,2024,11,59.56,1,0,0.0936,2,6,1
CUST-10816,2024-01-01,1,2024,0,82.52,3,2,0.5782,0,10,1
CUST-10816,2024-02-01,2,2024,1,82.52,3,2,0.6402,1,10,1
CUST-10816,2024-03-01,3,2024,2,82.52,3,2,0.4573,1,9,1
CUST-10816,2024-04-01,4,2024,3,82.52,3,2,0.5584,1,10,1
CUST-10816,2024-05-01,5,2024,4,93.69,4,1,0.3682,1,9,1
CUST-10816,2024-06-01,6,2024,5,93.69,4,2,0.4233,0,9,1
CUST-10816,2024-07-01,7,2024,6,93.69,4,1,0.3429,0,9,1
CUST-10816,2024-08-01,8,2024,7,93.69,4,1,0.3033,2,9,1
CUST-10816,2024-09-01,9,2024,8,93.69,4,1,0.2933,1,9,1
CUST-10816,2024-10-01,10,2024,9,93.69,4,1,0.2759,2,9,1
CUST-10816,2024-11-01,11,2024,10,104.86,5,1,0.2108,2,9,1
CUST-10817,2024-01-01,1,2024,0,69.95,2,0,0.2141,0,7,1
CUST-10817,2024-02-01,2,2024,1,69.95,2,1,0.2633,1,7,1
CUST-10817,2024-03-01,3,2024,2,69.95,2,1,0.2891,1,7,1
CUST-10817,2024-04-01,4,2024,3,69.95,2,0,0.1521,0,7,1
CUST-10817,2024-05-01,5,2024,4,69.95,2,0,0.1146,1,7,1
CUST-10817,2024-06-01,6,2024,5,69.95,2,0,22.7,0,7,1
CUST-10817,2024-07-01,7,2024,6,69.95,2,1,0.3156,0,8,1
CUST-10817,2024-08-01,8,2024,7,69.95,2,0,0.2309,0,7,1
CUST-10817,2024-09-01,9,2024,8,69.95,2,0,0.1725,0,7,1
CUST-10817,2024-10-01,10,2024,9,69.95,2,0,0.0864,0,7,1
CUST-10817,2024-11-01,11,2024,10,69.95,2,0,0.0397,0,7,1
CUST-10817,2024-12-01,12,2024,11,69.95,2,0,0.0467,0,7,1
CUST-10818,2024-01-01,1,2024,0,1006.49,21,15,0.7681,0,6,1
CUST-10818,2024-02-01,2,2024,1,1093.27,24,15,0.7346,3,5,1
CUST-10818,2024-03-01,3,2024,2,1093.27,24,16,0.6563,2,5,1
CUST-10818,2024-04-01,4,2024,3,1093.27,24,19,0.7828,0,6,1
CUST-10818,2024-05-01,5,2024,4,1093.27,24,14,0.5837,2,5,1
CUST-10818,2024-06-01,6,2024,5,1122.2,25,18,0.7452,1,6,1
CUST-10818,2024-07-01,7,2024,6,1093.27,24,16,0.6242,1,5,1
CUST-10818,2024-08-01,8,2024,7,1064.34,23,16,66.8,1,5,1
CUST-10818,2024-09-01,9,2024,8,1035.42,22,16,0.6789,0,6,1
CUST-10818,2024-10-01,10,2024,9,1064.34,23,16,0.7275,1,6,1
CUST-10818,2024-11-01,11,2024,10,1093.27,24,14,0.6296,0,6,1
CUST-10818,2024-12-01,12,2024,11,1122.2,25,18,0.7626,1,6,1
CUST-10819,2024-01-01,1,2024,0,80.5,3,1,0.3108,2,5,1
CUST-10819,2024-02-01,2,2024,1,80.5,3,1,0.4493,0,6,1
CUST-10819,2024-03-01,3,2024,2,80.5,3,1,0.2383,1,5,1
CUST-10819,2024-04-01,4,2024,3,80.5,3,1,0.4136,1,5,1
CUST-10819,2024-05-01,5,2024,4,80.5,3,1,0.3454,1,5,1
CUST-10820,2024-01-01,1,2024,0,80.5,3,0,0.0939,1,5,1
CUST-10820,2024-02-01,2,2024,1,80.5,3,0,0.0479,3,4,1
CUST-10820,2024-03-01,3,2024,2,80.5,3,0,0.1365,0,5,1
CUST-10820,2024-04-01,4,2024,3,80.5,3,0,0.03,2,4,1
CUST-10820,2024-05-01,5,2024,4,70.0,2,0,0.03,2,4,1
CUST-10820,2024-06-01,6,2024,5,70.0,2,0,0.03,3,4,1
CUST-10820,2024-07-01,7,2024,6,70.0,2,0,0.03,1,5,1
CUST-10820,2024-08-01,8,2024,7,70.0,2,0,0.03,4,4,1
CUST-10820,2024-09-01,9,2024,8,70.0,2,0,0.03,1,5,1
CUST-10820,2024-10-01,10,2024,9,70.0,2,0,0.03,3,4,1
CUST-10820,2024-11-01,11,2024,10,70.0,2,0,0.03,1,5,1
CUST-10820,2024-12-01,12,2024,11,70.0,2,0,0.03,2,4,1
CUST-10821,2024-01-01,1,2024,0,17333.0,415,110,0.2799,1,7,1
CUST-10821,2024-02-01,2,2024,1,16739.0,400,133,0.3212,1,7,1
CUST-10821,2024-03-01,3,2024,2,16818.2,402,182,0.4566,2,7,1
CUST-10821,2024-04-01,4,2024,3,18204.2,437,179,0.4456,1,7,1
CUST-10821,2024-05-01,5,2024,4,16145.0,385,158,0.3608,0,7,1
CUST-10821,2024-06-01,6,2024,5,15947.0,380,141,0.3668,1,7,1
CUST-10821,2024-07-01,7,2024,6,16145.0,385,189,0.4981,1,7,1
CUST-10821,2024-08-01,8,2024,7,17610.2,422,170,0.4415,0,7,1
CUST-10821,2024-09-01,9,2024,8,16659.8,398,203,0.4818,0,8,1
CUST-10821,2024-10-01,10,2024,9,14244.2,337,224,0.5635,0,8,1
CUST-10821,2024-11-01,11,2024,10,14363.0,340,236,0.6983,0,8,1
CUST-10821,2024-12-01,12,2024,11,14838.2,352,211,0.6203,2,7,1
CUST-10822,2024-01-01,1,2024,0,571.22,6,4,0.6898,0,9,1
CUST-10822,2024-02-01,2,2024,1,571.22,6,4,0.7087,0,9,1
CUST-10822,2024-03-01,3,2024,2,571.22,6,4,0.5997,0,9,1
CUST-10822,2024-04-01,4,2024,3,571.22,6,3,0.5189,0,9,1
CUST-10822,2024-05-01,5,2024,4,542.52,5,3,0.5039,0,9,1
CUST-10822,2024-06-01,6,2024,5,542.52,5,3,0.5858,0,9,1
CUST-10822,2024-07-01,7,2024,6,542.52,5,3,0.5003,0,9,1
CUST-10822,2024-08-01,8,2024,7,513.82,4,3,0.5336,0,9,1
CUST-10822,2024-09-01,9,2024,8,513.82,4,2,0.5321,0,9,1
CUST-10822,2024-10-01,10,2024,9,542.52,5,2,0.4222,0,9,1
CUST-10822,2024-11-01,11,2024,10,542.52,5,1,0.2559,0,8,1
CUST-10822,2024-12-01,12,2024,11,542.52,5,2,0.417,0,9,1
CUST-10823,2024-01-01,1,2024,0,182.22,13,6,0.4424,1,6,1
CUST-10823,2024-02-01,2,2024,1,171.98,12,6,0.4575,2,6,1
CUST-10823,2024-03-01,3,2024,2,161.73,11,5,0.4515,3,5,1
CUST-10823,2024-04-01,4,2024,3,171.98,12,5,0.4573,0,6,1
CUST-10823,2024-05-01,5,2024,4,171.98,12,7,0.5802,0,6,1
CUST-10823,2024-06-01,6,2024,5,161.73,11,6,0.5325,0,6,1
CUST-10823,2024-07-01,7,2024,6,161.73,11,7,0.616,0,6,1
CUST-10823,2024-08-01,8,2024,7,161.73,11,6,0.5354,3,6,1
CUST-10823,2024-09-01,9,2024,8,171.98,12,6,0.5287,4,5,1
CUST-10823,2024-10-01,10,2024,9,171.98,12,5,0.4292,1,6,1
CUST-10823,2024-11-01,11,2024,10,192.47,14,5,0.4147,2,6,1
CUST-10823,2024-12-01,12,2024,11,182.22,13,5,0.3906,5,5,1
CUST-10824,2024-01-01,1,2024,0,710.18,28,6,0.2162,2,5,1
CUST-10824,2024-02-01,2,2024,1,710.18,28,1,0.03,5,4,1
CUST-10824,2024-03-01,3,2024,2,830.43,34,4,0.149,0,5,1
CUST-10824,2024-04-01,4,2024,3,850.47,35,4,0.115,1,5,1
CUST-10824,2024-05-01,5,2024,4,870.51,36,4,0.1238,2,5,1
CUST-10824,2024-06-01,6,2024,5,930.64,39,5,0.1489,0,5,1
CUST-10824,2024-07-01,7,2024,6,870.51,36,1,0.03,0,5,1
CUST-10825,2024-01-01,1,2024,0,1025.56,20,3,0.1704,1,7,1
CUST-10825,2024-02-01,2,2024,1,1056.89,21,2,0.0844,1,6,1
CUST-10825,2024-03-01,3,2024,2,1088.22,22,2,0.0718,0,7,1
CUST-10825,2024-04-01,4,2024,3,1088.22,22,6,0.2578,0,7,1
CUST-10825,2024-05-01,5,2024,4,1088.22,22,3,0.1449,2,6,1
CUST-10825,2024-06-01,6,2024,5,1119.54,23,3,0.1137,3,6,1
CUST-10825,2024-07-01,7,2024,6,1119.54,23,4,0.1549,1,7,1
CUST-10825,2024-08-01,8,2024,7,1150.87,24,2,0.091,2,6,1
CUST-10825,2024-09-01,9,2024,8,1150.87,24,3,0.1251,4,6,1
CUST-10825,2024-10-01,10,2024,9,1119.54,23,1,0.03,1,6,1
CUST-10825,2024-11-01,11,2024,10,1119.54,23,1,0.03,1,6,1
CUST-10825,2024-12-01,12,2024,11,1182.2,25,1,0.03,4,6,1
CUST-10826,2024-01-01,1,2024,0,100.78,5,3,0.5989,1,9,1
CUST-10827,2024-01-01,1,2024,0,95.61,4,2,0.5961,0,5,1
CUST-10827,2024-02-01,2,2024,1,95.61,4,2,0.5381,0,5,1
CUST-10828,2024-01-01,1,2024,0,511.64,4,2,0.4979,2,8,1
CUST-10828,2024-02-01,2,2024,1,511.64,4,1,0.2562,3,8,1
CUST-10828,2024-03-01,3,2024,2,511.64,4,1,0.3712,0,8,1
CUST-10828,2024-04-01,4,2024,3,511.64,4,2,0.4156,1,8,1
CUST-10828,2024-05-01,5,2024,4,511.64,4,2,0.4015,1,8,1
CUST-10828,2024-06-01,6,2024,5,511.64,4,1,0.2704,0,8,1
CUST-10828,2024-07-01,7,2024,6,511.64,4,1,0.3695,1,8,1
CUST-10828,2024-08-01,8,2024,7,511.64,4,1,0.1521,3,7,1
CUST-10828,2024-09-01,9,2024,8,483.48,3,1,0.3054,1,8,1
CUST-10828,2024-10-01,10,2024,9,483.48,3,1,0.2737,2,8,1
CUST-10828,2024-11-01,11,2024,10,483.48,3,1,0.4316,2,8,1
CUST-10828,2024-12-01,12,2024,11,483.48,3,1,0.1502,2,8,1
CUST-10829,2024-01-01,1,2024,0,230.22,4,2,0.58,1,8,1
CUST-10829,2024-02-01,2,2024,1,230.22,4,3,0.6036,2,8,1
CUST-10829,2024-03-01,3,2024,2,230.22,4,2,0.5563,1,8,1
CUST-10829,2024-04-01,4,2024,3,230.22,4,3,0.6952,3,8,1
CUST-10829,2024-05-01,5,2024,4,230.22,4,2,0.5256,3,7,1
CUST-10829,2024-06-01,6,2024,5,230.22,4,3,0.7246,1,8,1
CUST-10829,2024-07-01,7,2024,6,230.22,4,3,0.7689,0,8,1
CUST-10829,2024-08-01,8,2024,7,230.22,4,2,0.5861,1,8,1
CUST-10829,2024-09-01,9,2024,8,230.22,4,3,0.7022,2,8,1
CUST-10829,2024-10-01,10,2024,9,230.22,4,3,0.673,0,8,1
CUST-10829,2024-11-01,11,2024,10,230.22,4,3,0.7051,2,8,1
CUST-10829,2024-12-01,12,2024,11,230.22,4,4,0.8777,2,8,1
CUST-10830,2024-01-01,1,2024,0,327.2,9,4,0.462,0,5,1
CUST-10830,2024-02-01,2,2024,1,347.0,10,4,0.4592,1,5,1
CUST-10830,2024-03-01,3,2024,2,327.2,9,4,0.4518,0,5,1
CUST-10830,2024-04-01,4,2024,3,347.0,10,3,0.3201,1,5,1
CUST-10830,2024-05-01,5,2024,4,347.0,10,5,0.4744,0,5,1
CUST-10830,2024-06-01,6,2024,5,366.8,11,5,0.4595,3,5,1
CUST-10830,2024-07-01,7,2024,6,366.8,11,7,0.6016,0,6,1
CUST-10830,2024-08-01,8,2024,7,386.6,12,6,0.491,3,5,1
CUST-10830,2024-09-01,9,2024,8,386.6,12,6,0.4771,4,5,1
CUST-10830,2024-10-01,10,2024,9,406.4,13,7,0.544,1,5,1
CUST-10830,2024-11-01,11,2024,10,406.4,13,7,0.5381,0,6,1
CUST-10830,2024-12-01,12,2024,11,426.2,14,6,0.4545,2,5,1
CUST-10831,2024-01-01,1,2024,0,95.7,4,1,0.1423,0,7,1
CUST-10831,2024-02-01,2,2024,1,95.7,4,0,0.0863,1,6,1
CUST-10831,2024-03-01,3,2024,2,95.7,4,1,0.1576,2,6,1
CUST-10831,2024-04-01,4,2024,3,95.7,4,0,0.0889,3,6,1
CUST-10832,2024-01-01,1,2024,0,264.76,6,1,0.1599,2,7,1
CUST-10832,2024-02-01,2,2024,1,264.76,6,1,0.1711,3,6,1
CUST-10832,2024-03-01,3,2024,2,264.76,6,1,0.1902,3,6,1
CUST-10832,2024-04-01,4,2024,3,264.76,6,2,0.3572,3,7,1
CUST-10832,2024-05-01,5,2024,4,264.76,6,1,0.193,0,7,1
CUST-10832,2024-06-01,6,2024,5,245.47,5,2,0.2713,0,7,1
CUST-10832,2024-07-01,7,2024,6,245.47,5,3,0.5823,2,8,1
CUST-10832,2024-08-01,8,2024,7,245.47,5,2,0.3768,3,7,1
CUST-10832,2024-09-01,9,2024,8,245.47,5,2,0.3801,2,7,1
CUST-10832,2024-10-01,10,2024,9,245.47,5,3,0.5032,1,8,1
CUST-10832,2024-11-01,11,2024,10,245.47,5,3,0.5517,3,7,1
CUST-10832,2024-12-01,12,2024,11,245.47,5,3,0.7167,1,8,1
CUST-10833,2024-01-01,1,2024,0,186.44,13,4,0.3232,4,7,1
CUST-10833,2024-02-01,2,2024,1,186.44,13,4,0.2981,1,8,1
CUST-10833,2024-03-01,3,2024,2,186.44,13,7,0.5328,3,8,1
CUST-10833,2024-04-01,4,2024,3,175.86,12,6,0.4761,0,9,1
CUST-10833,2024-05-01,5,2024,4,175.86,12,4,0.3593,5,7,1
CUST-10833,2024-06-01,6,2024,5,175.86,12,7,0.5643,1,9,1
CUST-10833,2024-07-01,7,2024,6,175.86,12,6,0.4921,0,9,1
CUST-10833,2024-08-01,8,2024,7,165.29,11,5,0.4389,1,8,1
CUST-10833,2024-09-01,9,2024,8,165.29,11,7,0.5906,3,8,1
CUST-10833,2024-10-01,10,2024,9,154.72,10,5,0.4661,0,9,1
CUST-10833,2024-11-01,11,2024,10,154.72,10,4,0.3972,1,8,1
CUST-10833,2024-12-01,12,2024,11,154.72,10,5,0.462,3,8,1
CUST-10834,2024-01-01,1,2024,0,95.8,4,1,0.2444,1,6,1
CUST-10834,2024-02-01,2,2024,1,95.8,4,1,0.193,0,6,1
CUST-10834,2024-03-01,3,2024,2,95.8,4,1,0.1545,1,6,1
CUST-10834,2024-04-01,4,2024,3,95.8,4,0,0.1043,6,5,1
CUST-10834,2024-05-01,5,2024,4,95.8,4,1,0.1452,2,6,1
CUST-10834,2024-06-01,6,2024,5,95.8,4,0,0.0525,2,5,1
CUST-10834,2024-07-01,7,2024,6,95.8,4,0,0.03,1,6,1
CUST-10834,2024-08-01,8,2024,7,95.8,4,0,0.03,3,5,1
CUST-10834,2024-09-01,9,2024,8,95.8,4,0,0.03,2,5,1
CUST-10834,2024-10-01,10,2024,9,95.8,4,0,0.03,3,5,1
CUST-10834,2024-11-01,11,2024,10,95.8,4,0,0.03,4,5,1
CUST-10834,2024-12-01,12,2024,11,95.8,4,0,0.03,0,6,1
CUST-10835,2024-01-01,1,2024,0,108.9,6,1,0.2148,1,6,1
CUST-10835,2024-02-01,2,2024,1,118.89,7,1,0.1878,1,6,1
CUST-10835,2024-03-01,3,2024,2,108.9,6,1,0.1384,0,6,1
CUST-10835,2024-04-01,4,2024,3,108.9,6,1,0.233,2,6,1
CUST-10835,2024-05-01,5,2024,4,108.9,6,0,0.03,1,6,1
CUST-10835,2024-06-01,6,2024,5,108.9,6,1,0.2445,0,7,1
CUST-10835,2024-07-01,7,2024,6,108.9,6,1,0.1219,2,6,1
CUST-10835,2024-08-01,8,2024,7,108.9,6,2,0.261,0,7,1
CUST-10835,2024-09-01,9,2024,8,108.9,6,1,0.1959,0,7,1
CUST-10835,2024-10-01,10,2024,9,108.9,6,1,0.2292,2,6,1
CUST-10836,2024-01-01,1,2024,0,87.69,4,2,0.382,1,8,1
CUST-10836,2024-02-01,2,2024,1,87.69,4,2,0.4171,0,8,1
CUST-10836,2024-03-01,3,2024,2,97.36,5,2,0.3847,1,8,1
CUST-10836,2024-04-01,4,2024,3,97.36,5,1,0.3004,2,8,1
CUST-10837,2024-01-01,1,2024,0,327.32,27,17,0.6749,2,8,1
CUST-10837,2024-02-01,2,2024,1,337.62,28,18,0.6458,2,8,1
CUST-10837,2024-03-01,3,2024,2,347.93,29,17,0.6255,1,8,1
CUST-10837,2024-04-01,4,2024,3,347.93,29,21,0.7331,0,8,1
CUST-10837,2024-05-01,5,2024,4,368.55,31,17,0.5935,2,8,1
CUST-10837,2024-06-01,6,2024,5,358.24,30,19,0.6108,4,7,1
CUST-10837,2024-07-01,7,2024,6,378.86,32,18,0.6079,2,8,1
CUST-10837,2024-08-01,8,2024,7,368.55,31,19,0.5946,1,8,1
CUST-10837,2024-09-01,9,2024,8,378.86,32,18,0.5974,1,8,1
CUST-10837,2024-10-01,10,2024,9,389.16,33,17,0.5523,1,8,1
CUST-10837,2024-11-01,11,2024,10,389.16,33,23,0.6861,0,8,1
CUST-10837,2024-12-01,12,2024,11,389.16,33,20,0.6122,1,8,1
CUST-10838,2024-01-01,1,2024,0,1460.6,13,4,0.2747,1,10,1
CUST-10838,2024-02-01,2,2024,1,1460.6,13,4,0.2793,2,10,1
CUST-10838,2024-03-01,3,2024,2,1460.6,13,1,0.0819,2,10,1
CUST-10838,2024-04-01,4,2024,3,1503.8,14,4,0.2756,1,10,1
CUST-10838,2024-05-01,5,2024,4,1460.6,13,3,0.2004,3,10,1
CUST-10839,2024-01-01,1,2024,0,622.23,8,2,0.272,0,6,1
CUST-10839,2024-02-01,2,2024,1,622.23,8,4,0.515,2,6,1
CUST-10839,2024-03-01,3,2024,2,622.23,8,4,0.5505,2,6,1
CUST-10839,2024-04-01,4,2024,3,622.23,8,3,0.3282,1,6,1
CUST-10839,2024-05-01,5,2024,4,622.23,8,4,0.485,0,7,1
CUST-10839,2024-06-01,6,2024,5,622.23,8,2,28.7,0,6,1
CUST-10839,2024-07-01,7,2024,6,622.23,8,3,0.3441,0,6,1
CUST-10839,2024-08-01,8,2024,7,622.23,8,2,0.3093,1,6,1
CUST-10839,2024-09-01,9,2024,8,650.14,9,3,0.3805,0,6,1
CUST-10839,2024-10-01,10,2024,9,650.14,9,2,0.2796,0,6,1
CUST-10839,2024-11-01,11,2024,10,650.14,9,2,0.1934,0,6,1
CUST-10839,2024-12-01,12,2024,11,650.14,9,2,0.2699,3,6,1
CUST-10840,2024-01-01,1,2024,0,61.0,1,0,0.3742,0,7,1
CUST-10840,2024-02-01,2,2024,1,61.0,1,0,0.4357,1,7,1
CUST-10840,2024-03-01,3,2024,2,61.0,1,0,0.3185,2,7,1
CUST-10840,2024-04-01,4,2024,3,61.0,1,0,0.4407,2,7,1
CUST-10840,2024-05-01,5,2024,4,61.0,1,1,0.4974,1,7,1
CUST-10840,2024-06-01,6,2024,5,61.0,1,0,0.4486,2,7,1
CUST-10840,2024-07-01,7,2024,6,61.0,1,1,0.6046,2,7,1
CUST-10840,2024-08-01,8,2024,7,61.0,1,1,0.499,0,7,1
CUST-10840,2024-09-01,9,2024,8,61.0,1,0,0.3688,1,7,1
CUST-10840,2024-10-01,10,2024,9,61.0,1,1,0.514,0,8,1
CUST-10840,2024-11-01,11,2024,10,61.0,1,0,0.3877,1,7,1
CUST-10840,2024-12-01,12,2024,11,61.0,1,1,0.3985,1,7,1
CUST-10841,2024-01-01,1,2024,0,1632.54,46,25,0.5378,2,4,1
CUST-10841,2024-02-01,2,2024,1,1686.17,48,25,0.5515,4,4,1
CUST-10841,2024-03-01,3,2024,2,1659.35,47,27,0.5545,2,4,1
CUST-10841,2024-04-01,4,2024,3,1766.62,51,30,0.6317,1,4,1
CUST-10841,2024-05-01,5,2024,4,1847.06,54,28,0.5516,3,4,1
CUST-10841,2024-06-01,6,2024,5,1847.06,54,29,0.5326,3,4,1
CUST-10841,2024-07-01,7,2024,6,1954.33,58,33,0.5966,0,5,1
CUST-10841,2024-08-01,8,2024,7,1927.51,57,27,0.4712,2,4,1
CUST-10841,2024-09-01,9,2024,8,1900.7,56,28,0.4878,0,4,1
CUST-10841,2024-10-01,10,2024,9,1981.14,59,32,0.5636,2,4,1
CUST-10841,2024-11-01,11,2024,10,2115.22,64,34,0.5636,0,4,1
CUST-10841,2024-12-01,12,2024,11,2222.49,68,39,0.6125,2,4,1
CUST-10842,2024-01-01,1,2024,0,73.0,2,0,0.2224,0,7,1
CUST-10842,2024-02-01,2,2024,1,73.0,2,0,0.2055,1,7,1
CUST-10842,2024-03-01,3,2024,2,73.0,2,0,0.03,2,6,1
CUST-10842,2024-04-01,4,2024,3,73.0,2,0,0.0852,3,6,1
CUST-10842,2024-05-01,5,2024,4,73.0,2,0,0.03,5,5,1
CUST-10842,2024-06-01,6,2024,5,73.0,2,0,0.069,1,6,1
CUST-10842,2024-07-01,7,2024,6,85.0,3,0,0.03,0,6,1
CUST-10842,2024-08-01,8,2024,7,85.0,3,0,0.03,1,6,1
CUST-10842,2024-09-01,9,2024,8,85.0,3,0,0.03,3,6,1
CUST-10842,2024-10-01,10,2024,9,85.0,3,0,0.03,0,6,1
CUST-10842,2024-11-01,11,2024,10,85.0,3,0,0.03,0,6,1
CUST-10842,2024-12-01,12,2024,11,85.0,3,0,0.03,1,6,1
CUST-10843,2024-01-01,1,2024,0,4947.13,169,58,0.3581,0,9,1
CUST-10843,2024-02-01,2,2024,1,5081.69,174,69,0.4048,1,9,1
CUST-10843,2024-03-01,3,2024,2,5754.49,199,41,0.2375,1,8,1
CUST-10843,2024-04-01,4,2024,3,5727.58,198,47,0.2357,2,8,1
CUST-10843,2024-05-01,5,2024,4,5754.49,199,45,0.2286,0,9,1
CUST-10843,2024-06-01,6,2024,5,6023.61,209,33,0.1655,0,8,1
CUST-10843,2024-07-01,7,2024,6,6238.9,217,9,0.044,1,8,1
CUST-10843,2024-08-01,8,2024,7,6508.02,227,6,0.03,1,8,1
CUST-10843,2024-09-01,9,2024,8,6965.53,244,29,0.129,2,8,1
CUST-10843,2024-10-01,10,2024,9,6723.32,235,7,0.03,0,8,1
CUST-10843,2024-11-01,11,2024,10,6857.88,240,7,0.03,0,8,1
CUST-10843,2024-12-01,12,2024,11,7153.91,251,7,0.03,0,8,1
CUST-10844,2024-01-01,1,2024,0,92.15,4,2,0.3837,2,5,1
CUST-10844,2024-02-01,2,2024,1,92.15,4,1,0.2113,0,5,1
CUST-10844,2024-03-01,3,2024,2,102.94,5,1,0.2464,1,5,1
CUST-10844,2024-04-01,4,2024,3,102.94,5,1,0.1847,0,5,1
CUST-10844,2024-05-01,5,2024,4,102.94,5,1,0.1093,0,5,1
CUST-10844,2024-06-01,6,2024,5,102.94,5,1,0.2407,1,5,1
CUST-10844,2024-07-01,7,2024,6,102.94,5,1,0.1981,0,5,1
CUST-10844,2024-08-01,8,2024,7,102.94,5,1,0.1382,0,5,1
CUST-10844,2024-09-01,9,2024,8,102.94,5,1,0.2292,0,6,1
CUST-10845,2024-01-01,1,2024,0,437.75,15,12,0.7381,0,9,1
CUST-10845,2024-02-01,2,2024,1,418.5,14,10,0.6487,1,9,1
CUST-10845,2024-03-01,3,2024,2,418.5,14,10,0.6925,0,9,1
CUST-10845,2024-04-01,4,2024,3,399.25,13,9,0.6721,1,9,1
CUST-10845,2024-05-01,5,2024,4,399.25,13,9,0.7179,2,9,1
CUST-10845,2024-06-01,6,2024,5,399.25,13,8,0.6543,0,9,1
CUST-10845,2024-07-01,7,2024,6,360.75,11,10,0.8048,0,9,1
CUST-10845,2024-08-01,8,2024,7,341.5,10,8,0.7066,2,9,1
CUST-10845,2024-09-01,9,2024,8,341.5,10,8,0.8165,0,9,1
CUST-10845,2024-10-01,10,2024,9,341.5,10,8,0.8216,0,9,1
CUST-10845,2024-11-01,11,2024,10,341.5,10,8,0.8096,0,9,1
CUST-10845,2024-12-01,12,2024,11,341.5,10,9,0.9012,0,9,1
CUST-10846,2024-01-01,1,2024,0,323.5,25,4,0.1404,0,6,1
CUST-10846,2024-02-01,2,2024,1,345.46,27,1,0.0571,0,6,1
CUST-10846,2024-03-01,3,2024,2,356.44,28,2,0.0712,2,6,1
CUST-10846,2024-04-01,4,2024,3,389.38,31,3,0.0944,0,6,1
CUST-10846,2024-05-01,5,2024,4,400.36,32,1,0.03,1,6,1
CUST-10846,2024-06-01,6,2024,5,411.34,33,1,0.03,3,5,1
CUST-10846,2024-07-01,7,2024,6,422.32,34,1,0.03,0,6,1
CUST-10846,2024-08-01,8,2024,7,433.3,35,1,0.03,1,6,1
CUST-10846,2024-09-01,9,2024,8,444.28,36,1,0.03,1,6,1
CUST-10846,2024-10-01,10,2024,9,466.24,38,1,0.03,1,6,1
CUST-10846,2024-11-01,11,2024,10,444.28,36,1,0.03,3,5,1
CUST-10846,2024-12-01,12,2024,11,455.26,37,1,0.03,2,5,1
CUST-10847,2024-01-01,1,2024,0,244.92,5,0,0.0438,4,5,1
CUST-10847,2024-02-01,2,2024,1,244.92,5,0,0.03,3,5,1
CUST-10847,2024-03-01,3,2024,2,244.92,5,0,0.03,2,6,1
CUST-10847,2024-04-01,4,2024,3,244.92,5,0,0.03,2,6,1
CUST-10847,2024-05-01,5,2024,4,244.92,5,0,0.03,2,6,1
CUST-10847,2024-06-01,6,2024,5,244.92,5,0,0.03,1,6,1
CUST-10847,2024-07-01,7,2024,6,244.92,5,0,0.03,0,6,1
CUST-10847,2024-08-01,8,2024,7,244.92,5,0,0.03,2,6,1
CUST-10847,2024-09-01,9,2024,8,244.92,5,0,0.03,1,6,1
CUST-10847,2024-10-01,10,2024,9,244.92,5,0,0.03,2,6,1
CUST-10847,2024-11-01,11,2024,10,244.92,5,0,0.03,2,6,1
CUST-10847,2024-12-01,12,2024,11,244.92,5,0,0.03,1,6,1
CUST-10848,2024-01-01,1,2024,0,1291.54,11,7,0.6209,0,10,1
CUST-10848,2024-02-01,2,2024,1,1291.54,11,6,0.5441,0,10,1
CUST-10848,2024-03-01,3,2024,2,1255.85,10,6,0.5297,0,10,1
CUST-10848,2024-04-01,4,2024,3,1255.85,10,5,0.4832,0,10,1
CUST-10848,2024-05-01,5,2024,4,1220.16,9,4,0.4027,0,10,1
CUST-10848,2024-06-01,6,2024,5,1255.85,10,4,0.3991,0,10,1
CUST-10848,2024-07-01,7,2024,6,1255.85,10,6,0.5588,0,10,1
CUST-10848,2024-08-01,8,2024,7,1255.85,10,3,0.3221,0,10,1
CUST-10848,2024-09-01,9,2024,8,1255.85,10,3,0.3179,0,10,1
CUST-10848,2024-10-01,10,2024,9,1291.54,11,5,0.4481,0,10,1
CUST-10848,2024-11-01,11,2024,10,1291.54,11,5,0.4336,0,10,1
CUST-10848,2024-12-01,12,2024,11,1291.54,11,3,0.2298,0,10,1
CUST-10849,2024-01-01,1,2024,0,69.09,2,1,0.5452,1,10,1
CUST-10849,2024-02-01,2,2024,1,69.09,2,1,0.4041,0,10,1
CUST-10849,2024-03-01,3,2024,2,69.09,2,1,0.3942,3,9,1
CUST-10849,2024-04-01,4,2024,3,69.09,2,1,0.4314,0,10,1
CUST-10850,2024-01-01,1,2024,0,1391.0,31,30,0.954,0,10,1
CUST-10850,2024-02-01,2,2024,1,1391.0,31,21,0.6945,1,9,1
CUST-10850,2024-03-01,3,2024,2,1391.0,31,20,0.6552,1,9,1
CUST-10850,2024-04-01,4,2024,3,1455.0,33,17,0.5664,2,9,1
CUST-10850,2024-05-01,5,2024,4,1487.0,34,17,0.5283,2,8,1
CUST-10850,2024-06-01,6,2024,5,1551.0,36,16,0.4857,2,8,1
CUST-10850,2024-07-01,7,2024,6,1583.0,37,19,0.5402,2,9,1
CUST-10850,2024-08-01,8,2024,7,1615.0,38,15,0.4151,3,8,1
CUST-10850,2024-09-01,9,2024,8,1551.0,36,9,0.2496,1,8,1
CUST-10850,2024-10-01,10,2024,9,1519.0,35,10,0.2751,2,8,1
CUST-10850,2024-11-01,11,2024,10,1519.0,35,8,0.2414,3,8,1
CUST-10850,2024-12-01,12,2024,11,1551.0,36,4,0.1077,3,7,1
CUST-10851,2024-01-01,1,2024,0,104.44,5,1,0.1838,0,8,1
CUST-10851,2024-02-01,2,2024,1,104.44,5,2,0.326,0,8,1
CUST-10851,2024-03-01,3,2024,2,104.44,5,1,0.1399,3,7,1
CUST-10851,2024-04-01,4,2024,3,115.53,6,1,0.1379,3,7,1
CUST-10851,2024-05-01,5,2024,4,115.53,6,1,0.1411,2,7,1
CUST-10851,2024-06-01,6,2024,5,115.53,6,0,0.0556,1,7,1
CUST-10851,2024-07-01,7,2024,6,115.53,6,0,0.03,0,8,1
CUST-10851,2024-08-01,8,2024,7,104.44,5,0,0.03,2,7,1
CUST-10851,2024-09-01,9,2024,8,104.44,5,0,0.03,2,7,1
CUST-10851,2024-10-01,10,2024,9,115.53,6,0,0.03,1,7,1
CUST-10851,2024-11-01,11,2024,10,104.44,5,0,0.03,1,7,1
CUST-10851,2024-12-01,12,2024,11,104.44,5,0,0.03,1,7,1
CUST-10852,2024-01-01,1,2024,0,618.07,7,3,0.4374,0,7,1
CUST-10853,2024-01-01,1,2024,0,243.41,17,3,0.1702,0,7,1
CUST-10853,2024-02-01,2,2024,1,254.85,18,3,0.1553,4,6,1
CUST-10853,2024-03-01,3,2024,2,254.85,18,4,0.2364,2,7,1
CUST-10853,2024-04-01,4,2024,3,277.72,20,5,0.2938,1,7,1
CUST-10853,2024-05-01,5,2024,4,277.72,20,7,0.339,2,7,1
CUST-10853,2024-06-01,6,2024,5,277.72,20,4,0.2228,2,7,1
CUST-10853,2024-07-01,7,2024,6,266.28,19,7,0.3688,3,7,1
CUST-10853,2024-08-01,8,2024,7,266.28,19,7,0.3376,3,7,1
CUST-10853,2024-09-01,9,2024,8,289.16,21,5,0.2645,2,7,1
CUST-10853,2024-10-01,10,2024,9,300.59,22,5,0.2281,1,7,1
CUST-10853,2024-11-01,11,2024,10,300.59,22,8,0.3634,1,8,1
CUST-10853,2024-12-01,12,2024,11,300.59,22,9,0.4154,3,7,1
CUST-10854,2024-01-01,1,2024,0,290.82,22,15,0.7374,0,5,1
CUST-10854,2024-02-01,2,2024,1,279.83,21,16,0.7555,1,5,1
CUST-10854,2024-03-01,3,2024,2,290.82,22,16,0.7445,0,5,1
CUST-10854,2024-04-01,4,2024,3,279.83,21,15,0.7145,2,4,1
CUST-10854,2024-05-01,5,2024,4,257.85,19,12,0.5653,1,4,1
CUST-10854,2024-06-01,6,2024,5,290.82,22,12,0.5954,4,4,1
CUST-10854,2024-07-01,7,2024,6,301.82,23,11,0.5143,2,4,1
CUST-10854,2024-08-01,8,2024,7,301.82,23,11,0.4907,2,4,1
CUST-10854,2024-09-01,9,2024,8,334.79,26,8,0.3556,2,4,1
CUST-10854,2024-10-01,10,2024,9,334.79,26,10,0.4009,0,4,1
CUST-10854,2024-11-01,11,2024,10,345.78,27,8,0.3091,1,4,1
CUST-10854,2024-12-01,12,2024,11,378.76,30,8,0.2879,1,4,1
CUST-10855,2024-01-01,1,2024,0,59.81,1,0,0.2967,2,3,1
CUST-10855,2024-02-01,2,2024,1,59.81,1,0,0.3795,1,4,1
CUST-10855,2024-03-01,3,2024,2,59.81,1,0,0.2319,2,3,1
CUST-10855,2024-04-01,4,2024,3,59.81,1,0,0.3478,1,4,1
CUST-10855,2024-05-01,5,2024,4,59.81,1,0,0.346,0,4,1
CUST-10855,2024-06-01,6,2024,5,59.81,1,0,0.3143,2,4,1
CUST-10855,2024-07-01,7,2024,6,59.81,1,0,0.3055,1,4,1
CUST-10855,2024-08-01,8,2024,7,59.81,1,0,0.3816,0,4,1
CUST-10855,2024-09-01,9,2024,8,59.81,1,0,0.2772,1,4,1
CUST-10855,2024-10-01,10,2024,9,59.81,1,0,0.3632,1,4,1
CUST-10855,2024-11-01,11,2024,10,59.81,1,1,0.5224,0,4,1
CUST-10855,2024-12-01,12,2024,11,59.81,1,1,0.4284,3,4,1
CUST-10856,2024-02-01,2,2024,0,211.83,3,0,0.1264,0,6,1
CUST-10856,2024-03-01,3,2024,1,211.83,3,1,0.3184,2,6,1
CUST-10856,2024-04-01,4,2024,2,211.83,3,0,0.03,0,6,1
CUST-10856,2024-05-01,5,2024,3,211.83,3,0,0.0728,4,5,1
CUST-10856,2024-06-01,6,2024,4,211.83,3,0,0.03,3,5,1
CUST-10856,2024-07-01,7,2024,5,211.83,3,0,0.03,0,6,1
CUST-10856,2024-08-01,8,2024,6,211.83,3,0,0.03,3,5,1
CUST-10856,2024-09-01,9,2024,7,211.83,3,0,0.03,0,6,1
CUST-10856,2024-10-01,10,2024,8,211.83,3,0,0.03,2,5,1
CUST-10856,2024-11-01,11,2024,9,211.83,3,0,0.0388,3,5,1
CUST-10856,2024-12-01,12,2024,10,211.83,3,0,0.03,1,5,1
CUST-10857,2024-02-01,2,2024,0,1199.86,29,10,0.318,1,7,1
CUST-10857,2024-03-01,3,2024,1,1117.02,26,9,0.3235,3,7,1
CUST-10857,2024-04-01,4,2024,2,1089.4,25,10,0.3712,2,7,1
CUST-10857,2024-05-01,5,2024,3,1061.78,24,11,0.4289,0,8,1
CUST-10857,2024-06-01,6,2024,4,1061.78,24,11,0.4625,3,7,1
CUST-10857,2024-07-01,7,2024,5,1034.17,23,12,0.4929,2,7,1
CUST-10857,2024-08-01,8,2024,6,1006.55,22,13,59.3,1,8,1
CUST-10857,2024-09-01,9,2024,7,978.94,21,12,0.5445,3,7,1
CUST-10857,2024-10-01,10,2024,8,978.94,21,11,0.5205,3,7,1
CUST-10857,2024-11-01,11,2024,9,978.94,21,10,0.4575,0,8,1
CUST-10858,2024-02-01,2,2024,0,1419.86,39,30,0.7991,2,10,1
CUST-10858,2024-03-01,3,2024,1,1419.86,39,28,0.7368,1,10,1
CUST-10858,2024-04-01,4,2024,2,1341.34,36,25,0.6329,2,10,1
CUST-10858,2024-05-01,5,2024,3,1288.98,34,25,0.6941,2,10,1
CUST-10858,2024-06-01,6,2024,4,1315.16,35,24,0.7088,3,10,1
CUST-10858,2024-07-01,7,2024,5,1315.16,35,28,0.81,1,10,1
CUST-10858,2024-08-01,8,2024,6,1393.69,38,22,0.6278,1,10,1
CUST-10858,2024-09-01,9,2024,7,1288.98,34,19,0.495,0,10,1
CUST-10858,2024-10-01,10,2024,8,1315.16,35,17,0.5034,0,10,1
CUST-10858,2024-11-01,11,2024,9,1315.16,35,13,0.3632,1,10,1
CUST-10858,2024-12-01,12,2024,10,1315.16,35,18,0.5274,2,10,1
CUST-10859,2024-02-01,2,2024,0,72.5,2,0,0.0345,4,6,1
CUST-10859,2024-03-01,3,2024,1,72.5,2,0,0.03,0,7,1
CUST-10859,2024-04-01,4,2024,2,72.5,2,0,0.0821,2,6,1
CUST-10859,2024-05-01,5,2024,3,72.5,2,0,0.03,1,7,1
CUST-10859,2024-06-01,6,2024,4,72.5,2,0,0.073,1,7,1
CUST-10859,2024-07-01,7,2024,5,72.5,2,0,0.03,1,7,1
CUST-10859,2024-08-01,8,2024,6,72.5,2,0,0.03,2,6,1
CUST-10859,2024-09-01,9,2024,7,72.5,2,0,0.03,1,7,1
CUST-10859,2024-10-01,10,2024,8,72.5,2,0,0.03,1,7,1
CUST-10859,2024-11-01,11,2024,9,72.5,2,0,0.03,2,6,1
CUST-10859,2024-12-01,12,2024,10,72.5,2,0,0.03,1,7,1
CUST-10860,2024-02-01,2,2024,0,335.7,33,13,0.418,1,6,1
CUST-10860,2024-03-01,3,2024,1,344.39,34,6,0.1809,0,6,1
CUST-10860,2024-04-01,4,2024,2,353.08,35,1,0.03,2,5,1
CUST-10861,2024-02-01,2,2024,0,481.11,17,2,0.1077,1,10,1
CUST-10861,2024-03-01,3,2024,1,481.11,17,1,0.0472,0,10,1
CUST-10861,2024-04-01,4,2024,2,500.65,18,1,0.0601,1,10,1
CUST-10861,2024-05-01,5,2024,3,500.65,18,1,0.03,5,9,1
CUST-10861,2024-06-01,6,2024,4,461.58,16,1,0.03,0,10,1
CUST-10861,2024-07-01,7,2024,5,461.58,16,0,0.03,2,10,1
CUST-10861,2024-08-01,8,2024,6,461.58,16,0,0.03,2,10,1
CUST-10861,2024-09-01,9,2024,7,481.11,17,0,0.03,5,9,1
CUST-10861,2024-10-01,10,2024,8,461.58,16,1,0.03,0,10,1
CUST-10861,2024-11-01,11,2024,9,481.11,17,0,0.03,1,10,1
CUST-10861,2024-12-01,12,2024,10,520.18,19,1,0.03,1,10,1
CUST-10862,2024-02-01,2,2024,0,101.26,5,4,0.7543,0,10,1
CUST-10862,2024-03-01,3,2024,1,101.26,5,4,0.7228,0,10,1
CUST-10862,2024-04-01,4,2024,2,111.71,6,4,0.7107,0,10,1
CUST-10862,2024-05-01,5,2024,3,111.71,6,4,0.7107,0,10,1
CUST-10862,2024-06-01,6,2024,4,111.71,6,4,0.6938,0,10,1
CUST-10862,2024-07-01,7,2024,5,111.71,6,4,0.6974,0,10,1
CUST-10862,2024-08-01,8,2024,6,111.71,6,5,0.7667,0,10,1
CUST-10862,2024-09-01,9,2024,7,111.71,6,4,0.755,0,10,1
CUST-10862,2024-10-01,10,2024,8,122.16,7,4,0.7086,0,10,1
CUST-10862,2024-11-01,11,2024,9,122.16,7,6,0.9391,0,10,1
CUST-10862,2024-12-01,12,2024,10,122.16,7,6,0.8395,0,10,1
CUST-10863,2024-02-01,2,2024,0,253.0,17,12,0.6879,0,8,1
CUST-10863,2024-03-01,3,2024,1,265.0,18,12,0.7282,1,8,1
CUST-10863,2024-04-01,4,2024,2,277.0,19,14,0.7621,1,8,1
CUST-10863,2024-05-01,5,2024,3,277.0,19,17,0.8915,0,8,1
CUST-10863,2024-06-01,6,2024,4,277.0,19,14,0.7576,0,8,1
CUST-10863,2024-07-01,7,2024,5,265.0,18,16,0.8108,0,8,1
CUST-10863,2024-08-01,8,2024,6,265.0,18,14,0.7832,0,8,1
CUST-10863,2024-09-01,9,2024,7,277.0,19,17,91.5,1,8,1
CUST-10863,2024-10-01,10,2024,8,265.0,18,18,0.9516,0,8,1
CUST-10863,2024-11-01,11,2024,9,277.0,19,17,0.9448,0,8,1
CUST-10863,2024-12-01,12,2024,10,265.0,18,19,0.9673,0,8,1
CUST-10864,2024-02-01,2,2024,0,273.48,6,2,0.3474,0,5,1
CUST-10864,2024-03-01,3,2024,1,294.22,7,1,0.1733,1,5,1
CUST-10864,2024-04-01,4,2024,2,294.22,7,2,0.346,2,5,1
CUST-10864,2024-05-01,5,2024,3,273.48,6,2,0.2624,1,5,1
CUST-10864,2024-06-01,6,2024,4,294.22,7,1,0.2126,1,5,1
CUST-10864,2024-07-01,7,2024,5,273.48,6,3,0.4184,1,5,1
CUST-10864,2024-08-01,8,2024,6,273.48,6,2,0.2997,1,5,1
CUST-10864,2024-09-01,9,2024,7,273.48,6,2,0.3302,1,5,1
CUST-10864,2024-10-01,10,2024,8,273.48,6,2,0.38,0,5,1
CUST-10864,2024-11-01,11,2024,9,273.48,6,2,0.3937,0,5,1
CUST-10864,2024-12-01,12,2024,10,273.48,6,2,0.3101,1,5,1
CUST-10865,2024-02-01,2,2024,0,384.22,12,7,0.6054,1,9,1
CUST-10865,2024-03-01,3,2024,1,384.22,12,7,0.572,2,9,1
CUST-10865,2024-04-01,4,2024,2,384.22,12,4,0.3458,0,9,1
CUST-10865,2024-05-01,5,2024,3,384.22,12,5,0.4352,3,8,1
CUST-10865,2024-06-01,6,2024,4,403.83,13,6,0.5136,0,9,1
CUST-10865,2024-07-01,7,2024,5,403.83,13,5,0.4131,0,9,1
CUST-10865,2024-08-01,8,2024,6,423.43,14,7,0.5729,1,9,1
CUST-10865,2024-09-01,9,2024,7,443.03,15,7,0.4775,0,9,1
CUST-10865,2024-10-01,10,2024,8,443.03,15,7,0.4516,0,9,1
CUST-10865,2024-11-01,11,2024,9,462.63,16,6,0.4256,3,8,1
CUST-10865,2024-12-01,12,2024,10,443.03,15,7,0.3979,2,8,1
CUST-10866,2024-02-01,2,2024,0,298.38,7,1,0.0869,2,6,1
CUST-10866,2024-03-01,3,2024,1,319.72,8,0,0.0621,0,6,1
CUST-10866,2024-04-01,4,2024,2,341.06,9,0,0.03,0,6,1
CUST-10866,2024-05-01,5,2024,3,341.06,9,1,0.1114,0,6,1
CUST-10866,2024-06-01,6,2024,4,319.72,8,0,0.03,0,6,1
CUST-10866,2024-07-01,7,2024,5,319.72,8,0,0.03,0,6,1
CUST-10866,2024-08-01,8,2024,6,319.72,8,0,0.0397,0,6,1
CUST-10866,2024-09-01,9,2024,7,341.06,9,0,0.03,0,6,1
CUST-10866,2024-10-01,10,2024,8,341.06,9,0,0.03,0,6,1
CUST-10866,2024-11-01,11,2024,9,319.72,8,0,0.03,0,6,1
CUST-10866,2024-12-01,12,2024,10,319.72,8,0,0.03,0,6,1
CUST-10867,2024-02-01,2,2024,0,1771.85,77,44,0.626,2,8,1
CUST-10867,2024-03-01,3,2024,1,1603.24,69,53,0.696,1,8,1
CUST-10867,2024-04-01,4,2024,2,1624.32,70,48,0.6933,1,8,1
CUST-10867,2024-05-01,5,2024,3,1645.4,71,47,0.6705,1,8,1
CUST-10867,2024-06-01,6,2024,4,1624.32,70,60,0.8491,1,9,1
CUST-10867,2024-07-01,7,2024,5,1687.55,73,43,0.6119,1,8,1
CUST-10867,2024-08-01,8,2024,6,1624.32,70,54,0.7394,1,9,1
CUST-10867,2024-09-01,9,2024,7,1540.02,66,50,0.7127,1,8,1
CUST-10867,2024-10-01,10,2024,8,1645.4,71,51,0.7632,0,9,1
CUST-10867,2024-11-01,11,2024,9,1518.94,65,48,67.0,0,9,1
CUST-10867,2024-12-01,12,2024,10,1476.79,63,50,0.7639,2,8,1
CUST-10868,2024-02-01,2,2024,0,829.08,15,8,0.5222,2,7,1
CUST-10868,2024-03-01,3,2024,1,829.08,15,9,0.6104,0,8,1
CUST-10868,2024-04-01,4,2024,2,800.41,14,7,0.4308,2,7,1
CUST-10868,2024-05-01,5,2024,3,800.41,14,9,0.6072,1,8,1
CUST-10868,2024-06-01,6,2024,4,771.74,13,6,0.4058,2,7,1
CUST-10868,2024-07-01,7,2024,5,743.06,12,7,0.5155,2,7,1
CUST-10868,2024-08-01,8,2024,6,714.39,11,8,0.6662,0,8,1
CUST-10868,2024-09-01,9,2024,7,743.06,12,7,0.6008,2,8,1
CUST-10868,2024-10-01,10,2024,8,771.74,13,5,0.4642,0,8,1
CUST-10868,2024-11-01,11,2024,9,743.06,12,7,0.5282,1,8,1
CUST-10868,2024-12-01,12,2024,10,743.06,12,7,0.6291,2,8,1
CUST-10869,2024-02-01,2,2024,0,836.28,15,7,51.5,5,5,1
CUST-10869,2024-03-01,3,2024,1,836.28,15,8,0.5272,1,6,1
CUST-10870,2024-02-01,2,2024,0,571.8,6,2,0.3266,0,9,1
CUST-10871,2024-02-01,2,2024,0,81.87,3,1,0.3056,2,7,1
CUST-10871,2024-03-01,3,2024,1,81.87,3,1,0.2725,4,6,1
CUST-10871,2024-04-01,4,2024,2,81.87,3,1,0.3905,1,7,1
CUST-10871,2024-05-01,5,2024,3,81.87,3,1,0.2705,3,6,1
CUST-10871,2024-06-01,6,2024,4,70.91,2,1,0.3411,0,7,1
CUST-10871,2024-07-01,7,2024,5,70.91,2,1,0.3933,1,7,1
CUST-10871,2024-08-01,8,2024,6,81.87,3,1,0.2522,4,6,1
CUST-10871,2024-09-01,9,2024,7,70.91,2,1,0.3489,2,7,1
CUST-10871,2024-10-01,10,2024,8,70.91,2,1,0.3055,3,7,1
CUST-10871,2024-11-01,11,2024,9,81.87,3,1,0.3153,3,7,1
CUST-10871,2024-12-01,12,2024,10,81.87,3,1,0.2399,2,7,1
CUST-10872,2024-02-01,2,2024,0,243.94,19,6,0.2665,0,10,1
CUST-10872,2024-03-01,3,2024,1,233.68,18,4,0.2132,3,9,1
CUST-10873,2024-02-01,2,2024,0,84.93,3,0,0.0366,1,4,1
CUST-10873,2024-03-01,3,2024,1,84.93,3,0,0.03,1,4,1
CUST-10873,2024-04-01,4,2024,2,84.93,3,0,0.03,2,4,1
CUST-10873,2024-05-01,5,2024,3,84.93,3,0,0.03,1,4,1
CUST-10874,2024-02-01,2,2024,0,136.48,9,5,0.5512,2,7,1
CUST-10874,2024-03-01,3,2024,1,136.48,9,5,0.5612,0,8,1
CUST-10874,2024-04-01,4,2024,2,136.48,9,5,0.5891,2,7,1
CUST-10874,2024-05-01,5,2024,3,136.48,9,6,0.6736,1,8,1
CUST-10874,2024-06-01,6,2024,4,136.48,9,6,0.6663,2,7,1
CUST-10874,2024-07-01,7,2024,5,126.76,8,5,0.6344,5,7,1
CUST-10874,2024-08-01,8,2024,6,126.76,8,6,0.7447,0,8,1
CUST-10874,2024-09-01,9,2024,7,126.76,8,5,0.6258,2,7,1
CUST-10874,2024-10-01,10,2024,8,136.48,9,5,0.681,2,8,1
CUST-10874,2024-11-01,11,2024,9,126.76,8,7,0.812,0,8,1
CUST-10874,2024-12-01,12,2024,10,126.76,8,6,0.7305,3,7,1
CUST-10875,2024-02-01,2,2024,0,91.24,4,1,0.2388,1,8,1
CUST-10875,2024-03-01,3,2024,1,91.24,4,1,0.2389,0,8,1
CUST-10875,2024-04-01,4,2024,2,91.24,4,1,0.2079,1,8,1
CUST-10875,2024-05-01,5,2024,3,91.24,4,1,0.2137,3,8,1
CUST-10875,2024-06-01,6,2024,4,91.24,4,1,18.6,2,8,1
CUST-10875,2024-07-01,7,2024,5,91.24,4,2,0.3966,2,8,1
CUST-10875,2024-08-01,8,2024,6,91.24,4,1,0.1953,0,8,1
CUST-10875,2024-09-01,9,2024,7,91.24,4,1,0.2618,1,8,1
CUST-10875,2024-10-01,10,2024,8,80.68,3,1,0.2413,2,8,1
CUST-10875,2024-11-01,11,2024,9,91.24,4,1,0.3899,2,8,1
CUST-10875,2024-12-01,12,2024,10,91.24,4,1,0.2499,3,8,1
CUST-10876,2024-02-01,2,2024,0,792.79,14,7,0.5693,4,7,1
CUST-10876,2024-03-01,3,2024,1,764.66,13,5,0.3485,3,7,1
CUST-10876,2024-04-01,4,2024,2,792.79,14,5,0.4311,2,7,1
CUST-10876,2024-05-01,5,2024,3,792.79,14,5,0.3922,1,7,1
CUST-10876,2024-06-01,6,2024,4,849.05,16,7,0.4873,0,8,1
CUST-10876,2024-07-01,7,2024,5,820.92,15,7,0.4415,2,7,1
CUST-10876,2024-08-01,8,2024,6,820.92,15,5,0.3602,3,7,1
CUST-10876,2024-09-01,9,2024,7,792.79,14,6,0.3864,2,7,1
CUST-10876,2024-10-01,10,2024,8,877.18,17,6,0.4364,3,7,1
CUST-10876,2024-11-01,11,2024,9,933.43,19,6,0.3608,1,7,1
CUST-10876,2024-12-01,12,2024,10,961.56,20,6,0.3128,3,7,1
CUST-10877,2024-02-01,2,2024,0,389.81,13,6,0.4723,3,6,1
CUST-10878,2024-02-01,2,2024,0,70.07,2,1,0.5974,1,7,1
CUST-10879,2024-02-01,2,2024,0,259.0,5,1,0.1602,4,2,1
CUST-10879,2024-03-01,3,2024,1,281.0,6,1,0.2527,2,2,1
CUST-10879,2024-04-01,4,2024,2,259.0,5,2,0.3468,1,3,1
CUST-10879,2024-05-01,5,2024,3,281.0,6,1,0.2619,2,2,1
CUST-10879,2024-06-01,6,2024,4,259.0,5,2,0.3668,2,3,1
CUST-10879,2024-07-01,7,2024,5,281.0,6,1,0.2222,2,2,1
CUST-10879,2024-08-01,8,2024,6,281.0,6,1,0.1728,2,2,1
CUST-10879,2024-09-01,9,2024,7,281.0,6,1,0.2393,4,2,1
CUST-10879,2024-10-01,10,2024,8,281.0,6,0,0.03,2,2,1
CUST-10879,2024-11-01,11,2024,9,281.0,6,1,0.124,0,2,1
CUST-10879,2024-12-01,12,2024,10,281.0,6,1,0.2039,1,2,1
CUST-10880,2024-02-01,2,2024,0,248.44,5,2,0.3756,0,8,1
CUST-10880,2024-03-01,3,2024,1,248.44,5,2,0.3436,1,8,1
CUST-10880,2024-04-01,4,2024,2,248.44,5,2,0.3122,3,8,1
CUST-10880,2024-05-01,5,2024,3,268.33,6,1,0.2544,1,8,1
CUST-10880,2024-06-01,6,2024,4,268.33,6,1,0.1772,3,7,1
CUST-10880,2024-07-01,7,2024,5,268.33,6,1,0.2413,1,8,1
CUST-10880,2024-08-01,8,2024,6,268.33,6,2,0.2869,2,8,1
CUST-10880,2024-09-01,9,2024,7,268.33,6,1,0.2223,2,8,1
CUST-10880,2024-10-01,10,2024,8,268.33,6,1,0.1624,1,8,1
CUST-10880,2024-11-01,11,2024,9,288.22,7,1,0.1613,1,8,1
CUST-10880,2024-12-01,12,2024,10,288.22,7,1,0.097,4,7,1
CUST-10881,2024-02-01,2,2024,0,83.7,3,1,0.26,2,8,1
CUST-10881,2024-03-01,3,2024,1,83.7,3,1,0.1735,1,8,1
CUST-10881,2024-04-01,4,2024,2,83.7,3,0,0.0932,2,7,1
CUST-10881,2024-05-01,5,2024,3,95.27,4,1,0.2233,1,8,1
CUST-10882,2024-02-01,2,2024,0,1991.81,86,33,0.4018,3,4,1
CUST-10882,2024-03-01,3,2024,1,2141.8,93,38,0.4365,3,4,1
CUST-10882,2024-04-01,4,2024,2,2120.38,92,36,0.3906,0,5,1
CUST-10882,2024-05-01,5,2024,3,2141.8,93,35,0.3834,0,4,1
CUST-10882,2024-06-01,6,2024,4,2056.09,89,32,0.3403,2,4,1
CUST-10882,2024-07-01,7,2024,5,2077.52,90,35,0.4003,0,5,1
CUST-10882,2024-08-01,8,2024,6,2141.8,93,23,0.2501,1,4,1
CUST-10882,2024-09-01,9,2024,7,2034.66,88,36,0.3863,4,4,1
CUST-10882,2024-10-01,10,2024,8,2034.66,88,28,0.3203,0,4,1
CUST-10882,2024-11-01,11,2024,9,1991.81,86,23,0.2613,2,4,1
CUST-10882,2024-12-01,12,2024,10,1756.1,75,31,0.3644,3,4,1
CUST-10883,2024-02-01,2,2024,0,1654.62,46,14,0.3064,1,8,1
CUST-10883,2024-03-01,3,2024,1,1600.02,44,16,0.336,3,8,1
CUST-10883,2024-04-01,4,2024,2,1627.32,45,9,0.1933,4,7,1
CUST-10883,2024-05-01,5,2024,3,1572.73,43,10,0.2273,0,8,1
CUST-10883,2024-06-01,6,2024,4,1627.32,45,11,0.2535,3,8,1
CUST-10883,2024-07-01,7,2024,5,1600.02,44,12,0.2606,2,8,1
CUST-10883,2024-08-01,8,2024,6,1545.43,42,9,0.2115,4,7,1
CUST-10883,2024-09-01,9,2024,7,1545.43,42,9,0.2138,3,8,1
CUST-10883,2024-10-01,10,2024,8,1627.32,45,8,0.1821,2,8,1
CUST-10883,2024-11-01,11,2024,9,1627.32,45,8,0.1748,2,8,1
CUST-10883,2024-12-01,12,2024,10,1709.21,48,12,0.271,2,8,1
CUST-10884,2024-02-01,2,2024,0,94.12,4,0,0.0995,0,7,1
CUST-10884,2024-03-01,3,2024,1,94.12,4,0,0.1031,0,7,1
CUST-10884,2024-04-01,4,2024,2,105.4,5,1,0.1849,1,7,1
CUST-10884,2024-05-01,5,2024,3,105.4,5,0,0.03,1,7,1
CUST-10884,2024-06-01,6,2024,4,105.4,5,0,0.03,3,6,1
CUST-10884,2024-07-01,7,2024,5,105.4,5,0,0.03,1,7,1
CUST-10884,2024-08-01,8,2024,6,105.4,5,0,0.03,1,7,1
CUST-10884,2024-09-01,9,2024,7,105.4,5,0,0.0666,1,7,1
CUST-10884,2024-10-01,10,2024,8,105.4,5,0,0.03,0,7,1
CUST-10884,2024-11-01,11,2024,9,105.4,5,0,0.03,1,7,1
CUST-10884,2024-12-01,12,2024,10,105.4,5,0,0.03,3,6,1
CUST-10885,2024-02-01,2,2024,0,557.2,50,18,0.3334,0,7,1
CUST-10885,2024-03-01,3,2024,1,557.2,50,13,0.2616,1,7,1
CUST-10885,2024-04-01,4,2024,2,567.36,51,6,0.1214,2,7,1
CUST-10885,2024-05-01,5,2024,3,567.36,51,13,0.2462,3,7,1
CUST-10885,2024-06-01,6,2024,4,597.86,54,13,0.2538,1,7,1
CUST-10885,2024-07-01,7,2024,5,618.18,56,12,0.2165,0,7,1
CUST-10885,2024-08-01,8,2024,6,597.86,54,11,0.2042,0,7,1
CUST-10885,2024-09-01,9,2024,7,567.36,51,9,0.1723,4,6,1
CUST-10885,2024-10-01,10,2024,8,628.35,57,4,0.0727,3,6,1
CUST-10885,2024-11-01,11,2024,9,689.33,63,7,0.1235,1,7,1
CUST-10885,2024-12-01,12,2024,10,709.66,65,2,0.03,1,7,1
CUST-10886,2024-02-01,2,2024,0,193.31,14,2,0.1536,2,7,1
CUST-10886,2024-03-01,3,2024,1,193.31,14,1,0.0807,1,7,1
CUST-10886,2024-04-01,4,2024,2,193.31,14,4,0.2705,2,8,1
CUST-10886,2024-05-01,5,2024,3,183.0,13,3,0.2242,0,8,1
CUST-10886,2024-06-01,6,2024,4,203.62,15,1,0.0979,1,7,1
CUST-10886,2024-07-01,7,2024,5,213.93,16,1,0.076,0,8,1
CUST-10886,2024-08-01,8,2024,6,203.62,15,2,0.1337,1,7,1
CUST-10886,2024-09-01,9,2024,7,213.93,16,0,0.03,0,7,1
CUST-10886,2024-10-01,10,2024,8,224.24,17,1,0.0931,1,7,1
CUST-10886,2024-11-01,11,2024,9,203.62,15,0,0.03,3,7,1
CUST-10886,2024-12-01,12,2024,10,213.93,16,1,0.0359,2,7,1
CUST-10887,2024-02-01,2,2024,0,2571.97,47,33,0.7002,0,6,1
CUST-10887,2024-03-01,3,2024,1,2714.35,51,35,0.7431,3,6,1
CUST-10887,2024-04-01,4,2024,2,2927.91,57,44,0.86,0,7,1
CUST-10887,2024-05-01,5,2024,3,2927.91,57,43,0.7575,1,6,1
CUST-10887,2024-06-01,6,2024,4,2999.11,59,43,0.7646,1,6,1
CUST-10887,2024-07-01,7,2024,5,2927.91,57,42,0.7059,0,6,1
CUST-10887,2024-08-01,8,2024,6,2963.51,58,38,0.6639,1,6,1
CUST-10887,2024-09-01,9,2024,7,2963.51,58,29,49.4,2,5,1
CUST-10887,2024-10-01,10,2024,8,3141.49,63,41,0.7001,3,6,1
CUST-10887,2024-11-01,11,2024,9,3248.27,66,42,0.6686,1,6,1
CUST-10887,2024-12-01,12,2024,10,3283.87,67,36,0.5502,3,5,1
CUST-10888,2024-02-01,2,2024,0,91.82,4,1,0.2219,0,8,1
CUST-10888,2024-03-01,3,2024,1,91.82,4,1,0.1702,1,8,1
CUST-10888,2024-04-01,4,2024,2,102.52,5,1,0.2795,1,8,1
CUST-10888,2024-05-01,5,2024,3,91.82,4,1,0.1146,0,8,1
CUST-10888,2024-06-01,6,2024,4,91.82,4,1,0.2182,0,8,1
CUST-10888,2024-07-01,7,2024,5,91.82,4,1,0.1393,0,8,1
CUST-10888,2024-08-01,8,2024,6,91.82,4,1,0.1778,0,8,1
CUST-10888,2024-09-01,9,2024,7,102.52,5,1,0.2182,3,7,1
CUST-10888,2024-10-01,10,2024,8,102.52,5,1,0.1805,0,8,1
CUST-10888,2024-11-01,11,2024,9,102.52,5,0,0.03,1,7,1
CUST-10888,2024-12-01,12,2024,10,102.52,5,1,0.1439,1,8,1
CUST-10889,2024-02-01,2,2024,0,214.89,16,8,0.5255,2,3,1
CUST-10889,2024-03-01,3,2024,1,225.26,17,6,0.3934,2,3,1
CUST-10889,2024-04-01,4,2024,2,225.26,17,3,0.1895,0,3,1
CUST-10889,2024-05-01,5,2024,3,225.26,17,4,0.227,2,3,1
CUST-10890,2024-02-01,2,2024,0,68.92,2,1,0.7244,1,7,1
CUST-10890,2024-03-01,3,2024,1,68.92,2,2,0.8971,1,8,1
CUST-10890,2024-04-01,4,2024,2,68.92,2,1,0.7671,1,7,1
CUST-10890,2024-05-01,5,2024,3,68.92,2,1,0.6345,2,7,1
CUST-10890,2024-06-01,6,2024,4,68.92,2,1,0.6575,2,7,1
CUST-10890,2024-07-01,7,2024,5,68.92,2,1,0.4577,1,7,1
CUST-10890,2024-08-01,8,2024,6,68.92,2,1,0.5457,2,7,1
CUST-10891,2024-02-01,2,2024,0,307.2,9,6,0.6523,2,7,1
CUST-10891,2024-03-01,3,2024,1,307.2,9,4,0.4674,2,6,1
CUST-10891,2024-04-01,4,2024,2,307.2,9,5,0.5496,0,7,1
CUST-10891,2024-05-01,5,2024,3,324.78,10,5,0.5511,2,6,1
CUST-10891,2024-06-01,6,2024,4,307.2,9,4,0.3861,0,7,1
CUST-10892,2024-02-01,2,2024,0,545.56,5,1,0.1637,1,6,1
CUST-10892,2024-03-01,3,2024,1,545.56,5,0,0.0399,0,5,1
CUST-10892,2024-04-01,4,2024,2,516.25,4,1,0.2269,1,6,1
CUST-10893,2024-02-01,2,2024,0,456.38,14,5,0.3256,0,8,1
CUST-10893,2024-03-01,3,2024,1,456.38,14,3,0.2418,1,8,1
CUST-10893,2024-04-01,4,2024,2,434.43,13,3,0.251,0,8,1
CUST-10893,2024-05-01,5,2024,3,434.43,13,4,0.273,1,8,1
CUST-10893,2024-06-01,6,2024,4,434.43,13,2,0.1555,1,7,1
CUST-10893,2024-07-01,7,2024,5,434.43,13,3,0.2342,1,8,1
CUST-10893,2024-08-01,8,2024,6,434.43,13,2,0.1436,1,7,1
CUST-10893,2024-09-01,9,2024,7,456.38,14,1,0.0725,1,7,1
CUST-10893,2024-10-01,10,2024,8,456.38,14,1,0.0886,1,7,1
CUST-10893,2024-11-01,11,2024,9,478.34,15,1,0.0843,1,7,1
CUST-10893,2024-12-01,12,2024,10,500.3,16,0,0.0337,0,7,1
CUST-10894,2024-02-01,2,2024,0,59.99,1,0,0.1825,1,6,1
CUST-10894,2024-03-01,3,2024,1,59.99,1,0,0.2139,1,6,1
CUST-10894,2024-04-01,4,2024,2,59.99,1,0,0.1987,0,6,1
CUST-10894,2024-05-01,5,2024,3,59.99,1,0,0.3139,1,6,1
CUST-10894,2024-06-01,6,2024,4,59.99,1,0,0.0743,0,6,1
CUST-10894,2024-07-01,7,2024,5,59.99,1,0,0.0442,0,6,1
CUST-10894,2024-08-01,8,2024,6,59.99,1,0,0.1722,2,6,1
CUST-10895,2024-02-01,2,2024,0,59.1,1,0,0.3242,2,7,1
CUST-10895,2024-03-01,3,2024,1,59.1,1,0,0.3988,3,7,1
CUST-10895,2024-04-01,4,2024,2,59.1,1,0,0.3159,1,7,1
CUST-10895,2024-05-01,5,2024,3,59.1,1,0,0.2122,0,7,1
CUST-10896,2024-02-01,2,2024,0,1095.63,99,75,0.7398,3,5,1
CUST-10896,2024-03-01,3,2024,1,989.91,89,86,0.8742,0,6,1
CUST-10896,2024-04-01,4,2024,2,958.19,86,64,0.7138,1,5,1
CUST-10896,2024-05-01,5,2024,3,926.48,83,55,0.6423,2,5,1
CUST-10896,2024-06-01,6,2024,4,905.33,81,64,0.7678,0,6,1
CUST-10896,2024-07-01,7,2024,5,894.76,80,63,0.785,0,6,1
CUST-10896,2024-08-01,8,2024,6,873.62,78,59,0.7307,0,6,1
CUST-10896,2024-09-01,9,2024,7,799.61,71,56,0.7092,1,5,1
CUST-10896,2024-10-01,10,2024,8,757.32,67,47,0.6612,0,5,1
CUST-10896,2024-11-01,11,2024,9,683.32,60,53,0.7956,2,5,1
CUST-10896,2024-12-01,12,2024,10,683.32,60,41,68.3,2,5,1
CUST-10897,2024-02-01,2,2024,0,122.58,7,5,0.6593,0,10,1
CUST-10897,2024-03-01,3,2024,1,122.58,7,6,0.7951,1,10,1
CUST-10897,2024-04-01,4,2024,2,122.58,7,5,0.7299,0,10,1
CUST-10897,2024-05-01,5,2024,3,122.58,7,5,0.7366,0,10,1
CUST-10897,2024-06-01,6,2024,4,122.58,7,6,0.7718,0,10,1
CUST-10897,2024-07-01,7,2024,5,133.1,8,5,0.7361,0,10,1
CUST-10897,2024-08-01,8,2024,6,133.1,8,6,0.7506,0,10,1
CUST-10897,2024-09-01,9,2024,7,133.1,8,8,0.916,1,10,1
CUST-10897,2024-10-01,10,2024,8,133.1,8,7,0.8364,0,10,1
CUST-10897,2024-11-01,11,2024,9,143.61,9,6,0.7473,0,10,1
CUST-10897,2024-12-01,12,2024,10,143.61,9,8,0.934,0,10,1
CUST-10898,2024-02-01,2,2024,0,572.38,6,0,0.0735,2,7,1
CUST-10898,2024-03-01,3,2024,1,572.38,6,1,0.1114,1,7,1
CUST-10898,2024-04-01,4,2024,2,601.27,7,0,0.049,0,7,1
CUST-10898,2024-05-01,5,2024,3,601.27,7,0,0.03,1,7,1
CUST-10898,2024-06-01,6,2024,4,601.27,7,0,0.03,1,7,1
CUST-10899,2024-02-01,2,2024,0,1179.19,27,11,0.3968,1,5,1
CUST-10899,2024-03-01,3,2024,1,1179.19,27,12,0.4491,1,5,1
CUST-10899,2024-04-01,4,2024,2,1236.98,29,14,0.5016,0,5,1
CUST-10899,2024-05-01,5,2024,3,1150.3,26,11,0.3923,1,5,1
CUST-10899,2024-06-01,6,2024,4,1150.3,26,10,0.3677,1,5,1
CUST-10899,2024-07-01,7,2024,5,1121.4,25,10,0.3717,0,5,1
CUST-10899,2024-08-01,8,2024,6,1121.4,25,5,20.2,1,4,1
CUST-10899,2024-09-01,9,2024,7,1063.61,23,7,0.2928,0,5,1
CUST-10899,2024-10-01,10,2024,8,1063.61,23,4,0.1668,0,5,1
CUST-10899,2024-11-01,11,2024,9,1005.82,21,3,0.142,0,5,1
CUST-10899,2024-12-01,12,2024,10,976.92,20,4,0.2043,0,5,1
CUST-10900,2024-02-01,2,2024,0,221.86,4,3,0.6552,1,8,1
CUST-10900,2024-03-01,3,2024,1,221.86,4,2,0.3637,2,7,1
CUST-10900,2024-04-01,4,2024,2,221.86,4,2,0.4451,2,7,1
CUST-10900,2024-05-01,5,2024,3,221.86,4,2,0.4927,1,7,1
CUST-10900,2024-06-01,6,2024,4,221.86,4,2,0.4129,1,7,1
CUST-10900,2024-07-01,7,2024,5,221.86,4,1,0.2903,2,7,1
CUST-10900,2024-08-01,8,2024,6,221.86,4,2,0.3837,4,6,1
CUST-10900,2024-09-01,9,2024,7,221.86,4,2,0.451,5,6,1
CUST-10900,2024-10-01,10,2024,8,221.86,4,1,0.3249,3,6,1
CUST-10900,2024-11-01,11,2024,9,221.86,4,1,0.3456,0,7,1
CUST-10900,2024-12-01,12,2024,10,203.65,3,1,0.3885,0,7,1
CUST-10901,2024-02-01,2,2024,0,596.74,51,28,0.5351,1,9,1
CUST-10901,2024-03-01,3,2024,1,650.44,56,25,0.4898,0,9,1
CUST-10901,2024-04-01,4,2024,2,596.74,51,28,0.5107,2,9,1
CUST-10901,2024-05-01,5,2024,3,628.96,54,21,0.3993,3,9,1
CUST-10901,2024-06-01,6,2024,4,628.96,54,25,0.4672,1,9,1
CUST-10901,2024-07-01,7,2024,5,650.44,56,21,0.398,0,9,1
CUST-10901,2024-08-01,8,2024,6,661.18,57,30,0.5438,0,10,1
CUST-10901,2024-09-01,9,2024,7,661.18,57,31,0.541,0,10,1
CUST-10901,2024-10-01,10,2024,8,661.18,57,39,0.6853,3,9,1
CUST-10901,2024-11-01,11,2024,9,639.7,55,34,0.5999,2,9,1
CUST-10901,2024-12-01,12,2024,10,618.22,53,36,0.6509,0,10,1
CUST-10902,2024-02-01,2,2024,0,741.14,12,6,0.5745,2,4,1
CUST-10902,2024-03-01,3,2024,1,741.14,12,6,0.5116,1,4,1
CUST-10902,2024-04-01,4,2024,2,741.14,12,6,0.4877,0,4,1
CUST-10902,2024-05-01,5,2024,3,741.14,12,6,0.5184,1,4,1
CUST-10902,2024-06-01,6,2024,4,741.14,12,6,0.4999,0,4,1
CUST-10902,2024-07-01,7,2024,5,741.14,12,7,0.5955,2,4,1
CUST-10902,2024-08-01,8,2024,6,769.66,13,8,0.6547,0,4,1
CUST-10902,2024-09-01,9,2024,7,798.17,14,7,0.5513,0,4,1
CUST-10902,2024-10-01,10,2024,8,798.17,14,9,0.6711,1,4,1
CUST-10902,2024-11-01,11,2024,9,798.17,14,9,0.6526,0,4,1
CUST-10902,2024-12-01,12,2024,10,798.17,14,10,0.7124,0,4,1
CUST-10903,2024-02-01,2,2024,0,94.07,4,3,0.6513,0,7,1
CUST-10903,2024-03-01,3,2024,1,94.07,4,3,0.7163,1,6,1
CUST-10903,2024-04-01,4,2024,2,94.07,4,3,0.6466,1,6,1
CUST-10904,2024-02-01,2,2024,0,1421.4,13,4,0.3016,0,5,1
CUST-10904,2024-03-01,3,2024,1,1421.4,13,4,0.2926,0,5,1
CUST-10904,2024-04-01,4,2024,2,1421.4,13,5,0.3753,1,5,1
CUST-10904,2024-05-01,5,2024,3,1421.4,13,5,0.338,0,6,1
CUST-10904,2024-06-01,6,2024,4,1461.59,14,4,0.278,1,5,1
CUST-10904,2024-07-01,7,2024,5,1501.78,15,3,0.2092,1,5,1
CUST-10904,2024-08-01,8,2024,6,1541.96,16,4,0.2794,0,5,1
CUST-10904,2024-09-01,9,2024,7,1662.51,19,7,0.4506,0,6,1
CUST-10904,2024-10-01,10,2024,8,1662.51,19,5,0.2889,0,5,1
CUST-10904,2024-11-01,11,2024,9,1702.7,20,7,0.38,0,6,1
CUST-10904,2024-12-01,12,2024,10,1702.7,20,7,0.3755,1,5,1
CUST-10905,2024-02-01,2,2024,0,279.15,6,1,0.234,3,5,1
CUST-10905,2024-03-01,3,2024,1,279.15,6,1,0.2087,2,5,1
CUST-10905,2024-04-01,4,2024,2,279.15,6,2,0.3411,1,6,1
CUST-10905,2024-05-01,5,2024,3,279.15,6,2,0.2782,3,5,1
CUST-10905,2024-06-01,6,2024,4,300.84,7,2,0.2533,3,5,1
CUST-10905,2024-07-01,7,2024,5,300.84,7,1,0.1492,1,5,1
CUST-10905,2024-08-01,8,2024,6,300.84,7,2,0.2803,0,6,1
CUST-10905,2024-09-01,9,2024,7,300.84,7,2,0.2898,2,5,1
CUST-10905,2024-10-01,10,2024,8,300.84,7,1,0.1456,2,5,1
CUST-10905,2024-11-01,11,2024,9,300.84,7,1,0.0722,1,5,1
CUST-10905,2024-12-01,12,2024,10,300.84,7,1,0.1086,3,5,1
CUST-10906,2024-02-01,2,2024,0,2261.21,61,25,0.4135,1,9,1
CUST-10906,2024-03-01,3,2024,1,2291.74,62,32,0.5183,1,9,1
CUST-10906,2024-04-01,4,2024,2,2261.21,61,21,0.3369,1,8,1
CUST-10906,2024-05-01,5,2024,3,2139.1,57,23,0.3837,4,8,1
CUST-10906,2024-06-01,6,2024,4,2139.1,57,14,0.2399,3,8,1
CUST-10906,2024-07-01,7,2024,5,2169.62,58,10,0.1709,4,7,1
CUST-10906,2024-08-01,8,2024,6,2108.57,56,4,0.0761,0,8,1
CUST-10906,2024-09-01,9,2024,7,2108.57,56,12,0.2115,2,8,1
CUST-10906,2024-10-01,10,2024,8,1894.87,49,2,0.03,3,7,1
CUST-10906,2024-11-01,11,2024,9,1955.93,51,4,0.0764,2,7,1
CUST-10906,2024-12-01,12,2024,10,1986.46,52,7,0.1369,2,8,1
CUST-10907,2024-02-01,2,2024,0,214.96,15,8,0.5322,1,8,1
CUST-10907,2024-03-01,3,2024,1,214.96,15,8,0.5308,1,8,1
CUST-10907,2024-04-01,4,2024,2,214.96,15,7,0.4813,1,8,1
CUST-10907,2024-05-01,5,2024,3,203.9,14,6,0.3969,0,8,1
CUST-10907,2024-06-01,6,2024,4,214.96,15,8,0.5558,1,8,1
CUST-10907,2024-07-01,7,2024,5,203.9,14,10,0.6475,0,9,1
CUST-10907,2024-08-01,8,2024,6,203.9,14,9,0.6388,2,8,1
CUST-10907,2024-09-01,9,2024,7,203.9,14,6,0.4043,1,8,1
CUST-10907,2024-10-01,10,2024,8,203.9,14,7,0.4846,2,8,1
CUST-10907,2024-11-01,11,2024,9,203.9,14,8,0.5604,2,8,1
CUST-10907,2024-12-01,12,2024,10,214.96,15,9,0.6284,1,8,1
CUST-10908,2024-02-01,2,2024,0,69.71,2,2,0.8018,0,8,1
CUST-10908,2024-03-01,3,2024,1,69.71,2,2,0.8778,0,8,1
CUST-10908,2024-04-01,4,2024,2,69.71,2,2,0.78,0,8,1
CUST-10908,2024-05-01,5,2024,3,69.71,2,2,0.8334,2,7,1
CUST-10908,2024-06-01,6,2024,4,69.71,2,2,0.8057,0,8,1
CUST-10908,2024-07-01,7,2024,5,69.71,2,2,0.9248,0,8,1
CUST-10908,2024-08-01,8,2024,6,69.71,2,2,0.8576,0,8,1
CUST-10908,2024-09-01,9,2024,7,69.71,2,2,0.8593,0,8,1
CUST-10908,2024-10-01,10,2024,8,69.71,2,2,0.9416,0,8,1
CUST-10908,2024-11-01,11,2024,9,69.71,2,2,1.0,0,8,1
CUST-10908,2024-12-01,12,2024,10,69.71,2,2,1.0,0,8,1
CUST-10909,2024-02-01,2,2024,0,1558.85,74,7,0.102,5,4,1
CUST-10909,2024-03-01,3,2024,1,1635.06,78,9,0.1256,1,5,1
CUST-10909,2024-04-01,4,2024,2,1577.9,75,9,0.1158,4,4,1
CUST-10909,2024-05-01,5,2024,3,1558.85,74,12,0.1585,3,5,1
CUST-10909,2024-06-01,6,2024,4,1596.95,76,16,0.2108,0,5,1
CUST-10909,2024-07-01,7,2024,5,1616.0,77,21,27.4,2,5,1
CUST-10909,2024-08-01,8,2024,6,1825.58,88,15,0.1982,3,5,1
CUST-10909,2024-09-01,9,2024,7,1863.68,90,6,0.0713,3,4,1
CUST-10909,2024-10-01,10,2024,8,1882.73,91,3,0.03,2,4,1
CUST-10909,2024-11-01,11,2024,9,1787.47,86,11,0.1177,0,5,1
CUST-10909,2024-12-01,12,2024,10,1711.26,82,11,0.1312,6,4,1
CUST-10910,2024-02-01,2,2024,0,751.0,11,1,0.0683,4,5,1
CUST-10910,2024-03-01,3,2024,1,719.0,10,2,0.1874,0,7,1
CUST-10910,2024-04-01,4,2024,2,751.0,11,2,0.1973,2,6,1
CUST-10910,2024-05-01,5,2024,3,751.0,11,2,0.1831,2,6,1
CUST-10910,2024-06-01,6,2024,4,783.0,12,1,0.1015,1,6,1
CUST-10910,2024-07-01,7,2024,5,783.0,12,1,0.1257,0,6,1
CUST-10910,2024-08-01,8,2024,6,783.0,12,1,0.0702,2,6,1
CUST-10910,2024-09-01,9,2024,7,751.0,11,0,0.0375,2,6,1
CUST-10910,2024-10-01,10,2024,8,751.0,11,0,0.03,2,6,1
CUST-10910,2024-11-01,11,2024,9,751.0,11,1,0.0698,0,6,1
CUST-10910,2024-12-01,12,2024,10,783.0,12,0,0.03,3,5,1
CUST-10911,2024-02-01,2,2024,0,289.16,21,9,0.4332,1,10,1
CUST-10911,2024-03-01,3,2024,1,289.16,21,10,0.4733,0,10,1
CUST-10911,2024-04-01,4,2024,2,312.03,23,13,0.5935,0,10,1
CUST-10911,2024-05-01,5,2024,3,334.9,25,8,0.3652,1,10,1
CUST-10911,2024-06-01,6,2024,4,312.03,23,7,0.2887,1,10,1
CUST-10911,2024-07-01,7,2024,5,334.9,25,8,0.34,1,10,1
CUST-10911,2024-08-01,8,2024,6,323.46,24,7,0.3005,1,10,1
CUST-10911,2024-09-01,9,2024,7,312.03,23,6,0.2328,2,10,1
CUST-10911,2024-10-01,10,2024,8,312.03,23,5,0.2415,2,10,1
CUST-10911,2024-11-01,11,2024,9,312.03,23,6,0.2709,1,10,1
CUST-10911,2024-12-01,12,2024,10,300.59,22,3,0.1322,2,9,1
CUST-10912,2024-02-01,2,2024,0,224.77,4,2,0.5289,0,7,1
CUST-10912,2024-03-01,3,2024,1,224.77,4,2,0.569,2,7,1
CUST-10912,2024-04-01,4,2024,2,224.77,4,2,0.5085,0,7,1
CUST-10912,2024-05-01,5,2024,3,224.77,4,2,0.454,2,6,1
CUST-10912,2024-06-01,6,2024,4,224.77,4,2,0.5402,2,7,1
CUST-10913,2024-02-01,2,2024,0,214.87,3,1,0.3814,0,7,1
CUST-10913,2024-03-01,3,2024,1,214.87,3,1,0.2516,1,7,1
CUST-10913,2024-04-01,4,2024,2,214.87,3,1,0.399,1,7,1
CUST-10913,2024-05-01,5,2024,3,214.87,3,1,0.2018,0,7,1
CUST-10914,2024-02-01,2,2024,0,643.02,53,30,0.5551,3,6,1
CUST-10914,2024-03-01,3,2024,1,665.44,55,23,0.4371,0,7,1
CUST-10914,2024-04-01,4,2024,2,643.02,53,29,0.5267,2,6,1
CUST-10914,2024-05-01,5,2024,3,654.23,54,21,0.4009,2,6,1
CUST-10914,2024-06-01,6,2024,4,676.65,56,24,0.4486,4,6,1
CUST-10914,2024-07-01,7,2024,5,665.44,55,25,0.4531,0,7,1
CUST-10914,2024-08-01,8,2024,6,710.27,59,28,0.5012,2,6,1
CUST-10914,2024-09-01,9,2024,7,710.27,59,26,0.4333,2,6,1
CUST-10914,2024-10-01,10,2024,8,687.86,57,24,0.411,2,6,1
CUST-10914,2024-11-01,11,2024,9,643.02,53,28,0.4893,1,7,1
CUST-10914,2024-12-01,12,2024,10,665.44,55,29,0.5423,1,7,1
CUST-10915,2024-02-01,2,2024,0,106.3,5,2,0.5638,3,7,1
CUST-10915,2024-03-01,3,2024,1,106.3,5,2,0.4738,3,6,1
CUST-10915,2024-04-01,4,2024,2,106.3,5,2,0.3935,0,7,1
CUST-10916,2024-03-01,3,2024,0,1447.88,72,14,0.205,0,7,1
CUST-10916,2024-04-01,4,2024,1,1502.0,75,25,0.3539,2,7,1
CUST-10916,2024-05-01,5,2024,2,1646.32,83,26,0.3524,0,8,1
CUST-10916,2024-06-01,6,2024,3,1772.6,90,28,0.3354,2,7,1
CUST-10916,2024-07-01,7,2024,4,1790.64,91,24,0.2652,0,7,1
CUST-10916,2024-08-01,8,2024,5,1989.08,102,41,0.4544,1,8,1
CUST-10916,2024-09-01,9,2024,6,1916.92,98,63,0.6191,0,8,1
CUST-10916,2024-10-01,10,2024,7,2079.28,107,40,0.4023,1,8,1
CUST-10917,2024-03-01,3,2024,0,106.12,5,3,0.6694,4,9,1
CUST-10917,2024-04-01,4,2024,1,106.12,5,4,0.8082,3,10,1
CUST-10917,2024-05-01,5,2024,2,106.12,5,3,0.7033,1,10,1
CUST-10917,2024-06-01,6,2024,3,106.12,5,4,0.7897,0,10,1
CUST-10917,2024-07-01,7,2024,4,106.12,5,3,0.6722,0,10,1
CUST-10917,2024-08-01,8,2024,5,106.12,5,4,0.699,1,10,1
CUST-10917,2024-09-01,9,2024,6,106.12,5,3,0.6665,0,10,1
CUST-10917,2024-10-01,10,2024,7,106.12,5,3,0.6504,3,9,1
CUST-10917,2024-11-01,11,2024,8,106.12,5,3,0.6481,1,10,1
CUST-10917,2024-12-01,12,2024,9,106.12,5,2,0.4461,1,9,1
CUST-10918,2024-03-01,3,2024,0,1327.0,29,8,0.2875,2,5,1
CUST-10918,2024-04-01,4,2024,1,1263.0,27,9,0.2907,4,4,1
CUST-10918,2024-05-01,5,2024,2,1263.0,27,10,0.3682,0,6,1
CUST-10918,2024-06-01,6,2024,3,1295.0,28,8,0.288,2,5,1
CUST-10918,2024-07-01,7,2024,4,1231.0,26,6,0.2196,0,5,1
CUST-10918,2024-08-01,8,2024,5,1231.0,26,10,0.3954,1,5,1
CUST-10918,2024-09-01,9,2024,6,1199.0,25,8,0.3039,0,5,1
CUST-10918,2024-10-01,10,2024,7,1231.0,26,7,0.2571,3,5,1
CUST-10918,2024-11-01,11,2024,8,1199.0,25,8,0.3045,1,5,1
CUST-10918,2024-12-01,12,2024,9,1167.0,24,5,0.2053,5,4,1
CUST-10919,2024-03-01,3,2024,0,112.22,6,2,28.3,0,9,1
CUST-10919,2024-04-01,4,2024,1,112.22,6,3,0.5447,0,10,1
CUST-10919,2024-05-01,5,2024,2,112.22,6,2,0.395,0,9,1
CUST-10919,2024-06-01,6,2024,3,112.22,6,3,0.4417,0,9,1
CUST-10919,2024-07-01,7,2024,4,112.22,6,3,0.4398,2,9,1
CUST-10919,2024-08-01,8,2024,5,112.22,6,3,0.5257,0,10,1
CUST-10919,2024-09-01,9,2024,6,112.22,6,2,0.4278,0,9,1
CUST-10919,2024-10-01,10,2024,7,112.22,6,3,0.4663,0,9,1
CUST-10919,2024-11-01,11,2024,8,112.22,6,3,0.5442,1,9,1
CUST-10919,2024-12-01,12,2024,9,112.22,6,3,0.5096,2,9,1
CUST-10920,2024-03-01,3,2024,0,101.74,5,2,0.3144,1,6,1
CUST-10921,2024-03-01,3,2024,0,73.0,2,1,0.4563,2,7,1
CUST-10921,2024-04-01,4,2024,1,73.0,2,1,0.5711,0,8,1
CUST-10921,2024-05-01,5,2024,2,73.0,2,1,0.4902,1,7,1
CUST-10921,2024-06-01,6,2024,3,73.0,2,1,0.4804,0,8,1
CUST-10921,2024-07-01,7,2024,4,73.0,2,1,0.468,0,8,1
CUST-10921,2024-08-01,8,2024,5,73.0,2,1,0.5339,0,8,1
CUST-10921,2024-09-01,9,2024,6,73.0,2,1,0.4585,0,8,1
CUST-10921,2024-10-01,10,2024,7,73.0,2,1,0.3854,0,7,1
CUST-10921,2024-11-01,11,2024,8,73.0,2,1,0.5515,0,8,1
CUST-10921,2024-12-01,12,2024,9,73.0,2,1,0.5495,0,8,1
CUST-10922,2024-03-01,3,2024,0,369.0,10,2,0.2346,7,4,1
CUST-10922,2024-04-01,4,2024,1,391.0,11,3,0.2611,2,5,1
CUST-10922,2024-05-01,5,2024,2,413.0,12,4,0.3204,3,5,1
CUST-10922,2024-06-01,6,2024,3,413.0,12,4,0.3284,2,5,1
CUST-10922,2024-07-01,7,2024,4,413.0,12,3,0.2705,2,5,1
CUST-10922,2024-08-01,8,2024,5,413.0,12,2,0.2014,0,5,1
CUST-10922,2024-09-01,9,2024,6,413.0,12,4,0.3376,1,5,1
CUST-10922,2024-10-01,10,2024,7,413.0,12,5,0.3929,5,5,1
CUST-10922,2024-11-01,11,2024,8,391.0,11,4,0.3123,2,5,1
CUST-10922,2024-12-01,12,2024,9,413.0,12,4,0.3573,2,5,1
CUST-10923,2024-03-01,3,2024,0,704.28,10,5,0.4902,2,10,1
CUST-10923,2024-04-01,4,2024,1,734.81,11,4,0.436,3,9,1
CUST-10923,2024-05-01,5,2024,2,734.81,11,5,0.4636,0,10,1
CUST-10923,2024-06-01,6,2024,3,765.34,12,5,0.4262,2,9,1
CUST-10923,2024-07-01,7,2024,4,765.34,12,4,0.3771,0,10,1
CUST-10923,2024-08-01,8,2024,5,765.34,12,6,0.55,1,10,1
CUST-10923,2024-09-01,9,2024,6,765.34,12,5,0.448,2,10,1
CUST-10923,2024-10-01,10,2024,7,765.34,12,7,0.5393,0,10,1
CUST-10923,2024-11-01,11,2024,8,765.34,12,7,0.5711,0,10,1
CUST-10923,2024-12-01,12,2024,9,765.34,12,7,0.5768,1,10,1
CUST-10924,2024-03-01,3,2024,0,124.68,7,2,0.313,3,5,1
CUST-10924,2024-04-01,4,2024,1,124.68,7,2,0.3656,2,5,1
CUST-10924,2024-05-01,5,2024,2,124.68,7,2,0.3435,3,5,1
CUST-10924,2024-06-01,6,2024,3,135.5,8,2,0.2569,0,6,1
CUST-10924,2024-07-01,7,2024,4,124.68,7,2,0.256,1,5,1
CUST-10924,2024-08-01,8,2024,5,124.68,7,2,0.3402,0,6,1
CUST-10924,2024-09-01,9,2024,6,124.68,7,3,0.3508,1,6,1
CUST-10924,2024-10-01,10,2024,7,124.68,7,3,0.4276,1,6,1
CUST-10925,2024-03-01,3,2024,0,475.95,47,7,0.1391,3,10,1
CUST-10925,2024-04-01,4,2024,1,448.7,44,10,0.2052,3,10,1
CUST-10925,2024-05-01,5,2024,2,457.78,45,3,0.0619,0,10,1
CUST-10925,2024-06-01,6,2024,3,512.28,51,4,0.0793,0,10,1
CUST-10925,2024-07-01,7,2024,4,503.2,50,2,0.0427,1,10,1
CUST-10925,2024-08-01,8,2024,5,530.45,53,8,0.1562,2,10,1
CUST-10925,2024-09-01,9,2024,6,530.45,53,5,0.0962,2,10,1
CUST-10925,2024-10-01,10,2024,7,575.87,58,6,0.1086,3,10,1
CUST-10925,2024-11-01,11,2024,8,612.21,62,7,0.1208,3,10,1
CUST-10925,2024-12-01,12,2024,9,612.21,62,2,0.03,2,10,1
CUST-10926,2024-03-01,3,2024,0,392.67,12,7,0.5974,1,8,1
CUST-10926,2024-04-01,4,2024,1,392.67,12,9,0.7798,2,8,1
CUST-10926,2024-05-01,5,2024,2,412.98,13,6,0.5018,1,8,1
CUST-10926,2024-06-01,6,2024,3,392.67,12,7,0.4987,1,8,1
CUST-10926,2024-07-01,7,2024,4,412.98,13,6,0.5191,2,8,1
CUST-10926,2024-08-01,8,2024,5,412.98,13,6,0.4643,1,8,1
CUST-10926,2024-09-01,9,2024,6,412.98,13,5,0.4119,2,8,1
CUST-10926,2024-10-01,10,2024,7,433.28,14,4,0.2846,1,7,1
CUST-10926,2024-11-01,11,2024,8,433.28,14,5,0.3433,2,7,1
CUST-10926,2024-12-01,12,2024,9,453.59,15,4,0.314,0,8,1
CUST-10927,2024-03-01,3,2024,0,208.2,3,0,0.1291,0,8,1
CUST-10927,2024-04-01,4,2024,1,208.2,3,1,0.2688,0,8,1
CUST-10927,2024-05-01,5,2024,2,208.2,3,0,0.1324,0,8,1
CUST-10927,2024-06-01,6,2024,3,208.2,3,0,0.0701,0,8,1
CUST-10927,2024-07-01,7,2024,4,208.2,3,0,0.0539,0,8,1
CUST-10927,2024-08-01,8,2024,5,208.2,3,0,0.1533,0,8,1
CUST-10927,2024-09-01,9,2024,6,188.47,2,0,0.0844,0,8,1
CUST-10927,2024-10-01,10,2024,7,188.47,2,0,0.03,0,8,1
CUST-10927,2024-11-01,11,2024,8,188.47,2,0,0.0423,0,8,1
CUST-10927,2024-12-01,12,2024,9,188.47,2,0,0.03,0,8,1
CUST-10928,2024-03-01,3,2024,0,547.48,5,3,0.5792,0,8,1
CUST-10928,2024-04-01,4,2024,1,547.48,5,3,0.5413,0,7,1
CUST-10928,2024-05-01,5,2024,2,547.48,5,2,0.4985,0,7,1
CUST-10928,2024-06-01,6,2024,3,547.48,5,3,0.669,1,8,1
CUST-10928,2024-07-01,7,2024,4,547.48,5,3,0.5839,0,8,1
CUST-10928,2024-08-01,8,2024,5,547.48,5,3,0.5422,0,8,1
CUST-10928,2024-09-01,9,2024,6,547.48,5,3,0.6119,1,7,1
CUST-10928,2024-10-01,10,2024,7,547.48,5,3,0.508,0,7,1
CUST-10928,2024-11-01,11,2024,8,547.48,5,3,0.5688,0,8,1
CUST-10928,2024-12-01,12,2024,9,547.48,5,3,0.5245,0,7,1
CUST-10929,2024-03-01,3,2024,0,131.91,7,1,0.144,1,6,1
CUST-10929,2024-04-01,4,2024,1,131.91,7,2,0.2345,1,6,1
CUST-10929,2024-05-01,5,2024,2,131.91,7,0,0.0436,0,6,1
CUST-10929,2024-06-01,6,2024,3,131.91,7,0,0.0376,2,6,1
CUST-10929,2024-07-01,7,2024,4,143.75,8,1,0.094,1,6,1
CUST-10929,2024-08-01,8,2024,5,131.91,7,0,0.03,1,6,1
CUST-10929,2024-09-01,9,2024,6,131.91,7,1,0.1552,3,6,1
CUST-10929,2024-10-01,10,2024,7,131.91,7,0,0.03,2,6,1
CUST-10929,2024-11-01,11,2024,8,131.91,7,0,0.03,3,6,1
CUST-10929,2024-12-01,12,2024,9,131.91,7,0,0.03,1,6,1
CUST-10930,2024-03-01,3,2024,0,91.19,4,1,0.2745,0,3,1
CUST-10930,2024-04-01,4,2024,1,91.19,4,1,0.1644,0,3,1
CUST-10930,2024-05-01,5,2024,2,91.19,4,1,0.3236,1,3,1
CUST-10930,2024-06-01,6,2024,3,91.19,4,1,0.144,0,3,1
CUST-10931,2024-03-01,3,2024,0,3156.2,60,47,0.7867,2,8,1
CUST-10931,2024-04-01,4,2024,1,3269.06,63,41,0.6845,1,8,1
CUST-10931,2024-05-01,5,2024,2,3193.82,61,47,0.7419,2,8,1
CUST-10931,2024-06-01,6,2024,3,3118.58,59,49,0.8078,1,9,1
CUST-10931,2024-07-01,7,2024,4,2968.1,55,42,0.7016,2,8,1
CUST-10931,2024-08-01,8,2024,5,3043.34,57,43,0.7769,1,8,1
CUST-10931,2024-09-01,9,2024,6,3005.72,56,40,0.7064,3,8,1
CUST-10931,2024-10-01,10,2024,7,3005.72,56,35,0.6207,1,8,1
CUST-10931,2024-11-01,11,2024,8,2968.1,55,46,0.8154,3,8,1
CUST-10931,2024-12-01,12,2024,9,3118.58,59,40,0.723,3,8,1
CUST-10932,2024-03-01,3,2024,0,681.24,10,1,0.145,2,5,1
CUST-10932,2024-04-01,4,2024,1,681.24,10,0,0.03,0,6,1
CUST-10932,2024-05-01,5,2024,2,681.24,10,2,0.1753,1,6,1
CUST-10932,2024-06-01,6,2024,3,709.46,11,2,0.1745,2,6,1
CUST-10932,2024-07-01,7,2024,4,709.46,11,4,0.389,2,6,1
CUST-10932,2024-08-01,8,2024,5,765.91,13,4,0.4049,1,6,1
CUST-10932,2024-09-01,9,2024,6,794.14,14,3,0.2566,2,6,1
CUST-10932,2024-10-01,10,2024,7,794.14,14,7,0.4588,0,7,1
CUST-10932,2024-11-01,11,2024,8,765.91,13,5,0.3772,1,6,1
CUST-10932,2024-12-01,12,2024,9,765.91,13,6,0.4518,2,6,1
CUST-10933,2024-03-01,3,2024,0,273.08,6,3,0.4639,4,7,1
CUST-10933,2024-04-01,4,2024,1,273.08,6,3,0.4935,3,8,1
CUST-10934,2024-03-01,3,2024,0,683.83,9,5,0.6558,1,5,1
CUST-10934,2024-04-01,4,2024,1,652.18,8,4,0.4955,1,5,1
CUST-10934,2024-05-01,5,2024,2,683.83,9,6,0.7187,1,6,1
CUST-10934,2024-06-01,6,2024,3,652.18,8,6,0.637,1,5,1
CUST-10934,2024-07-01,7,2024,4,652.18,8,4,0.5301,0,5,1
CUST-10934,2024-08-01,8,2024,5,652.18,8,5,0.607,1,5,1
CUST-10934,2024-09-01,9,2024,6,652.18,8,4,0.4968,0,5,1
CUST-10934,2024-10-01,10,2024,7,620.54,7,4,0.5021,0,5,1
CUST-10934,2024-11-01,11,2024,8,620.54,7,4,0.5738,0,5,1
CUST-10934,2024-12-01,12,2024,9,620.54,7,5,0.6952,0,6,1
CUST-10935,2024-03-01,3,2024,0,424.42,13,7,0.556,0,9,1
CUST-10935,2024-04-01,4,2024,1,466.79,15,5,0.3558,3,8,1
CUST-10935,2024-05-01,5,2024,2,466.79,15,5,0.325,0,9,1
CUST-10935,2024-06-01,6,2024,3,487.98,16,4,0.2593,0,8,1
CUST-10935,2024-07-01,7,2024,4,487.98,16,1,0.0851,0,8,1
CUST-10935,2024-08-01,8,2024,5,487.98,16,5,0.3047,1,8,1
CUST-10935,2024-09-01,9,2024,6,487.98,16,4,0.2389,2,8,1
CUST-10935,2024-10-01,10,2024,7,466.79,15,3,0.2058,2,8,1
CUST-10935,2024-11-01,11,2024,8,466.79,15,2,0.1406,0,8,1
CUST-10935,2024-12-01,12,2024,9,466.79,15,4,0.2528,3,8,1
CUST-10936,2024-03-01,3,2024,0,2083.94,29,8,0.2603,1,8,1
CUST-10936,2024-04-01,4,2024,1,2083.94,29,7,0.2389,2,8,1
CUST-10936,2024-05-01,5,2024,2,2124.8,30,4,0.1507,2,8,1
CUST-10936,2024-06-01,6,2024,3,2124.8,30,5,0.169,2,8,1
CUST-10936,2024-07-01,7,2024,4,2165.66,31,10,0.3323,0,9,1
CUST-10936,2024-08-01,8,2024,5,2247.38,33,8,0.2532,1,8,1
CUST-10936,2024-09-01,9,2024,6,2329.1,35,8,0.2442,0,8,1
CUST-10936,2024-10-01,10,2024,7,2206.52,32,6,0.1812,0,8,1
CUST-10936,2024-11-01,11,2024,8,2206.52,32,5,0.1698,1,8,1
CUST-10936,2024-12-01,12,2024,9,2165.66,31,2,0.0694,1,8,1
CUST-10937,2024-03-01,3,2024,0,7823.03,253,131,0.5285,0,7,1
CUST-10937,2024-04-01,4,2024,1,7206.81,232,101,0.4,2,6,1
CUST-10937,2024-05-01,5,2024,2,6884.02,221,94,0.404,1,7,1
CUST-10937,2024-06-01,6,2024,3,6972.06,224,119,0.537,0,7,1
CUST-10937,2024-07-01,7,2024,4,6913.37,222,139,0.6203,1,7,1
CUST-10937,2024-08-01,8,2024,5,7030.74,226,144,0.6489,1,7,1
CUST-10937,2024-09-01,9,2024,6,6766.65,217,158,0.7018,2,7,1
CUST-10937,2024-10-01,10,2024,7,6649.27,213,147,0.6745,0,7,1
CUST-10937,2024-11-01,11,2024,8,7177.46,231,156,0.7309,0,8,1
CUST-10937,2024-12-01,12,2024,9,6619.93,212,179,0.7752,1,7,1
CUST-10938,2024-03-01,3,2024,0,222.83,4,1,0.2547,2,9,1
CUST-10938,2024-04-01,4,2024,1,222.83,4,1,0.3159,2,9,1
CUST-10938,2024-05-01,5,2024,2,222.83,4,1,0.3323,1,10,1
CUST-10938,2024-06-01,6,2024,3,222.83,4,1,0.3284,1,10,1
CUST-10938,2024-07-01,7,2024,4,222.83,4,1,0.389,1,10,1
CUST-10938,2024-08-01,8,2024,5,222.83,4,2,0.4051,1,10,1
CUST-10938,2024-09-01,9,2024,6,222.83,4,1,0.3211,0,10,1
CUST-10938,2024-10-01,10,2024,7,204.37,3,1,0.156,4,9,1
CUST-10938,2024-11-01,11,2024,8,204.37,3,1,0.1622,0,10,1
CUST-10938,2024-12-01,12,2024,9,204.37,3,1,0.359,3,9,1
CUST-10939,2024-03-01,3,2024,0,103.42,5,3,0.5445,1,10,1
CUST-10939,2024-04-01,4,2024,1,103.42,5,2,0.4603,4,9,1
CUST-10939,2024-05-01,5,2024,2,103.42,5,3,0.475,2,9,1
CUST-10939,2024-06-01,6,2024,3,103.42,5,3,0.5132,4,9,1
CUST-10939,2024-07-01,7,2024,4,103.42,5,2,0.3731,0,9,1
CUST-10939,2024-08-01,8,2024,5,114.3,6,2,0.356,3,9,1
CUST-10939,2024-09-01,9,2024,6,103.42,5,2,0.3554,3,9,1
CUST-10939,2024-10-01,10,2024,7,114.3,6,2,0.3874,0,9,1
CUST-10939,2024-11-01,11,2024,8,125.19,7,2,0.3876,0,9,1
CUST-10939,2024-12-01,12,2024,9,125.19,7,2,0.256,1,9,1
CUST-10940,2024-03-01,3,2024,0,684.3,28,6,0.2149,1,6,1
CUST-10940,2024-04-01,4,2024,1,684.3,28,5,0.191,1,6,1
CUST-10940,2024-05-01,5,2024,2,646.07,26,8,0.2729,0,6,1
CUST-10940,2024-06-01,6,2024,3,684.3,28,8,0.3061,1,6,1
CUST-10940,2024-07-01,7,2024,4,684.3,28,7,0.2647,1,6,1
CUST-10940,2024-08-01,8,2024,5,646.07,26,5,0.187,2,6,1
CUST-10940,2024-09-01,9,2024,6,626.95,25,8,0.3097,1,6,1
CUST-10940,2024-10-01,10,2024,7,607.83,24,5,0.1786,1,6,1
CUST-10940,2024-11-01,11,2024,8,626.95,25,7,0.2853,1,6,1
CUST-10940,2024-12-01,12,2024,9,607.83,24,11,0.4176,1,7,1
CUST-10941,2024-03-01,3,2024,0,60.15,1,0,0.1832,2,7,1
CUST-10941,2024-04-01,4,2024,1,60.15,1,0,0.3143,1,8,1
CUST-10941,2024-05-01,5,2024,2,60.15,1,0,0.2864,2,7,1
CUST-10941,2024-06-01,6,2024,3,60.15,1,0,0.3049,1,8,1
CUST-10941,2024-07-01,7,2024,4,60.15,1,0,0.3479,1,8,1
CUST-10941,2024-08-01,8,2024,5,60.15,1,0,0.4337,2,8,1
CUST-10941,2024-09-01,9,2024,6,60.15,1,0,0.447,1,8,1
CUST-10941,2024-10-01,10,2024,7,60.15,1,0,0.4667,3,7,1
CUST-10941,2024-11-01,11,2024,8,60.15,1,0,0.414,1,8,1
CUST-10941,2024-12-01,12,2024,9,60.15,1,1,0.4948,1,8,1
CUST-10942,2024-03-01,3,2024,0,351.98,32,6,0.1697,3,6,1
CUST-10942,2024-04-01,4,2024,1,342.51,31,8,0.2449,3,6,1
CUST-10942,2024-05-01,5,2024,2,351.98,32,5,0.1588,1,7,1
CUST-10942,2024-06-01,6,2024,3,351.98,32,9,0.2885,2,7,1
CUST-10942,2024-07-01,7,2024,4,333.04,30,10,0.293,2,7,1
CUST-10943,2024-03-01,3,2024,0,133.0,7,1,0.1765,1,10,1
CUST-10943,2024-04-01,4,2024,1,145.0,8,2,0.2622,2,10,1
CUST-10943,2024-05-01,5,2024,2,145.0,8,1,0.1279,3,10,1
CUST-10943,2024-06-01,6,2024,3,145.0,8,2,0.2961,5,10,1
CUST-10943,2024-07-01,7,2024,4,157.0,9,1,0.1071,1,10,1
CUST-10943,2024-08-01,8,2024,5,169.0,10,1,0.1411,2,10,1
CUST-10943,2024-09-01,9,2024,6,169.0,10,1,0.1198,0,10,1
CUST-10943,2024-10-01,10,2024,7,169.0,10,1,0.1022,0,10,1
CUST-10943,2024-11-01,11,2024,8,193.0,12,1,0.102,1,10,1
CUST-10943,2024-12-01,12,2024,9,181.0,11,2,15.6,0,10,1
CUST-10944,2024-03-01,3,2024,0,203.37,16,7,0.4805,0,5,1
CUST-10944,2024-04-01,4,2024,1,203.37,16,8,0.5276,3,4,1
CUST-10944,2024-05-01,5,2024,2,213.02,17,9,0.5484,0,5,1
CUST-10944,2024-06-01,6,2024,3,213.02,17,12,0.6928,0,5,1
CUST-10944,2024-07-01,7,2024,4,222.66,18,8,0.4839,0,5,1
CUST-10944,2024-08-01,8,2024,5,232.31,19,10,0.5851,2,4,1
CUST-10944,2024-09-01,9,2024,6,251.61,21,11,60.5,0,5,1
CUST-10944,2024-10-01,10,2024,7,222.66,18,12,0.5823,0,5,1
CUST-10944,2024-11-01,11,2024,8,222.66,18,10,54.9,1,5,1
CUST-10944,2024-12-01,12,2024,9,222.66,18,12,67.0,0,5,1
CUST-10945,2024-03-01,3,2024,0,83.63,3,2,0.5399,0,9,1
CUST-10945,2024-04-01,4,2024,1,83.63,3,2,0.6516,1,9,1
CUST-10945,2024-05-01,5,2024,2,83.63,3,2,0.7678,0,9,1
CUST-10945,2024-06-01,6,2024,3,95.18,4,2,0.5171,0,9,1
CUST-10945,2024-07-01,7,2024,4,95.18,4,3,0.7379,0,9,1
CUST-10945,2024-08-01,8,2024,5,95.18,4,4,0.944,1,10,1
CUST-10945,2024-09-01,9,2024,6,95.18,4,3,0.8262,0,10,1
CUST-10945,2024-10-01,10,2024,7,95.18,4,3,0.9125,0,10,1
CUST-10945,2024-11-01,11,2024,8,83.63,3,3,0.9078,1,9,1
CUST-10945,2024-12-01,12,2024,9,83.63,3,3,0.9739,0,10,1
CUST-10946,2024-03-01,3,2024,0,2109.91,57,44,0.727,3,7,1
CUST-10946,2024-04-01,4,2024,1,2049.88,55,41,0.7132,1,7,1
CUST-10946,2024-05-01,5,2024,2,2079.9,56,33,0.6093,1,7,1
CUST-10946,2024-06-01,6,2024,3,2079.9,56,25,0.4397,1,6,1
CUST-10946,2024-07-01,7,2024,4,1959.83,52,35,0.6224,2,7,1
CUST-10946,2024-08-01,8,2024,5,1989.85,53,27,0.5208,3,6,1
CUST-10946,2024-09-01,9,2024,6,1899.8,50,26,0.489,1,6,1
CUST-10946,2024-10-01,10,2024,7,1989.85,53,23,0.4501,1,6,1
CUST-10946,2024-11-01,11,2024,8,1989.85,53,16,0.3078,1,6,1
CUST-10946,2024-12-01,12,2024,9,2019.86,54,19,0.3523,2,6,1
CUST-10947,2024-03-01,3,2024,0,59.79,1,0,0.448,2,10,1
CUST-10947,2024-04-01,4,2024,1,59.79,1,0,0.2969,1,9,1
CUST-10947,2024-05-01,5,2024,2,59.79,1,0,0.1969,1,9,1
CUST-10947,2024-06-01,6,2024,3,59.79,1,0,0.2681,0,10,1
CUST-10947,2024-07-01,7,2024,4,59.79,1,0,0.1865,0,9,1
CUST-10947,2024-08-01,8,2024,5,59.79,1,0,0.1593,0,9,1
CUST-10947,2024-09-01,9,2024,6,59.79,1,0,0.1463,3,9,1
CUST-10947,2024-10-01,10,2024,7,59.79,1,0,0.1635,2,9,1
CUST-10947,2024-11-01,11,2024,8,59.79,1,0,0.3061,4,9,1
CUST-10947,2024-12-01,12,2024,9,59.79,1,0,0.2956,0,10,1
CUST-10948,2024-03-01,3,2024,0,241.89,19,2,0.1173,1,6,1
CUST-10948,2024-04-01,4,2024,1,252.04,20,3,0.1687,4,6,1
CUST-10948,2024-05-01,5,2024,2,262.19,21,2,0.1135,0,7,1
CUST-10948,2024-06-01,6,2024,3,282.5,23,5,0.2492,2,7,1
CUST-10948,2024-07-01,7,2024,4,292.65,24,3,0.1411,1,7,1
CUST-10948,2024-08-01,8,2024,5,302.8,25,1,0.03,2,6,1
CUST-10948,2024-09-01,9,2024,6,333.26,28,3,13.9,1,7,1
CUST-10948,2024-10-01,10,2024,7,343.41,29,1,0.03,0,6,1
CUST-10948,2024-11-01,11,2024,8,323.1,27,1,0.0325,1,6,1
CUST-10948,2024-12-01,12,2024,9,343.41,29,3,0.1153,0,7,1
CUST-10949,2024-03-01,3,2024,0,82.59,3,1,0.4052,3,6,1
CUST-10949,2024-04-01,4,2024,1,82.59,3,1,0.3669,1,6,1
CUST-10949,2024-05-01,5,2024,2,82.59,3,1,0.2672,0,6,1
CUST-10950,2024-03-01,3,2024,0,188.27,14,6,0.4346,1,9,1
CUST-10950,2024-04-01,4,2024,1,188.27,14,7,0.4867,1,10,1
CUST-10950,2024-05-01,5,2024,2,178.32,13,6,0.4115,1,9,1
CUST-10950,2024-06-01,6,2024,3,188.27,14,6,0.4498,1,9,1
CUST-10950,2024-07-01,7,2024,4,178.32,13,6,0.4081,1,9,1
CUST-10950,2024-08-01,8,2024,5,168.38,12,4,0.2903,1,9,1
CUST-10950,2024-09-01,9,2024,6,158.43,11,3,0.2955,0,9,1
CUST-10950,2024-10-01,10,2024,7,148.48,10,5,0.4861,2,9,1
CUST-10950,2024-11-01,11,2024,8,148.48,10,5,0.5094,0,10,1
CUST-10950,2024-12-01,12,2024,9,138.53,9,3,0.3611,1,9,1
CUST-10951,2024-03-01,3,2024,0,202.99,3,1,0.231,1,7,1
CUST-10951,2024-04-01,4,2024,1,202.99,3,1,0.218,1,7,1
CUST-10951,2024-05-01,5,2024,2,202.99,3,1,0.167,1,7,1
CUST-10951,2024-06-01,6,2024,3,202.99,3,1,0.1977,2,7,1
CUST-10951,2024-07-01,7,2024,4,220.98,4,1,0.1739,2,7,1
CUST-10951,2024-08-01,8,2024,5,220.98,4,1,0.1697,0,7,1
CUST-10951,2024-09-01,9,2024,6,220.98,4,0,0.0837,3,6,1
CUST-10951,2024-10-01,10,2024,7,220.98,4,0,0.0882,3,6,1
CUST-10951,2024-11-01,11,2024,8,220.98,4,1,0.1736,0,7,1
CUST-10952,2024-03-01,3,2024,0,92.49,4,1,0.1441,0,4,1
CUST-10952,2024-04-01,4,2024,1,92.49,4,0,0.124,2,3,1
CUST-10953,2024-03-01,3,2024,0,214.93,3,0,0.03,2,5,1
CUST-10953,2024-04-01,4,2024,1,214.93,3,0,8.1,2,5,1
CUST-10953,2024-05-01,5,2024,2,214.93,3,0,0.03,0,5,1
CUST-10953,2024-06-01,6,2024,3,214.93,3,0,0.03,3,5,1
CUST-10953,2024-07-01,7,2024,4,236.91,4,0,0.03,0,5,1
CUST-10953,2024-08-01,8,2024,5,236.91,4,0,0.03,1,5,1
CUST-10953,2024-09-01,9,2024,6,236.91,4,0,0.0751,1,5,1
CUST-10953,2024-10-01,10,2024,7,236.91,4,0,0.0369,2,5,1
CUST-10953,2024-11-01,11,2024,8,236.91,4,0,0.03,3,5,1
CUST-10953,2024-12-01,12,2024,9,236.91,4,0,0.03,3,5,1
CUST-10954,2024-03-01,3,2024,0,92.06,4,1,0.3684,0,10,1
CUST-10954,2024-04-01,4,2024,1,92.06,4,1,0.2151,1,10,1
CUST-10954,2024-05-01,5,2024,2,102.82,5,1,0.1622,0,10,1
CUST-10954,2024-06-01,6,2024,3,102.82,5,1,0.1375,2,10,1
CUST-10954,2024-07-01,7,2024,4,102.82,5,1,0.171,1,10,1
CUST-10954,2024-08-01,8,2024,5,102.82,5,1,0.2754,1,10,1
CUST-10954,2024-09-01,9,2024,6,102.82,5,0,0.0375,0,10,1
CUST-10954,2024-10-01,10,2024,7,102.82,5,0,0.0805,3,10,1
CUST-10954,2024-11-01,11,2024,8,113.58,6,0,0.03,2,10,1
CUST-10954,2024-12-01,12,2024,9,113.58,6,0,0.0584,1,10,1
CUST-10955,2024-03-01,3,2024,0,886.0,75,47,0.6125,1,4,1
CUST-10955,2024-04-01,4,2024,1,830.2,70,41,0.5482,2,4,1
CUST-10955,2024-05-01,5,2024,2,919.48,78,31,0.4431,1,4,1
CUST-10955,2024-06-01,6,2024,3,1008.76,86,44,0.5634,2,4,1
CUST-10955,2024-07-01,7,2024,4,997.6,85,44,0.5119,4,3,1
CUST-10955,2024-08-01,8,2024,5,1031.08,88,33,0.384,2,3,1
CUST-10955,2024-09-01,9,2024,6,1008.76,86,25,0.2798,4,3,1
CUST-10955,2024-10-01,10,2024,7,1142.68,98,35,0.4042,0,4,1
CUST-10955,2024-11-01,11,2024,8,1165.0,100,44,0.4478,0,4,1
CUST-10955,2024-12-01,12,2024,9,1053.4,90,35,0.3511,3,3,1
CUST-10956,2024-03-01,3,2024,0,246.57,5,3,0.5872,0,9,1
CUST-10956,2024-04-01,4,2024,1,246.57,5,2,0.4016,4,8,1
CUST-10956,2024-05-01,5,2024,2,246.57,5,2,0.3189,0,9,1
CUST-10957,2024-03-01,3,2024,0,155.81,9,4,0.4277,3,3,1
CUST-10957,2024-04-01,4,2024,1,143.94,8,4,0.3991,2,3,1
CUST-10957,2024-05-01,5,2024,2,132.08,7,3,0.3588,2,3,1
CUST-10957,2024-06-01,6,2024,3,132.08,7,4,0.5121,2,4,1
CUST-10957,2024-07-01,7,2024,4,132.08,7,3,0.4087,0,4,1
CUST-10957,2024-08-01,8,2024,5,132.08,7,3,0.4157,4,3,1
CUST-10957,2024-09-01,9,2024,6,132.08,7,3,0.4605,1,4,1
CUST-10957,2024-10-01,10,2024,7,132.08,7,3,0.4364,3,3,1
CUST-10957,2024-11-01,11,2024,8,132.08,7,4,0.5624,4,3,1
CUST-10957,2024-12-01,12,2024,9,132.08,7,4,60.1,1,4,1
CUST-10958,2024-03-01,3,2024,0,72.02,2,1,0.383,1,7,1
CUST-10958,2024-04-01,4,2024,1,72.02,2,0,0.2028,2,6,1
CUST-10958,2024-05-01,5,2024,2,72.02,2,1,0.4082,2,7,1
CUST-10958,2024-06-01,6,2024,3,72.02,2,1,0.4031,2,7,1
CUST-10958,2024-07-01,7,2024,4,72.02,2,1,0.3029,1,7,1
CUST-10958,2024-08-01,8,2024,5,72.02,2,1,0.3873,3,6,1
CUST-10958,2024-09-01,9,2024,6,72.02,2,1,0.4459,1,7,1
CUST-10958,2024-10-01,10,2024,7,72.02,2,1,0.2983,2,6,1
CUST-10958,2024-11-01,11,2024,8,72.02,2,1,0.3098,1,7,1
CUST-10958,2024-12-01,12,2024,9,72.02,2,1,0.3457,1,7,1
CUST-10959,2024-03-01,3,2024,0,445.67,15,12,0.7786,0,7,1
CUST-10959,2024-04-01,4,2024,1,425.89,14,10,0.7085,0,7,1
CUST-10959,2024-05-01,5,2024,2,425.89,14,12,0.8171,1,7,1
CUST-10959,2024-06-01,6,2024,3,425.89,14,10,0.7135,0,7,1
CUST-10959,2024-07-01,7,2024,4,406.11,13,9,0.6587,0,7,1
CUST-10959,2024-08-01,8,2024,5,425.89,14,11,0.8097,1,7,1
CUST-10959,2024-09-01,9,2024,6,445.67,15,10,0.7564,2,7,1
CUST-10959,2024-10-01,10,2024,7,425.89,14,12,0.7684,0,7,1
CUST-10959,2024-11-01,11,2024,8,425.89,14,10,0.7036,2,7,1
CUST-10959,2024-12-01,12,2024,9,406.11,13,11,0.7918,2,7,1
CUST-10960,2024-03-01,3,2024,0,1604.57,42,17,0.4439,0,8,1
CUST-10960,2024-04-01,4,2024,1,1575.86,41,20,0.4913,0,8,1
CUST-10960,2024-05-01,5,2024,2,1604.57,42,17,0.4205,0,8,1
CUST-10960,2024-06-01,6,2024,3,1547.16,40,18,0.4243,1,8,1
CUST-10960,2024-07-01,7,2024,4,1604.57,42,8,0.2044,1,7,1
CUST-10960,2024-08-01,8,2024,5,1690.68,45,11,0.2555,2,7,1
CUST-10960,2024-09-01,9,2024,6,1690.68,45,13,0.2821,0,8,1
CUST-10960,2024-10-01,10,2024,7,1805.5,49,16,0.348,0,8,1
CUST-10960,2024-11-01,11,2024,8,1862.9,51,16,0.3299,1,8,1
CUST-10960,2024-12-01,12,2024,9,1834.2,50,9,0.1726,1,7,1
CUST-10961,2024-03-01,3,2024,0,1211.53,51,22,0.4644,1,5,1
CUST-10961,2024-04-01,4,2024,1,1190.7,50,26,0.4997,1,5,1
CUST-10961,2024-05-01,5,2024,2,1190.7,50,21,0.4152,3,4,1
CUST-10961,2024-06-01,6,2024,3,1190.7,50,24,0.4861,0,5,1
CUST-10961,2024-07-01,7,2024,4,1149.03,48,17,0.3347,2,4,1
CUST-10961,2024-08-01,8,2024,5,1211.53,51,18,0.3704,2,4,1
CUST-10961,2024-09-01,9,2024,6,1169.87,49,23,0.4423,1,5,1
CUST-10961,2024-10-01,10,2024,7,1107.36,46,24,0.4924,2,4,1
CUST-10961,2024-11-01,11,2024,8,1190.7,50,20,0.4285,0,5,1
CUST-10961,2024-12-01,12,2024,9,1128.2,47,15,0.2987,2,4,1
CUST-10962,2024-03-01,3,2024,0,71.1,2,1,0.7154,2,9,1
CUST-10963,2024-03-01,3,2024,0,609.77,22,8,0.3526,2,6,1
CUST-10963,2024-04-01,4,2024,1,588.82,21,7,0.3106,0,6,1
CUST-10964,2024-03-01,3,2024,0,832.66,16,3,0.2001,1,5,1
CUST-10964,2024-04-01,4,2024,1,832.66,16,2,0.1273,1,5,1
CUST-10964,2024-05-01,5,2024,2,832.66,16,2,0.1335,3,4,1
CUST-10964,2024-06-01,6,2024,3,805.56,15,4,0.2336,1,5,1
CUST-10964,2024-07-01,7,2024,4,805.56,15,3,0.1749,2,5,1
CUST-10964,2024-08-01,8,2024,5,778.46,14,2,0.1429,2,4,1
CUST-10965,2024-03-01,3,2024,0,114.09,6,1,0.2293,0,9,1
CUST-10965,2024-04-01,4,2024,1,114.09,6,1,0.1539,1,9,1
CUST-10966,2024-03-01,3,2024,0,773.4,13,7,0.5743,0,8,1
CUST-10966,2024-04-01,4,2024,1,773.4,13,7,0.5224,1,8,1
CUST-10966,2024-05-01,5,2024,2,773.4,13,9,0.7188,1,9,1
CUST-10966,2024-06-01,6,2024,3,773.4,13,9,0.6432,0,9,1
CUST-10966,2024-07-01,7,2024,4,802.2,14,10,0.7369,0,9,1
CUST-10966,2024-08-01,8,2024,5,802.2,14,8,0.5792,2,8,1
CUST-10966,2024-09-01,9,2024,6,773.4,13,9,0.6435,2,8,1
CUST-10966,2024-10-01,10,2024,7,802.2,14,9,0.6819,3,8,1
CUST-10966,2024-11-01,11,2024,8,802.2,14,10,0.7551,1,9,1
CUST-10966,2024-12-01,12,2024,9,802.2,14,10,0.7074,2,8,1
CUST-10967,2024-03-01,3,2024,0,436.36,14,8,0.4752,1,6,1
CUST-10967,2024-04-01,4,2024,1,456.89,15,7,0.4896,3,5,1
CUST-10967,2024-05-01,5,2024,2,456.89,15,7,0.4847,0,6,1
CUST-10967,2024-06-01,6,2024,3,456.89,15,7,0.5016,2,5,1
CUST-10967,2024-07-01,7,2024,4,477.42,16,8,0.5179,1,6,1
CUST-10967,2024-08-01,8,2024,5,477.42,16,8,0.5033,0,6,1
CUST-10967,2024-09-01,9,2024,6,477.42,16,7,0.4309,2,5,1
CUST-10967,2024-10-01,10,2024,7,477.42,16,9,0.5706,2,6,1
CUST-10967,2024-11-01,11,2024,8,477.42,16,10,0.5936,2,6,1
CUST-10967,2024-12-01,12,2024,9,477.42,16,7,0.4371,1,6,1
CUST-10968,2024-03-01,3,2024,0,1819.22,79,25,0.3402,1,6,1
CUST-10968,2024-04-01,4,2024,1,1903.79,83,24,0.3064,3,5,1
CUST-10968,2024-05-01,5,2024,2,1946.07,85,4,0.0502,2,5,1
CUST-10968,2024-06-01,6,2024,3,1967.21,86,15,0.1803,2,5,1
CUST-10968,2024-07-01,7,2024,4,2094.06,92,3,0.0336,1,5,1
CUST-10968,2024-08-01,8,2024,5,2094.06,92,4,0.0399,1,5,1
CUST-10968,2024-09-01,9,2024,6,2072.92,91,3,0.03,2,5,1
CUST-10968,2024-10-01,10,2024,7,2094.06,92,3,0.03,2,5,1
CUST-10968,2024-11-01,11,2024,8,2242.06,99,3,0.03,1,5,1
CUST-10968,2024-12-01,12,2024,9,2284.34,101,3,0.03,2,5,1
CUST-10969,2024-03-01,3,2024,0,207.04,15,9,0.6583,0,10,1
CUST-10969,2024-04-01,4,2024,1,207.04,15,9,0.5994,0,10,1
CUST-10969,2024-05-01,5,2024,2,217.58,16,9,0.6163,0,10,1
CUST-10969,2024-06-01,6,2024,3,217.58,16,9,0.6043,0,10,1
CUST-10969,2024-07-01,7,2024,4,217.58,16,10,0.633,0,10,1
CUST-10969,2024-08-01,8,2024,5,217.58,16,9,0.5462,0,10,1
CUST-10969,2024-09-01,9,2024,6,217.58,16,10,0.6206,0,10,1
CUST-10969,2024-10-01,10,2024,7,207.04,15,7,0.4204,0,10,1
CUST-10969,2024-11-01,11,2024,8,217.58,16,8,0.5397,0,10,1
CUST-10969,2024-12-01,12,2024,9,217.58,16,8,0.5269,0,10,1
CUST-10970,2024-03-01,3,2024,0,327.2,9,4,0.4379,1,8,1
CUST-10970,2024-04-01,4,2024,1,327.2,9,3,0.3671,1,8,1
CUST-10971,2024-03-01,3,2024,0,108.9,6,3,0.6158,0,4,1
CUST-10971,2024-04-01,4,2024,1,108.9,6,4,0.7163,0,4,1
CUST-10971,2024-05-01,5,2024,2,98.92,5,3,0.6089,0,4,1
CUST-10971,2024-06-01,6,2024,3,98.92,5,3,0.5713,0,4,1
CUST-10971,2024-07-01,7,2024,4,98.92,5,2,0.4845,0,4,1
CUST-10971,2024-08-01,8,2024,5,98.92,5,4,0.7728,0,4,1
CUST-10971,2024-09-01,9,2024,6,98.92,5,4,0.7218,0,4,1
CUST-10971,2024-10-01,10,2024,7,98.92,5,4,0.7953,0,4,1
CUST-10971,2024-11-01,11,2024,8,108.9,6,4,0.6525,3,3,1
CUST-10971,2024-12-01,12,2024,9,108.9,6,4,0.7554,0,4,1
CUST-10972,2024-04-01,4,2024,0,204.57,3,1,0.3781,2,3,1
CUST-10972,2024-05-01,5,2024,1,204.57,3,1,0.3864,0,4,1
CUST-10972,2024-06-01,6,2024,2,204.57,3,1,0.4463,1,4,1
CUST-10972,2024-07-01,7,2024,3,204.57,3,1,0.4251,2,3,1
CUST-10972,2024-08-01,8,2024,4,186.05,2,1,0.2803,2,3,1
CUST-10972,2024-09-01,9,2024,5,186.05,2,1,0.2715,2,3,1
CUST-10972,2024-10-01,10,2024,6,186.05,2,1,0.3122,3,3,1
CUST-10972,2024-11-01,11,2024,7,186.05,2,1,0.2978,1,3,1
CUST-10972,2024-12-01,12,2024,8,186.05,2,0,0.2109,1,3,1
CUST-10973,2024-04-01,4,2024,0,1885.85,48,15,0.3396,2,6,1
CUST-10973,2024-05-01,5,2024,1,1916.82,49,10,0.2061,2,6,1
CUST-10973,2024-06-01,6,2024,2,1916.82,49,23,0.4574,2,6,1
CUST-10973,2024-07-01,7,2024,3,2009.75,52,19,0.3878,4,6,1
CUST-10973,2024-08-01,8,2024,4,2040.73,53,19,0.3726,1,6,1
CUST-10973,2024-09-01,9,2024,5,2226.58,59,18,0.3317,3,6,1
CUST-10973,2024-10-01,10,2024,6,2071.7,54,11,0.1812,2,6,1
CUST-10973,2024-11-01,11,2024,7,2164.63,57,14,0.2648,2,6,1
CUST-10973,2024-12-01,12,2024,8,2040.73,53,16,0.2829,4,6,1
CUST-10974,2024-04-01,4,2024,0,1733.57,22,14,0.6601,3,6,1
CUST-10974,2024-05-01,5,2024,1,1695.63,21,13,0.5784,0,7,1
CUST-10974,2024-06-01,6,2024,2,1733.57,22,17,0.7876,1,7,1
CUST-10974,2024-07-01,7,2024,3,1771.51,23,12,0.5351,1,6,1
CUST-10974,2024-08-01,8,2024,4,1771.51,23,17,0.7523,0,7,1
CUST-10974,2024-09-01,9,2024,5,1809.44,24,15,0.6511,0,7,1
CUST-10974,2024-10-01,10,2024,6,1809.44,24,14,0.6018,0,7,1
CUST-10974,2024-11-01,11,2024,7,1771.51,23,13,0.531,0,6,1
CUST-10974,2024-12-01,12,2024,8,1733.57,22,14,0.5973,0,7,1
CUST-10975,2024-04-01,4,2024,0,3022.62,103,11,0.1066,0,10,1
CUST-10975,2024-05-01,5,2024,1,3328.28,115,24,0.2277,2,10,1
CUST-10975,2024-06-01,6,2024,2,3226.39,111,30,0.266,1,10,1
CUST-10975,2024-07-01,7,2024,3,3099.03,106,31,0.2796,1,10,1
CUST-10975,2024-08-01,8,2024,4,3099.03,106,19,0.1835,0,10,1
CUST-10975,2024-09-01,9,2024,5,2971.67,101,42,0.3936,0,10,1
CUST-10975,2024-10-01,10,2024,6,2946.2,100,29,0.2829,0,10,1
CUST-10975,2024-11-01,11,2024,7,2844.31,96,31,0.311,3,10,1
CUST-10975,2024-12-01,12,2024,8,2946.2,100,30,0.3089,0,10,1
CUST-10976,2024-04-01,4,2024,0,1277.6,57,20,0.3753,2,6,1
CUST-10976,2024-05-01,5,2024,1,1277.6,57,21,0.3668,2,6,1
CUST-10976,2024-06-01,6,2024,2,1376.6,62,18,0.3078,1,6,1
CUST-10976,2024-07-01,7,2024,3,1455.8,66,18,0.2981,0,6,1
CUST-10976,2024-08-01,8,2024,4,1554.8,71,15,0.22,0,6,1
CUST-10976,2024-09-01,9,2024,5,1693.4,78,13,0.1779,0,6,1
CUST-10976,2024-10-01,10,2024,6,1673.6,77,17,0.2173,2,6,1
CUST-10976,2024-11-01,11,2024,7,1713.2,79,20,0.2603,0,6,1
CUST-10976,2024-12-01,12,2024,8,1832.0,85,16,0.2061,2,6,1
CUST-10977,2024-04-01,4,2024,0,229.52,4,3,0.7507,3,9,1
CUST-10977,2024-05-01,5,2024,1,229.52,4,2,0.5433,1,9,1
CUST-10977,2024-06-01,6,2024,2,229.52,4,2,0.6296,0,9,1
CUST-10977,2024-07-01,7,2024,3,229.52,4,2,0.4365,0,9,1
CUST-10977,2024-08-01,8,2024,4,229.52,4,2,0.6511,3,9,1
CUST-10977,2024-09-01,9,2024,5,229.52,4,3,0.6485,0,9,1
CUST-10977,2024-10-01,10,2024,6,229.52,4,2,0.4951,1,9,1
CUST-10977,2024-11-01,11,2024,7,229.52,4,2,0.5747,3,8,1
CUST-10977,2024-12-01,12,2024,8,229.52,4,2,0.5708,2,9,1
CUST-10978,2024-04-01,4,2024,0,489.05,3,0,0.1033,4,7,1
CUST-10978,2024-05-01,5,2024,1,489.05,3,0,0.0587,3,7,1
CUST-10978,2024-06-01,6,2024,2,489.05,3,0,0.03,1,7,1
CUST-10978,2024-07-01,7,2024,3,489.05,3,0,0.03,4,6,1
CUST-10978,2024-08-01,8,2024,4,489.05,3,0,0.0766,5,6,1
CUST-10978,2024-09-01,9,2024,5,489.05,3,0,0.0714,2,7,1
CUST-10978,2024-10-01,10,2024,6,489.05,3,0,0.03,0,7,1
CUST-10978,2024-11-01,11,2024,7,489.05,3,0,0.03,1,7,1
CUST-10978,2024-12-01,12,2024,8,489.05,3,0,0.03,6,6,1
CUST-10979,2024-04-01,4,2024,0,2137.4,32,19,0.6269,0,10,1
CUST-10979,2024-05-01,5,2024,1,2137.4,32,14,0.4356,1,9,1
CUST-10979,2024-06-01,6,2024,2,2098.7,31,17,0.5288,1,10,1
CUST-10979,2024-07-01,7,2024,3,1982.6,28,14,0.454,0,10,1
CUST-10979,2024-08-01,8,2024,4,1866.5,25,11,0.3954,1,9,1
CUST-10979,2024-09-01,9,2024,5,1789.1,23,10,0.413,3,9,1
CUST-10979,2024-10-01,10,2024,6,1827.8,24,10,0.4302,3,9,1
CUST-10979,2024-11-01,11,2024,7,1827.8,24,9,0.3664,1,9,1
CUST-10979,2024-12-01,12,2024,8,1866.5,25,8,0.3179,6,8,1
CUST-10980,2024-04-01,4,2024,0,4418.45,99,43,0.3927,2,8,1
CUST-10980,2024-05-01,5,2024,1,4596.2,104,39,0.3984,0,8,1
CUST-10980,2024-06-01,6,2024,2,4667.3,106,47,0.453,0,8,1
CUST-10980,2024-07-01,7,2024,3,4880.6,112,37,0.3551,1,8,1
CUST-10980,2024-08-01,8,2024,4,5093.9,118,42,0.376,1,8,1
CUST-10980,2024-09-01,9,2024,5,4880.6,112,41,0.3441,2,8,1
CUST-10980,2024-10-01,10,2024,6,5200.55,121,42,0.3721,4,7,1
CUST-10980,2024-11-01,11,2024,7,5271.65,123,16,0.1312,1,7,1
CUST-10980,2024-12-01,12,2024,8,5378.3,126,27,0.2182,3,7,1
CUST-10981,2024-04-01,4,2024,0,744.06,28,7,0.2846,0,4,1
CUST-10981,2024-05-01,5,2024,1,744.06,28,8,0.2864,1,4,1
CUST-10981,2024-06-01,6,2024,2,786.56,30,13,0.4786,1,4,1
CUST-10981,2024-07-01,7,2024,3,786.56,30,14,0.4675,0,5,1
CUST-10981,2024-08-01,8,2024,4,807.81,31,17,0.5706,0,5,1
CUST-10981,2024-09-01,9,2024,5,786.56,30,18,0.5729,0,5,1
CUST-10981,2024-10-01,10,2024,6,765.31,29,16,0.5354,0,5,1
CUST-10981,2024-11-01,11,2024,7,807.81,31,9,0.3171,0,4,1
CUST-10981,2024-12-01,12,2024,8,850.32,33,17,0.5549,0,5,1
CUST-10982,2024-04-01,4,2024,0,95.8,4,1,0.2805,1,10,1
CUST-10982,2024-05-01,5,2024,1,95.8,4,1,0.2898,2,10,1
CUST-10982,2024-06-01,6,2024,2,95.8,4,1,0.3255,1,10,1
CUST-10982,2024-07-01,7,2024,3,95.8,4,1,0.3111,1,10,1
CUST-10982,2024-08-01,8,2024,4,107.5,5,1,0.1953,3,9,1
CUST-10982,2024-09-01,9,2024,5,95.8,4,2,0.3396,3,10,1
CUST-10982,2024-10-01,10,2024,6,95.8,4,1,0.3074,2,10,1
CUST-10983,2024-04-01,4,2024,0,377.45,11,0,0.03,2,7,1
CUST-10983,2024-05-01,5,2024,1,356.68,10,1,0.0798,3,7,1
CUST-10983,2024-06-01,6,2024,2,377.45,11,1,0.1291,2,7,1
CUST-10984,2024-04-01,4,2024,0,235.77,4,2,0.6117,2,9,1
CUST-10984,2024-05-01,5,2024,1,235.77,4,2,0.5454,1,9,1
CUST-10984,2024-06-01,6,2024,2,235.77,4,3,0.7549,0,10,1
CUST-10984,2024-07-01,7,2024,3,235.77,4,2,0.625,0,9,1
CUST-10984,2024-08-01,8,2024,4,235.77,4,2,0.5017,0,9,1
CUST-10984,2024-09-01,9,2024,5,235.77,4,2,0.6034,0,9,1
CUST-10984,2024-10-01,10,2024,6,214.08,3,2,0.5303,1,9,1
CUST-10984,2024-11-01,11,2024,7,235.77,4,1,0.425,3,8,1
CUST-10984,2024-12-01,12,2024,8,235.77,4,2,0.5168,1,9,1
CUST-10985,2024-04-01,4,2024,0,178.6,12,6,0.5022,1,8,1
CUST-10985,2024-05-01,5,2024,1,178.6,12,6,0.493,2,8,1
CUST-10985,2024-06-01,6,2024,2,178.6,12,5,0.4028,0,8,1
CUST-10985,2024-07-01,7,2024,3,178.6,12,5,0.4266,0,8,1
CUST-10985,2024-08-01,8,2024,4,178.6,12,4,0.2955,0,8,1
CUST-10985,2024-09-01,9,2024,5,167.8,11,4,0.3378,2,8,1
CUST-10985,2024-10-01,10,2024,6,167.8,11,3,0.3102,1,8,1
CUST-10985,2024-11-01,11,2024,7,157.0,10,4,0.3405,0,8,1
CUST-10985,2024-12-01,12,2024,8,167.8,11,2,0.1846,1,7,1
CUST-10986,2024-04-01,4,2024,0,1135.25,6,4,0.588,0,9,1
CUST-10986,2024-05-01,5,2024,1,1135.25,6,4,0.712,0,9,1
CUST-10986,2024-06-01,6,2024,2,1135.25,6,4,0.5762,0,9,1
CUST-10986,2024-07-01,7,2024,3,1135.25,6,4,0.688,0,9,1
CUST-10986,2024-08-01,8,2024,4,1095.88,5,4,0.6552,0,9,1
CUST-10986,2024-09-01,9,2024,5,1095.88,5,4,0.7701,0,10,1
CUST-10986,2024-10-01,10,2024,6,1135.25,6,4,0.7886,0,10,1
CUST-10987,2024-04-01,4,2024,0,2082.64,29,5,0.198,1,7,1
CUST-10987,2024-05-01,5,2024,1,2123.45,30,5,0.1612,1,7,1
CUST-10987,2024-06-01,6,2024,2,2123.45,30,7,0.2456,1,7,1
CUST-10987,2024-07-01,7,2024,3,2082.64,29,4,0.1401,3,6,1
CUST-10987,2024-08-01,8,2024,4,2041.82,28,7,0.2399,2,7,1
CUST-10987,2024-09-01,9,2024,5,2041.82,28,5,0.169,3,6,1
CUST-10987,2024-10-01,10,2024,6,2123.45,30,3,0.1197,1,7,1
CUST-10988,2024-04-01,4,2024,0,471.39,17,8,0.4451,3,10,1
CUST-10988,2024-05-01,5,2024,1,490.35,18,7,0.4325,2,10,1
CUST-10988,2024-06-01,6,2024,2,471.39,17,9,0.5027,0,10,1
CUST-10988,2024-07-01,7,2024,3,471.39,17,8,0.4869,4,10,1
CUST-10988,2024-08-01,8,2024,4,452.42,16,8,0.5083,0,10,1
CUST-10988,2024-09-01,9,2024,5,452.42,16,8,0.4798,0,10,1
CUST-10988,2024-10-01,10,2024,6,414.5,14,8,0.511,2,10,1
CUST-10988,2024-11-01,11,2024,7,433.46,15,8,0.5624,0,10,1
CUST-10988,2024-12-01,12,2024,8,433.46,15,8,0.5336,0,10,1
CUST-10989,2024-04-01,4,2024,0,339.48,9,4,0.4465,2,6,1
CUST-10989,2024-05-01,5,2024,1,318.31,8,4,0.4596,2,6,1
CUST-10989,2024-06-01,6,2024,2,318.31,8,4,0.4921,1,6,1
CUST-10989,2024-07-01,7,2024,3,318.31,8,5,0.5643,2,6,1
CUST-10989,2024-08-01,8,2024,4,339.48,9,6,0.6986,2,6,1
CUST-10989,2024-09-01,9,2024,5,339.48,9,5,0.5617,1,6,1
CUST-10989,2024-10-01,10,2024,6,339.48,9,5,0.573,1,6,1
CUST-10989,2024-11-01,11,2024,7,339.48,9,5,0.5838,2,6,1
CUST-10989,2024-12-01,12,2024,8,339.48,9,6,0.642,2,6,1
CUST-10990,2024-04-01,4,2024,0,542.84,5,3,0.6548,4,7,1
CUST-10990,2024-05-01,5,2024,1,542.84,5,3,0.5202,3,7,1
CUST-10990,2024-06-01,6,2024,2,542.84,5,3,0.5866,2,8,1
CUST-10990,2024-07-01,7,2024,3,514.07,4,3,0.6026,0,8,1
CUST-10990,2024-08-01,8,2024,4,514.07,4,3,0.5784,1,8,1
CUST-10990,2024-09-01,9,2024,5,514.07,4,2,0.5317,1,8,1
CUST-10990,2024-10-01,10,2024,6,514.07,4,2,0.6046,4,7,1
CUST-10990,2024-11-01,11,2024,7,514.07,4,2,0.3897,3,7,1
CUST-10990,2024-12-01,12,2024,8,514.07,4,3,0.6296,2,8,1
CUST-10991,2024-04-01,4,2024,0,4876.09,161,63,0.4172,1,8,1
CUST-10991,2024-05-01,5,2024,1,4570.2,150,57,0.353,2,7,1
CUST-10991,2024-06-01,6,2024,2,4598.01,151,30,0.2017,1,7,1
CUST-10991,2024-07-01,7,2024,3,4625.82,152,36,0.2372,0,7,1
CUST-10991,2024-08-01,8,2024,4,4598.01,151,42,0.2765,0,7,1
CUST-10991,2024-09-01,9,2024,5,4431.16,145,29,0.1926,1,7,1
CUST-10991,2024-10-01,10,2024,6,4014.04,130,32,0.2244,2,7,1
CUST-10991,2024-11-01,11,2024,7,3735.96,120,4,0.03,0,7,1
CUST-10991,2024-12-01,12,2024,8,3735.96,120,25,0.2055,2,7,1
CUST-10992,2024-04-01,4,2024,0,220.9,4,2,0.5917,0,8,1
CUST-10992,2024-05-01,5,2024,1,220.9,4,1,0.3623,0,8,1
CUST-10992,2024-06-01,6,2024,2,220.9,4,2,0.468,2,8,1
CUST-10992,2024-07-01,7,2024,3,220.9,4,2,0.4971,0,8,1
CUST-10992,2024-08-01,8,2024,4,220.9,4,2,0.4649,0,8,1
CUST-10992,2024-09-01,9,2024,5,220.9,4,2,0.5003,0,8,1
CUST-10992,2024-10-01,10,2024,6,220.9,4,2,0.5734,0,8,1
CUST-10992,2024-11-01,11,2024,7,220.9,4,2,0.4713,1,8,1
CUST-10992,2024-12-01,12,2024,8,220.9,4,2,0.5643,1,8,1
CUST-10993,2024-04-01,4,2024,0,308.49,24,14,0.5497,0,9,1
CUST-10993,2024-05-01,5,2024,1,319.3,25,10,0.4374,1,9,1
CUST-10993,2024-06-01,6,2024,2,340.92,27,11,0.4626,1,9,1
CUST-10993,2024-07-01,7,2024,3,340.92,27,8,0.3144,0,9,1
CUST-10993,2024-08-01,8,2024,4,362.55,29,6,0.2016,2,8,1
CUST-10993,2024-09-01,9,2024,5,330.11,26,8,0.2756,1,9,1
CUST-10993,2024-10-01,10,2024,6,330.11,26,7,0.2854,0,9,1
CUST-10993,2024-11-01,11,2024,7,319.3,25,3,0.0995,0,8,1
CUST-10993,2024-12-01,12,2024,8,351.74,28,4,0.1612,1,8,1
CUST-10994,2024-04-01,4,2024,0,83.16,3,1,0.3441,1,3,1
CUST-10994,2024-05-01,5,2024,1,83.16,3,1,43.5,2,3,1
CUST-10994,2024-06-01,6,2024,2,83.16,3,1,0.2772,2,3,1
CUST-10994,2024-07-01,7,2024,3,83.16,3,1,0.2695,1,3,1
CUST-10995,2024-04-01,4,2024,0,299.61,7,3,0.4646,0,6,1
CUST-10995,2024-05-01,5,2024,1,299.61,7,2,0.3079,0,6,1
CUST-10995,2024-06-01,6,2024,2,299.61,7,1,0.1804,0,6,1
CUST-10995,2024-07-01,7,2024,3,299.61,7,2,0.2729,0,6,1
CUST-10995,2024-08-01,8,2024,4,299.61,7,1,0.0844,0,6,1
CUST-10995,2024-09-01,9,2024,5,299.61,7,1,0.1271,0,6,1
CUST-10995,2024-10-01,10,2024,6,321.13,8,0,0.03,0,5,1
CUST-10995,2024-11-01,11,2024,7,321.13,8,0,0.03,0,5,1
CUST-10995,2024-12-01,12,2024,8,321.13,8,0,0.058,0,5,1
CUST-10996,2024-04-01,4,2024,0,188.93,13,7,0.5519,1,7,1
CUST-10996,2024-05-01,5,2024,1,188.93,13,3,0.2657,0,6,1
CUST-10997,2024-04-01,4,2024,0,176.68,14,11,0.8087,0,8,1
CUST-10997,2024-05-01,5,2024,1,176.68,14,11,0.7789,0,8,1
CUST-10997,2024-06-01,6,2024,2,176.68,14,13,0.9024,0,9,1
CUST-10997,2024-07-01,7,2024,3,194.92,16,12,0.8493,0,9,1
CUST-10997,2024-08-01,8,2024,4,204.04,17,14,0.8722,0,9,1
CUST-10997,2024-09-01,9,2024,5,204.04,17,17,1.0,0,9,1
CUST-10997,2024-10-01,10,2024,6,204.04,17,17,1.0,0,9,1
CUST-10997,2024-11-01,11,2024,7,213.16,18,17,1.0,0,9,1
CUST-10997,2024-12-01,12,2024,8,213.16,18,18,1.0,0,9,1
CUST-10998,2024-04-01,4,2024,0,646.1,9,1,0.0691,7,5,1
CUST-10998,2024-05-01,5,2024,1,618.65,8,1,0.1379,1,7,1
CUST-10999,2024-04-01,4,2024,0,606.84,21,4,0.1619,0,5,1
CUST-10999,2024-05-01,5,2024,1,585.04,20,7,0.3405,1,5,1
CUST-10999,2024-06-01,6,2024,2,563.24,19,3,0.151,0,5,1
CUST-10999,2024-07-01,7,2024,3,541.44,18,4,0.2119,3,4,1
CUST-10999,2024-08-01,8,2024,4,519.63,17,4,0.2048,0,5,1
CUST-10999,2024-09-01,9,2024,5,476.03,15,5,0.3032,2,5,1
CUST-10999,2024-10-01,10,2024,6,497.83,16,6,0.363,1,5,1
CUST-10999,2024-11-01,11,2024,7,476.03,15,5,0.3061,3,5,1
CUST-10999,2024-12-01,12,2024,8,476.03,15,3,0.1948,0,5,1
CUST-11000,2024-04-01,4,2024,0,999.1,21,8,0.3608,1,7,1
CUST-11000,2024-05-01,5,2024,1,970.52,20,5,0.2275,2,7,1
CUST-11000,2024-06-01,6,2024,2,999.1,21,4,0.2167,0,7,1
CUST-11000,2024-07-01,7,2024,3,999.1,21,5,0.2261,1,7,1
CUST-11000,2024-08-01,8,2024,4,999.1,21,6,0.2679,1,7,1
CUST-11000,2024-09-01,9,2024,5,970.52,20,4,0.2125,3,7,1
CUST-11000,2024-10-01,10,2024,6,999.1,21,3,0.131,1,7,1
CUST-11000,2024-11-01,11,2024,7,941.94,19,2,0.0809,2,6,1
CUST-11000,2024-12-01,12,2024,8,913.37,18,1,0.03,0,7,1
CUST-11001,2024-04-01,4,2024,0,654.49,27,5,0.1802,1,3,1
CUST-11001,2024-05-01,5,2024,1,654.49,27,12,45.8,0,4,1
CUST-11001,2024-06-01,6,2024,2,691.94,29,11,0.4161,4,3,1
CUST-11001,2024-07-01,7,2024,3,635.77,26,14,0.5019,1,4,1
CUST-11001,2024-08-01,8,2024,4,617.05,25,10,0.3863,1,4,1
CUST-11001,2024-09-01,9,2024,5,617.05,25,14,0.5633,0,4,1
CUST-11001,2024-10-01,10,2024,6,617.05,25,10,0.393,2,3,1
CUST-11001,2024-11-01,11,2024,7,598.33,24,12,0.4746,2,4,1
CUST-11001,2024-12-01,12,2024,8,579.61,23,14,0.5785,1,4,1
CUST-11002,2024-04-01,4,2024,0,687.96,10,6,0.7055,1,9,1
CUST-11002,2024-05-01,5,2024,1,687.96,10,7,0.7368,0,10,1
CUST-11002,2024-06-01,6,2024,2,687.96,10,6,0.6477,2,9,1
CUST-11002,2024-07-01,7,2024,3,687.96,10,6,0.5931,1,9,1
CUST-11002,2024-08-01,8,2024,4,687.96,10,6,0.5692,2,9,1
CUST-11002,2024-09-01,9,2024,5,687.96,10,6,0.5885,2,9,1
CUST-11002,2024-10-01,10,2024,6,687.96,10,5,0.5403,3,9,1
CUST-11002,2024-11-01,11,2024,7,659.06,9,5,0.4962,3,9,1
CUST-11002,2024-12-01,12,2024,8,659.06,9,3,0.3544,1,9,1
CUST-11003,2024-04-01,4,2024,0,170.78,1,0,0.2078,1,4,1
CUST-11003,2024-05-01,5,2024,1,170.78,1,0,0.3347,0,5,1
CUST-11003,2024-06-01,6,2024,2,170.78,1,0,0.3401,0,5,1
CUST-11004,2024-04-01,4,2024,0,1807.0,44,1,0.0318,2,5,1
CUST-11004,2024-05-01,5,2024,1,1743.0,42,1,0.03,1,5,1
CUST-11004,2024-06-01,6,2024,2,1615.0,38,2,0.0499,2,5,1
CUST-11004,2024-07-01,7,2024,3,1583.0,37,1,0.03,2,5,1
CUST-11004,2024-08-01,8,2024,4,1583.0,37,1,3.5,0,5,1
CUST-11004,2024-09-01,9,2024,5,1583.0,37,1,0.03,4,4,1
CUST-11004,2024-10-01,10,2024,6,1519.0,35,1,0.03,0,5,1
CUST-11004,2024-11-01,11,2024,7,1519.0,35,2,0.0621,0,5,1
CUST-11004,2024-12-01,12,2024,8,1647.0,39,1,0.03,2,5,1
CUST-11005,2024-04-01,4,2024,0,70.19,2,1,0.6621,0,9,1
CUST-11006,2024-04-01,4,2024,0,296.84,7,1,0.2125,4,3,1
CUST-11006,2024-05-01,5,2024,1,296.84,7,1,0.0971,0,3,1
CUST-11006,2024-06-01,6,2024,2,296.84,7,1,0.1392,5,2,1
CUST-11006,2024-07-01,7,2024,3,296.84,7,1,0.1349,0,3,1
CUST-11006,2024-08-01,8,2024,4,296.84,7,0,0.03,1,3,1
CUST-11006,2024-09-01,9,2024,5,296.84,7,0,0.03,1,3,1
CUST-11006,2024-10-01,10,2024,6,296.84,7,0,0.03,1,3,1
CUST-11006,2024-11-01,11,2024,7,317.96,8,0,0.03,0,3,1
CUST-11006,2024-12-01,12,2024,8,339.08,9,0,0.03,3,3,1
CUST-11007,2024-04-01,4,2024,0,82.55,3,1,0.1996,0,5,1
CUST-11007,2024-05-01,5,2024,1,93.74,4,1,0.2065,0,5,1
CUST-11007,2024-06-01,6,2024,2,93.74,4,1,0.2867,0,5,1
CUST-11007,2024-07-01,7,2024,3,93.74,4,1,0.1386,2,4,1
CUST-11007,2024-08-01,8,2024,4,93.74,4,1,0.2488,3,4,1
CUST-11007,2024-09-01,9,2024,5,93.74,4,0,0.1278,3,4,1
CUST-11007,2024-10-01,10,2024,6,93.74,4,1,0.1554,2,4,1
CUST-11007,2024-11-01,11,2024,7,93.74,4,0,0.131,0,4,1
CUST-11007,2024-12-01,12,2024,8,93.74,4,0,0.0396,2,4,1
CUST-11008,2024-04-01,4,2024,0,904.92,17,9,0.5901,0,9,1
CUST-11008,2024-05-01,5,2024,1,904.92,17,7,0.4142,2,8,1
CUST-11009,2024-04-01,4,2024,0,85.0,3,1,0.4306,0,7,1
CUST-11009,2024-05-01,5,2024,1,85.0,3,2,0.5146,1,7,1
CUST-11009,2024-06-01,6,2024,2,85.0,3,2,0.6421,2,7,1
CUST-11009,2024-07-01,7,2024,3,85.0,3,2,0.6316,1,8,1
CUST-11009,2024-08-01,8,2024,4,85.0,3,1,0.4415,2,7,1
CUST-11009,2024-09-01,9,2024,5,85.0,3,2,0.5401,1,7,1
CUST-11009,2024-10-01,10,2024,6,85.0,3,2,0.6113,0,8,1
CUST-11009,2024-11-01,11,2024,7,85.0,3,2,0.5407,1,7,1
CUST-11009,2024-12-01,12,2024,8,85.0,3,2,0.6197,0,8,1
CUST-11010,2024-04-01,4,2024,0,568.98,23,5,0.245,0,7,1
CUST-11010,2024-05-01,5,2024,1,568.98,23,3,0.1345,3,6,1
CUST-11010,2024-06-01,6,2024,2,550.72,22,4,0.1608,1,7,1
CUST-11010,2024-07-01,7,2024,3,568.98,23,2,0.0772,1,6,1
CUST-11011,2024-04-01,4,2024,0,59.51,1,0,0.3791,0,7,1
CUST-11011,2024-05-01,5,2024,1,59.51,1,0,0.4213,0,7,1
CUST-11011,2024-06-01,6,2024,2,59.51,1,0,0.4056,1,7,1
CUST-11011,2024-07-01,7,2024,3,59.51,1,1,0.4602,0,7,1
CUST-11011,2024-08-01,8,2024,4,59.51,1,0,0.376,0,7,1
CUST-11011,2024-09-01,9,2024,5,59.51,1,1,0.4946,1,7,1
CUST-11011,2024-10-01,10,2024,6,59.51,1,0,0.3539,0,7,1
CUST-11011,2024-11-01,11,2024,7,59.51,1,0,0.3137,1,7,1
CUST-11011,2024-12-01,12,2024,8,59.51,1,0,0.4646,0,7,1
CUST-11012,2024-04-01,4,2024,0,118.55,6,3,0.4823,0,8,1
CUST-11012,2024-05-01,5,2024,1,118.55,6,3,0.5386,0,9,1
CUST-11012,2024-06-01,6,2024,2,118.55,6,3,0.5662,0,9,1
CUST-11012,2024-07-01,7,2024,3,118.55,6,3,0.5899,0,9,1
CUST-11012,2024-08-01,8,2024,4,118.55,6,4,0.6141,0,9,1
CUST-11012,2024-09-01,9,2024,5,118.55,6,3,0.432,0,8,1
CUST-11012,2024-10-01,10,2024,6,106.96,5,3,0.4835,0,8,1
CUST-11012,2024-11-01,11,2024,7,118.55,6,3,0.5112,0,8,1
CUST-11012,2024-12-01,12,2024,8,118.55,6,2,0.3966,0,8,1
CUST-11013,2024-04-01,4,2024,0,99.22,5,4,0.7031,0,7,1
CUST-11013,2024-05-01,5,2024,1,99.22,5,4,0.783,2,7,1
CUST-11013,2024-06-01,6,2024,2,99.22,5,5,0.8785,1,7,1
CUST-11013,2024-07-01,7,2024,3,99.22,5,5,0.8421,2,7,1
CUST-11013,2024-08-01,8,2024,4,99.22,5,4,0.6898,1,7,1
CUST-11013,2024-09-01,9,2024,5,99.22,5,4,0.7173,0,7,1
CUST-11013,2024-10-01,10,2024,6,99.22,5,4,0.7021,0,7,1
CUST-11013,2024-11-01,11,2024,7,99.22,5,4,0.8399,1,7,1
CUST-11013,2024-12-01,12,2024,8,109.26,6,4,0.7315,0,7,1
CUST-11014,2024-04-01,4,2024,0,10739.6,280,109,0.4051,0,10,1
CUST-11014,2024-05-01,5,2024,1,10423.3,271,134,0.48,0,10,1
CUST-11014,2024-06-01,6,2024,2,10845.03,283,97,0.3582,0,10,1
CUST-11014,2024-07-01,7,2024,3,9720.4,251,114,0.4027,0,10,1
CUST-11014,2024-08-01,8,2024,4,9544.67,246,113,0.4525,1,10,1
CUST-11014,2024-09-01,9,2024,5,9755.54,252,94,0.3816,2,10,1
CUST-11014,2024-10-01,10,2024,6,9404.09,242,103,0.4092,0,10,1
CUST-11014,2024-11-01,11,2024,7,9650.1,249,96,0.3947,1,10,1
CUST-11014,2024-12-01,12,2024,8,10036.7,260,84,0.3378,1,10,1
CUST-11015,2024-04-01,4,2024,0,948.02,19,3,0.1954,1,8,1
CUST-11015,2024-05-01,5,2024,1,890.23,17,2,0.0993,1,8,1
CUST-11015,2024-06-01,6,2024,2,919.13,18,1,0.0363,0,8,1
CUST-11015,2024-07-01,7,2024,3,890.23,17,1,0.0402,1,8,1
CUST-11015,2024-08-01,8,2024,4,919.13,18,0,0.03,0,8,1
CUST-11015,2024-09-01,9,2024,5,919.13,18,1,0.03,2,8,1
CUST-11015,2024-10-01,10,2024,6,890.23,17,1,0.03,1,8,1
CUST-11015,2024-11-01,11,2024,7,890.23,17,1,0.03,0,8,1
CUST-11015,2024-12-01,12,2024,8,890.23,17,1,0.03,0,8,1
CUST-11016,2024-04-01,4,2024,0,113.51,6,3,0.5754,0,8,1
CUST-11016,2024-05-01,5,2024,1,113.51,6,3,0.5544,0,7,1
CUST-11016,2024-06-01,6,2024,2,113.51,6,4,0.5997,2,7,1
CUST-11016,2024-07-01,7,2024,3,113.51,6,4,0.6147,1,7,1
CUST-11016,2024-08-01,8,2024,4,102.76,5,4,0.6823,2,7,1
CUST-11016,2024-09-01,9,2024,5,102.76,5,3,0.5386,2,7,1
CUST-11016,2024-10-01,10,2024,6,113.51,6,3,0.6733,0,8,1
CUST-11016,2024-11-01,11,2024,7,113.51,6,4,0.6858,0,8,1
CUST-11016,2024-12-01,12,2024,8,113.51,6,3,0.4848,0,7,1
CUST-11017,2024-04-01,4,2024,0,1697.66,18,8,0.4414,0,10,1
CUST-11017,2024-05-01,5,2024,1,1653.29,17,8,0.4561,0,10,1
CUST-11017,2024-06-01,6,2024,2,1786.4,20,12,0.6746,1,10,1
CUST-11017,2024-07-01,7,2024,3,1786.4,20,13,0.6523,0,10,1
CUST-11017,2024-08-01,8,2024,4,1830.77,21,12,0.6087,1,10,1
CUST-11017,2024-09-01,9,2024,5,1875.14,22,16,0.7664,1,10,1
CUST-11017,2024-10-01,10,2024,6,1830.77,21,14,0.638,0,10,1
CUST-11017,2024-11-01,11,2024,7,1919.51,23,17,0.7978,1,10,1
CUST-11017,2024-12-01,12,2024,8,1963.88,24,17,0.7192,3,10,1
CUST-11018,2024-04-01,4,2024,0,1125.58,46,22,0.5022,1,9,1
CUST-11018,2024-05-01,5,2024,1,1061.89,43,21,0.4504,1,9,1
CUST-11018,2024-06-01,6,2024,2,976.97,39,22,0.5089,1,9,1
CUST-11018,2024-07-01,7,2024,3,955.74,38,21,0.5424,1,9,1
CUST-11018,2024-08-01,8,2024,4,1019.43,41,13,0.3462,2,8,1
CUST-11018,2024-09-01,9,2024,5,1061.89,43,17,0.4251,2,8,1
CUST-11018,2024-10-01,10,2024,6,1061.89,43,17,0.4039,0,9,1
CUST-11018,2024-11-01,11,2024,7,998.2,40,14,0.3405,0,9,1
CUST-11018,2024-12-01,12,2024,8,998.2,40,19,0.465,0,9,1
CUST-11019,2024-04-01,4,2024,0,114.66,6,3,0.4422,0,8,1
CUST-11019,2024-05-01,5,2024,1,114.66,6,3,0.4414,1,8,1
CUST-11019,2024-06-01,6,2024,2,125.61,7,3,0.3999,1,8,1
CUST-11019,2024-07-01,7,2024,3,125.61,7,3,0.4162,1,8,1
CUST-11019,2024-08-01,8,2024,4,114.66,6,4,0.5238,1,8,1
CUST-11019,2024-09-01,9,2024,5,114.66,6,2,0.3749,1,8,1
CUST-11019,2024-10-01,10,2024,6,125.61,7,2,0.3779,0,8,1
CUST-11019,2024-11-01,11,2024,7,125.61,7,3,0.3935,1,8,1
CUST-11019,2024-12-01,12,2024,8,125.61,7,4,0.5596,0,9,1
CUST-11020,2024-04-01,4,2024,0,335.32,9,5,0.5806,2,4,1
CUST-11020,2024-05-01,5,2024,1,335.32,9,6,0.6211,1,4,1
CUST-11020,2024-06-01,6,2024,2,335.32,9,6,0.6854,2,4,1
CUST-11020,2024-07-01,7,2024,3,335.32,9,6,0.6996,1,4,1
CUST-11020,2024-08-01,8,2024,4,356.02,10,6,0.6098,0,4,1
CUST-11020,2024-09-01,9,2024,5,356.02,10,5,0.541,3,4,1
CUST-11020,2024-10-01,10,2024,6,356.02,10,7,0.7705,2,4,1
CUST-11020,2024-11-01,11,2024,7,314.62,8,8,0.7985,1,5,1
CUST-11020,2024-12-01,12,2024,8,314.62,8,7,0.8018,0,5,1
CUST-11021,2024-04-01,4,2024,0,180.04,12,5,0.3777,1,10,1
CUST-11021,2024-05-01,5,2024,1,180.04,12,4,0.3418,0,10,1
CUST-11021,2024-06-01,6,2024,2,180.04,12,6,0.4745,3,10,1
CUST-11021,2024-07-01,7,2024,3,180.04,12,2,0.1385,0,10,1
CUST-11021,2024-08-01,8,2024,4,180.04,12,5,0.4191,0,10,1
CUST-11021,2024-09-01,9,2024,5,190.96,13,5,0.4457,3,10,1
CUST-11021,2024-10-01,10,2024,6,190.96,13,5,0.3867,1,10,1
CUST-11021,2024-11-01,11,2024,7,190.96,13,5,0.4261,1,10,1
CUST-11021,2024-12-01,12,2024,8,201.88,14,6,0.453,1,10,1
CUST-11022,2024-04-01,4,2024,0,315.34,23,6,0.2511,2,4,1
CUST-11022,2024-05-01,5,2024,1,315.34,23,5,0.234,0,5,1
CUST-11022,2024-06-01,6,2024,2,303.76,22,4,0.1891,1,4,1
CUST-11022,2024-07-01,7,2024,3,303.76,22,8,0.3706,1,5,1
CUST-11022,2024-08-01,8,2024,4,292.18,21,6,0.2905,2,4,1
CUST-11022,2024-09-01,9,2024,5,280.6,20,4,0.1891,2,4,1
CUST-11022,2024-10-01,10,2024,6,257.44,18,5,0.2632,4,4,1
CUST-11022,2024-11-01,11,2024,7,280.6,20,2,0.1176,1,4,1
CUST-11022,2024-12-01,12,2024,8,280.6,20,7,0.3403,1,5,1
CUST-11023,2024-05-01,5,2024,0,695.0,10,4,0.4206,2,7,1
CUST-11023,2024-06-01,6,2024,1,695.0,10,4,0.3529,2,7,1
CUST-11023,2024-07-01,7,2024,2,695.0,10,4,0.3805,2,7,1
CUST-11023,2024-08-01,8,2024,3,724.6,11,4,0.3435,0,7,1
CUST-11023,2024-09-01,9,2024,4,724.6,11,3,0.3122,0,7,1
CUST-11023,2024-10-01,10,2024,5,695.0,10,4,0.3818,0,8,1
CUST-11023,2024-11-01,11,2024,6,695.0,10,3,29.9,2,7,1
CUST-11023,2024-12-01,12,2024,7,695.0,10,4,0.3557,0,7,1
CUST-11024,2024-05-01,5,2024,0,89.66,4,2,0.3996,2,6,1
CUST-11024,2024-06-01,6,2024,1,89.66,4,2,0.3876,0,7,1
CUST-11024,2024-07-01,7,2024,2,89.66,4,2,0.4307,0,7,1
CUST-11024,2024-08-01,8,2024,3,99.82,5,2,0.4148,1,6,1
CUST-11024,2024-09-01,9,2024,4,99.82,5,3,0.5928,0,7,1
CUST-11025,2024-05-01,5,2024,0,5600.28,180,134,0.7488,2,9,1
CUST-11025,2024-06-01,6,2024,1,5166.84,165,104,0.5807,3,8,1
CUST-11025,2024-07-01,7,2024,2,5398.01,173,137,0.8291,0,10,1
CUST-11025,2024-08-01,8,2024,3,5571.38,179,119,0.6901,2,9,1
CUST-11025,2024-09-01,9,2024,4,5600.28,180,128,0.7144,2,9,1
CUST-11025,2024-10-01,10,2024,5,5426.9,174,152,0.8421,3,9,1
CUST-11025,2024-11-01,11,2024,6,5571.38,179,112,0.6405,3,9,1
CUST-11025,2024-12-01,12,2024,7,5686.97,183,117,0.652,3,9,1
CUST-11026,2024-05-01,5,2024,0,1219.74,28,2,0.0755,2,6,1
CUST-11026,2024-06-01,6,2024,1,1307.67,31,7,0.2506,2,6,1
CUST-11026,2024-07-01,7,2024,2,1249.05,29,9,0.284,1,6,1
CUST-11026,2024-08-01,8,2024,3,1190.42,27,8,0.2888,1,6,1
CUST-11026,2024-09-01,9,2024,4,1190.42,27,12,0.4363,2,7,1
CUST-11026,2024-10-01,10,2024,5,1219.74,28,13,0.4584,0,7,1
CUST-11026,2024-11-01,11,2024,6,1161.11,26,9,0.3076,2,6,1
CUST-11026,2024-12-01,12,2024,7,1190.42,27,10,0.3936,1,7,1
CUST-11027,2024-05-01,5,2024,0,231.63,4,1,0.2281,1,8,1
CUST-11027,2024-06-01,6,2024,1,231.63,4,0,0.03,0,8,1
CUST-11027,2024-07-01,7,2024,2,231.63,4,0,0.03,0,8,1
CUST-11027,2024-08-01,8,2024,3,231.63,4,1,0.1703,1,8,1
CUST-11027,2024-09-01,9,2024,4,231.63,4,1,0.1321,0,8,1
CUST-11027,2024-10-01,10,2024,5,231.63,4,0,0.03,0,8,1
CUST-11027,2024-11-01,11,2024,6,231.63,4,0,0.03,0,8,1
CUST-11027,2024-12-01,12,2024,7,231.63,4,0,0.03,0,8,1
CUST-11028,2024-05-01,5,2024,0,2021.02,64,51,0.755,0,10,1
CUST-11028,2024-06-01,6,2024,1,1944.98,61,40,0.6276,1,10,1
CUST-11028,2024-07-01,7,2024,2,2021.02,64,49,0.8054,0,10,1
CUST-11028,2024-08-01,8,2024,3,2071.7,66,53,0.8305,2,10,1
CUST-11028,2024-09-01,9,2024,4,2097.05,67,41,0.6234,1,10,1
CUST-11028,2024-10-01,10,2024,5,1995.67,63,46,0.6922,0,10,1
CUST-11028,2024-11-01,11,2024,6,1919.64,60,36,0.5768,2,10,1
CUST-11028,2024-12-01,12,2024,7,1767.58,54,41,0.6761,2,10,1
CUST-11029,2024-05-01,5,2024,0,347.0,9,6,0.6423,2,6,1
CUST-11029,2024-06-01,6,2024,1,347.0,9,6,0.6674,1,6,1
CUST-11029,2024-07-01,7,2024,2,347.0,9,5,0.5246,1,6,1
CUST-11029,2024-08-01,8,2024,3,369.0,10,5,0.5229,0,6,1
CUST-11029,2024-09-01,9,2024,4,369.0,10,6,0.6086,2,6,1
CUST-11029,2024-10-01,10,2024,5,347.0,9,5,0.4895,4,5,1
CUST-11029,2024-11-01,11,2024,6,347.0,9,4,0.4413,2,6,1
CUST-11029,2024-12-01,12,2024,7,347.0,9,4,0.4419,3,5,1
CUST-11030,2024-05-01,5,2024,0,172.84,12,3,0.2614,3,5,1
CUST-11030,2024-06-01,6,2024,1,172.84,12,3,0.2547,0,6,1
CUST-11030,2024-07-01,7,2024,2,183.16,13,5,0.3748,2,6,1
CUST-11030,2024-08-01,8,2024,3,183.16,13,2,0.1247,1,5,1
CUST-11030,2024-09-01,9,2024,4,183.16,13,3,0.222,1,6,1
CUST-11030,2024-10-01,10,2024,5,193.48,14,3,0.2098,3,5,1
CUST-11030,2024-11-01,11,2024,6,183.16,13,3,0.2465,4,5,1
CUST-11030,2024-12-01,12,2024,7,183.16,13,2,0.1483,1,6,1
CUST-11031,2024-05-01,5,2024,0,222.66,4,2,0.4818,0,8,1
CUST-11031,2024-06-01,6,2024,1,222.66,4,2,0.4003,2,7,1
CUST-11031,2024-07-01,7,2024,2,241.07,5,2,0.3627,0,8,1
CUST-11031,2024-08-01,8,2024,3,241.07,5,2,0.4853,1,8,1
CUST-11031,2024-09-01,9,2024,4,241.07,5,2,0.3886,2,7,1
CUST-11031,2024-10-01,10,2024,5,259.48,6,3,0.5906,0,8,1
CUST-11031,2024-11-01,11,2024,6,259.48,6,3,0.4808,0,8,1
CUST-11031,2024-12-01,12,2024,7,259.48,6,3,0.4774,0,8,1
CUST-11032,2024-05-01,5,2024,0,6926.49,244,45,0.1905,2,6,1
CUST-11032,2024-06-01,6,2024,1,6899.74,243,23,0.0963,1,6,1
CUST-11032,2024-07-01,7,2024,2,7060.25,249,22,0.0924,1,6,1
CUST-11032,2024-08-01,8,2024,3,7327.77,259,43,0.1706,0,6,1
CUST-11032,2024-09-01,9,2024,4,6846.23,241,8,0.03,2,5,1
CUST-11032,2024-10-01,10,2024,5,6498.46,228,7,0.03,0,6,1
CUST-11032,2024-11-01,11,2024,6,6739.22,237,7,0.03,1,6,1
CUST-11032,2024-12-01,12,2024,7,6284.44,220,44,0.1872,0,6,1
CUST-11033,2024-05-01,5,2024,0,851.24,35,35,0.9161,0,9,1
CUST-11033,2024-06-01,6,2024,1,871.3,36,31,0.8805,1,9,1
CUST-11033,2024-07-01,7,2024,2,951.56,40,30,0.8228,0,9,1
CUST-11033,2024-08-01,8,2024,3,911.43,38,34,0.8573,0,9,1
CUST-11033,2024-09-01,9,2024,4,931.5,39,28,0.7482,1,9,1
CUST-11033,2024-10-01,10,2024,5,891.37,37,31,0.8041,2,9,1
CUST-11033,2024-11-01,11,2024,6,871.3,36,31,0.8482,3,8,1
CUST-11033,2024-12-01,12,2024,7,871.3,36,27,0.7351,0,9,1
CUST-11034,2024-05-01,5,2024,0,1166.87,28,8,0.3109,1,9,1
CUST-11034,2024-06-01,6,2024,1,1166.87,28,7,0.2605,1,9,1
CUST-11034,2024-07-01,7,2024,2,1194.3,29,11,0.3866,0,9,1
CUST-11034,2024-08-01,8,2024,3,1249.14,31,13,0.4574,0,10,1
CUST-11034,2024-09-01,9,2024,4,1249.14,31,13,41.5,0,10,1
CUST-11034,2024-10-01,10,2024,5,1358.84,35,15,0.4684,0,10,1
CUST-11034,2024-11-01,11,2024,6,1331.42,34,17,0.493,2,9,1
CUST-11034,2024-12-01,12,2024,7,1331.42,34,14,0.4159,1,9,1
CUST-11035,2024-05-01,5,2024,0,102.64,6,3,0.3861,0,10,1
CUST-11035,2024-06-01,6,2024,1,102.64,6,2,0.3119,1,10,1
CUST-11035,2024-07-01,7,2024,2,102.64,6,1,0.2033,1,10,1
CUST-11035,2024-08-01,8,2024,3,102.64,6,2,0.2941,0,10,1
CUST-11035,2024-09-01,9,2024,4,102.64,6,2,0.2837,2,10,1
CUST-11035,2024-10-01,10,2024,5,102.64,6,1,0.1476,2,9,1
CUST-11035,2024-11-01,11,2024,6,93.7,5,1,0.1348,1,9,1
CUST-11035,2024-12-01,12,2024,7,93.7,5,0,0.03,1,9,1
CUST-11036,2024-05-01,5,2024,0,70.86,2,1,0.5235,1,10,1
CUST-11036,2024-06-01,6,2024,1,70.86,2,1,0.7012,1,10,1
CUST-11036,2024-07-01,7,2024,2,70.86,2,1,0.5094,1,10,1
CUST-11036,2024-08-01,8,2024,3,70.86,2,1,0.6085,1,10,1
CUST-11036,2024-09-01,9,2024,4,70.86,2,1,0.5883,1,10,1
CUST-11036,2024-10-01,10,2024,5,70.86,2,1,0.402,1,10,1
CUST-11036,2024-11-01,11,2024,6,70.86,2,1,46.4,3,10,1
CUST-11036,2024-12-01,12,2024,7,70.86,2,1,0.5824,1,10,1
CUST-11037,2024-05-01,5,2024,0,120.4,7,3,0.4963,0,7,1
CUST-11037,2024-06-01,6,2024,1,120.4,7,3,0.4803,0,7,1
CUST-11037,2024-07-01,7,2024,2,120.4,7,3,0.3984,1,7,1
CUST-11037,2024-08-01,8,2024,3,130.6,8,2,0.2966,0,7,1
CUST-11037,2024-09-01,9,2024,4,140.8,9,3,0.3369,3,6,1
CUST-11037,2024-10-01,10,2024,5,140.8,9,2,0.2247,0,6,1
CUST-11038,2024-05-01,5,2024,0,59.87,1,0,0.4308,3,4,1
CUST-11038,2024-06-01,6,2024,1,59.87,1,0,0.4614,1,5,1
CUST-11038,2024-07-01,7,2024,2,59.87,1,0,0.2499,0,5,1
CUST-11038,2024-08-01,8,2024,3,59.87,1,0,0.298,1,4,1
CUST-11038,2024-09-01,9,2024,4,59.87,1,0,0.1059,3,4,1
CUST-11038,2024-10-01,10,2024,5,59.87,1,0,0.2554,2,4,1
CUST-11039,2024-05-01,5,2024,0,164.56,10,3,0.2285,2,8,1
CUST-11039,2024-06-01,6,2024,1,164.56,10,2,0.1963,2,8,1
CUST-11039,2024-07-01,7,2024,2,153.0,9,1,0.122,0,8,1
CUST-11039,2024-08-01,8,2024,3,164.56,10,2,0.189,0,8,1
CUST-11039,2024-09-01,9,2024,4,153.0,9,2,0.2568,0,8,1
CUST-11039,2024-10-01,10,2024,5,141.45,8,2,0.1983,1,8,1
CUST-11039,2024-11-01,11,2024,6,141.45,8,2,0.2527,0,8,1
CUST-11039,2024-12-01,12,2024,7,129.89,7,1,0.1637,2,8,1
CUST-11040,2024-05-01,5,2024,0,101.26,5,1,0.1267,0,5,1
CUST-11040,2024-06-01,6,2024,1,101.26,5,2,0.3638,0,5,1
CUST-11040,2024-07-01,7,2024,2,90.81,4,1,0.2408,2,5,1
CUST-11040,2024-08-01,8,2024,3,90.81,4,1,0.2642,1,5,1
CUST-11040,2024-09-01,9,2024,4,90.81,4,1,0.1642,2,4,1
CUST-11040,2024-10-01,10,2024,5,90.81,4,1,0.2173,1,5,1
CUST-11040,2024-11-01,11,2024,6,90.81,4,1,0.3022,0,5,1
CUST-11040,2024-12-01,12,2024,7,90.81,4,0,0.1156,2,4,1
CUST-11041,2024-05-01,5,2024,0,4268.82,85,25,0.2813,1,5,1
CUST-11041,2024-06-01,6,2024,1,4189.53,83,34,0.3937,0,6,1
CUST-11041,2024-07-01,7,2024,2,4189.53,83,31,0.3727,0,6,1
CUST-11041,2024-08-01,8,2024,3,4268.82,85,32,0.382,1,5,1
CUST-11041,2024-09-01,9,2024,4,4189.53,83,22,0.2543,2,5,1
CUST-11041,2024-10-01,10,2024,5,4229.18,84,31,0.3781,0,6,1
CUST-11041,2024-11-01,11,2024,6,4030.95,79,39,0.4658,0,6,1
CUST-11041,2024-12-01,12,2024,7,3991.31,78,41,0.5174,1,6,1
CUST-11042,2024-05-01,5,2024,0,340.97,29,8,0.2733,1,6,1
CUST-11042,2024-06-01,6,2024,1,340.97,29,11,0.3571,1,6,1
CUST-11042,2024-07-01,7,2024,2,320.84,27,11,0.3945,2,6,1
CUST-11042,2024-08-01,8,2024,3,310.77,26,10,0.3667,0,6,1
CUST-11042,2024-09-01,9,2024,4,320.84,27,13,0.4889,0,7,1
CUST-11043,2024-05-01,5,2024,0,921.78,17,4,0.2538,1,5,1
CUST-11043,2024-06-01,6,2024,1,921.78,17,5,0.2863,1,5,1
CUST-11043,2024-07-01,7,2024,2,891.03,16,4,0.2407,0,5,1
CUST-11043,2024-08-01,8,2024,3,891.03,16,2,0.1289,0,5,1
CUST-11043,2024-09-01,9,2024,4,860.28,15,1,0.0792,0,5,1
CUST-11043,2024-10-01,10,2024,5,860.28,15,2,0.1128,0,5,1
CUST-11043,2024-11-01,11,2024,6,860.28,15,1,0.0764,0,5,1
CUST-11043,2024-12-01,12,2024,7,860.28,15,0,0.03,3,4,1
CUST-11044,2024-05-01,5,2024,0,548.12,5,1,0.2745,1,6,1
CUST-11044,2024-06-01,6,2024,1,548.12,5,1,0.2761,1,6,1
CUST-11044,2024-07-01,7,2024,2,577.94,6,1,0.2523,1,6,1
CUST-11044,2024-08-01,8,2024,3,577.94,6,1,0.1526,3,6,1
CUST-11044,2024-09-01,9,2024,4,577.94,6,0,0.0781,0,6,1
CUST-11044,2024-10-01,10,2024,5,577.94,6,1,0.1577,1,6,1
CUST-11044,2024-11-01,11,2024,6,607.77,7,2,0.2522,0,7,1
CUST-11044,2024-12-01,12,2024,7,637.59,8,1,0.1418,1,6,1
CUST-11045,2024-05-01,5,2024,0,623.0,7,4,0.6044,0,9,1
CUST-11045,2024-06-01,6,2024,1,623.0,7,4,0.5314,0,9,1
CUST-11045,2024-07-01,7,2024,2,623.0,7,3,0.5182,0,9,1
CUST-11045,2024-08-01,8,2024,3,591.0,6,4,0.6045,0,9,1
CUST-11045,2024-09-01,9,2024,4,623.0,7,4,0.7005,2,9,1
CUST-11045,2024-10-01,10,2024,5,623.0,7,4,0.6163,0,9,1
CUST-11045,2024-11-01,11,2024,6,591.0,6,4,0.6634,0,9,1
CUST-11045,2024-12-01,12,2024,7,623.0,7,5,0.737,1,9,1
CUST-11046,2024-05-01,5,2024,0,247.24,20,13,0.6632,0,10,1
CUST-11046,2024-06-01,6,2024,1,257.15,21,12,0.5876,1,9,1
CUST-11046,2024-07-01,7,2024,2,267.06,22,8,0.3782,0,9,1
CUST-11046,2024-08-01,8,2024,3,276.98,23,11,0.4998,0,9,1
CUST-11046,2024-09-01,9,2024,4,267.06,22,11,0.4901,1,9,1
CUST-11046,2024-10-01,10,2024,5,267.06,22,12,0.5645,4,8,1
CUST-11046,2024-11-01,11,2024,6,267.06,22,14,0.6464,0,9,1
CUST-11046,2024-12-01,12,2024,7,276.98,23,14,0.6399,0,9,1
CUST-11047,2024-05-01,5,2024,0,420.99,13,5,0.3845,1,10,1
CUST-11047,2024-06-01,6,2024,1,420.99,13,4,0.3375,0,10,1
CUST-11047,2024-07-01,7,2024,2,441.91,14,6,0.4182,0,10,1
CUST-11047,2024-08-01,8,2024,3,462.83,15,7,0.5169,1,10,1
CUST-11047,2024-09-01,9,2024,4,504.67,17,7,0.4887,1,10,1
CUST-11047,2024-10-01,10,2024,5,504.67,17,8,0.4981,2,10,1
CUST-11047,2024-11-01,11,2024,6,483.75,16,9,0.4913,1,10,1
CUST-11047,2024-12-01,12,2024,7,525.6,18,10,0.629,0,10,1
CUST-11048,2024-05-01,5,2024,0,600.82,7,4,0.4777,0,6,1
CUST-11048,2024-06-01,6,2024,1,629.66,8,3,0.4616,0,6,1
CUST-11048,2024-07-01,7,2024,2,658.49,9,5,0.5863,0,6,1
CUST-11048,2024-08-01,8,2024,3,658.49,9,4,0.4933,0,6,1
CUST-11048,2024-09-01,9,2024,4,687.32,10,5,0.5858,0,6,1
CUST-11048,2024-10-01,10,2024,5,687.32,10,6,53.5,0,6,1
CUST-11048,2024-11-01,11,2024,6,687.32,10,6,0.6316,0,6,1
CUST-11048,2024-12-01,12,2024,7,716.15,11,6,0.5887,0,6,1
CUST-11049,2024-05-01,5,2024,0,82.23,3,1,0.4279,5,6,1
CUST-11049,2024-06-01,6,2024,1,82.23,3,1,0.4312,0,7,1
CUST-11049,2024-07-01,7,2024,2,82.23,3,1,0.4193,0,7,1
CUST-11049,2024-08-01,8,2024,3,82.23,3,2,0.4823,1,7,1
CUST-11049,2024-09-01,9,2024,4,82.23,3,1,0.384,0,7,1
CUST-11049,2024-10-01,10,2024,5,82.23,3,1,0.2606,0,6,1
CUST-11049,2024-11-01,11,2024,6,82.23,3,1,0.4653,1,7,1
CUST-11049,2024-12-01,12,2024,7,82.23,3,1,0.4448,0,7,1
CUST-11050,2024-05-01,5,2024,0,85.0,3,1,0.433,1,10,1
CUST-11050,2024-06-01,6,2024,1,85.0,3,2,0.5033,2,9,1
CUST-11050,2024-07-01,7,2024,2,97.0,4,1,0.4458,2,9,1
CUST-11050,2024-08-01,8,2024,3,97.0,4,1,0.2919,0,9,1
CUST-11050,2024-09-01,9,2024,4,97.0,4,2,0.4775,1,10,1
CUST-11050,2024-10-01,10,2024,5,97.0,4,2,0.4926,0,10,1
CUST-11050,2024-11-01,11,2024,6,85.0,3,2,0.5891,0,10,1
CUST-11050,2024-12-01,12,2024,7,85.0,3,2,0.4576,2,9,1
CUST-11051,2024-05-01,5,2024,0,258.56,6,2,0.4266,4,4,1
CUST-11051,2024-06-01,6,2024,1,258.56,6,3,0.4647,3,5,1
CUST-11051,2024-07-01,7,2024,2,276.82,7,2,0.3969,0,5,1
CUST-11051,2024-08-01,8,2024,3,258.56,6,2,0.3663,2,5,1
CUST-11051,2024-09-01,9,2024,4,258.56,6,3,0.4299,0,5,1
CUST-11051,2024-10-01,10,2024,5,276.82,7,3,0.402,0,5,1
CUST-11051,2024-11-01,11,2024,6,276.82,7,2,0.3404,0,5,1
CUST-11051,2024-12-01,12,2024,7,276.82,7,3,0.4708,2,5,1
CUST-11052,2024-05-01,5,2024,0,492.9,16,4,0.2484,1,5,1
CUST-11052,2024-06-01,6,2024,1,514.4,17,2,0.1488,3,4,1
CUST-11052,2024-07-01,7,2024,2,514.4,17,1,0.03,3,4,1
CUST-11052,2024-08-01,8,2024,3,535.89,18,4,0.2683,1,5,1
CUST-11052,2024-09-01,9,2024,4,578.88,20,3,0.1931,1,5,1
CUST-11052,2024-10-01,10,2024,5,621.87,22,3,0.1723,1,5,1
CUST-11052,2024-11-01,11,2024,6,664.86,24,7,0.3198,3,4,1
CUST-11052,2024-12-01,12,2024,7,621.87,22,7,0.311,1,5,1
CUST-11053,2024-05-01,5,2024,0,237.0,4,2,0.4987,1,8,1
CUST-11053,2024-06-01,6,2024,1,237.0,4,2,0.6118,3,8,1
CUST-11053,2024-07-01,7,2024,2,259.0,5,2,0.4116,0,8,1
CUST-11053,2024-08-01,8,2024,3,259.0,5,2,0.5316,1,8,1
CUST-11053,2024-09-01,9,2024,4,237.0,4,2,0.3835,0,8,1
CUST-11053,2024-10-01,10,2024,5,237.0,4,2,0.4019,2,8,1
CUST-11053,2024-11-01,11,2024,6,237.0,4,2,0.4283,1,8,1
CUST-11053,2024-12-01,12,2024,7,259.0,5,2,0.4831,0,9,1
CUST-11054,2024-05-01,5,2024,0,82.7,3,1,0.4116,3,9,1
CUST-11054,2024-06-01,6,2024,1,82.7,3,1,0.4144,1,9,1
CUST-11055,2024-05-01,5,2024,0,677.5,9,5,0.5068,1,8,1
CUST-11055,2024-06-01,6,2024,1,677.5,9,5,0.5699,5,7,1
CUST-11055,2024-07-01,7,2024,2,677.5,9,5,0.5268,2,7,1
CUST-11055,2024-08-01,8,2024,3,646.55,8,5,0.5966,1,8,1
CUST-11055,2024-09-01,9,2024,4,646.55,8,6,0.7461,1,8,1
CUST-11055,2024-10-01,10,2024,5,646.55,8,5,0.6666,0,8,1
CUST-11055,2024-11-01,11,2024,6,646.55,8,6,0.7621,3,8,1
CUST-11055,2024-12-01,12,2024,7,615.61,7,5,0.6763,2,8,1
CUST-11056,2024-05-01,5,2024,0,168.46,11,5,0.4702,1,10,1
CUST-11056,2024-06-01,6,2024,1,168.46,11,5,0.5035,0,10,1
CUST-11056,2024-07-01,7,2024,2,157.6,10,4,0.3975,0,10,1
CUST-11056,2024-08-01,8,2024,3,157.6,10,6,0.588,0,10,1
CUST-11056,2024-09-01,9,2024,4,157.6,10,5,0.5322,5,10,1
CUST-11056,2024-10-01,10,2024,5,168.46,11,5,0.5038,1,10,1
CUST-11056,2024-11-01,11,2024,6,179.32,12,6,0.5363,0,10,1
CUST-11056,2024-12-01,12,2024,7,179.32,12,6,0.4619,0,10,1
CUST-11057,2024-05-01,5,2024,0,287.91,7,3,0.3942,0,7,1
CUST-11058,2024-05-01,5,2024,0,1254.94,55,45,0.7845,0,9,1
CUST-11058,2024-06-01,6,2024,1,1214.72,53,38,0.6927,1,9,1
CUST-11058,2024-07-01,7,2024,2,1295.16,57,34,0.6342,0,9,1
CUST-11058,2024-08-01,8,2024,3,1315.26,58,33,0.5798,0,9,1
CUST-11058,2024-09-01,9,2024,4,1335.37,59,31,0.5339,0,9,1
CUST-11058,2024-10-01,10,2024,5,1456.02,65,39,0.6649,0,9,1
CUST-11058,2024-11-01,11,2024,6,1375.59,61,36,0.5527,1,9,1
CUST-11058,2024-12-01,12,2024,7,1254.94,55,33,0.5387,0,9,1
CUST-11059,2024-05-01,5,2024,0,120.64,6,4,0.5851,0,10,1
CUST-11059,2024-06-01,6,2024,1,120.64,6,4,0.6586,0,10,1
CUST-11059,2024-07-01,7,2024,2,120.64,6,3,0.55,1,9,1
CUST-11059,2024-08-01,8,2024,3,120.64,6,4,0.5665,1,9,1
CUST-11059,2024-09-01,9,2024,4,120.64,6,2,0.4228,0,9,1
CUST-11059,2024-10-01,10,2024,5,120.64,6,2,0.4056,0,9,1
CUST-11059,2024-11-01,11,2024,6,120.64,6,3,0.5369,0,9,1
CUST-11059,2024-12-01,12,2024,7,120.64,6,2,0.3889,1,9,1
CUST-11060,2024-05-01,5,2024,0,357.56,10,4,0.4025,0,7,1
CUST-11060,2024-06-01,6,2024,1,357.56,10,5,0.4649,2,6,1
CUST-11060,2024-07-01,7,2024,2,357.56,10,4,0.4249,4,6,1
CUST-11060,2024-08-01,8,2024,3,357.56,10,3,0.3106,1,6,1
CUST-11060,2024-09-01,9,2024,4,357.56,10,5,0.4507,2,6,1
CUST-11060,2024-10-01,10,2024,5,357.56,10,4,0.3942,0,7,1
CUST-11060,2024-11-01,11,2024,6,336.7,9,4,0.3842,1,6,1
CUST-11060,2024-12-01,12,2024,7,315.85,8,4,0.459,0,7,1
CUST-11061,2024-05-01,5,2024,0,930.65,18,7,0.3795,0,8,1
CUST-11061,2024-06-01,6,2024,1,960.18,19,7,0.3676,1,7,1
CUST-11061,2024-07-01,7,2024,2,1019.26,21,7,0.3609,0,8,1
CUST-11061,2024-08-01,8,2024,3,1078.33,23,8,0.3876,0,8,1
CUST-11061,2024-09-01,9,2024,4,1078.33,23,10,0.4476,1,8,1
CUST-11061,2024-10-01,10,2024,5,1107.86,24,8,0.3502,0,8,1
CUST-11061,2024-11-01,11,2024,6,1196.47,27,6,0.2648,1,7,1
CUST-11061,2024-12-01,12,2024,7,1226.01,28,12,0.4654,1,8,1
CUST-11062,2024-05-01,5,2024,0,597.69,7,5,0.7498,1,8,1
CUST-11062,2024-06-01,6,2024,1,597.69,7,6,0.8239,1,8,1
CUST-11062,2024-07-01,7,2024,2,597.69,7,5,0.7163,0,8,1
CUST-11062,2024-08-01,8,2024,3,597.69,7,4,0.5759,0,8,1
CUST-11062,2024-09-01,9,2024,4,597.69,7,5,0.7342,0,8,1
CUST-11062,2024-10-01,10,2024,5,597.69,7,4,0.6524,1,8,1
CUST-11062,2024-11-01,11,2024,6,597.69,7,4,0.6246,3,7,1
CUST-11062,2024-12-01,12,2024,7,569.3,6,5,0.6958,1,8,1
CUST-11063,2024-05-01,5,2024,0,245.25,5,2,48.4,3,8,1
CUST-11063,2024-06-01,6,2024,1,226.0,4,2,0.4388,2,9,1
CUST-11063,2024-07-01,7,2024,2,226.0,4,2,0.4362,2,9,1
CUST-11063,2024-08-01,8,2024,3,226.0,4,2,0.4346,3,8,1
CUST-11063,2024-09-01,9,2024,4,226.0,4,2,0.5644,1,9,1
CUST-11063,2024-10-01,10,2024,5,226.0,4,2,0.5042,2,9,1
CUST-11063,2024-11-01,11,2024,6,226.0,4,2,0.5506,3,9,1
CUST-11063,2024-12-01,12,2024,7,226.0,4,2,0.4603,2,9,1
CUST-11064,2024-05-01,5,2024,0,287.75,7,5,0.6575,0,9,1
CUST-11064,2024-06-01,6,2024,1,287.75,7,4,0.6162,4,8,1
CUST-11064,2024-07-01,7,2024,2,267.93,6,5,0.7728,3,9,1
CUST-11064,2024-08-01,8,2024,3,267.93,6,4,0.7218,0,9,1
CUST-11064,2024-09-01,9,2024,4,267.93,6,5,0.8166,2,9,1
CUST-11064,2024-10-01,10,2024,5,248.11,5,4,0.7904,1,9,1
CUST-11064,2024-11-01,11,2024,6,248.11,5,4,0.7423,4,9,1
CUST-11064,2024-12-01,12,2024,7,248.11,5,4,0.7711,0,9,1
CUST-11065,2024-05-01,5,2024,0,1565.0,16,2,14.8,2,4,1
CUST-11065,2024-06-01,6,2024,1,1565.0,16,0,0.03,5,3,1
CUST-11065,2024-07-01,7,2024,2,1523.38,15,0,0.03,4,3,1
CUST-11066,2024-05-01,5,2024,0,72.23,2,0,0.1582,3,8,1
CUST-11066,2024-06-01,6,2024,1,72.23,2,1,0.2878,0,9,1
CUST-11066,2024-07-01,7,2024,2,72.23,2,0,0.184,1,9,1
CUST-11066,2024-08-01,8,2024,3,72.23,2,0,0.2212,0,9,1
CUST-11066,2024-09-01,9,2024,4,72.23,2,0,0.2264,1,9,1
CUST-11066,2024-10-01,10,2024,5,72.23,2,0,0.1143,1,9,1
CUST-11066,2024-11-01,11,2024,6,72.23,2,0,0.1011,2,8,1
CUST-11066,2024-12-01,12,2024,7,72.23,2,0,0.0485,0,9,1
CUST-11067,2024-05-01,5,2024,0,94.55,4,2,0.3912,3,7,1
CUST-11067,2024-06-01,6,2024,1,94.55,4,2,0.4889,1,8,1
CUST-11067,2024-07-01,7,2024,2,94.55,4,2,0.4831,2,7,1
CUST-11067,2024-08-01,8,2024,3,94.55,4,2,0.4221,1,8,1
CUST-11067,2024-09-01,9,2024,4,94.55,4,1,0.3016,0,8,1
CUST-11067,2024-10-01,10,2024,5,94.55,4,1,0.2975,3,7,1
CUST-11068,2024-05-01,5,2024,0,874.65,38,30,0.8226,0,8,1
CUST-11068,2024-06-01,6,2024,1,874.65,38,29,0.7696,0,8,1
CUST-11068,2024-07-01,7,2024,2,874.65,38,26,0.6844,2,7,1
CUST-11068,2024-08-01,8,2024,3,836.46,36,27,0.695,2,7,1
CUST-11068,2024-09-01,9,2024,4,855.55,37,22,0.6163,0,7,1
CUST-11068,2024-10-01,10,2024,5,855.55,37,26,0.7153,0,8,1
CUST-11068,2024-11-01,11,2024,6,855.55,37,26,0.7007,1,7,1
CUST-11068,2024-12-01,12,2024,7,912.84,40,27,0.7196,1,7,1
CUST-11069,2024-06-01,6,2024,0,513.72,18,5,0.2838,1,6,1
CUST-11069,2024-07-01,7,2024,1,513.72,18,4,0.2124,2,6,1
CUST-11069,2024-08-01,8,2024,2,513.72,18,6,0.3276,0,7,1
CUST-11069,2024-09-01,9,2024,3,554.24,20,4,0.2105,1,6,1
CUST-11069,2024-10-01,10,2024,4,554.24,20,4,0.2041,2,6,1
CUST-11069,2024-11-01,11,2024,5,554.24,20,7,0.323,4,6,1
CUST-11069,2024-12-01,12,2024,6,554.24,20,4,0.1936,3,6,1
CUST-11070,2024-06-01,6,2024,0,212.89,3,2,0.5172,1,7,1
CUST-11070,2024-07-01,7,2024,1,212.89,3,1,0.3828,1,7,1
CUST-11070,2024-08-01,8,2024,2,212.89,3,1,0.4096,3,7,1
CUST-11070,2024-09-01,9,2024,3,212.89,3,2,0.5333,0,7,1
CUST-11070,2024-10-01,10,2024,4,212.89,3,2,0.5578,2,7,1
CUST-11070,2024-11-01,11,2024,5,234.18,4,1,0.3781,2,7,1
CUST-11070,2024-12-01,12,2024,6,234.18,4,1,0.4189,0,7,1
CUST-11071,2024-06-01,6,2024,0,82.12,3,1,0.3592,0,7,1
CUST-11071,2024-07-01,7,2024,1,82.12,3,0,0.1682,2,7,1
CUST-11071,2024-08-01,8,2024,2,82.12,3,1,0.3579,2,7,1
CUST-11071,2024-09-01,9,2024,3,82.12,3,1,0.3158,0,7,1
CUST-11071,2024-10-01,10,2024,4,82.12,3,1,0.3653,1,7,1
CUST-11071,2024-11-01,11,2024,5,82.12,3,1,0.5179,1,8,1
CUST-11071,2024-12-01,12,2024,6,82.12,3,1,0.3103,2,7,1
CUST-11072,2024-06-01,6,2024,0,72.33,2,1,0.7261,1,10,1
CUST-11072,2024-07-01,7,2024,1,72.33,2,2,0.7551,1,10,1
CUST-11072,2024-08-01,8,2024,2,72.33,2,2,0.7137,1,10,1
CUST-11072,2024-09-01,9,2024,3,72.33,2,1,0.5831,2,10,1
CUST-11072,2024-10-01,10,2024,4,72.33,2,1,0.4746,1,10,1
CUST-11072,2024-11-01,11,2024,5,72.33,2,1,0.5874,3,10,1
CUST-11072,2024-12-01,12,2024,6,72.33,2,1,0.4715,0,10,1
CUST-11073,2024-06-01,6,2024,0,695.64,10,4,0.3732,1,8,1
CUST-11073,2024-07-01,7,2024,1,695.64,10,3,0.3044,1,8,1
CUST-11073,2024-08-01,8,2024,2,695.64,10,2,0.1947,5,7,1
CUST-11073,2024-09-01,9,2024,3,695.64,10,1,0.1362,2,7,1
CUST-11073,2024-10-01,10,2024,4,665.98,9,2,0.2222,4,7,1
CUST-11073,2024-11-01,11,2024,5,665.98,9,1,0.1213,3,7,1
CUST-11073,2024-12-01,12,2024,6,665.98,9,1,0.1658,1,8,1
CUST-11074,2024-06-01,6,2024,0,1530.94,39,2,0.0417,0,5,1
CUST-11074,2024-07-01,7,2024,1,1647.03,43,3,0.0738,3,4,1
CUST-11074,2024-08-01,8,2024,2,1734.1,46,1,0.03,2,4,1
CUST-11074,2024-09-01,9,2024,3,1821.18,49,2,0.0394,3,4,1
CUST-11074,2024-10-01,10,2024,4,1937.27,53,1,0.03,3,4,1
CUST-11074,2024-11-01,11,2024,5,2053.37,57,2,0.03,1,5,1
CUST-11074,2024-12-01,12,2024,6,2082.39,58,2,0.0347,2,4,1
CUST-11075,2024-06-01,6,2024,0,59.84,1,1,0.6779,1,7,1
CUST-11075,2024-07-01,7,2024,1,59.84,1,1,0.918,0,8,1
CUST-11075,2024-08-01,8,2024,2,59.84,1,1,0.7333,1,7,1
CUST-11075,2024-09-01,9,2024,3,59.84,1,1,0.7427,0,8,1
CUST-11075,2024-10-01,10,2024,4,59.84,1,1,0.741,1,7,1
CUST-11075,2024-11-01,11,2024,5,59.84,1,1,0.6809,0,7,1
CUST-11075,2024-12-01,12,2024,6,59.84,1,1,0.7526,1,7,1
CUST-11076,2024-06-01,6,2024,0,94.65,4,4,0.9362,1,9,1
CUST-11076,2024-07-01,7,2024,1,94.65,4,4,0.8832,0,9,1
CUST-11076,2024-08-01,8,2024,2,94.65,4,4,0.8979,1,9,1
CUST-11076,2024-09-01,9,2024,3,94.65,4,4,0.8534,1,8,1
CUST-11076,2024-10-01,10,2024,4,94.65,4,3,0.7469,1,8,1
CUST-11076,2024-11-01,11,2024,5,94.65,4,3,0.7355,0,8,1
CUST-11076,2024-12-01,12,2024,6,94.65,4,3,0.7179,1,8,1
CUST-11077,2024-06-01,6,2024,0,326.63,24,14,0.5455,1,6,1
CUST-11077,2024-07-01,7,2024,1,338.2,25,16,0.6712,0,6,1
CUST-11077,2024-08-01,8,2024,2,338.2,25,13,0.5379,0,6,1
CUST-11077,2024-09-01,9,2024,3,349.77,26,9,0.3711,1,5,1
CUST-11077,2024-10-01,10,2024,4,349.77,26,10,0.3894,0,6,1
CUST-11077,2024-11-01,11,2024,5,338.2,25,9,0.3267,0,5,1
CUST-11077,2024-12-01,12,2024,6,338.2,25,6,0.2519,0,5,1
CUST-11078,2024-06-01,6,2024,0,85.0,3,1,0.3384,3,5,1
CUST-11078,2024-07-01,7,2024,1,85.0,3,2,0.517,1,6,1
CUST-11078,2024-08-01,8,2024,2,85.0,3,2,0.5847,3,6,1
CUST-11078,2024-09-01,9,2024,3,85.0,3,1,0.3833,3,5,1
CUST-11079,2024-06-01,6,2024,0,502.23,18,7,0.4122,2,7,1
CUST-11079,2024-07-01,7,2024,1,502.23,18,8,0.4571,0,8,1
CUST-11079,2024-08-01,8,2024,2,462.98,16,8,0.4749,2,7,1
CUST-11079,2024-09-01,9,2024,3,423.74,14,8,0.4918,0,8,1
CUST-11079,2024-10-01,10,2024,4,423.74,14,10,0.6911,0,8,1
CUST-11079,2024-11-01,11,2024,5,443.36,15,6,0.4619,2,7,1
CUST-11079,2024-12-01,12,2024,6,423.74,14,9,0.5995,0,8,1
CUST-11080,2024-06-01,6,2024,0,395.25,13,3,0.2485,1,7,1
CUST-11080,2024-07-01,7,2024,1,395.25,13,4,0.2766,1,7,1
CUST-11080,2024-08-01,8,2024,2,395.25,13,4,0.295,1,7,1
CUST-11081,2024-06-01,6,2024,0,571.99,6,4,0.6667,0,8,1
CUST-11081,2024-07-01,7,2024,1,600.82,7,4,0.6259,0,8,1
CUST-11081,2024-08-01,8,2024,2,571.99,6,3,0.4765,0,7,1
CUST-11081,2024-09-01,9,2024,3,600.82,7,4,0.6052,1,7,1
CUST-11081,2024-10-01,10,2024,4,600.82,7,5,0.7301,1,8,1
CUST-11081,2024-11-01,11,2024,5,600.82,7,5,72.2,1,8,1
CUST-11081,2024-12-01,12,2024,6,600.82,7,5,0.6593,0,8,1
CUST-11082,2024-06-01,6,2024,0,986.14,22,3,0.1243,2,7,1
CUST-11082,2024-07-01,7,2024,1,1012.82,23,4,0.1683,1,7,1
CUST-11082,2024-08-01,8,2024,2,1039.51,24,4,0.1634,6,6,1
CUST-11082,2024-09-01,9,2024,3,986.14,22,4,0.17,3,7,1
CUST-11082,2024-10-01,10,2024,4,932.76,20,4,0.1631,2,7,1
CUST-11082,2024-11-01,11,2024,5,906.07,19,2,0.1076,3,6,1
CUST-11082,2024-12-01,12,2024,6,906.07,19,4,0.236,3,7,1
CUST-11083,2024-06-01,6,2024,0,238.72,17,10,0.5351,0,8,1
CUST-11084,2024-06-01,6,2024,0,79.82,3,2,0.5013,3,9,1
CUST-11085,2024-06-01,6,2024,0,724.25,11,2,0.1803,0,5,1
CUST-11085,2024-07-01,7,2024,1,694.68,10,1,0.0791,1,4,1
CUST-11085,2024-08-01,8,2024,2,665.11,9,1,0.0997,0,4,1
CUST-11085,2024-09-01,9,2024,3,635.54,8,0,0.03,2,4,1
CUST-11086,2024-06-01,6,2024,0,71.42,2,1,0.3481,3,9,1
CUST-11086,2024-07-01,7,2024,1,71.42,2,1,0.4034,1,9,1
CUST-11086,2024-08-01,8,2024,2,71.42,2,1,0.3236,0,9,1
CUST-11086,2024-09-01,9,2024,3,71.42,2,1,0.3243,2,9,1
CUST-11086,2024-10-01,10,2024,4,71.42,2,0,0.2137,2,9,1
CUST-11086,2024-11-01,11,2024,5,71.42,2,1,0.2822,2,9,1
CUST-11086,2024-12-01,12,2024,6,71.42,2,0,0.1819,2,8,1
CUST-11087,2024-06-01,6,2024,0,140.39,8,3,0.421,5,8,1
CUST-11087,2024-07-01,7,2024,1,140.39,8,4,0.444,3,8,1
CUST-11087,2024-08-01,8,2024,2,140.39,8,3,0.3865,1,9,1
CUST-11087,2024-09-01,9,2024,3,140.39,8,2,0.2231,4,8,1
CUST-11087,2024-10-01,10,2024,4,151.82,9,3,0.4203,0,9,1
CUST-11087,2024-11-01,11,2024,5,151.82,9,3,0.389,0,9,1
CUST-11087,2024-12-01,12,2024,6,151.82,9,3,0.3723,2,8,1
CUST-11088,2024-06-01,6,2024,0,118.34,6,1,0.2467,2,6,1
CUST-11088,2024-07-01,7,2024,1,118.34,6,2,0.2865,2,7,1
CUST-11088,2024-08-01,8,2024,2,118.34,6,2,0.2972,2,7,1
CUST-11088,2024-09-01,9,2024,3,118.34,6,2,0.2796,0,7,1
CUST-11088,2024-10-01,10,2024,4,106.78,5,1,0.1569,0,7,1
CUST-11088,2024-11-01,11,2024,5,118.34,6,1,0.1735,2,6,1
CUST-11088,2024-12-01,12,2024,6,118.34,6,1,0.1391,4,6,1
CUST-11089,2024-06-01,6,2024,0,134.82,8,2,0.2868,3,7,1
CUST-11089,2024-07-01,7,2024,1,145.55,9,2,0.2836,1,7,1
CUST-11089,2024-08-01,8,2024,2,145.55,9,4,0.4099,1,8,1
CUST-11089,2024-09-01,9,2024,3,145.55,9,3,0.2933,3,7,1
CUST-11089,2024-10-01,10,2024,4,134.82,8,2,0.199,1,7,1
CUST-11089,2024-11-01,11,2024,5,124.1,7,4,0.4276,2,7,1
CUST-11089,2024-12-01,12,2024,6,134.82,8,2,0.3394,4,7,1
CUST-11090,2024-06-01,6,2024,0,774.39,31,10,0.3433,1,9,1
CUST-11090,2024-07-01,7,2024,1,794.57,32,9,0.2866,0,9,1
CUST-11090,2024-08-01,8,2024,2,834.92,34,7,0.223,1,9,1
CUST-11090,2024-09-01,9,2024,3,875.26,36,11,0.3277,1,9,1
CUST-11090,2024-10-01,10,2024,4,855.09,35,4,0.117,0,9,1
CUST-11090,2024-11-01,11,2024,5,875.26,36,9,0.2447,2,9,1
CUST-11090,2024-12-01,12,2024,6,935.79,39,11,0.3008,2,9,1
CUST-11091,2024-06-01,6,2024,0,70.58,2,1,0.53,0,6,1
CUST-11091,2024-07-01,7,2024,1,70.58,2,1,0.5165,3,5,1
CUST-11091,2024-08-01,8,2024,2,70.58,2,1,0.581,1,6,1
CUST-11091,2024-09-01,9,2024,3,70.58,2,1,0.4278,1,5,1
CUST-11091,2024-10-01,10,2024,4,70.58,2,1,0.3851,1,5,1
CUST-11091,2024-11-01,11,2024,5,70.58,2,1,0.359,2,5,1
CUST-11091,2024-12-01,12,2024,6,70.58,2,1,0.347,1,5,1
CUST-11092,2024-06-01,6,2024,0,261.27,19,7,0.3554,2,5,1
CUST-11092,2024-07-01,7,2024,1,261.27,19,6,0.2945,2,5,1
CUST-11092,2024-08-01,8,2024,2,283.61,21,6,0.2895,0,5,1
CUST-11092,2024-09-01,9,2024,3,261.27,19,6,0.2941,1,5,1
CUST-11092,2024-10-01,10,2024,4,250.1,18,3,0.1678,3,4,1
CUST-11092,2024-11-01,11,2024,5,250.1,18,1,0.0665,2,4,1
CUST-11092,2024-12-01,12,2024,6,272.44,20,4,0.2251,2,4,1
CUST-11093,2024-06-01,6,2024,0,734.84,31,6,0.1774,0,6,1
CUST-11093,2024-07-01,7,2024,1,753.74,32,6,0.1998,0,6,1
CUST-11093,2024-08-01,8,2024,2,753.74,32,8,0.2536,0,6,1
CUST-11093,2024-09-01,9,2024,3,753.74,32,9,0.2709,0,6,1
CUST-11093,2024-10-01,10,2024,4,697.04,29,10,0.2926,0,6,1
CUST-11093,2024-11-01,11,2024,5,678.14,28,5,0.1711,0,6,1
CUST-11093,2024-12-01,12,2024,6,640.35,26,4,0.1251,0,6,1
CUST-11094,2024-06-01,6,2024,0,113.01,6,1,0.2098,0,4,1
CUST-11094,2024-07-01,7,2024,1,113.01,6,1,0.099,0,4,1
CUST-11094,2024-08-01,8,2024,2,113.01,6,0,0.0704,0,4,1
CUST-11094,2024-09-01,9,2024,3,113.01,6,1,0.1562,0,4,1
CUST-11094,2024-10-01,10,2024,4,113.01,6,0,0.0666,0,4,1
CUST-11094,2024-11-01,11,2024,5,113.01,6,0,0.03,0,4,1
CUST-11094,2024-12-01,12,2024,6,113.01,6,0,0.03,0,4,1
CUST-11095,2024-06-01,6,2024,0,232.78,4,2,0.5045,0,7,1
CUST-11095,2024-07-01,7,2024,1,232.78,4,2,0.508,1,7,1
CUST-11095,2024-08-01,8,2024,2,232.78,4,2,0.3724,0,7,1
CUST-11095,2024-09-01,9,2024,3,232.78,4,3,0.6054,1,7,1
CUST-11095,2024-10-01,10,2024,4,232.78,4,2,0.4962,0,7,1
CUST-11095,2024-11-01,11,2024,5,232.78,4,1,0.3185,1,7,1
CUST-11095,2024-12-01,12,2024,6,232.78,4,2,0.5382,1,7,1
CUST-11096,2024-06-01,6,2024,0,824.98,16,2,0.1126,2,6,1
CUST-11096,2024-07-01,7,2024,1,798.36,15,5,0.3151,1,7,1
CUST-11096,2024-08-01,8,2024,2,798.36,15,6,0.4317,3,7,1
CUST-11096,2024-09-01,9,2024,3,771.74,14,6,0.4183,2,7,1
CUST-11096,2024-10-01,10,2024,4,824.98,16,6,0.4244,0,7,1
CUST-11096,2024-11-01,11,2024,5,824.98,16,8,0.5082,1,7,1
CUST-11096,2024-12-01,12,2024,6,878.23,18,7,0.4076,2,7,1
CUST-11097,2024-06-01,6,2024,0,114.81,6,4,0.8157,2,6,1
CUST-11097,2024-07-01,7,2024,1,114.81,6,5,0.8859,0,7,1
CUST-11097,2024-08-01,8,2024,2,114.81,6,5,0.8785,1,7,1
CUST-11097,2024-09-01,9,2024,3,114.81,6,5,0.7709,0,7,1
CUST-11097,2024-10-01,10,2024,4,125.78,7,5,0.8907,1,7,1
CUST-11097,2024-11-01,11,2024,5,125.78,7,7,1.0,1,7,1
CUST-11097,2024-12-01,12,2024,6,114.81,6,7,1.0,2,7,1
CUST-11098,2024-06-01,6,2024,0,364.9,27,8,0.2853,1,6,1
CUST-11098,2024-07-01,7,2024,1,341.5,25,11,0.4211,2,6,1
CUST-11098,2024-08-01,8,2024,2,318.1,23,9,0.3478,0,6,1
CUST-11098,2024-09-01,9,2024,3,329.8,24,8,0.3423,1,6,1
CUST-11098,2024-10-01,10,2024,4,318.1,23,4,0.1713,3,5,1
CUST-11098,2024-11-01,11,2024,5,329.8,24,8,0.3297,0,6,1
CUST-11098,2024-12-01,12,2024,6,353.2,26,9,0.3848,0,6,1
CUST-11099,2024-06-01,6,2024,0,571.42,6,4,0.6471,0,4,1
CUST-11099,2024-07-01,7,2024,1,571.42,6,4,0.6845,0,4,1
CUST-11099,2024-08-01,8,2024,2,571.42,6,5,0.8171,0,4,1
CUST-11099,2024-09-01,9,2024,3,600.15,7,6,0.8679,0,4,1
CUST-11099,2024-10-01,10,2024,4,600.15,7,5,0.7644,0,4,1
CUST-11099,2024-11-01,11,2024,5,600.15,7,5,0.7687,0,4,1
CUST-11099,2024-12-01,12,2024,6,628.89,8,6,0.8929,1,4,1
CUST-11100,2024-06-01,6,2024,0,91.58,4,2,0.4949,1,9,1
CUST-11100,2024-07-01,7,2024,1,91.58,4,2,0.4082,4,8,1
CUST-11101,2024-06-01,6,2024,0,2574.71,43,27,0.6385,2,8,1
CUST-11101,2024-07-01,7,2024,1,2730.59,47,24,0.5718,4,7,1
CUST-11101,2024-08-01,8,2024,2,2808.53,49,25,0.5373,1,8,1
CUST-11101,2024-09-01,9,2024,3,2691.62,46,32,0.6585,3,8,1
CUST-11101,2024-10-01,10,2024,4,2808.53,49,26,0.5562,0,8,1
CUST-11101,2024-11-01,11,2024,5,2886.47,51,27,0.5517,1,8,1
CUST-11101,2024-12-01,12,2024,6,2964.41,53,32,0.6261,0,8,1
CUST-11102,2024-06-01,6,2024,0,2385.8,35,1,0.03,3,2,1
CUST-11102,2024-07-01,7,2024,1,2470.76,37,1,0.0422,1,3,1
CUST-11102,2024-08-01,8,2024,2,2513.24,38,1,0.03,0,3,1
CUST-11102,2024-09-01,9,2024,3,2725.64,43,8,0.1965,0,4,1
CUST-11102,2024-10-01,10,2024,4,2555.72,39,1,0.03,0,3,1
CUST-11102,2024-11-01,11,2024,5,2683.16,42,1,0.03,0,3,1
CUST-11102,2024-12-01,12,2024,6,2853.08,46,7,0.1769,2,3,1
CUST-11103,2024-06-01,6,2024,0,77.87,3,0,0.1128,0,8,1
CUST-11104,2024-06-01,6,2024,0,185.26,2,2,0.8173,0,10,1
CUST-11104,2024-07-01,7,2024,1,185.26,2,2,0.8753,0,10,1
CUST-11104,2024-08-01,8,2024,2,185.26,2,1,0.7081,0,9,1
CUST-11104,2024-09-01,9,2024,3,185.26,2,1,0.6983,0,9,1
CUST-11104,2024-10-01,10,2024,4,185.26,2,1,0.7798,0,9,1
CUST-11104,2024-11-01,11,2024,5,185.26,2,1,0.8179,0,10,1
CUST-11104,2024-12-01,12,2024,6,185.26,2,1,0.7056,1,9,1
CUST-11105,2024-06-01,6,2024,0,95.94,4,2,0.4167,1,8,1
CUST-11105,2024-07-01,7,2024,1,95.94,4,1,0.3104,1,8,1
CUST-11105,2024-08-01,8,2024,2,95.94,4,1,0.3233,1,8,1
CUST-11105,2024-09-01,9,2024,3,95.94,4,1,0.2911,2,7,1
CUST-11105,2024-10-01,10,2024,4,95.94,4,1,0.3379,1,8,1
CUST-11105,2024-11-01,11,2024,5,95.94,4,1,0.3712,3,7,1
CUST-11105,2024-12-01,12,2024,6,84.21,3,1,0.2376,3,7,1
CUST-11106,2024-06-01,6,2024,0,537.48,18,7,0.4043,0,7,1
CUST-11106,2024-07-01,7,2024,1,494.31,16,6,0.3592,0,7,1
CUST-11106,2024-08-01,8,2024,2,494.31,16,5,0.2954,3,6,1
CUST-11106,2024-09-01,9,2024,3,494.31,16,5,0.3487,1,6,1
CUST-11106,2024-10-01,10,2024,4,472.73,15,7,0.4096,1,6,1
CUST-11106,2024-11-01,11,2024,5,494.31,16,6,0.4087,0,7,1
CUST-11106,2024-12-01,12,2024,6,472.73,15,5,0.3181,1,6,1
CUST-11107,2024-06-01,6,2024,0,85.0,3,1,0.3857,0,4,1
CUST-11107,2024-07-01,7,2024,1,85.0,3,1,0.1896,0,4,1
CUST-11107,2024-08-01,8,2024,2,85.0,3,1,0.3642,2,4,1
CUST-11107,2024-09-01,9,2024,3,85.0,3,1,0.2967,3,3,1
CUST-11107,2024-10-01,10,2024,4,85.0,3,1,0.3135,2,4,1
CUST-11107,2024-11-01,11,2024,5,85.0,3,1,0.3944,2,4,1
CUST-11107,2024-12-01,12,2024,6,85.0,3,1,0.4104,0,4,1
CUST-11108,2024-06-01,6,2024,0,231.19,4,1,0.2705,3,7,1
CUST-11108,2024-07-01,7,2024,1,231.19,4,0,0.1176,1,7,1
CUST-11109,2024-06-01,6,2024,0,270.57,6,2,0.2573,0,6,1
CUST-11109,2024-07-01,7,2024,1,290.83,7,1,0.1588,1,5,1
CUST-11110,2024-06-01,6,2024,0,276.51,6,1,0.0933,0,6,1
CUST-11111,2024-07-01,7,2024,0,1647.0,39,8,0.2043,0,10,1
CUST-11111,2024-08-01,8,2024,1,1647.0,39,8,0.2126,2,10,1
CUST-11111,2024-09-01,9,2024,2,1583.0,37,8,0.1947,1,10,1
CUST-11111,2024-10-01,10,2024,3,1519.0,35,7,0.2035,1,10,1
CUST-11111,2024-11-01,11,2024,4,1551.0,36,4,0.1228,0,10,1
CUST-11111,2024-12-01,12,2024,5,1519.0,35,9,0.2463,0,10,1
CUST-11112,2024-07-01,7,2024,0,99.88,5,3,0.6644,1,7,1
CUST-11112,2024-08-01,8,2024,1,99.88,5,3,0.6133,3,7,1
CUST-11112,2024-09-01,9,2024,2,99.88,5,4,0.756,1,7,1
CUST-11112,2024-10-01,10,2024,3,99.88,5,4,0.8116,1,7,1
CUST-11112,2024-11-01,11,2024,4,110.06,6,4,0.7546,0,8,1
CUST-11112,2024-12-01,12,2024,5,110.06,6,5,0.8399,2,7,1
CUST-11113,2024-07-01,7,2024,0,6876.69,356,84,0.2263,1,6,1
CUST-11113,2024-08-01,8,2024,1,6914.48,358,86,0.2422,3,6,1
CUST-11113,2024-09-01,9,2024,2,7065.67,366,90,0.2507,0,6,1
CUST-11113,2024-10-01,10,2024,3,6801.1,352,17,0.0453,1,5,1
CUST-11113,2024-11-01,11,2024,4,6744.4,349,75,0.2127,1,6,1
CUST-11113,2024-12-01,12,2024,5,6763.3,350,26,0.0759,1,6,1
CUST-11114,2024-07-01,7,2024,0,169.38,11,2,0.1624,2,4,1
CUST-11114,2024-08-01,8,2024,1,169.38,11,3,0.2797,3,5,1
CUST-11114,2024-09-01,9,2024,2,169.38,11,3,0.2665,1,5,1
CUST-11114,2024-10-01,10,2024,3,169.38,11,2,0.1937,3,4,1
CUST-11115,2024-07-01,7,2024,0,161.44,10,6,0.5871,2,7,1
CUST-11115,2024-08-01,8,2024,1,161.44,10,5,0.5012,0,7,1
CUST-11115,2024-09-01,9,2024,2,161.44,10,6,0.5589,1,7,1
CUST-11115,2024-10-01,10,2024,3,161.44,10,5,0.4627,0,7,1
CUST-11115,2024-11-01,11,2024,4,161.44,10,5,0.4909,2,6,1
CUST-11115,2024-12-01,12,2024,5,161.44,10,5,0.4661,2,6,1
CUST-11116,2024-07-01,7,2024,0,450.94,35,22,0.6602,2,4,1
CUST-11116,2024-08-01,8,2024,1,485.39,38,20,0.5677,1,4,1
CUST-11116,2024-09-01,9,2024,2,531.33,42,20,0.5242,2,4,1
CUST-11116,2024-10-01,10,2024,3,542.81,43,15,0.3581,1,4,1
CUST-11116,2024-11-01,11,2024,4,542.81,43,19,0.4416,0,4,1
CUST-11116,2024-12-01,12,2024,5,519.84,41,14,0.3281,4,3,1
CUST-11117,2024-07-01,7,2024,0,83.38,3,2,0.5569,1,4,1
CUST-11117,2024-08-01,8,2024,1,83.38,3,1,0.4391,0,4,1
CUST-11117,2024-09-01,9,2024,2,83.38,3,1,0.4417,0,4,1
CUST-11117,2024-10-01,10,2024,3,83.38,3,1,0.4596,1,4,1
CUST-11117,2024-11-01,11,2024,4,83.38,3,2,0.5305,0,5,1
CUST-11117,2024-12-01,12,2024,5,83.38,3,2,0.596,0,5,1
CUST-11118,2024-07-01,7,2024,0,516.49,18,7,0.3697,0,7,1
CUST-11118,2024-08-01,8,2024,1,516.49,18,5,0.2977,0,7,1
CUST-11118,2024-09-01,9,2024,2,516.49,18,4,0.2271,0,7,1
CUST-11118,2024-10-01,10,2024,3,536.9,19,3,0.1815,3,6,1
CUST-11118,2024-11-01,11,2024,4,516.49,18,7,0.3433,2,7,1
CUST-11118,2024-12-01,12,2024,5,557.32,20,3,0.1431,2,6,1
CUST-11119,2024-07-01,7,2024,0,772.63,12,3,0.2012,0,6,1
CUST-11119,2024-08-01,8,2024,1,803.77,13,1,0.0506,1,5,1
CUST-11120,2024-07-01,7,2024,0,2356.76,70,35,0.5276,3,7,1
CUST-11120,2024-08-01,8,2024,1,2440.66,73,26,0.3774,3,6,1
CUST-11120,2024-09-01,9,2024,2,2468.63,74,39,0.5316,4,6,1
CUST-11120,2024-10-01,10,2024,3,2552.54,77,26,0.3494,2,6,1
CUST-11120,2024-11-01,11,2024,4,2552.54,77,30,0.3967,1,7,1
CUST-11120,2024-12-01,12,2024,5,2580.5,78,19,0.2406,1,6,1
CUST-11121,2024-07-01,7,2024,0,695.64,10,4,0.4072,0,8,1
CUST-11121,2024-08-01,8,2024,1,695.64,10,4,0.377,2,7,1
CUST-11122,2024-07-01,7,2024,0,193.0,2,1,0.6826,0,9,1
CUST-11122,2024-08-01,8,2024,1,193.0,2,2,0.7534,1,9,1
CUST-11122,2024-09-01,9,2024,2,193.0,2,2,0.8445,1,9,1
CUST-11122,2024-10-01,10,2024,3,193.0,2,2,0.8172,0,9,1
CUST-11122,2024-11-01,11,2024,4,193.0,2,2,0.7762,0,9,1
CUST-11122,2024-12-01,12,2024,5,193.0,2,2,0.8274,1,9,1
CUST-11123,2024-07-01,7,2024,0,1901.24,24,11,0.4496,0,9,1
CUST-11123,2024-08-01,8,2024,1,1901.24,24,12,0.4842,2,9,1
CUST-11123,2024-09-01,9,2024,2,1859.48,23,10,0.4147,1,9,1
CUST-11123,2024-10-01,10,2024,3,1817.72,22,7,0.3109,2,9,1
CUST-11123,2024-11-01,11,2024,4,1775.96,21,6,0.2942,2,9,1
CUST-11123,2024-12-01,12,2024,5,1734.2,20,9,0.4491,0,9,1
CUST-11124,2024-07-01,7,2024,0,553.45,24,17,0.7254,0,8,1
CUST-11124,2024-08-01,8,2024,1,570.3,25,11,0.4666,0,8,1
CUST-11125,2024-07-01,7,2024,0,1377.44,12,3,0.2524,3,5,1
CUST-11125,2024-08-01,8,2024,1,1337.57,11,3,0.2324,0,6,1
CUST-11125,2024-09-01,9,2024,2,1417.31,13,3,0.2722,3,5,1
CUST-11125,2024-10-01,10,2024,3,1417.31,13,5,0.4237,0,6,1
CUST-11125,2024-11-01,11,2024,4,1457.18,14,4,0.2625,3,5,1
CUST-11125,2024-12-01,12,2024,5,1497.05,15,7,0.5327,1,6,1
CUST-11126,2024-07-01,7,2024,0,59.57,1,0,0.0978,2,9,1
CUST-11127,2024-07-01,7,2024,0,592.85,25,18,0.7098,1,9,1
CUST-11127,2024-08-01,8,2024,1,557.34,23,16,0.6392,1,9,1
CUST-11127,2024-09-01,9,2024,2,557.34,23,14,60.3,2,9,1
CUST-11127,2024-10-01,10,2024,3,557.34,23,17,0.7209,0,9,1
CUST-11127,2024-11-01,11,2024,4,557.34,23,17,0.7303,0,9,1
CUST-11127,2024-12-01,12,2024,5,539.59,22,14,0.6414,0,9,1
CUST-11128,2024-07-01,7,2024,0,70.82,2,0,0.1383,1,7,1
CUST-11128,2024-08-01,8,2024,1,70.82,2,0,0.2202,0,8,1
CUST-11128,2024-09-01,9,2024,2,70.82,2,0,0.1878,1,7,1
CUST-11128,2024-10-01,10,2024,3,70.82,2,0,0.2209,1,7,1
CUST-11128,2024-11-01,11,2024,4,70.82,2,0,0.0857,1,7,1
CUST-11128,2024-12-01,12,2024,5,70.82,2,0,0.1988,0,8,1
CUST-11129,2024-07-01,7,2024,0,60.11,1,0,0.2917,1,9,1
CUST-11129,2024-08-01,8,2024,1,60.11,1,0,0.2948,0,9,1
CUST-11129,2024-09-01,9,2024,2,60.11,1,0,0.4124,2,9,1
CUST-11129,2024-10-01,10,2024,3,60.11,1,1,0.4111,3,8,1
CUST-11129,2024-11-01,11,2024,4,60.11,1,0,0.2688,3,8,1
CUST-11129,2024-12-01,12,2024,5,60.11,1,1,0.5357,2,9,1
CUST-11130,2024-07-01,7,2024,0,271.6,25,7,0.2662,3,6,1
CUST-11130,2024-08-01,8,2024,1,280.5,26,7,0.2792,1,6,1
CUST-11130,2024-09-01,9,2024,2,280.5,26,10,0.3919,1,7,1
CUST-11130,2024-10-01,10,2024,3,289.41,27,8,0.3106,3,6,1
CUST-11130,2024-11-01,11,2024,4,280.5,26,7,0.2536,0,6,1
CUST-11130,2024-12-01,12,2024,5,289.41,27,3,0.1346,2,6,1
CUST-11131,2024-07-01,7,2024,0,70.94,2,1,0.6451,2,7,1
CUST-11131,2024-08-01,8,2024,1,70.94,2,1,0.5192,0,7,1
CUST-11131,2024-09-01,9,2024,2,70.94,2,1,0.4528,0,7,1
CUST-11131,2024-10-01,10,2024,3,70.94,2,1,0.4899,1,7,1
CUST-11131,2024-11-01,11,2024,4,70.94,2,1,0.5703,0,7,1
CUST-11131,2024-12-01,12,2024,5,70.94,2,1,0.5158,2,7,1
CUST-11132,2024-07-01,7,2024,0,259.0,5,2,0.3373,2,6,1
CUST-11132,2024-08-01,8,2024,1,259.0,5,2,0.3575,2,6,1
CUST-11132,2024-09-01,9,2024,2,259.0,5,2,0.3142,1,6,1
CUST-11132,2024-10-01,10,2024,3,281.0,6,2,0.3498,2,6,1
CUST-11132,2024-11-01,11,2024,4,281.0,6,2,0.3663,3,6,1
CUST-11132,2024-12-01,12,2024,5,281.0,6,3,0.4508,1,7,1
CUST-11133,2024-07-01,7,2024,0,60.04,1,1,0.5777,4,8,1
CUST-11133,2024-08-01,8,2024,1,60.04,1,1,0.7392,1,9,1
CUST-11133,2024-09-01,9,2024,2,60.04,1,1,0.6941,1,9,1
CUST-11134,2024-07-01,7,2024,0,330.37,9,5,0.5699,0,10,1
CUST-11134,2024-08-01,8,2024,1,330.37,9,5,0.5379,1,10,1
CUST-11134,2024-09-01,9,2024,2,350.52,10,4,0.4723,0,10,1
CUST-11134,2024-10-01,10,2024,3,350.52,10,4,0.4453,1,10,1
CUST-11134,2024-11-01,11,2024,4,350.52,10,6,0.5668,2,10,1
CUST-11134,2024-12-01,12,2024,5,330.37,9,4,0.4344,2,10,1
CUST-11135,2024-07-01,7,2024,0,239.42,5,3,0.6299,1,4,1
CUST-11135,2024-08-01,8,2024,1,239.42,5,3,0.669,1,4,1
CUST-11136,2024-07-01,7,2024,0,415.55,13,6,0.4995,0,8,1
CUST-11136,2024-08-01,8,2024,1,395.05,12,7,0.5469,1,7,1
CUST-11136,2024-09-01,9,2024,2,374.54,11,6,0.4809,1,7,1
CUST-11136,2024-10-01,10,2024,3,374.54,11,4,0.3495,1,7,1
CUST-11136,2024-11-01,11,2024,4,395.05,12,4,0.41,2,7,1
CUST-11136,2024-12-01,12,2024,5,395.05,12,5,0.41,2,7,1
CUST-11137,2024-07-01,7,2024,0,527.4,20,2,0.1309,3,6,1
CUST-11137,2024-08-01,8,2024,1,565.24,22,1,0.03,2,6,1
CUST-11137,2024-09-01,9,2024,2,584.16,23,6,0.2474,0,7,1
CUST-11137,2024-10-01,10,2024,3,584.16,23,3,0.1444,0,7,1
CUST-11137,2024-11-01,11,2024,4,603.08,24,7,0.2989,1,7,1
CUST-11137,2024-12-01,12,2024,5,584.16,23,7,0.3138,1,7,1
CUST-11138,2024-07-01,7,2024,0,79.49,3,1,0.3997,0,6,1
CUST-11138,2024-08-01,8,2024,1,79.49,3,1,0.208,2,5,1
CUST-11138,2024-09-01,9,2024,2,79.49,3,0,0.1743,3,5,1
CUST-11138,2024-10-01,10,2024,3,79.49,3,0,0.0857,1,5,1
CUST-11138,2024-11-01,11,2024,4,79.49,3,0,0.172,5,4,1
CUST-11138,2024-12-01,12,2024,5,69.33,2,1,0.2171,1,5,1
CUST-11139,2024-07-01,7,2024,0,756.5,12,4,0.3401,1,9,1
CUST-11139,2024-08-01,8,2024,1,786.3,13,4,0.3481,0,9,1
CUST-11139,2024-09-01,9,2024,2,786.3,13,3,0.2315,1,9,1
CUST-11139,2024-10-01,10,2024,3,786.3,13,3,0.2529,1,9,1
CUST-11139,2024-11-01,11,2024,4,756.5,12,4,0.3524,1,9,1
CUST-11139,2024-12-01,12,2024,5,756.5,12,3,0.2206,2,9,1
CUST-11140,2024-07-01,7,2024,0,527.0,4,2,0.4926,1,8,1
CUST-11140,2024-08-01,8,2024,1,527.0,4,2,0.5025,3,8,1
CUST-11140,2024-09-01,9,2024,2,527.0,4,2,0.5212,1,8,1
CUST-11140,2024-10-01,10,2024,3,527.0,4,2,0.4354,2,8,1
CUST-11141,2024-07-01,7,2024,0,1288.82,55,5,0.0795,0,5,1
CUST-11141,2024-08-01,8,2024,1,1309.54,56,15,0.2664,0,6,1
CUST-11141,2024-09-01,9,2024,2,1185.2,50,7,0.1274,3,5,1
CUST-11141,2024-10-01,10,2024,3,1288.82,55,12,0.2355,3,5,1
CUST-11141,2024-11-01,11,2024,4,1309.54,56,14,0.2581,0,6,1
CUST-11141,2024-12-01,12,2024,5,1309.54,56,11,0.194,3,5,1
CUST-11142,2024-07-01,7,2024,0,212.95,3,2,0.5859,0,10,1
CUST-11142,2024-08-01,8,2024,1,212.95,3,2,0.5747,1,10,1
CUST-11142,2024-09-01,9,2024,2,212.95,3,2,0.567,0,10,1
CUST-11142,2024-10-01,10,2024,3,212.95,3,2,0.569,1,10,1
CUST-11142,2024-11-01,11,2024,4,212.95,3,2,0.7614,2,10,1
CUST-11142,2024-12-01,12,2024,5,212.95,3,1,0.5376,0,10,1
CUST-11143,2024-07-01,7,2024,0,162.65,11,3,0.3,0,6,1
CUST-11143,2024-08-01,8,2024,1,162.65,11,1,0.1109,0,5,1
CUST-11143,2024-09-01,9,2024,2,172.98,12,3,0.2586,2,5,1
CUST-11143,2024-10-01,10,2024,3,183.32,13,2,0.1943,1,5,1
CUST-11143,2024-11-01,11,2024,4,172.98,12,2,0.1741,1,5,1
CUST-11143,2024-12-01,12,2024,5,183.32,13,4,0.3535,2,5,1
CUST-11144,2024-07-01,7,2024,0,2806.33,77,20,0.2543,1,5,1
CUST-11144,2024-08-01,8,2024,1,2868.86,79,14,0.1837,2,5,1
CUST-11144,2024-09-01,9,2024,2,2868.86,79,18,0.2223,1,5,1
CUST-11144,2024-10-01,10,2024,3,3150.23,88,2,0.03,2,5,1
CUST-11144,2024-11-01,11,2024,4,3025.18,84,10,0.1162,1,5,1
CUST-11144,2024-12-01,12,2024,5,3150.23,88,9,0.1094,1,5,1
CUST-11145,2024-07-01,7,2024,0,214.14,3,1,0.3984,0,8,1
CUST-11145,2024-08-01,8,2024,1,214.14,3,1,0.3754,2,7,1
CUST-11145,2024-09-01,9,2024,2,214.14,3,1,0.4151,1,8,1
CUST-11145,2024-10-01,10,2024,3,214.14,3,1,0.4083,1,8,1
CUST-11145,2024-11-01,11,2024,4,214.14,3,1,0.3373,1,8,1
CUST-11145,2024-12-01,12,2024,5,214.14,3,0,0.1084,1,7,1
CUST-11146,2024-07-01,7,2024,0,617.56,23,3,0.1372,5,9,1
CUST-11146,2024-08-01,8,2024,1,637.93,24,1,0.0451,3,9,1
CUST-11146,2024-09-01,9,2024,2,617.56,23,5,0.1965,0,10,1
CUST-11146,2024-10-01,10,2024,3,678.67,26,1,0.03,2,9,1
CUST-11146,2024-11-01,11,2024,4,637.93,24,2,0.0769,2,9,1
CUST-11146,2024-12-01,12,2024,5,617.56,23,2,0.0789,3,9,1
CUST-11147,2024-07-01,7,2024,0,1284.2,10,7,0.6725,1,5,1
CUST-11147,2024-08-01,8,2024,1,1284.2,10,7,0.6874,0,5,1
CUST-11147,2024-09-01,9,2024,2,1322.72,11,7,0.6833,0,5,1
CUST-11147,2024-10-01,10,2024,3,1322.72,11,7,0.6458,0,5,1
CUST-11147,2024-11-01,11,2024,4,1361.24,12,7,0.6504,0,5,1
CUST-11147,2024-12-01,12,2024,5,1361.24,12,6,0.5472,1,4,1
CUST-11148,2024-08-01,8,2024,0,261.07,6,1,0.2278,2,3,1
CUST-11148,2024-09-01,9,2024,1,261.07,6,1,0.2,1,4,1
CUST-11148,2024-10-01,10,2024,2,261.07,6,2,0.2764,2,3,1
CUST-11148,2024-11-01,11,2024,3,261.07,6,2,0.3787,3,3,1
CUST-11148,2024-12-01,12,2024,4,261.07,6,1,0.1213,3,3,1
CUST-11149,2024-08-01,8,2024,0,270.84,6,3,0.5198,0,9,1
CUST-11149,2024-09-01,9,2024,1,250.53,5,3,0.5773,0,9,1
CUST-11149,2024-10-01,10,2024,2,250.53,5,3,0.5039,0,8,1
CUST-11149,2024-11-01,11,2024,3,250.53,5,3,0.5996,0,9,1
CUST-11149,2024-12-01,12,2024,4,250.53,5,3,0.5718,0,9,1
CUST-11150,2024-08-01,8,2024,0,259.0,5,1,0.212,0,4,1
CUST-11150,2024-09-01,9,2024,1,259.0,5,1,0.3111,1,4,1
CUST-11150,2024-10-01,10,2024,2,259.0,5,1,0.2607,1,3,1
CUST-11150,2024-11-01,11,2024,3,259.0,5,1,0.2162,1,3,1
CUST-11150,2024-12-01,12,2024,4,259.0,5,1,0.1016,0,3,1
CUST-11151,2024-08-01,8,2024,0,1340.76,30,12,0.4026,2,5,1
CUST-11151,2024-09-01,9,2024,1,1309.37,29,12,0.411,0,5,1
CUST-11151,2024-10-01,10,2024,2,1340.76,30,10,0.3431,0,5,1
CUST-11151,2024-11-01,11,2024,3,1340.76,30,10,0.3345,1,5,1
CUST-11151,2024-12-01,12,2024,4,1277.98,28,9,0.3121,1,5,1
CUST-11152,2024-08-01,8,2024,0,4544.0,81,18,0.2504,3,9,1
CUST-11152,2024-09-01,9,2024,1,4814.0,87,31,0.3763,3,9,1
CUST-11152,2024-10-01,10,2024,2,4769.0,86,21,0.2413,2,9,1
CUST-11152,2024-11-01,11,2024,3,4589.0,82,30,0.3521,2,10,1
CUST-11152,2024-12-01,12,2024,4,4724.0,85,26,0.3112,3,9,1
CUST-11153,2024-08-01,8,2024,0,171.0,1,0,0.423,0,10,1
CUST-11153,2024-09-01,9,2024,1,171.0,1,0,0.3654,1,10,1
CUST-11153,2024-10-01,10,2024,2,171.0,1,0,0.424,1,10,1
CUST-11153,2024-11-01,11,2024,3,171.0,1,0,0.309,2,9,1
CUST-11153,2024-12-01,12,2024,4,171.0,1,0,0.4104,3,9,1
CUST-11154,2024-08-01,8,2024,0,90.81,4,1,0.3441,1,9,1
CUST-11154,2024-09-01,9,2024,1,90.81,4,1,0.2202,1,9,1
CUST-11154,2024-10-01,10,2024,2,90.81,4,1,0.2572,1,9,1
CUST-11154,2024-11-01,11,2024,3,101.26,5,2,0.3519,0,9,1
CUST-11154,2024-12-01,12,2024,4,101.26,5,1,0.2214,1,9,1
CUST-11155,2024-08-01,8,2024,0,431.44,14,11,0.8393,0,7,1
CUST-11155,2024-09-01,9,2024,1,391.09,12,13,0.9106,2,6,1
CUST-11155,2024-10-01,10,2024,2,370.91,11,11,0.8845,0,7,1
CUST-11155,2024-11-01,11,2024,3,370.91,11,9,0.825,2,6,1
CUST-11155,2024-12-01,12,2024,4,350.74,10,8,0.6932,1,6,1
CUST-11156,2024-08-01,8,2024,0,455.32,2,2,0.7952,2,7,1
CUST-11156,2024-09-01,9,2024,1,455.32,2,1,0.7322,2,7,1
CUST-11156,2024-10-01,10,2024,2,455.32,2,1,0.6591,2,7,1
CUST-11156,2024-11-01,11,2024,3,455.32,2,2,0.8367,0,8,1
CUST-11156,2024-12-01,12,2024,4,455.32,2,2,0.736,0,8,1
CUST-11157,2024-08-01,8,2024,0,61.0,1,0,0.4937,1,7,1
CUST-11157,2024-09-01,9,2024,1,61.0,1,0,0.4656,4,6,1
CUST-11158,2024-08-01,8,2024,0,326.8,25,9,36.1,2,9,1
CUST-11158,2024-09-01,9,2024,1,349.02,27,8,0.3183,1,9,1
CUST-11158,2024-10-01,10,2024,2,349.02,27,13,0.5005,0,9,1
CUST-11158,2024-11-01,11,2024,3,393.47,31,10,0.3757,2,9,1
CUST-11158,2024-12-01,12,2024,4,426.81,34,12,0.3879,3,8,1
CUST-11159,2024-08-01,8,2024,0,1469.15,14,0,0.0306,2,7,1
CUST-11159,2024-09-01,9,2024,1,1469.15,14,0,0.03,3,7,1
CUST-11159,2024-10-01,10,2024,2,1469.15,14,2,0.1119,3,7,1
CUST-11159,2024-11-01,11,2024,3,1469.15,14,2,0.1114,1,8,1
CUST-11159,2024-12-01,12,2024,4,1509.88,15,4,0.2866,3,8,1
CUST-11160,2024-08-01,8,2024,0,433.12,33,12,0.3628,0,6,1
CUST-11160,2024-09-01,9,2024,1,433.12,33,10,0.322,2,5,1
CUST-11160,2024-10-01,10,2024,2,444.76,34,10,0.2997,0,6,1
CUST-11160,2024-11-01,11,2024,3,479.68,37,15,0.446,2,5,1
CUST-11160,2024-12-01,12,2024,4,491.32,38,14,0.3901,1,6,1
CUST-11161,2024-08-01,8,2024,0,92.2,4,1,0.2404,1,7,1
CUST-11161,2024-09-01,9,2024,1,92.2,4,1,0.2578,0,7,1
CUST-11161,2024-10-01,10,2024,2,92.2,4,1,0.1477,1,7,1
CUST-11161,2024-11-01,11,2024,3,103.0,5,1,0.1584,0,7,1
CUST-11161,2024-12-01,12,2024,4,103.0,5,1,0.2374,0,7,1
CUST-11162,2024-08-01,8,2024,0,886.35,38,14,0.403,2,9,1
CUST-11162,2024-09-01,9,2024,1,944.56,41,8,0.1977,1,9,1
CUST-11162,2024-10-01,10,2024,2,1022.18,45,16,0.385,5,8,1
CUST-11162,2024-11-01,11,2024,3,983.37,43,9,0.2062,0,9,1
CUST-11162,2024-12-01,12,2024,4,983.37,43,15,0.3585,2,9,1
CUST-11163,2024-08-01,8,2024,0,1349.94,11,4,0.3705,1,8,1
CUST-11163,2024-09-01,9,2024,1,1349.94,11,3,0.2692,0,8,1
CUST-11163,2024-10-01,10,2024,2,1308.95,10,3,0.2449,0,8,1
CUST-11163,2024-11-01,11,2024,3,1267.95,9,2,0.2021,0,8,1
CUST-11163,2024-12-01,12,2024,4,1267.95,9,2,0.1855,1,7,1
CUST-11164,2024-08-01,8,2024,0,6299.0,120,52,0.4346,0,7,1
CUST-11164,2024-09-01,9,2024,1,6344.0,121,60,0.5042,2,6,1
CUST-11164,2024-10-01,10,2024,2,6794.0,131,67,0.5503,0,7,1
CUST-11164,2024-11-01,11,2024,3,6524.0,125,58,0.4449,1,7,1
CUST-11164,2024-12-01,12,2024,4,6344.0,121,73,0.5849,0,7,1
CUST-11165,2024-08-01,8,2024,0,71.49,2,1,0.529,1,9,1
CUST-11165,2024-09-01,9,2024,1,71.49,2,1,0.6425,0,10,1
CUST-11165,2024-10-01,10,2024,2,71.49,2,1,0.5193,2,9,1
CUST-11165,2024-11-01,11,2024,3,71.49,2,1,0.5004,0,9,1
CUST-11165,2024-12-01,12,2024,4,71.49,2,1,0.4798,1,9,1
CUST-11166,2024-08-01,8,2024,0,470.15,41,22,0.53,2,10,1
CUST-11166,2024-09-01,9,2024,1,470.15,41,15,0.3647,1,10,1
CUST-11167,2024-08-01,8,2024,0,547.48,5,2,0.331,0,5,1
CUST-11167,2024-09-01,9,2024,1,547.48,5,2,0.3731,0,5,1
CUST-11167,2024-10-01,10,2024,2,517.78,4,2,0.3119,1,5,1
CUST-11167,2024-11-01,11,2024,3,517.78,4,2,0.382,2,5,1
CUST-11167,2024-12-01,12,2024,4,517.78,4,1,0.346,1,5,1
CUST-11168,2024-08-01,8,2024,0,189.09,13,4,0.3048,1,6,1
CUST-11168,2024-09-01,9,2024,1,189.09,13,5,0.3691,1,7,1
CUST-11169,2024-08-01,8,2024,0,154.6,10,8,0.8062,0,6,1
CUST-11169,2024-09-01,9,2024,1,154.6,10,8,0.7565,1,6,1
CUST-11169,2024-10-01,10,2024,2,154.6,10,7,0.7217,3,5,1
CUST-11169,2024-11-01,11,2024,3,165.16,11,6,0.6103,0,6,1
CUST-11169,2024-12-01,12,2024,4,165.16,11,8,0.7696,0,6,1
CUST-11170,2024-08-01,8,2024,0,60.5,1,0,0.1253,2,7,1
CUST-11171,2024-08-01,8,2024,0,59.68,1,0,0.3152,0,10,1
CUST-11171,2024-09-01,9,2024,1,59.68,1,0,0.3342,2,10,1
CUST-11171,2024-10-01,10,2024,2,59.68,1,0,0.1512,3,10,1
CUST-11171,2024-11-01,11,2024,3,59.68,1,0,0.2157,1,10,1
CUST-11171,2024-12-01,12,2024,4,59.68,1,0,0.03,1,10,1
CUST-11172,2024-08-01,8,2024,0,666.44,32,9,0.2829,0,8,1
CUST-11173,2024-08-01,8,2024,0,122.42,7,4,0.5081,0,9,1
CUST-11174,2024-08-01,8,2024,0,192.21,13,8,0.626,1,7,1
CUST-11174,2024-09-01,9,2024,1,181.19,12,7,0.5205,2,7,1
CUST-11174,2024-10-01,10,2024,2,181.19,12,7,0.5228,0,7,1
CUST-11174,2024-11-01,11,2024,3,170.18,11,7,0.5657,1,7,1
CUST-11174,2024-12-01,12,2024,4,170.18,11,8,0.6886,1,7,1
CUST-11175,2024-08-01,8,2024,0,169.7,1,1,0.6452,3,5,1
CUST-11175,2024-09-01,9,2024,1,169.7,1,1,0.6866,0,5,1
CUST-11175,2024-10-01,10,2024,2,169.7,1,1,0.6417,1,5,1
CUST-11175,2024-11-01,11,2024,3,169.7,1,1,0.6582,0,5,1
CUST-11175,2024-12-01,12,2024,4,169.7,1,1,0.6834,0,5,1
CUST-11176,2024-08-01,8,2024,0,68.92,2,0,0.2142,2,8,1
CUST-11176,2024-09-01,9,2024,1,68.92,2,0,0.0871,0,8,1
CUST-11176,2024-10-01,10,2024,2,68.92,2,0,0.1845,1,8,1
CUST-11176,2024-11-01,11,2024,3,68.92,2,0,0.165,1,8,1
CUST-11176,2024-12-01,12,2024,4,68.92,2,0,0.1942,1,8,1
CUST-11177,2024-08-01,8,2024,0,476.1,18,1,0.0843,1,3,1
CUST-11177,2024-09-01,9,2024,1,457.92,17,4,0.2434,1,4,1
CUST-11177,2024-10-01,10,2024,2,439.75,16,2,0.1267,1,3,1
CUST-11178,2024-08-01,8,2024,0,787.42,14,1,0.081,1,5,1
CUST-11178,2024-09-01,9,2024,1,815.16,15,2,0.1615,1,5,1
CUST-11178,2024-10-01,10,2024,2,787.42,14,2,0.1698,0,5,1
CUST-11178,2024-11-01,11,2024,3,787.42,14,4,0.2543,3,5,1
CUST-11178,2024-12-01,12,2024,4,815.16,15,4,0.2571,4,5,1
CUST-11179,2024-09-01,9,2024,0,109.34,6,1,0.1959,2,9,1
CUST-11179,2024-10-01,10,2024,1,109.34,6,1,0.2412,0,9,1
CUST-11179,2024-11-01,11,2024,2,119.39,7,1,0.1748,1,9,1
CUST-11179,2024-12-01,12,2024,3,129.45,8,0,0.0327,1,8,1
CUST-11180,2024-09-01,9,2024,0,98.62,5,1,0.2726,1,5,1
CUST-11180,2024-10-01,10,2024,1,98.62,5,1,14.8,2,4,1
CUST-11180,2024-11-01,11,2024,2,98.62,5,1,0.2109,1,5,1
CUST-11180,2024-12-01,12,2024,3,88.7,4,0,0.0803,1,4,1
CUST-11181,2024-09-01,9,2024,0,61.0,1,0,0.3721,1,8,1
CUST-11181,2024-10-01,10,2024,1,61.0,1,0,0.3365,0,8,1
CUST-11181,2024-11-01,11,2024,2,61.0,1,0,0.4456,1,8,1
CUST-11181,2024-12-01,12,2024,3,61.0,1,0,0.4385,0,9,1
CUST-11182,2024-09-01,9,2024,0,108.46,5,1,0.2574,0,3,1
CUST-11182,2024-10-01,10,2024,1,96.57,4,1,0.2841,1,3,1
CUST-11182,2024-11-01,11,2024,2,96.57,4,1,0.2908,1,3,1
CUST-11182,2024-12-01,12,2024,3,96.57,4,1,0.2239,3,3,1
CUST-11183,2024-09-01,9,2024,0,83.6,3,1,0.3758,1,9,1
CUST-11183,2024-10-01,10,2024,1,83.6,3,1,0.3022,1,8,1
CUST-11183,2024-11-01,11,2024,2,83.6,3,1,0.3587,0,9,1
CUST-11183,2024-12-01,12,2024,3,83.6,3,1,0.3679,0,9,1
CUST-11184,2024-09-01,9,2024,0,403.83,13,3,0.2754,1,8,1
CUST-11184,2024-10-01,10,2024,1,403.83,13,5,0.3755,1,9,1
CUST-11184,2024-11-01,11,2024,2,423.43,14,3,0.262,5,8,1
CUST-11184,2024-12-01,12,2024,3,443.03,15,5,0.3282,1,9,1
CUST-11185,2024-09-01,9,2024,0,261.98,18,14,0.7449,0,8,1
CUST-11185,2024-10-01,10,2024,1,238.31,16,14,0.7602,2,8,1
CUST-11185,2024-11-01,11,2024,2,238.31,16,13,0.8227,2,8,1
CUST-11185,2024-12-01,12,2024,3,250.14,17,11,0.7044,1,8,1
CUST-11186,2024-09-01,9,2024,0,224.33,4,0,0.03,0,6,1
CUST-11186,2024-10-01,10,2024,1,224.33,4,0,0.0675,0,6,1
CUST-11186,2024-11-01,11,2024,2,224.33,4,0,0.05,0,6,1
CUST-11186,2024-12-01,12,2024,3,224.33,4,0,0.03,2,5,1
CUST-11187,2024-09-01,9,2024,0,214.48,14,10,0.6861,5,5,1
CUST-11187,2024-10-01,10,2024,1,226.3,15,9,0.643,0,6,1
CUST-11187,2024-11-01,11,2024,2,226.3,15,10,0.6501,3,5,1
CUST-11187,2024-12-01,12,2024,3,226.3,15,10,0.6895,0,6,1
CUST-11188,2024-09-01,9,2024,0,654.08,26,10,0.3693,0,6,1
CUST-11188,2024-10-01,10,2024,1,634.65,25,7,0.2651,1,6,1
CUST-11188,2024-11-01,11,2024,2,634.65,25,8,0.3063,2,6,1
CUST-11188,2024-12-01,12,2024,3,634.65,25,10,0.3992,1,6,1
CUST-11189,2024-09-01,9,2024,0,225.82,4,1,0.181,2,5,1
CUST-11189,2024-10-01,10,2024,1,225.82,4,1,0.1499,3,4,1
CUST-11189,2024-11-01,11,2024,2,225.82,4,0,0.1013,1,5,1
CUST-11189,2024-12-01,12,2024,3,225.82,4,1,0.1559,1,5,1
CUST-11190,2024-09-01,9,2024,0,92.58,4,1,0.2783,1,0,1
CUST-11191,2024-09-01,9,2024,0,123.84,7,1,0.1633,0,7,1
CUST-11191,2024-10-01,10,2024,1,123.84,7,1,0.1495,0,7,1
CUST-11191,2024-11-01,11,2024,2,113.15,6,1,0.1652,0,7,1
CUST-11191,2024-12-01,12,2024,3,113.15,6,1,0.1034,0,7,1
CUST-11192,2024-09-01,9,2024,0,97.0,4,2,0.509,2,8,1
CUST-11192,2024-10-01,10,2024,1,97.0,4,2,0.5771,1,8,1
CUST-11192,2024-11-01,11,2024,2,97.0,4,2,0.603,1,9,1
CUST-11192,2024-12-01,12,2024,3,97.0,4,2,0.4768,1,8,1
CUST-11193,2024-09-01,9,2024,0,279.28,6,1,0.2438,2,5,1
CUST-11193,2024-10-01,10,2024,1,257.57,5,2,0.4067,0,6,1
CUST-11193,2024-11-01,11,2024,2,257.57,5,2,0.3315,1,5,1
CUST-11193,2024-12-01,12,2024,3,257.57,5,1,0.267,4,4,1
CUST-11194,2024-09-01,9,2024,0,236.45,5,3,0.5495,0,8,1
CUST-11194,2024-10-01,10,2024,1,236.45,5,3,0.578,4,8,1
CUST-11194,2024-11-01,11,2024,2,236.45,5,3,0.6667,1,8,1
CUST-11194,2024-12-01,12,2024,3,236.45,5,3,0.6249,0,9,1
CUST-11195,2024-09-01,9,2024,0,1184.28,30,13,0.419,0,10,1
CUST-11195,2024-10-01,10,2024,1,1184.28,30,14,0.4753,0,10,1
CUST-11195,2024-11-01,11,2024,2,1131.93,28,17,0.5619,0,10,1
CUST-11195,2024-12-01,12,2024,3,1079.58,26,12,0.4405,0,10,1
CUST-11196,2024-09-01,9,2024,0,93.83,4,1,0.3348,0,7,1
CUST-11196,2024-10-01,10,2024,1,105.04,5,1,0.1871,3,6,1
CUST-11197,2024-09-01,9,2024,0,107.97,6,4,0.5691,0,8,1
CUST-11198,2024-09-01,9,2024,0,179.02,11,4,0.3644,0,9,1
CUST-11198,2024-10-01,10,2024,1,190.84,12,4,0.3061,1,8,1
CUST-11198,2024-11-01,11,2024,2,202.66,13,5,0.4365,5,8,1
CUST-11198,2024-12-01,12,2024,3,202.66,13,4,0.3386,1,8,1
CUST-11199,2024-09-01,9,2024,0,190.8,2,1,0.4294,2,6,1
CUST-11199,2024-10-01,10,2024,1,190.8,2,1,0.5531,3,6,1
CUST-11199,2024-11-01,11,2024,2,190.8,2,1,0.4451,1,7,1
CUST-11199,2024-12-01,12,2024,3,190.8,2,1,0.5862,0,7,1
CUST-11200,2024-09-01,9,2024,0,70.29,2,1,0.5588,0,5,1
CUST-11200,2024-10-01,10,2024,1,70.29,2,1,0.5758,1,4,1
CUST-11200,2024-11-01,11,2024,2,70.29,2,1,0.6269,0,5,1
CUST-11200,2024-12-01,12,2024,3,70.29,2,1,0.533,1,4,1
CUST-11201,2024-09-01,9,2024,0,83.92,3,2,0.6548,3,10,1
CUST-11201,2024-10-01,10,2024,1,83.92,3,2,0.5487,0,10,1
CUST-11201,2024-11-01,11,2024,2,83.92,3,2,0.6681,2,10,1
CUST-11201,2024-12-01,12,2024,3,83.92,3,2,0.6249,2,10,1
CUST-11202,2024-09-01,9,2024,0,224.68,4,1,0.3197,0,8,1
CUST-11202,2024-10-01,10,2024,1,224.68,4,0,0.0619,0,7,1
CUST-11203,2024-09-01,9,2024,0,1857.96,80,10,0.1332,0,7,1
CUST-11203,2024-10-01,10,2024,1,1772.51,76,7,0.0858,0,7,1
CUST-11203,2024-11-01,11,2024,2,1772.51,76,13,0.1718,4,6,1
CUST-11203,2024-12-01,12,2024,3,1857.96,80,7,0.0891,1,7,1
CUST-11204,2024-09-01,9,2024,0,280.67,7,2,0.2712,0,9,1
CUST-11204,2024-10-01,10,2024,1,280.67,7,1,0.0779,0,8,1
CUST-11204,2024-11-01,11,2024,2,280.67,7,1,19.7,0,9,1
CUST-11204,2024-12-01,12,2024,3,280.67,7,1,0.2177,0,9,1
CUST-11205,2024-10-01,10,2024,0,870.65,17,13,0.6834,2,8,1
CUST-11205,2024-11-01,11,2024,1,870.65,17,11,0.6392,1,8,1
CUST-11205,2024-12-01,12,2024,2,842.9,16,9,0.5446,0,8,1
CUST-11206,2024-10-01,10,2024,0,59.37,1,0,0.4915,3,6,1
CUST-11206,2024-11-01,11,2024,1,59.37,1,0,0.254,2,6,1
CUST-11206,2024-12-01,12,2024,2,59.37,1,0,0.4137,3,6,1
CUST-11207,2024-10-01,10,2024,0,686.68,10,2,0.1987,3,7,1
CUST-11207,2024-11-01,11,2024,1,657.91,9,1,0.0947,3,6,1
CUST-11207,2024-12-01,12,2024,2,657.91,9,1,0.1389,1,7,1
CUST-11208,2024-10-01,10,2024,0,149.33,9,2,0.2414,1,8,1
CUST-11208,2024-11-01,11,2024,1,149.33,9,1,0.0816,1,8,1
CUST-11208,2024-12-01,12,2024,2,149.33,9,2,0.2151,0,8,1
CUST-11209,2024-10-01,10,2024,0,275.32,20,1,0.0627,0,5,1
CUST-11209,2024-11-01,11,2024,1,286.64,21,3,0.1427,1,5,1
CUST-11209,2024-12-01,12,2024,2,309.27,23,2,0.0848,1,5,1
CUST-11210,2024-10-01,10,2024,0,265.82,6,0,0.0674,2,9,1
CUST-11210,2024-11-01,11,2024,1,265.82,6,1,0.1248,1,9,1
CUST-11210,2024-12-01,12,2024,2,265.82,6,1,0.1206,6,8,1
CUST-11211,2024-10-01,10,2024,0,60.35,1,0,0.3323,0,7,1
CUST-11211,2024-11-01,11,2024,1,60.35,1,0,0.3661,5,6,1
CUST-11211,2024-12-01,12,2024,2,60.35,1,0,0.2751,2,6,1
CUST-11212,2024-10-01,10,2024,0,473.9,16,7,0.441,4,5,1
CUST-11212,2024-11-01,11,2024,1,473.9,16,12,0.7235,0,7,1
CUST-11212,2024-12-01,12,2024,2,473.9,16,11,0.7141,0,7,1
CUST-11213,2024-10-01,10,2024,0,205.0,13,3,0.2674,1,5,1
CUST-11213,2024-11-01,11,2024,1,205.0,13,3,0.2179,2,5,1
CUST-11213,2024-12-01,12,2024,2,217.0,14,2,0.1393,1,5,1
CUST-11214,2024-10-01,10,2024,0,836.25,16,2,0.1012,0,4,1
CUST-11214,2024-11-01,11,2024,1,836.25,16,3,0.1819,1,4,1
CUST-11214,2024-12-01,12,2024,2,863.58,17,4,0.218,1,4,1
CUST-11215,2024-10-01,10,2024,0,337.5,9,2,0.2303,1,8,1
CUST-11215,2024-11-01,11,2024,1,337.5,9,3,0.2812,0,8,1
CUST-11215,2024-12-01,12,2024,2,337.5,9,2,0.2571,0,8,1
CUST-11216,2024-10-01,10,2024,0,164.8,10,3,0.3257,0,7,1
CUST-11216,2024-11-01,11,2024,1,153.22,9,3,0.3538,0,7,1
CUST-11216,2024-12-01,12,2024,2,164.8,10,3,0.3238,3,6,1
CUST-11217,2024-10-01,10,2024,0,61.0,1,1,0.7136,2,6,1
CUST-11217,2024-11-01,11,2024,1,61.0,1,1,0.7309,1,6,1
CUST-11217,2024-12-01,12,2024,2,61.0,1,1,0.627,1,6,1
CUST-11218,2024-10-01,10,2024,0,1238.81,27,1,0.03,0,8,1
CUST-11218,2024-11-01,11,2024,1,1269.91,28,4,0.1549,3,7,1
CUST-11218,2024-12-01,12,2024,2,1238.81,27,3,0.1087,0,8,1
CUST-11219,2024-10-01,10,2024,0,139.07,9,4,0.4484,0,9,1
CUST-11219,2024-11-01,11,2024,1,139.07,9,3,0.2689,3,8,1
CUST-11219,2024-12-01,12,2024,2,139.07,9,4,0.4616,1,9,1
CUST-11220,2024-10-01,10,2024,0,108.88,5,1,0.2498,0,10,1
CUST-11220,2024-11-01,11,2024,1,108.88,5,2,0.322,0,10,1
CUST-11220,2024-12-01,12,2024,2,108.88,5,1,0.1874,0,10,1
CUST-11221,2024-10-01,10,2024,0,2804.97,43,29,0.6816,0,5,1
CUST-11221,2024-11-01,11,2024,1,2760.65,42,22,0.5054,0,5,1
CUST-11221,2024-12-01,12,2024,2,2627.68,39,19,0.4637,0,4,1
CUST-11222,2024-10-01,10,2024,0,61.0,1,0,0.2897,3,3,1
CUST-11222,2024-11-01,11,2024,1,61.0,1,0,0.1776,4,3,1
CUST-11222,2024-12-01,12,2024,2,61.0,1,0,0.2523,0,4,1
CUST-11223,2024-10-01,10,2024,0,194.62,15,8,0.4931,0,10,1
CUST-11223,2024-11-01,11,2024,1,184.91,14,9,0.6056,0,10,1
CUST-11223,2024-12-01,12,2024,2,175.2,13,5,0.3811,0,10,1
CUST-11224,2024-10-01,10,2024,0,124.18,7,2,0.2229,0,7,1
CUST-11224,2024-11-01,11,2024,1,134.92,8,3,0.4449,4,6,1
CUST-11224,2024-12-01,12,2024,2,134.92,8,2,0.32,2,6,1
CUST-11225,2024-10-01,10,2024,0,886.35,36,8,0.2349,0,8,1
CUST-11225,2024-11-01,11,2024,1,947.8,39,6,0.1579,1,7,1
CUST-11225,2024-12-01,12,2024,2,947.8,39,6,0.1611,1,8,1
CUST-11226,2024-11-01,11,2024,0,527.33,43,25,0.5818,1,7,1
CUST-11226,2024-12-01,12,2024,1,505.08,41,21,0.4849,0,7,1
CUST-11227,2024-11-01,11,2024,0,93.54,4,2,0.3923,2,3,1
CUST-11227,2024-12-01,12,2024,1,93.54,4,1,0.2023,1,2,1
CUST-11228,2024-11-01,11,2024,0,204.84,13,0,0.03,2,7,1
CUST-11228,2024-12-01,12,2024,1,228.82,15,3,0.2539,3,7,1
CUST-11229,2024-11-01,11,2024,0,60.58,1,1,0.5023,1,8,1
CUST-11229,2024-12-01,12,2024,1,60.58,1,0,0.3379,3,7,1
CUST-11230,2024-11-01,11,2024,0,100.66,5,2,0.3621,1,7,1
CUST-11230,2024-12-01,12,2024,1,90.33,4,2,0.3834,1,7,1
CUST-11231,2024-11-01,11,2024,0,399.01,12,8,0.6519,2,5,1
CUST-11231,2024-12-01,12,2024,1,399.01,12,6,0.5118,1,5,1
CUST-11232,2024-11-01,11,2024,0,331.38,10,6,0.6712,3,9,1
CUST-11232,2024-12-01,12,2024,1,313.14,9,6,0.6446,4,9,1
CUST-11233,2024-11-01,11,2024,0,292.36,24,13,0.4886,0,7,1
CUST-11233,2024-12-01,12,2024,1,312.64,26,9,0.35,0,7,1
CUST-11234,2024-11-01,11,2024,0,192.43,2,0,0.1945,0,6,1
CUST-11234,2024-12-01,12,2024,1,192.43,2,0,0.1139,0,6,1
CUST-11235,2024-11-01,11,2024,0,441.47,46,10,0.227,1,6,1
CUST-11235,2024-12-01,12,2024,1,450.0,47,14,0.3083,1,6,1
CUST-11236,2024-11-01,11,2024,0,95.85,4,2,0.4451,2,1,1
CUST-11236,2024-12-01,12,2024,1,95.85,4,2,0.4481,2,1,1
CUST-11237,2024-11-01,11,2024,0,301.31,7,2,0.2767,1,7,1
CUST-11238,2024-11-01,11,2024,0,1659.03,46,7,0.1534,3,7,1
CUST-11238,2024-12-01,12,2024,1,1576.86,43,5,0.1006,2,7,1
CUST-11239,2024-11-01,11,2024,0,379.48,34,6,0.1662,2,6,1
CUST-11239,2024-12-01,12,2024,1,369.76,33,5,0.1355,0,7,1
CUST-11240,2024-11-01,11,2024,0,514.33,4,2,0.4076,1,7,1
CUST-11240,2024-12-01,12,2024,1,514.33,4,1,0.2709,0,7,1
CUST-11241,2024-12-01,12,2024,0,1243.25,9,5,0.5092,1,7,1
CUST-11242,2024-12-01,12,2024,0,85.0,3,1,0.4517,0,9,1
CUST-11243,2024-12-01,12,2024,0,1700.9,18,8,0.4471,1,9,1
CUST-11244,2024-12-01,12,2024,0,205.0,13,1,0.1032,1,5,1
CUST-11245,2024-12-01,12,2024,0,248.92,20,3,0.138,2,6,1
CUST-11246,2024-12-01,12,2024,0,468.44,15,7,0.4447,1,7,1
CUST-11247,2024-12-01,12,2024,0,237.0,4,2,0.3942,3,6,1
CUST-11248,2024-12-01,12,2024,0,244.92,5,1,0.146,0,7,1
CUST-11249,2024-12-01,12,2024,0,113.73,6,1,0.1248,1,8,1
CUST-11250,2024-12-01,12,2024,0,280.05,7,2,0.2169,4,6,1
CUST-10263,2023-07-01,7,2023,2,968.86,21,3,0.1686,2,5,1
CUST-10028,2023-08-01,8,2023,7,281.0,6,1,0.2047,0,7,1
CUST-10665,2024-01-01,1,2024,2,236.68,17,4,0.2631,3,10,1
CUST-10038,2024-11-01,11,2024,22,224.86,4,1,0.2009,0,10,1
CUST-10419,2024-02-01,2,2024,7,2091.82,195,6,0.03,5,4,1
CUST-10776,2024-06-01,6,2024,6,2499.0,75,12,0.1817,0,7,1
CUST-11120,2024-09-01,9,2024,2,2468.63,74,39,0.5316,4,6,1
CUST-11095,2024-08-01,8,2024,2,232.78,4,2,0.3724,0,7,1
CUST-10940,2024-03-01,3,2024,0,684.3,28,6,0.2149,1,6,1
CUST-10218,2023-09-01,9,2023,5,91.29,4,1,0.2088,0,7,1
CUST-10204,2024-02-01,2,2024,10,13380.76,461,255,0.5549,2,9,1
CUST-10257,2024-11-01,11,2024,18,8052.92,184,15,0.0854,0,5,1
CUST-10174,2024-07-01,7,2024,15,812.95,14,6,0.4987,0,8,1
CUST-10990,2024-07-01,7,2024,3,514.07,4,3,0.6026,0,8,1
CUST-10522,2024-08-01,8,2024,11,90.09,4,2,0.5107,1,10,1
CUST-10296,2024-09-01,9,2024,15,72.47,2,1,0.2573,1,7,1
CUST-10024,2024-06-01,6,2024,17,4409.0,78,11,0.1425,0,7,1
CUST-10269,2024-01-01,1,2024,8,239.31,5,1,0.1304,1,5,1
CUST-10772,2024-03-01,3,2024,3,82.05,3,0,0.03,0,5,1
CUST-10064,2024-02-01,2,2024,12,13299.86,444,14,0.03,1,8,1
CUST-10530,2023-09-01,9,2023,0,186.58,2,1,0.45,3,8,1
CUST-10323,2024-04-01,4,2024,10,183.0,13,4,0.3025,0,8,1
CUST-10688,2024-11-01,11,2024,12,347.0,9,6,0.6168,0,6,1
CUST-10779,2024-04-01,4,2024,4,1567.21,79,43,0.6111,1,10,1
CUST-11215,2024-11-01,11,2024,1,337.5,9,3,0.2812,0,8,1
CUST-10081,2023-05-01,5,2023,3,126.47,8,5,0.6989,2,9,1
CUST-10724,2023-11-01,11,2023,0,72.88,2,1,0.4138,0,8,1
CUST-10162,2023-10-01,10,2023,6,2411.74,66,31,0.493,1,4,1
CUST-10670,2023-12-01,12,2023,1,300.42,24,20,0.9198,2,10,1
CUST-10529,2024-09-01,9,2024,12,251.63,5,0,0.03,2,6,1
CUST-10277,2024-04-01,4,2024,11,665.52,26,8,0.2841,0,4,1
